ISO-10303-21;
HEADER;
/* Generated by software containing ST-Developer
 * from STEP Tools, Inc. (www.steptools.com) 
 */
/* OPTION: using custom renumber hook */

FILE_DESCRIPTION(
/* description */ ('STEP AP242 Edition 2',
'CAx-IF Rec.Pracs.---Representation and Presentation of Product Manufa
cturing Information (PMI)---4.0---2014-10-13',
'CAx-IF Rec.Pracs.---3D Tessellated Geometry---0.4---2014-09-14','2;1',
'CAx-IF Rec.Pracs.---User Defined Attributes---1.5---2016-08-15'),
/* implementation_level */ '2;1');

FILE_NAME(
/* name */ 'Assembly 1 - [LS] Pulley HTD5 24T (1)',
/* time_stamp */ '2026-08-21T14:50:51Z',
/* author */ (''),
/* organization */ (''),
/* preprocessor_version */ 'ST-DEVELOPER v20',
/* originating_system */ 'ONSHAPE BY PTC INC, 1.219',
/* authorisation */ '  ');

FILE_SCHEMA (('AP242_MANAGED_MODEL_BASED_3D_ENGINEERING_MIM_LF { 1 0 10303 442 3 1 4 }'));
ENDSEC;

DATA;
#10=SHAPE_REPRESENTATION_RELATIONSHIP('','',#2833,#11);
#11=ADVANCED_BREP_SHAPE_REPRESENTATION('',(#2831),#5205);
#12=CONICAL_SURFACE('',#3269,0.0190268281710274,0.959931088596881);
#13=CONICAL_SURFACE('',#3276,0.0190268281710274,0.959931088596881);
#14=PLANE('',#3267);
#15=PLANE('',#3273);
#16=PLANE('',#3274);
#17=PLANE('',#3280);
#18=LINE('',#4324,#162);
#19=LINE('',#4328,#163);
#20=LINE('',#4332,#164);
#21=LINE('',#4339,#165);
#22=LINE('',#4343,#166);
#23=LINE('',#4345,#167);
#24=LINE('',#4351,#168);
#25=LINE('',#4363,#169);
#26=LINE('',#4367,#170);
#27=LINE('',#4371,#171);
#28=LINE('',#4379,#172);
#29=LINE('',#4381,#173);
#30=LINE('',#4387,#174);
#31=LINE('',#4399,#175);
#32=LINE('',#4403,#176);
#33=LINE('',#4407,#177);
#34=LINE('',#4415,#178);
#35=LINE('',#4417,#179);
#36=LINE('',#4423,#180);
#37=LINE('',#4435,#181);
#38=LINE('',#4439,#182);
#39=LINE('',#4443,#183);
#40=LINE('',#4451,#184);
#41=LINE('',#4453,#185);
#42=LINE('',#4459,#186);
#43=LINE('',#4471,#187);
#44=LINE('',#4475,#188);
#45=LINE('',#4479,#189);
#46=LINE('',#4487,#190);
#47=LINE('',#4489,#191);
#48=LINE('',#4495,#192);
#49=LINE('',#4507,#193);
#50=LINE('',#4511,#194);
#51=LINE('',#4515,#195);
#52=LINE('',#4523,#196);
#53=LINE('',#4525,#197);
#54=LINE('',#4531,#198);
#55=LINE('',#4543,#199);
#56=LINE('',#4547,#200);
#57=LINE('',#4551,#201);
#58=LINE('',#4559,#202);
#59=LINE('',#4561,#203);
#60=LINE('',#4567,#204);
#61=LINE('',#4579,#205);
#62=LINE('',#4583,#206);
#63=LINE('',#4587,#207);
#64=LINE('',#4595,#208);
#65=LINE('',#4597,#209);
#66=LINE('',#4603,#210);
#67=LINE('',#4615,#211);
#68=LINE('',#4619,#212);
#69=LINE('',#4623,#213);
#70=LINE('',#4631,#214);
#71=LINE('',#4633,#215);
#72=LINE('',#4639,#216);
#73=LINE('',#4651,#217);
#74=LINE('',#4655,#218);
#75=LINE('',#4659,#219);
#76=LINE('',#4667,#220);
#77=LINE('',#4669,#221);
#78=LINE('',#4675,#222);
#79=LINE('',#4687,#223);
#80=LINE('',#4691,#224);
#81=LINE('',#4695,#225);
#82=LINE('',#4703,#226);
#83=LINE('',#4705,#227);
#84=LINE('',#4711,#228);
#85=LINE('',#4723,#229);
#86=LINE('',#4727,#230);
#87=LINE('',#4731,#231);
#88=LINE('',#4739,#232);
#89=LINE('',#4741,#233);
#90=LINE('',#4747,#234);
#91=LINE('',#4759,#235);
#92=LINE('',#4763,#236);
#93=LINE('',#4767,#237);
#94=LINE('',#4775,#238);
#95=LINE('',#4777,#239);
#96=LINE('',#4783,#240);
#97=LINE('',#4795,#241);
#98=LINE('',#4799,#242);
#99=LINE('',#4803,#243);
#100=LINE('',#4811,#244);
#101=LINE('',#4813,#245);
#102=LINE('',#4819,#246);
#103=LINE('',#4831,#247);
#104=LINE('',#4835,#248);
#105=LINE('',#4839,#249);
#106=LINE('',#4847,#250);
#107=LINE('',#4849,#251);
#108=LINE('',#4855,#252);
#109=LINE('',#4867,#253);
#110=LINE('',#4871,#254);
#111=LINE('',#4875,#255);
#112=LINE('',#4883,#256);
#113=LINE('',#4885,#257);
#114=LINE('',#4891,#258);
#115=LINE('',#4903,#259);
#116=LINE('',#4907,#260);
#117=LINE('',#4911,#261);
#118=LINE('',#4919,#262);
#119=LINE('',#4921,#263);
#120=LINE('',#4927,#264);
#121=LINE('',#4939,#265);
#122=LINE('',#4943,#266);
#123=LINE('',#4947,#267);
#124=LINE('',#4955,#268);
#125=LINE('',#4957,#269);
#126=LINE('',#4963,#270);
#127=LINE('',#4975,#271);
#128=LINE('',#4979,#272);
#129=LINE('',#4983,#273);
#130=LINE('',#4991,#274);
#131=LINE('',#4993,#275);
#132=LINE('',#4999,#276);
#133=LINE('',#5011,#277);
#134=LINE('',#5015,#278);
#135=LINE('',#5019,#279);
#136=LINE('',#5027,#280);
#137=LINE('',#5029,#281);
#138=LINE('',#5035,#282);
#139=LINE('',#5047,#283);
#140=LINE('',#5051,#284);
#141=LINE('',#5055,#285);
#142=LINE('',#5063,#286);
#143=LINE('',#5065,#287);
#144=LINE('',#5071,#288);
#145=LINE('',#5083,#289);
#146=LINE('',#5087,#290);
#147=LINE('',#5091,#291);
#148=LINE('',#5099,#292);
#149=LINE('',#5101,#293);
#150=LINE('',#5107,#294);
#151=LINE('',#5119,#295);
#152=LINE('',#5123,#296);
#153=LINE('',#5127,#297);
#154=LINE('',#5135,#298);
#155=LINE('',#5137,#299);
#156=LINE('',#5143,#300);
#157=LINE('',#5154,#301);
#158=LINE('',#5158,#302);
#159=LINE('',#5163,#303);
#160=LINE('',#5167,#304);
#161=LINE('',#5175,#305);
#162=VECTOR('',#3287,1.);
#163=VECTOR('',#3290,1.);
#164=VECTOR('',#3295,1.);
#165=VECTOR('',#3302,1.);
#166=VECTOR('',#3305,1.);
#167=VECTOR('',#3308,1.);
#168=VECTOR('',#3315,1.);
#169=VECTOR('',#3330,1.);
#170=VECTOR('',#3333,1.);
#171=VECTOR('',#3338,1.);
#172=VECTOR('',#3347,1.);
#173=VECTOR('',#3350,1.);
#174=VECTOR('',#3357,1.);
#175=VECTOR('',#3372,1.);
#176=VECTOR('',#3375,1.);
#177=VECTOR('',#3380,1.);
#178=VECTOR('',#3389,1.);
#179=VECTOR('',#3392,1.);
#180=VECTOR('',#3399,1.);
#181=VECTOR('',#3414,1.);
#182=VECTOR('',#3417,1.);
#183=VECTOR('',#3422,1.);
#184=VECTOR('',#3431,1.);
#185=VECTOR('',#3434,1.);
#186=VECTOR('',#3441,1.);
#187=VECTOR('',#3456,1.);
#188=VECTOR('',#3459,1.);
#189=VECTOR('',#3464,1.);
#190=VECTOR('',#3473,1.);
#191=VECTOR('',#3476,1.);
#192=VECTOR('',#3483,1.);
#193=VECTOR('',#3498,1.);
#194=VECTOR('',#3501,1.);
#195=VECTOR('',#3506,1.);
#196=VECTOR('',#3515,1.);
#197=VECTOR('',#3518,1.);
#198=VECTOR('',#3525,1.);
#199=VECTOR('',#3540,1.);
#200=VECTOR('',#3543,1.);
#201=VECTOR('',#3548,1.);
#202=VECTOR('',#3557,1.);
#203=VECTOR('',#3560,1.);
#204=VECTOR('',#3567,1.);
#205=VECTOR('',#3582,1.);
#206=VECTOR('',#3585,1.);
#207=VECTOR('',#3590,1.);
#208=VECTOR('',#3599,1.);
#209=VECTOR('',#3602,1.);
#210=VECTOR('',#3609,1.);
#211=VECTOR('',#3624,1.);
#212=VECTOR('',#3627,1.);
#213=VECTOR('',#3632,1.);
#214=VECTOR('',#3641,1.);
#215=VECTOR('',#3644,1.);
#216=VECTOR('',#3651,1.);
#217=VECTOR('',#3666,1.);
#218=VECTOR('',#3669,1.);
#219=VECTOR('',#3674,1.);
#220=VECTOR('',#3683,1.);
#221=VECTOR('',#3686,1.);
#222=VECTOR('',#3693,1.);
#223=VECTOR('',#3708,1.);
#224=VECTOR('',#3711,1.);
#225=VECTOR('',#3716,1.);
#226=VECTOR('',#3725,1.);
#227=VECTOR('',#3728,1.);
#228=VECTOR('',#3735,1.);
#229=VECTOR('',#3750,1.);
#230=VECTOR('',#3753,1.);
#231=VECTOR('',#3758,1.);
#232=VECTOR('',#3767,1.);
#233=VECTOR('',#3770,1.);
#234=VECTOR('',#3777,1.);
#235=VECTOR('',#3792,1.);
#236=VECTOR('',#3795,1.);
#237=VECTOR('',#3800,1.);
#238=VECTOR('',#3809,1.);
#239=VECTOR('',#3812,1.);
#240=VECTOR('',#3819,1.);
#241=VECTOR('',#3834,1.);
#242=VECTOR('',#3837,1.);
#243=VECTOR('',#3842,1.);
#244=VECTOR('',#3851,1.);
#245=VECTOR('',#3854,1.);
#246=VECTOR('',#3861,1.);
#247=VECTOR('',#3876,1.);
#248=VECTOR('',#3879,1.);
#249=VECTOR('',#3884,1.);
#250=VECTOR('',#3893,1.);
#251=VECTOR('',#3896,1.);
#252=VECTOR('',#3903,1.);
#253=VECTOR('',#3918,1.);
#254=VECTOR('',#3921,1.);
#255=VECTOR('',#3926,1.);
#256=VECTOR('',#3935,1.);
#257=VECTOR('',#3938,1.);
#258=VECTOR('',#3945,1.);
#259=VECTOR('',#3960,1.);
#260=VECTOR('',#3963,1.);
#261=VECTOR('',#3968,1.);
#262=VECTOR('',#3977,1.);
#263=VECTOR('',#3980,1.);
#264=VECTOR('',#3987,1.);
#265=VECTOR('',#4002,1.);
#266=VECTOR('',#4005,1.);
#267=VECTOR('',#4010,1.);
#268=VECTOR('',#4019,1.);
#269=VECTOR('',#4022,1.);
#270=VECTOR('',#4029,1.);
#271=VECTOR('',#4044,1.);
#272=VECTOR('',#4047,1.);
#273=VECTOR('',#4052,1.);
#274=VECTOR('',#4061,1.);
#275=VECTOR('',#4064,1.);
#276=VECTOR('',#4071,1.);
#277=VECTOR('',#4086,1.);
#278=VECTOR('',#4089,1.);
#279=VECTOR('',#4094,1.);
#280=VECTOR('',#4103,1.);
#281=VECTOR('',#4106,1.);
#282=VECTOR('',#4113,1.);
#283=VECTOR('',#4128,1.);
#284=VECTOR('',#4131,1.);
#285=VECTOR('',#4136,1.);
#286=VECTOR('',#4145,1.);
#287=VECTOR('',#4148,1.);
#288=VECTOR('',#4155,1.);
#289=VECTOR('',#4170,1.);
#290=VECTOR('',#4173,1.);
#291=VECTOR('',#4178,1.);
#292=VECTOR('',#4187,1.);
#293=VECTOR('',#4190,1.);
#294=VECTOR('',#4197,1.);
#295=VECTOR('',#4212,1.);
#296=VECTOR('',#4215,1.);
#297=VECTOR('',#4220,1.);
#298=VECTOR('',#4229,1.);
#299=VECTOR('',#4232,1.);
#300=VECTOR('',#4239,1.);
#301=VECTOR('',#4254,1.);
#302=VECTOR('',#4259,1.);
#303=VECTOR('',#4262,1.);
#304=VECTOR('',#4267,1.);
#305=VECTOR('',#4276,1.);
#306=ORIENTED_EDGE('',*,*,#1182,.F.);
#307=ORIENTED_EDGE('',*,*,#1183,.T.);
#308=ORIENTED_EDGE('',*,*,#1184,.T.);
#309=ORIENTED_EDGE('',*,*,#1185,.T.);
#310=ORIENTED_EDGE('',*,*,#1186,.F.);
#311=ORIENTED_EDGE('',*,*,#1187,.F.);
#312=ORIENTED_EDGE('',*,*,#1188,.T.);
#313=ORIENTED_EDGE('',*,*,#1183,.F.);
#314=ORIENTED_EDGE('',*,*,#1189,.F.);
#315=ORIENTED_EDGE('',*,*,#1190,.F.);
#316=ORIENTED_EDGE('',*,*,#1191,.T.);
#317=ORIENTED_EDGE('',*,*,#1192,.F.);
#318=ORIENTED_EDGE('',*,*,#1193,.T.);
#319=ORIENTED_EDGE('',*,*,#1194,.T.);
#320=ORIENTED_EDGE('',*,*,#1187,.T.);
#321=ORIENTED_EDGE('',*,*,#1195,.F.);
#322=ORIENTED_EDGE('',*,*,#1196,.T.);
#323=ORIENTED_EDGE('',*,*,#1197,.T.);
#324=ORIENTED_EDGE('',*,*,#1193,.F.);
#325=ORIENTED_EDGE('',*,*,#1198,.F.);
#326=ORIENTED_EDGE('',*,*,#1199,.T.);
#327=ORIENTED_EDGE('',*,*,#1192,.T.);
#328=ORIENTED_EDGE('',*,*,#1200,.F.);
#329=ORIENTED_EDGE('',*,*,#1196,.F.);
#330=ORIENTED_EDGE('',*,*,#1201,.F.);
#331=ORIENTED_EDGE('',*,*,#1202,.T.);
#332=ORIENTED_EDGE('',*,*,#1203,.T.);
#333=ORIENTED_EDGE('',*,*,#1204,.T.);
#334=ORIENTED_EDGE('',*,*,#1205,.F.);
#335=ORIENTED_EDGE('',*,*,#1206,.F.);
#336=ORIENTED_EDGE('',*,*,#1207,.T.);
#337=ORIENTED_EDGE('',*,*,#1202,.F.);
#338=ORIENTED_EDGE('',*,*,#1208,.F.);
#339=ORIENTED_EDGE('',*,*,#1185,.F.);
#340=ORIENTED_EDGE('',*,*,#1209,.T.);
#341=ORIENTED_EDGE('',*,*,#1210,.F.);
#342=ORIENTED_EDGE('',*,*,#1211,.T.);
#343=ORIENTED_EDGE('',*,*,#1212,.T.);
#344=ORIENTED_EDGE('',*,*,#1206,.T.);
#345=ORIENTED_EDGE('',*,*,#1213,.F.);
#346=ORIENTED_EDGE('',*,*,#1214,.T.);
#347=ORIENTED_EDGE('',*,*,#1215,.T.);
#348=ORIENTED_EDGE('',*,*,#1211,.F.);
#349=ORIENTED_EDGE('',*,*,#1216,.F.);
#350=ORIENTED_EDGE('',*,*,#1217,.T.);
#351=ORIENTED_EDGE('',*,*,#1210,.T.);
#352=ORIENTED_EDGE('',*,*,#1218,.F.);
#353=ORIENTED_EDGE('',*,*,#1214,.F.);
#354=ORIENTED_EDGE('',*,*,#1219,.F.);
#355=ORIENTED_EDGE('',*,*,#1220,.T.);
#356=ORIENTED_EDGE('',*,*,#1221,.T.);
#357=ORIENTED_EDGE('',*,*,#1222,.T.);
#358=ORIENTED_EDGE('',*,*,#1223,.F.);
#359=ORIENTED_EDGE('',*,*,#1224,.F.);
#360=ORIENTED_EDGE('',*,*,#1225,.T.);
#361=ORIENTED_EDGE('',*,*,#1220,.F.);
#362=ORIENTED_EDGE('',*,*,#1226,.F.);
#363=ORIENTED_EDGE('',*,*,#1204,.F.);
#364=ORIENTED_EDGE('',*,*,#1227,.T.);
#365=ORIENTED_EDGE('',*,*,#1228,.F.);
#366=ORIENTED_EDGE('',*,*,#1229,.T.);
#367=ORIENTED_EDGE('',*,*,#1230,.T.);
#368=ORIENTED_EDGE('',*,*,#1224,.T.);
#369=ORIENTED_EDGE('',*,*,#1231,.F.);
#370=ORIENTED_EDGE('',*,*,#1232,.T.);
#371=ORIENTED_EDGE('',*,*,#1233,.T.);
#372=ORIENTED_EDGE('',*,*,#1229,.F.);
#373=ORIENTED_EDGE('',*,*,#1234,.F.);
#374=ORIENTED_EDGE('',*,*,#1235,.T.);
#375=ORIENTED_EDGE('',*,*,#1228,.T.);
#376=ORIENTED_EDGE('',*,*,#1236,.F.);
#377=ORIENTED_EDGE('',*,*,#1232,.F.);
#378=ORIENTED_EDGE('',*,*,#1237,.F.);
#379=ORIENTED_EDGE('',*,*,#1238,.T.);
#380=ORIENTED_EDGE('',*,*,#1239,.T.);
#381=ORIENTED_EDGE('',*,*,#1240,.T.);
#382=ORIENTED_EDGE('',*,*,#1241,.F.);
#383=ORIENTED_EDGE('',*,*,#1242,.F.);
#384=ORIENTED_EDGE('',*,*,#1243,.T.);
#385=ORIENTED_EDGE('',*,*,#1238,.F.);
#386=ORIENTED_EDGE('',*,*,#1244,.F.);
#387=ORIENTED_EDGE('',*,*,#1222,.F.);
#388=ORIENTED_EDGE('',*,*,#1245,.T.);
#389=ORIENTED_EDGE('',*,*,#1246,.F.);
#390=ORIENTED_EDGE('',*,*,#1247,.T.);
#391=ORIENTED_EDGE('',*,*,#1248,.T.);
#392=ORIENTED_EDGE('',*,*,#1242,.T.);
#393=ORIENTED_EDGE('',*,*,#1249,.F.);
#394=ORIENTED_EDGE('',*,*,#1250,.T.);
#395=ORIENTED_EDGE('',*,*,#1251,.T.);
#396=ORIENTED_EDGE('',*,*,#1247,.F.);
#397=ORIENTED_EDGE('',*,*,#1252,.F.);
#398=ORIENTED_EDGE('',*,*,#1253,.T.);
#399=ORIENTED_EDGE('',*,*,#1246,.T.);
#400=ORIENTED_EDGE('',*,*,#1254,.F.);
#401=ORIENTED_EDGE('',*,*,#1250,.F.);
#402=ORIENTED_EDGE('',*,*,#1255,.F.);
#403=ORIENTED_EDGE('',*,*,#1256,.T.);
#404=ORIENTED_EDGE('',*,*,#1257,.T.);
#405=ORIENTED_EDGE('',*,*,#1258,.T.);
#406=ORIENTED_EDGE('',*,*,#1259,.F.);
#407=ORIENTED_EDGE('',*,*,#1260,.F.);
#408=ORIENTED_EDGE('',*,*,#1261,.T.);
#409=ORIENTED_EDGE('',*,*,#1256,.F.);
#410=ORIENTED_EDGE('',*,*,#1262,.F.);
#411=ORIENTED_EDGE('',*,*,#1240,.F.);
#412=ORIENTED_EDGE('',*,*,#1263,.T.);
#413=ORIENTED_EDGE('',*,*,#1264,.F.);
#414=ORIENTED_EDGE('',*,*,#1265,.T.);
#415=ORIENTED_EDGE('',*,*,#1266,.T.);
#416=ORIENTED_EDGE('',*,*,#1260,.T.);
#417=ORIENTED_EDGE('',*,*,#1267,.F.);
#418=ORIENTED_EDGE('',*,*,#1268,.T.);
#419=ORIENTED_EDGE('',*,*,#1269,.T.);
#420=ORIENTED_EDGE('',*,*,#1265,.F.);
#421=ORIENTED_EDGE('',*,*,#1270,.F.);
#422=ORIENTED_EDGE('',*,*,#1271,.T.);
#423=ORIENTED_EDGE('',*,*,#1264,.T.);
#424=ORIENTED_EDGE('',*,*,#1272,.F.);
#425=ORIENTED_EDGE('',*,*,#1268,.F.);
#426=ORIENTED_EDGE('',*,*,#1273,.F.);
#427=ORIENTED_EDGE('',*,*,#1274,.T.);
#428=ORIENTED_EDGE('',*,*,#1275,.T.);
#429=ORIENTED_EDGE('',*,*,#1276,.T.);
#430=ORIENTED_EDGE('',*,*,#1277,.F.);
#431=ORIENTED_EDGE('',*,*,#1278,.F.);
#432=ORIENTED_EDGE('',*,*,#1279,.T.);
#433=ORIENTED_EDGE('',*,*,#1274,.F.);
#434=ORIENTED_EDGE('',*,*,#1280,.F.);
#435=ORIENTED_EDGE('',*,*,#1258,.F.);
#436=ORIENTED_EDGE('',*,*,#1281,.T.);
#437=ORIENTED_EDGE('',*,*,#1282,.F.);
#438=ORIENTED_EDGE('',*,*,#1283,.T.);
#439=ORIENTED_EDGE('',*,*,#1284,.T.);
#440=ORIENTED_EDGE('',*,*,#1278,.T.);
#441=ORIENTED_EDGE('',*,*,#1285,.F.);
#442=ORIENTED_EDGE('',*,*,#1286,.T.);
#443=ORIENTED_EDGE('',*,*,#1287,.T.);
#444=ORIENTED_EDGE('',*,*,#1283,.F.);
#445=ORIENTED_EDGE('',*,*,#1288,.F.);
#446=ORIENTED_EDGE('',*,*,#1289,.T.);
#447=ORIENTED_EDGE('',*,*,#1282,.T.);
#448=ORIENTED_EDGE('',*,*,#1290,.F.);
#449=ORIENTED_EDGE('',*,*,#1286,.F.);
#450=ORIENTED_EDGE('',*,*,#1291,.F.);
#451=ORIENTED_EDGE('',*,*,#1292,.T.);
#452=ORIENTED_EDGE('',*,*,#1293,.T.);
#453=ORIENTED_EDGE('',*,*,#1294,.T.);
#454=ORIENTED_EDGE('',*,*,#1295,.F.);
#455=ORIENTED_EDGE('',*,*,#1296,.F.);
#456=ORIENTED_EDGE('',*,*,#1297,.T.);
#457=ORIENTED_EDGE('',*,*,#1292,.F.);
#458=ORIENTED_EDGE('',*,*,#1298,.F.);
#459=ORIENTED_EDGE('',*,*,#1276,.F.);
#460=ORIENTED_EDGE('',*,*,#1299,.T.);
#461=ORIENTED_EDGE('',*,*,#1300,.F.);
#462=ORIENTED_EDGE('',*,*,#1301,.T.);
#463=ORIENTED_EDGE('',*,*,#1302,.T.);
#464=ORIENTED_EDGE('',*,*,#1296,.T.);
#465=ORIENTED_EDGE('',*,*,#1303,.F.);
#466=ORIENTED_EDGE('',*,*,#1304,.T.);
#467=ORIENTED_EDGE('',*,*,#1305,.T.);
#468=ORIENTED_EDGE('',*,*,#1301,.F.);
#469=ORIENTED_EDGE('',*,*,#1306,.F.);
#470=ORIENTED_EDGE('',*,*,#1307,.T.);
#471=ORIENTED_EDGE('',*,*,#1300,.T.);
#472=ORIENTED_EDGE('',*,*,#1308,.F.);
#473=ORIENTED_EDGE('',*,*,#1304,.F.);
#474=ORIENTED_EDGE('',*,*,#1309,.F.);
#475=ORIENTED_EDGE('',*,*,#1310,.T.);
#476=ORIENTED_EDGE('',*,*,#1311,.T.);
#477=ORIENTED_EDGE('',*,*,#1312,.T.);
#478=ORIENTED_EDGE('',*,*,#1313,.F.);
#479=ORIENTED_EDGE('',*,*,#1314,.F.);
#480=ORIENTED_EDGE('',*,*,#1315,.T.);
#481=ORIENTED_EDGE('',*,*,#1310,.F.);
#482=ORIENTED_EDGE('',*,*,#1316,.F.);
#483=ORIENTED_EDGE('',*,*,#1294,.F.);
#484=ORIENTED_EDGE('',*,*,#1317,.T.);
#485=ORIENTED_EDGE('',*,*,#1318,.F.);
#486=ORIENTED_EDGE('',*,*,#1319,.T.);
#487=ORIENTED_EDGE('',*,*,#1320,.T.);
#488=ORIENTED_EDGE('',*,*,#1314,.T.);
#489=ORIENTED_EDGE('',*,*,#1321,.F.);
#490=ORIENTED_EDGE('',*,*,#1322,.T.);
#491=ORIENTED_EDGE('',*,*,#1323,.T.);
#492=ORIENTED_EDGE('',*,*,#1319,.F.);
#493=ORIENTED_EDGE('',*,*,#1324,.F.);
#494=ORIENTED_EDGE('',*,*,#1325,.T.);
#495=ORIENTED_EDGE('',*,*,#1318,.T.);
#496=ORIENTED_EDGE('',*,*,#1326,.F.);
#497=ORIENTED_EDGE('',*,*,#1322,.F.);
#498=ORIENTED_EDGE('',*,*,#1327,.F.);
#499=ORIENTED_EDGE('',*,*,#1328,.T.);
#500=ORIENTED_EDGE('',*,*,#1329,.T.);
#501=ORIENTED_EDGE('',*,*,#1330,.T.);
#502=ORIENTED_EDGE('',*,*,#1331,.F.);
#503=ORIENTED_EDGE('',*,*,#1332,.F.);
#504=ORIENTED_EDGE('',*,*,#1333,.T.);
#505=ORIENTED_EDGE('',*,*,#1328,.F.);
#506=ORIENTED_EDGE('',*,*,#1334,.F.);
#507=ORIENTED_EDGE('',*,*,#1312,.F.);
#508=ORIENTED_EDGE('',*,*,#1335,.T.);
#509=ORIENTED_EDGE('',*,*,#1336,.F.);
#510=ORIENTED_EDGE('',*,*,#1337,.T.);
#511=ORIENTED_EDGE('',*,*,#1338,.T.);
#512=ORIENTED_EDGE('',*,*,#1332,.T.);
#513=ORIENTED_EDGE('',*,*,#1339,.F.);
#514=ORIENTED_EDGE('',*,*,#1340,.T.);
#515=ORIENTED_EDGE('',*,*,#1341,.T.);
#516=ORIENTED_EDGE('',*,*,#1337,.F.);
#517=ORIENTED_EDGE('',*,*,#1342,.F.);
#518=ORIENTED_EDGE('',*,*,#1343,.T.);
#519=ORIENTED_EDGE('',*,*,#1336,.T.);
#520=ORIENTED_EDGE('',*,*,#1344,.F.);
#521=ORIENTED_EDGE('',*,*,#1340,.F.);
#522=ORIENTED_EDGE('',*,*,#1345,.F.);
#523=ORIENTED_EDGE('',*,*,#1346,.T.);
#524=ORIENTED_EDGE('',*,*,#1347,.T.);
#525=ORIENTED_EDGE('',*,*,#1348,.T.);
#526=ORIENTED_EDGE('',*,*,#1349,.F.);
#527=ORIENTED_EDGE('',*,*,#1350,.F.);
#528=ORIENTED_EDGE('',*,*,#1351,.T.);
#529=ORIENTED_EDGE('',*,*,#1346,.F.);
#530=ORIENTED_EDGE('',*,*,#1352,.F.);
#531=ORIENTED_EDGE('',*,*,#1330,.F.);
#532=ORIENTED_EDGE('',*,*,#1353,.T.);
#533=ORIENTED_EDGE('',*,*,#1354,.F.);
#534=ORIENTED_EDGE('',*,*,#1355,.T.);
#535=ORIENTED_EDGE('',*,*,#1356,.T.);
#536=ORIENTED_EDGE('',*,*,#1350,.T.);
#537=ORIENTED_EDGE('',*,*,#1357,.F.);
#538=ORIENTED_EDGE('',*,*,#1358,.T.);
#539=ORIENTED_EDGE('',*,*,#1359,.T.);
#540=ORIENTED_EDGE('',*,*,#1355,.F.);
#541=ORIENTED_EDGE('',*,*,#1360,.F.);
#542=ORIENTED_EDGE('',*,*,#1361,.T.);
#543=ORIENTED_EDGE('',*,*,#1354,.T.);
#544=ORIENTED_EDGE('',*,*,#1362,.F.);
#545=ORIENTED_EDGE('',*,*,#1358,.F.);
#546=ORIENTED_EDGE('',*,*,#1363,.F.);
#547=ORIENTED_EDGE('',*,*,#1364,.T.);
#548=ORIENTED_EDGE('',*,*,#1365,.T.);
#549=ORIENTED_EDGE('',*,*,#1366,.T.);
#550=ORIENTED_EDGE('',*,*,#1367,.F.);
#551=ORIENTED_EDGE('',*,*,#1368,.F.);
#552=ORIENTED_EDGE('',*,*,#1369,.T.);
#553=ORIENTED_EDGE('',*,*,#1364,.F.);
#554=ORIENTED_EDGE('',*,*,#1370,.F.);
#555=ORIENTED_EDGE('',*,*,#1348,.F.);
#556=ORIENTED_EDGE('',*,*,#1371,.T.);
#557=ORIENTED_EDGE('',*,*,#1372,.F.);
#558=ORIENTED_EDGE('',*,*,#1373,.T.);
#559=ORIENTED_EDGE('',*,*,#1374,.T.);
#560=ORIENTED_EDGE('',*,*,#1368,.T.);
#561=ORIENTED_EDGE('',*,*,#1375,.F.);
#562=ORIENTED_EDGE('',*,*,#1376,.T.);
#563=ORIENTED_EDGE('',*,*,#1377,.T.);
#564=ORIENTED_EDGE('',*,*,#1373,.F.);
#565=ORIENTED_EDGE('',*,*,#1378,.F.);
#566=ORIENTED_EDGE('',*,*,#1379,.T.);
#567=ORIENTED_EDGE('',*,*,#1372,.T.);
#568=ORIENTED_EDGE('',*,*,#1380,.F.);
#569=ORIENTED_EDGE('',*,*,#1376,.F.);
#570=ORIENTED_EDGE('',*,*,#1381,.F.);
#571=ORIENTED_EDGE('',*,*,#1382,.T.);
#572=ORIENTED_EDGE('',*,*,#1383,.T.);
#573=ORIENTED_EDGE('',*,*,#1384,.T.);
#574=ORIENTED_EDGE('',*,*,#1385,.F.);
#575=ORIENTED_EDGE('',*,*,#1386,.F.);
#576=ORIENTED_EDGE('',*,*,#1387,.T.);
#577=ORIENTED_EDGE('',*,*,#1382,.F.);
#578=ORIENTED_EDGE('',*,*,#1388,.F.);
#579=ORIENTED_EDGE('',*,*,#1366,.F.);
#580=ORIENTED_EDGE('',*,*,#1389,.T.);
#581=ORIENTED_EDGE('',*,*,#1390,.F.);
#582=ORIENTED_EDGE('',*,*,#1391,.T.);
#583=ORIENTED_EDGE('',*,*,#1392,.T.);
#584=ORIENTED_EDGE('',*,*,#1386,.T.);
#585=ORIENTED_EDGE('',*,*,#1393,.F.);
#586=ORIENTED_EDGE('',*,*,#1394,.T.);
#587=ORIENTED_EDGE('',*,*,#1395,.T.);
#588=ORIENTED_EDGE('',*,*,#1391,.F.);
#589=ORIENTED_EDGE('',*,*,#1396,.F.);
#590=ORIENTED_EDGE('',*,*,#1397,.T.);
#591=ORIENTED_EDGE('',*,*,#1390,.T.);
#592=ORIENTED_EDGE('',*,*,#1398,.F.);
#593=ORIENTED_EDGE('',*,*,#1394,.F.);
#594=ORIENTED_EDGE('',*,*,#1399,.F.);
#595=ORIENTED_EDGE('',*,*,#1400,.T.);
#596=ORIENTED_EDGE('',*,*,#1401,.T.);
#597=ORIENTED_EDGE('',*,*,#1402,.T.);
#598=ORIENTED_EDGE('',*,*,#1403,.F.);
#599=ORIENTED_EDGE('',*,*,#1404,.F.);
#600=ORIENTED_EDGE('',*,*,#1405,.T.);
#601=ORIENTED_EDGE('',*,*,#1400,.F.);
#602=ORIENTED_EDGE('',*,*,#1406,.F.);
#603=ORIENTED_EDGE('',*,*,#1384,.F.);
#604=ORIENTED_EDGE('',*,*,#1407,.T.);
#605=ORIENTED_EDGE('',*,*,#1408,.F.);
#606=ORIENTED_EDGE('',*,*,#1409,.T.);
#607=ORIENTED_EDGE('',*,*,#1410,.T.);
#608=ORIENTED_EDGE('',*,*,#1404,.T.);
#609=ORIENTED_EDGE('',*,*,#1411,.F.);
#610=ORIENTED_EDGE('',*,*,#1412,.T.);
#611=ORIENTED_EDGE('',*,*,#1413,.T.);
#612=ORIENTED_EDGE('',*,*,#1409,.F.);
#613=ORIENTED_EDGE('',*,*,#1414,.F.);
#614=ORIENTED_EDGE('',*,*,#1415,.T.);
#615=ORIENTED_EDGE('',*,*,#1408,.T.);
#616=ORIENTED_EDGE('',*,*,#1416,.F.);
#617=ORIENTED_EDGE('',*,*,#1412,.F.);
#618=ORIENTED_EDGE('',*,*,#1417,.F.);
#619=ORIENTED_EDGE('',*,*,#1418,.T.);
#620=ORIENTED_EDGE('',*,*,#1419,.T.);
#621=ORIENTED_EDGE('',*,*,#1420,.T.);
#622=ORIENTED_EDGE('',*,*,#1421,.F.);
#623=ORIENTED_EDGE('',*,*,#1422,.F.);
#624=ORIENTED_EDGE('',*,*,#1423,.T.);
#625=ORIENTED_EDGE('',*,*,#1418,.F.);
#626=ORIENTED_EDGE('',*,*,#1424,.F.);
#627=ORIENTED_EDGE('',*,*,#1402,.F.);
#628=ORIENTED_EDGE('',*,*,#1425,.T.);
#629=ORIENTED_EDGE('',*,*,#1426,.F.);
#630=ORIENTED_EDGE('',*,*,#1427,.T.);
#631=ORIENTED_EDGE('',*,*,#1428,.T.);
#632=ORIENTED_EDGE('',*,*,#1422,.T.);
#633=ORIENTED_EDGE('',*,*,#1429,.F.);
#634=ORIENTED_EDGE('',*,*,#1430,.T.);
#635=ORIENTED_EDGE('',*,*,#1431,.T.);
#636=ORIENTED_EDGE('',*,*,#1427,.F.);
#637=ORIENTED_EDGE('',*,*,#1432,.F.);
#638=ORIENTED_EDGE('',*,*,#1433,.T.);
#639=ORIENTED_EDGE('',*,*,#1426,.T.);
#640=ORIENTED_EDGE('',*,*,#1434,.F.);
#641=ORIENTED_EDGE('',*,*,#1430,.F.);
#642=ORIENTED_EDGE('',*,*,#1435,.F.);
#643=ORIENTED_EDGE('',*,*,#1436,.T.);
#644=ORIENTED_EDGE('',*,*,#1437,.T.);
#645=ORIENTED_EDGE('',*,*,#1438,.T.);
#646=ORIENTED_EDGE('',*,*,#1439,.F.);
#647=ORIENTED_EDGE('',*,*,#1440,.F.);
#648=ORIENTED_EDGE('',*,*,#1441,.T.);
#649=ORIENTED_EDGE('',*,*,#1436,.F.);
#650=ORIENTED_EDGE('',*,*,#1442,.F.);
#651=ORIENTED_EDGE('',*,*,#1420,.F.);
#652=ORIENTED_EDGE('',*,*,#1443,.T.);
#653=ORIENTED_EDGE('',*,*,#1444,.F.);
#654=ORIENTED_EDGE('',*,*,#1445,.T.);
#655=ORIENTED_EDGE('',*,*,#1446,.T.);
#656=ORIENTED_EDGE('',*,*,#1440,.T.);
#657=ORIENTED_EDGE('',*,*,#1447,.F.);
#658=ORIENTED_EDGE('',*,*,#1448,.T.);
#659=ORIENTED_EDGE('',*,*,#1449,.T.);
#660=ORIENTED_EDGE('',*,*,#1445,.F.);
#661=ORIENTED_EDGE('',*,*,#1450,.F.);
#662=ORIENTED_EDGE('',*,*,#1451,.T.);
#663=ORIENTED_EDGE('',*,*,#1444,.T.);
#664=ORIENTED_EDGE('',*,*,#1452,.F.);
#665=ORIENTED_EDGE('',*,*,#1448,.F.);
#666=ORIENTED_EDGE('',*,*,#1453,.F.);
#667=ORIENTED_EDGE('',*,*,#1454,.T.);
#668=ORIENTED_EDGE('',*,*,#1455,.T.);
#669=ORIENTED_EDGE('',*,*,#1456,.T.);
#670=ORIENTED_EDGE('',*,*,#1457,.F.);
#671=ORIENTED_EDGE('',*,*,#1458,.F.);
#672=ORIENTED_EDGE('',*,*,#1459,.T.);
#673=ORIENTED_EDGE('',*,*,#1454,.F.);
#674=ORIENTED_EDGE('',*,*,#1460,.F.);
#675=ORIENTED_EDGE('',*,*,#1438,.F.);
#676=ORIENTED_EDGE('',*,*,#1461,.T.);
#677=ORIENTED_EDGE('',*,*,#1462,.F.);
#678=ORIENTED_EDGE('',*,*,#1463,.T.);
#679=ORIENTED_EDGE('',*,*,#1464,.T.);
#680=ORIENTED_EDGE('',*,*,#1458,.T.);
#681=ORIENTED_EDGE('',*,*,#1465,.F.);
#682=ORIENTED_EDGE('',*,*,#1466,.T.);
#683=ORIENTED_EDGE('',*,*,#1467,.T.);
#684=ORIENTED_EDGE('',*,*,#1463,.F.);
#685=ORIENTED_EDGE('',*,*,#1468,.F.);
#686=ORIENTED_EDGE('',*,*,#1469,.T.);
#687=ORIENTED_EDGE('',*,*,#1462,.T.);
#688=ORIENTED_EDGE('',*,*,#1470,.F.);
#689=ORIENTED_EDGE('',*,*,#1466,.F.);
#690=ORIENTED_EDGE('',*,*,#1471,.F.);
#691=ORIENTED_EDGE('',*,*,#1472,.T.);
#692=ORIENTED_EDGE('',*,*,#1473,.T.);
#693=ORIENTED_EDGE('',*,*,#1474,.T.);
#694=ORIENTED_EDGE('',*,*,#1475,.F.);
#695=ORIENTED_EDGE('',*,*,#1476,.F.);
#696=ORIENTED_EDGE('',*,*,#1477,.T.);
#697=ORIENTED_EDGE('',*,*,#1472,.F.);
#698=ORIENTED_EDGE('',*,*,#1478,.F.);
#699=ORIENTED_EDGE('',*,*,#1456,.F.);
#700=ORIENTED_EDGE('',*,*,#1479,.T.);
#701=ORIENTED_EDGE('',*,*,#1480,.F.);
#702=ORIENTED_EDGE('',*,*,#1481,.T.);
#703=ORIENTED_EDGE('',*,*,#1482,.T.);
#704=ORIENTED_EDGE('',*,*,#1476,.T.);
#705=ORIENTED_EDGE('',*,*,#1483,.F.);
#706=ORIENTED_EDGE('',*,*,#1484,.T.);
#707=ORIENTED_EDGE('',*,*,#1485,.T.);
#708=ORIENTED_EDGE('',*,*,#1481,.F.);
#709=ORIENTED_EDGE('',*,*,#1486,.F.);
#710=ORIENTED_EDGE('',*,*,#1487,.T.);
#711=ORIENTED_EDGE('',*,*,#1480,.T.);
#712=ORIENTED_EDGE('',*,*,#1488,.F.);
#713=ORIENTED_EDGE('',*,*,#1484,.F.);
#714=ORIENTED_EDGE('',*,*,#1489,.F.);
#715=ORIENTED_EDGE('',*,*,#1490,.T.);
#716=ORIENTED_EDGE('',*,*,#1491,.T.);
#717=ORIENTED_EDGE('',*,*,#1492,.T.);
#718=ORIENTED_EDGE('',*,*,#1493,.F.);
#719=ORIENTED_EDGE('',*,*,#1494,.F.);
#720=ORIENTED_EDGE('',*,*,#1495,.T.);
#721=ORIENTED_EDGE('',*,*,#1490,.F.);
#722=ORIENTED_EDGE('',*,*,#1496,.F.);
#723=ORIENTED_EDGE('',*,*,#1474,.F.);
#724=ORIENTED_EDGE('',*,*,#1497,.T.);
#725=ORIENTED_EDGE('',*,*,#1498,.F.);
#726=ORIENTED_EDGE('',*,*,#1499,.T.);
#727=ORIENTED_EDGE('',*,*,#1500,.T.);
#728=ORIENTED_EDGE('',*,*,#1494,.T.);
#729=ORIENTED_EDGE('',*,*,#1501,.F.);
#730=ORIENTED_EDGE('',*,*,#1502,.T.);
#731=ORIENTED_EDGE('',*,*,#1503,.T.);
#732=ORIENTED_EDGE('',*,*,#1499,.F.);
#733=ORIENTED_EDGE('',*,*,#1504,.F.);
#734=ORIENTED_EDGE('',*,*,#1505,.T.);
#735=ORIENTED_EDGE('',*,*,#1498,.T.);
#736=ORIENTED_EDGE('',*,*,#1506,.F.);
#737=ORIENTED_EDGE('',*,*,#1502,.F.);
#738=ORIENTED_EDGE('',*,*,#1507,.F.);
#739=ORIENTED_EDGE('',*,*,#1508,.T.);
#740=ORIENTED_EDGE('',*,*,#1509,.T.);
#741=ORIENTED_EDGE('',*,*,#1510,.T.);
#742=ORIENTED_EDGE('',*,*,#1511,.F.);
#743=ORIENTED_EDGE('',*,*,#1512,.F.);
#744=ORIENTED_EDGE('',*,*,#1513,.T.);
#745=ORIENTED_EDGE('',*,*,#1508,.F.);
#746=ORIENTED_EDGE('',*,*,#1514,.F.);
#747=ORIENTED_EDGE('',*,*,#1492,.F.);
#748=ORIENTED_EDGE('',*,*,#1515,.T.);
#749=ORIENTED_EDGE('',*,*,#1516,.F.);
#750=ORIENTED_EDGE('',*,*,#1517,.T.);
#751=ORIENTED_EDGE('',*,*,#1518,.T.);
#752=ORIENTED_EDGE('',*,*,#1512,.T.);
#753=ORIENTED_EDGE('',*,*,#1519,.F.);
#754=ORIENTED_EDGE('',*,*,#1520,.T.);
#755=ORIENTED_EDGE('',*,*,#1521,.T.);
#756=ORIENTED_EDGE('',*,*,#1517,.F.);
#757=ORIENTED_EDGE('',*,*,#1522,.F.);
#758=ORIENTED_EDGE('',*,*,#1523,.T.);
#759=ORIENTED_EDGE('',*,*,#1516,.T.);
#760=ORIENTED_EDGE('',*,*,#1524,.F.);
#761=ORIENTED_EDGE('',*,*,#1520,.F.);
#762=ORIENTED_EDGE('',*,*,#1525,.F.);
#763=ORIENTED_EDGE('',*,*,#1526,.T.);
#764=ORIENTED_EDGE('',*,*,#1527,.T.);
#765=ORIENTED_EDGE('',*,*,#1528,.T.);
#766=ORIENTED_EDGE('',*,*,#1529,.F.);
#767=ORIENTED_EDGE('',*,*,#1530,.F.);
#768=ORIENTED_EDGE('',*,*,#1531,.T.);
#769=ORIENTED_EDGE('',*,*,#1526,.F.);
#770=ORIENTED_EDGE('',*,*,#1532,.F.);
#771=ORIENTED_EDGE('',*,*,#1510,.F.);
#772=ORIENTED_EDGE('',*,*,#1533,.T.);
#773=ORIENTED_EDGE('',*,*,#1534,.F.);
#774=ORIENTED_EDGE('',*,*,#1535,.T.);
#775=ORIENTED_EDGE('',*,*,#1536,.T.);
#776=ORIENTED_EDGE('',*,*,#1530,.T.);
#777=ORIENTED_EDGE('',*,*,#1537,.F.);
#778=ORIENTED_EDGE('',*,*,#1538,.T.);
#779=ORIENTED_EDGE('',*,*,#1539,.T.);
#780=ORIENTED_EDGE('',*,*,#1535,.F.);
#781=ORIENTED_EDGE('',*,*,#1540,.F.);
#782=ORIENTED_EDGE('',*,*,#1541,.T.);
#783=ORIENTED_EDGE('',*,*,#1534,.T.);
#784=ORIENTED_EDGE('',*,*,#1542,.F.);
#785=ORIENTED_EDGE('',*,*,#1538,.F.);
#786=ORIENTED_EDGE('',*,*,#1543,.F.);
#787=ORIENTED_EDGE('',*,*,#1544,.T.);
#788=ORIENTED_EDGE('',*,*,#1545,.T.);
#789=ORIENTED_EDGE('',*,*,#1546,.T.);
#790=ORIENTED_EDGE('',*,*,#1547,.F.);
#791=ORIENTED_EDGE('',*,*,#1548,.F.);
#792=ORIENTED_EDGE('',*,*,#1549,.T.);
#793=ORIENTED_EDGE('',*,*,#1544,.F.);
#794=ORIENTED_EDGE('',*,*,#1550,.F.);
#795=ORIENTED_EDGE('',*,*,#1528,.F.);
#796=ORIENTED_EDGE('',*,*,#1551,.T.);
#797=ORIENTED_EDGE('',*,*,#1552,.F.);
#798=ORIENTED_EDGE('',*,*,#1553,.T.);
#799=ORIENTED_EDGE('',*,*,#1554,.T.);
#800=ORIENTED_EDGE('',*,*,#1548,.T.);
#801=ORIENTED_EDGE('',*,*,#1555,.F.);
#802=ORIENTED_EDGE('',*,*,#1556,.T.);
#803=ORIENTED_EDGE('',*,*,#1557,.T.);
#804=ORIENTED_EDGE('',*,*,#1553,.F.);
#805=ORIENTED_EDGE('',*,*,#1558,.F.);
#806=ORIENTED_EDGE('',*,*,#1559,.T.);
#807=ORIENTED_EDGE('',*,*,#1552,.T.);
#808=ORIENTED_EDGE('',*,*,#1560,.F.);
#809=ORIENTED_EDGE('',*,*,#1556,.F.);
#810=ORIENTED_EDGE('',*,*,#1561,.F.);
#811=ORIENTED_EDGE('',*,*,#1562,.T.);
#812=ORIENTED_EDGE('',*,*,#1563,.T.);
#813=ORIENTED_EDGE('',*,*,#1564,.T.);
#814=ORIENTED_EDGE('',*,*,#1565,.F.);
#815=ORIENTED_EDGE('',*,*,#1566,.F.);
#816=ORIENTED_EDGE('',*,*,#1567,.T.);
#817=ORIENTED_EDGE('',*,*,#1562,.F.);
#818=ORIENTED_EDGE('',*,*,#1568,.F.);
#819=ORIENTED_EDGE('',*,*,#1546,.F.);
#820=ORIENTED_EDGE('',*,*,#1569,.T.);
#821=ORIENTED_EDGE('',*,*,#1570,.F.);
#822=ORIENTED_EDGE('',*,*,#1571,.T.);
#823=ORIENTED_EDGE('',*,*,#1572,.T.);
#824=ORIENTED_EDGE('',*,*,#1566,.T.);
#825=ORIENTED_EDGE('',*,*,#1573,.F.);
#826=ORIENTED_EDGE('',*,*,#1574,.T.);
#827=ORIENTED_EDGE('',*,*,#1575,.T.);
#828=ORIENTED_EDGE('',*,*,#1571,.F.);
#829=ORIENTED_EDGE('',*,*,#1576,.F.);
#830=ORIENTED_EDGE('',*,*,#1577,.T.);
#831=ORIENTED_EDGE('',*,*,#1570,.T.);
#832=ORIENTED_EDGE('',*,*,#1578,.F.);
#833=ORIENTED_EDGE('',*,*,#1574,.F.);
#834=ORIENTED_EDGE('',*,*,#1579,.F.);
#835=ORIENTED_EDGE('',*,*,#1580,.T.);
#836=ORIENTED_EDGE('',*,*,#1581,.T.);
#837=ORIENTED_EDGE('',*,*,#1582,.T.);
#838=ORIENTED_EDGE('',*,*,#1583,.F.);
#839=ORIENTED_EDGE('',*,*,#1584,.F.);
#840=ORIENTED_EDGE('',*,*,#1585,.T.);
#841=ORIENTED_EDGE('',*,*,#1580,.F.);
#842=ORIENTED_EDGE('',*,*,#1586,.F.);
#843=ORIENTED_EDGE('',*,*,#1564,.F.);
#844=ORIENTED_EDGE('',*,*,#1587,.T.);
#845=ORIENTED_EDGE('',*,*,#1588,.F.);
#846=ORIENTED_EDGE('',*,*,#1589,.T.);
#847=ORIENTED_EDGE('',*,*,#1590,.T.);
#848=ORIENTED_EDGE('',*,*,#1584,.T.);
#849=ORIENTED_EDGE('',*,*,#1591,.F.);
#850=ORIENTED_EDGE('',*,*,#1592,.T.);
#851=ORIENTED_EDGE('',*,*,#1593,.T.);
#852=ORIENTED_EDGE('',*,*,#1589,.F.);
#853=ORIENTED_EDGE('',*,*,#1594,.F.);
#854=ORIENTED_EDGE('',*,*,#1595,.T.);
#855=ORIENTED_EDGE('',*,*,#1588,.T.);
#856=ORIENTED_EDGE('',*,*,#1596,.F.);
#857=ORIENTED_EDGE('',*,*,#1592,.F.);
#858=ORIENTED_EDGE('',*,*,#1597,.F.);
#859=ORIENTED_EDGE('',*,*,#1598,.T.);
#860=ORIENTED_EDGE('',*,*,#1599,.T.);
#861=ORIENTED_EDGE('',*,*,#1190,.T.);
#862=ORIENTED_EDGE('',*,*,#1600,.T.);
#863=ORIENTED_EDGE('',*,*,#1601,.T.);
#864=ORIENTED_EDGE('',*,*,#1602,.T.);
#865=ORIENTED_EDGE('',*,*,#1603,.F.);
#866=ORIENTED_EDGE('',*,*,#1604,.T.);
#867=ORIENTED_EDGE('',*,*,#1605,.T.);
#868=ORIENTED_EDGE('',*,*,#1600,.F.);
#869=ORIENTED_EDGE('',*,*,#1606,.F.);
#870=ORIENTED_EDGE('',*,*,#1607,.T.);
#871=ORIENTED_EDGE('',*,*,#1608,.T.);
#872=ORIENTED_EDGE('',*,*,#1609,.F.);
#873=ORIENTED_EDGE('',*,*,#1604,.F.);
#874=ORIENTED_EDGE('',*,*,#1610,.F.);
#875=ORIENTED_EDGE('',*,*,#1582,.F.);
#876=ORIENTED_EDGE('',*,*,#1611,.T.);
#877=ORIENTED_EDGE('',*,*,#1608,.F.);
#878=ORIENTED_EDGE('',*,*,#1612,.F.);
#879=ORIENTED_EDGE('',*,*,#1602,.F.);
#880=ORIENTED_EDGE('',*,*,#1613,.T.);
#881=ORIENTED_EDGE('',*,*,#1598,.F.);
#882=ORIENTED_EDGE('',*,*,#1614,.F.);
#883=ORIENTED_EDGE('',*,*,#1457,.T.);
#884=ORIENTED_EDGE('',*,*,#1453,.T.);
#885=ORIENTED_EDGE('',*,*,#1478,.T.);
#886=ORIENTED_EDGE('',*,*,#1487,.F.);
#887=ORIENTED_EDGE('',*,*,#1486,.T.);
#888=ORIENTED_EDGE('',*,*,#1483,.T.);
#889=ORIENTED_EDGE('',*,*,#1475,.T.);
#890=ORIENTED_EDGE('',*,*,#1471,.T.);
#891=ORIENTED_EDGE('',*,*,#1496,.T.);
#892=ORIENTED_EDGE('',*,*,#1505,.F.);
#893=ORIENTED_EDGE('',*,*,#1504,.T.);
#894=ORIENTED_EDGE('',*,*,#1501,.T.);
#895=ORIENTED_EDGE('',*,*,#1493,.T.);
#896=ORIENTED_EDGE('',*,*,#1489,.T.);
#897=ORIENTED_EDGE('',*,*,#1514,.T.);
#898=ORIENTED_EDGE('',*,*,#1523,.F.);
#899=ORIENTED_EDGE('',*,*,#1522,.T.);
#900=ORIENTED_EDGE('',*,*,#1519,.T.);
#901=ORIENTED_EDGE('',*,*,#1511,.T.);
#902=ORIENTED_EDGE('',*,*,#1507,.T.);
#903=ORIENTED_EDGE('',*,*,#1532,.T.);
#904=ORIENTED_EDGE('',*,*,#1541,.F.);
#905=ORIENTED_EDGE('',*,*,#1540,.T.);
#906=ORIENTED_EDGE('',*,*,#1537,.T.);
#907=ORIENTED_EDGE('',*,*,#1529,.T.);
#908=ORIENTED_EDGE('',*,*,#1525,.T.);
#909=ORIENTED_EDGE('',*,*,#1550,.T.);
#910=ORIENTED_EDGE('',*,*,#1559,.F.);
#911=ORIENTED_EDGE('',*,*,#1558,.T.);
#912=ORIENTED_EDGE('',*,*,#1555,.T.);
#913=ORIENTED_EDGE('',*,*,#1547,.T.);
#914=ORIENTED_EDGE('',*,*,#1543,.T.);
#915=ORIENTED_EDGE('',*,*,#1568,.T.);
#916=ORIENTED_EDGE('',*,*,#1577,.F.);
#917=ORIENTED_EDGE('',*,*,#1576,.T.);
#918=ORIENTED_EDGE('',*,*,#1573,.T.);
#919=ORIENTED_EDGE('',*,*,#1565,.T.);
#920=ORIENTED_EDGE('',*,*,#1561,.T.);
#921=ORIENTED_EDGE('',*,*,#1586,.T.);
#922=ORIENTED_EDGE('',*,*,#1595,.F.);
#923=ORIENTED_EDGE('',*,*,#1594,.T.);
#924=ORIENTED_EDGE('',*,*,#1591,.T.);
#925=ORIENTED_EDGE('',*,*,#1583,.T.);
#926=ORIENTED_EDGE('',*,*,#1579,.T.);
#927=ORIENTED_EDGE('',*,*,#1610,.T.);
#928=ORIENTED_EDGE('',*,*,#1607,.F.);
#929=ORIENTED_EDGE('',*,*,#1606,.T.);
#930=ORIENTED_EDGE('',*,*,#1603,.T.);
#931=ORIENTED_EDGE('',*,*,#1612,.T.);
#932=ORIENTED_EDGE('',*,*,#1597,.T.);
#933=ORIENTED_EDGE('',*,*,#1189,.T.);
#934=ORIENTED_EDGE('',*,*,#1199,.F.);
#935=ORIENTED_EDGE('',*,*,#1198,.T.);
#936=ORIENTED_EDGE('',*,*,#1195,.T.);
#937=ORIENTED_EDGE('',*,*,#1186,.T.);
#938=ORIENTED_EDGE('',*,*,#1182,.T.);
#939=ORIENTED_EDGE('',*,*,#1208,.T.);
#940=ORIENTED_EDGE('',*,*,#1217,.F.);
#941=ORIENTED_EDGE('',*,*,#1216,.T.);
#942=ORIENTED_EDGE('',*,*,#1213,.T.);
#943=ORIENTED_EDGE('',*,*,#1205,.T.);
#944=ORIENTED_EDGE('',*,*,#1201,.T.);
#945=ORIENTED_EDGE('',*,*,#1226,.T.);
#946=ORIENTED_EDGE('',*,*,#1235,.F.);
#947=ORIENTED_EDGE('',*,*,#1234,.T.);
#948=ORIENTED_EDGE('',*,*,#1231,.T.);
#949=ORIENTED_EDGE('',*,*,#1223,.T.);
#950=ORIENTED_EDGE('',*,*,#1219,.T.);
#951=ORIENTED_EDGE('',*,*,#1244,.T.);
#952=ORIENTED_EDGE('',*,*,#1253,.F.);
#953=ORIENTED_EDGE('',*,*,#1252,.T.);
#954=ORIENTED_EDGE('',*,*,#1249,.T.);
#955=ORIENTED_EDGE('',*,*,#1241,.T.);
#956=ORIENTED_EDGE('',*,*,#1237,.T.);
#957=ORIENTED_EDGE('',*,*,#1262,.T.);
#958=ORIENTED_EDGE('',*,*,#1271,.F.);
#959=ORIENTED_EDGE('',*,*,#1270,.T.);
#960=ORIENTED_EDGE('',*,*,#1267,.T.);
#961=ORIENTED_EDGE('',*,*,#1259,.T.);
#962=ORIENTED_EDGE('',*,*,#1255,.T.);
#963=ORIENTED_EDGE('',*,*,#1280,.T.);
#964=ORIENTED_EDGE('',*,*,#1289,.F.);
#965=ORIENTED_EDGE('',*,*,#1288,.T.);
#966=ORIENTED_EDGE('',*,*,#1285,.T.);
#967=ORIENTED_EDGE('',*,*,#1277,.T.);
#968=ORIENTED_EDGE('',*,*,#1273,.T.);
#969=ORIENTED_EDGE('',*,*,#1298,.T.);
#970=ORIENTED_EDGE('',*,*,#1307,.F.);
#971=ORIENTED_EDGE('',*,*,#1306,.T.);
#972=ORIENTED_EDGE('',*,*,#1303,.T.);
#973=ORIENTED_EDGE('',*,*,#1295,.T.);
#974=ORIENTED_EDGE('',*,*,#1291,.T.);
#975=ORIENTED_EDGE('',*,*,#1316,.T.);
#976=ORIENTED_EDGE('',*,*,#1325,.F.);
#977=ORIENTED_EDGE('',*,*,#1324,.T.);
#978=ORIENTED_EDGE('',*,*,#1321,.T.);
#979=ORIENTED_EDGE('',*,*,#1313,.T.);
#980=ORIENTED_EDGE('',*,*,#1309,.T.);
#981=ORIENTED_EDGE('',*,*,#1334,.T.);
#982=ORIENTED_EDGE('',*,*,#1343,.F.);
#983=ORIENTED_EDGE('',*,*,#1342,.T.);
#984=ORIENTED_EDGE('',*,*,#1339,.T.);
#985=ORIENTED_EDGE('',*,*,#1331,.T.);
#986=ORIENTED_EDGE('',*,*,#1327,.T.);
#987=ORIENTED_EDGE('',*,*,#1352,.T.);
#988=ORIENTED_EDGE('',*,*,#1361,.F.);
#989=ORIENTED_EDGE('',*,*,#1360,.T.);
#990=ORIENTED_EDGE('',*,*,#1357,.T.);
#991=ORIENTED_EDGE('',*,*,#1349,.T.);
#992=ORIENTED_EDGE('',*,*,#1345,.T.);
#993=ORIENTED_EDGE('',*,*,#1370,.T.);
#994=ORIENTED_EDGE('',*,*,#1379,.F.);
#995=ORIENTED_EDGE('',*,*,#1378,.T.);
#996=ORIENTED_EDGE('',*,*,#1375,.T.);
#997=ORIENTED_EDGE('',*,*,#1367,.T.);
#998=ORIENTED_EDGE('',*,*,#1363,.T.);
#999=ORIENTED_EDGE('',*,*,#1388,.T.);
#1000=ORIENTED_EDGE('',*,*,#1397,.F.);
#1001=ORIENTED_EDGE('',*,*,#1396,.T.);
#1002=ORIENTED_EDGE('',*,*,#1393,.T.);
#1003=ORIENTED_EDGE('',*,*,#1385,.T.);
#1004=ORIENTED_EDGE('',*,*,#1381,.T.);
#1005=ORIENTED_EDGE('',*,*,#1406,.T.);
#1006=ORIENTED_EDGE('',*,*,#1415,.F.);
#1007=ORIENTED_EDGE('',*,*,#1414,.T.);
#1008=ORIENTED_EDGE('',*,*,#1411,.T.);
#1009=ORIENTED_EDGE('',*,*,#1403,.T.);
#1010=ORIENTED_EDGE('',*,*,#1399,.T.);
#1011=ORIENTED_EDGE('',*,*,#1424,.T.);
#1012=ORIENTED_EDGE('',*,*,#1433,.F.);
#1013=ORIENTED_EDGE('',*,*,#1432,.T.);
#1014=ORIENTED_EDGE('',*,*,#1429,.T.);
#1015=ORIENTED_EDGE('',*,*,#1421,.T.);
#1016=ORIENTED_EDGE('',*,*,#1417,.T.);
#1017=ORIENTED_EDGE('',*,*,#1442,.T.);
#1018=ORIENTED_EDGE('',*,*,#1451,.F.);
#1019=ORIENTED_EDGE('',*,*,#1450,.T.);
#1020=ORIENTED_EDGE('',*,*,#1447,.T.);
#1021=ORIENTED_EDGE('',*,*,#1439,.T.);
#1022=ORIENTED_EDGE('',*,*,#1435,.T.);
#1023=ORIENTED_EDGE('',*,*,#1460,.T.);
#1024=ORIENTED_EDGE('',*,*,#1469,.F.);
#1025=ORIENTED_EDGE('',*,*,#1468,.T.);
#1026=ORIENTED_EDGE('',*,*,#1465,.T.);
#1027=ORIENTED_EDGE('',*,*,#1615,.F.);
#1028=ORIENTED_EDGE('',*,*,#1614,.T.);
#1029=ORIENTED_EDGE('',*,*,#1616,.F.);
#1030=ORIENTED_EDGE('',*,*,#1615,.T.);
#1031=ORIENTED_EDGE('',*,*,#1616,.T.);
#1032=ORIENTED_EDGE('',*,*,#1617,.T.);
#1033=ORIENTED_EDGE('',*,*,#1459,.F.);
#1034=ORIENTED_EDGE('',*,*,#1464,.F.);
#1035=ORIENTED_EDGE('',*,*,#1467,.F.);
#1036=ORIENTED_EDGE('',*,*,#1470,.T.);
#1037=ORIENTED_EDGE('',*,*,#1461,.F.);
#1038=ORIENTED_EDGE('',*,*,#1437,.F.);
#1039=ORIENTED_EDGE('',*,*,#1441,.F.);
#1040=ORIENTED_EDGE('',*,*,#1446,.F.);
#1041=ORIENTED_EDGE('',*,*,#1449,.F.);
#1042=ORIENTED_EDGE('',*,*,#1452,.T.);
#1043=ORIENTED_EDGE('',*,*,#1443,.F.);
#1044=ORIENTED_EDGE('',*,*,#1419,.F.);
#1045=ORIENTED_EDGE('',*,*,#1423,.F.);
#1046=ORIENTED_EDGE('',*,*,#1428,.F.);
#1047=ORIENTED_EDGE('',*,*,#1431,.F.);
#1048=ORIENTED_EDGE('',*,*,#1434,.T.);
#1049=ORIENTED_EDGE('',*,*,#1425,.F.);
#1050=ORIENTED_EDGE('',*,*,#1401,.F.);
#1051=ORIENTED_EDGE('',*,*,#1405,.F.);
#1052=ORIENTED_EDGE('',*,*,#1410,.F.);
#1053=ORIENTED_EDGE('',*,*,#1413,.F.);
#1054=ORIENTED_EDGE('',*,*,#1416,.T.);
#1055=ORIENTED_EDGE('',*,*,#1407,.F.);
#1056=ORIENTED_EDGE('',*,*,#1383,.F.);
#1057=ORIENTED_EDGE('',*,*,#1387,.F.);
#1058=ORIENTED_EDGE('',*,*,#1392,.F.);
#1059=ORIENTED_EDGE('',*,*,#1395,.F.);
#1060=ORIENTED_EDGE('',*,*,#1398,.T.);
#1061=ORIENTED_EDGE('',*,*,#1389,.F.);
#1062=ORIENTED_EDGE('',*,*,#1365,.F.);
#1063=ORIENTED_EDGE('',*,*,#1369,.F.);
#1064=ORIENTED_EDGE('',*,*,#1374,.F.);
#1065=ORIENTED_EDGE('',*,*,#1377,.F.);
#1066=ORIENTED_EDGE('',*,*,#1380,.T.);
#1067=ORIENTED_EDGE('',*,*,#1371,.F.);
#1068=ORIENTED_EDGE('',*,*,#1347,.F.);
#1069=ORIENTED_EDGE('',*,*,#1351,.F.);
#1070=ORIENTED_EDGE('',*,*,#1356,.F.);
#1071=ORIENTED_EDGE('',*,*,#1359,.F.);
#1072=ORIENTED_EDGE('',*,*,#1362,.T.);
#1073=ORIENTED_EDGE('',*,*,#1353,.F.);
#1074=ORIENTED_EDGE('',*,*,#1329,.F.);
#1075=ORIENTED_EDGE('',*,*,#1333,.F.);
#1076=ORIENTED_EDGE('',*,*,#1338,.F.);
#1077=ORIENTED_EDGE('',*,*,#1341,.F.);
#1078=ORIENTED_EDGE('',*,*,#1344,.T.);
#1079=ORIENTED_EDGE('',*,*,#1335,.F.);
#1080=ORIENTED_EDGE('',*,*,#1311,.F.);
#1081=ORIENTED_EDGE('',*,*,#1315,.F.);
#1082=ORIENTED_EDGE('',*,*,#1320,.F.);
#1083=ORIENTED_EDGE('',*,*,#1323,.F.);
#1084=ORIENTED_EDGE('',*,*,#1326,.T.);
#1085=ORIENTED_EDGE('',*,*,#1317,.F.);
#1086=ORIENTED_EDGE('',*,*,#1293,.F.);
#1087=ORIENTED_EDGE('',*,*,#1297,.F.);
#1088=ORIENTED_EDGE('',*,*,#1302,.F.);
#1089=ORIENTED_EDGE('',*,*,#1305,.F.);
#1090=ORIENTED_EDGE('',*,*,#1308,.T.);
#1091=ORIENTED_EDGE('',*,*,#1299,.F.);
#1092=ORIENTED_EDGE('',*,*,#1275,.F.);
#1093=ORIENTED_EDGE('',*,*,#1279,.F.);
#1094=ORIENTED_EDGE('',*,*,#1284,.F.);
#1095=ORIENTED_EDGE('',*,*,#1287,.F.);
#1096=ORIENTED_EDGE('',*,*,#1290,.T.);
#1097=ORIENTED_EDGE('',*,*,#1281,.F.);
#1098=ORIENTED_EDGE('',*,*,#1257,.F.);
#1099=ORIENTED_EDGE('',*,*,#1261,.F.);
#1100=ORIENTED_EDGE('',*,*,#1266,.F.);
#1101=ORIENTED_EDGE('',*,*,#1269,.F.);
#1102=ORIENTED_EDGE('',*,*,#1272,.T.);
#1103=ORIENTED_EDGE('',*,*,#1263,.F.);
#1104=ORIENTED_EDGE('',*,*,#1239,.F.);
#1105=ORIENTED_EDGE('',*,*,#1243,.F.);
#1106=ORIENTED_EDGE('',*,*,#1248,.F.);
#1107=ORIENTED_EDGE('',*,*,#1251,.F.);
#1108=ORIENTED_EDGE('',*,*,#1254,.T.);
#1109=ORIENTED_EDGE('',*,*,#1245,.F.);
#1110=ORIENTED_EDGE('',*,*,#1221,.F.);
#1111=ORIENTED_EDGE('',*,*,#1225,.F.);
#1112=ORIENTED_EDGE('',*,*,#1230,.F.);
#1113=ORIENTED_EDGE('',*,*,#1233,.F.);
#1114=ORIENTED_EDGE('',*,*,#1236,.T.);
#1115=ORIENTED_EDGE('',*,*,#1227,.F.);
#1116=ORIENTED_EDGE('',*,*,#1203,.F.);
#1117=ORIENTED_EDGE('',*,*,#1207,.F.);
#1118=ORIENTED_EDGE('',*,*,#1212,.F.);
#1119=ORIENTED_EDGE('',*,*,#1215,.F.);
#1120=ORIENTED_EDGE('',*,*,#1218,.T.);
#1121=ORIENTED_EDGE('',*,*,#1209,.F.);
#1122=ORIENTED_EDGE('',*,*,#1184,.F.);
#1123=ORIENTED_EDGE('',*,*,#1188,.F.);
#1124=ORIENTED_EDGE('',*,*,#1194,.F.);
#1125=ORIENTED_EDGE('',*,*,#1197,.F.);
#1126=ORIENTED_EDGE('',*,*,#1200,.T.);
#1127=ORIENTED_EDGE('',*,*,#1191,.F.);
#1128=ORIENTED_EDGE('',*,*,#1599,.F.);
#1129=ORIENTED_EDGE('',*,*,#1613,.F.);
#1130=ORIENTED_EDGE('',*,*,#1601,.F.);
#1131=ORIENTED_EDGE('',*,*,#1605,.F.);
#1132=ORIENTED_EDGE('',*,*,#1609,.T.);
#1133=ORIENTED_EDGE('',*,*,#1611,.F.);
#1134=ORIENTED_EDGE('',*,*,#1581,.F.);
#1135=ORIENTED_EDGE('',*,*,#1585,.F.);
#1136=ORIENTED_EDGE('',*,*,#1590,.F.);
#1137=ORIENTED_EDGE('',*,*,#1593,.F.);
#1138=ORIENTED_EDGE('',*,*,#1596,.T.);
#1139=ORIENTED_EDGE('',*,*,#1587,.F.);
#1140=ORIENTED_EDGE('',*,*,#1563,.F.);
#1141=ORIENTED_EDGE('',*,*,#1567,.F.);
#1142=ORIENTED_EDGE('',*,*,#1572,.F.);
#1143=ORIENTED_EDGE('',*,*,#1575,.F.);
#1144=ORIENTED_EDGE('',*,*,#1578,.T.);
#1145=ORIENTED_EDGE('',*,*,#1569,.F.);
#1146=ORIENTED_EDGE('',*,*,#1545,.F.);
#1147=ORIENTED_EDGE('',*,*,#1549,.F.);
#1148=ORIENTED_EDGE('',*,*,#1554,.F.);
#1149=ORIENTED_EDGE('',*,*,#1557,.F.);
#1150=ORIENTED_EDGE('',*,*,#1560,.T.);
#1151=ORIENTED_EDGE('',*,*,#1551,.F.);
#1152=ORIENTED_EDGE('',*,*,#1527,.F.);
#1153=ORIENTED_EDGE('',*,*,#1531,.F.);
#1154=ORIENTED_EDGE('',*,*,#1536,.F.);
#1155=ORIENTED_EDGE('',*,*,#1539,.F.);
#1156=ORIENTED_EDGE('',*,*,#1542,.T.);
#1157=ORIENTED_EDGE('',*,*,#1533,.F.);
#1158=ORIENTED_EDGE('',*,*,#1509,.F.);
#1159=ORIENTED_EDGE('',*,*,#1513,.F.);
#1160=ORIENTED_EDGE('',*,*,#1518,.F.);
#1161=ORIENTED_EDGE('',*,*,#1521,.F.);
#1162=ORIENTED_EDGE('',*,*,#1524,.T.);
#1163=ORIENTED_EDGE('',*,*,#1515,.F.);
#1164=ORIENTED_EDGE('',*,*,#1491,.F.);
#1165=ORIENTED_EDGE('',*,*,#1495,.F.);
#1166=ORIENTED_EDGE('',*,*,#1500,.F.);
#1167=ORIENTED_EDGE('',*,*,#1503,.F.);
#1168=ORIENTED_EDGE('',*,*,#1506,.T.);
#1169=ORIENTED_EDGE('',*,*,#1497,.F.);
#1170=ORIENTED_EDGE('',*,*,#1473,.F.);
#1171=ORIENTED_EDGE('',*,*,#1477,.F.);
#1172=ORIENTED_EDGE('',*,*,#1482,.F.);
#1173=ORIENTED_EDGE('',*,*,#1485,.F.);
#1174=ORIENTED_EDGE('',*,*,#1488,.T.);
#1175=ORIENTED_EDGE('',*,*,#1479,.F.);
#1176=ORIENTED_EDGE('',*,*,#1455,.F.);
#1177=ORIENTED_EDGE('',*,*,#1618,.T.);
#1178=ORIENTED_EDGE('',*,*,#1617,.F.);
#1179=ORIENTED_EDGE('',*,*,#1619,.T.);
#1180=ORIENTED_EDGE('',*,*,#1618,.F.);
#1181=ORIENTED_EDGE('',*,*,#1619,.F.);
#1182=EDGE_CURVE('',#1620,#1621,#1914,.T.);
#1183=EDGE_CURVE('',#1620,#1622,#18,.T.);
#1184=EDGE_CURVE('',#1622,#1623,#1915,.T.);
#1185=EDGE_CURVE('',#1623,#1621,#19,.F.);
#1186=EDGE_CURVE('',#1624,#1620,#1916,.T.);
#1187=EDGE_CURVE('',#1625,#1624,#20,.F.);
#1188=EDGE_CURVE('',#1625,#1622,#1917,.T.);
#1189=EDGE_CURVE('',#1626,#1627,#1918,.T.);
#1190=EDGE_CURVE('',#1628,#1626,#21,.F.);
#1191=EDGE_CURVE('',#1628,#1629,#1919,.T.);
#1192=EDGE_CURVE('',#1627,#1629,#22,.T.);
#1193=EDGE_CURVE('',#1630,#1631,#23,.T.);
#1194=EDGE_CURVE('',#1631,#1625,#1920,.F.);
#1195=EDGE_CURVE('',#1630,#1624,#1921,.F.);
#1196=EDGE_CURVE('',#1632,#1633,#24,.T.);
#1197=EDGE_CURVE('',#1633,#1631,#1922,.T.);
#1198=EDGE_CURVE('',#1632,#1630,#1923,.T.);
#1199=EDGE_CURVE('',#1632,#1627,#1924,.T.);
#1200=EDGE_CURVE('',#1633,#1629,#1925,.T.);
#1201=EDGE_CURVE('',#1634,#1635,#1926,.T.);
#1202=EDGE_CURVE('',#1634,#1636,#25,.T.);
#1203=EDGE_CURVE('',#1636,#1637,#1927,.T.);
#1204=EDGE_CURVE('',#1637,#1635,#26,.F.);
#1205=EDGE_CURVE('',#1638,#1634,#1928,.T.);
#1206=EDGE_CURVE('',#1639,#1638,#27,.F.);
#1207=EDGE_CURVE('',#1639,#1636,#1929,.T.);
#1208=EDGE_CURVE('',#1621,#1640,#1930,.T.);
#1209=EDGE_CURVE('',#1623,#1641,#1931,.T.);
#1210=EDGE_CURVE('',#1640,#1641,#28,.T.);
#1211=EDGE_CURVE('',#1642,#1643,#29,.T.);
#1212=EDGE_CURVE('',#1643,#1639,#1932,.F.);
#1213=EDGE_CURVE('',#1642,#1638,#1933,.F.);
#1214=EDGE_CURVE('',#1644,#1645,#30,.T.);
#1215=EDGE_CURVE('',#1645,#1643,#1934,.T.);
#1216=EDGE_CURVE('',#1644,#1642,#1935,.T.);
#1217=EDGE_CURVE('',#1644,#1640,#1936,.T.);
#1218=EDGE_CURVE('',#1645,#1641,#1937,.T.);
#1219=EDGE_CURVE('',#1646,#1647,#1938,.T.);
#1220=EDGE_CURVE('',#1646,#1648,#31,.T.);
#1221=EDGE_CURVE('',#1648,#1649,#1939,.T.);
#1222=EDGE_CURVE('',#1649,#1647,#32,.F.);
#1223=EDGE_CURVE('',#1650,#1646,#1940,.T.);
#1224=EDGE_CURVE('',#1651,#1650,#33,.F.);
#1225=EDGE_CURVE('',#1651,#1648,#1941,.T.);
#1226=EDGE_CURVE('',#1635,#1652,#1942,.T.);
#1227=EDGE_CURVE('',#1637,#1653,#1943,.T.);
#1228=EDGE_CURVE('',#1652,#1653,#34,.T.);
#1229=EDGE_CURVE('',#1654,#1655,#35,.T.);
#1230=EDGE_CURVE('',#1655,#1651,#1944,.F.);
#1231=EDGE_CURVE('',#1654,#1650,#1945,.F.);
#1232=EDGE_CURVE('',#1656,#1657,#36,.T.);
#1233=EDGE_CURVE('',#1657,#1655,#1946,.T.);
#1234=EDGE_CURVE('',#1656,#1654,#1947,.T.);
#1235=EDGE_CURVE('',#1656,#1652,#1948,.T.);
#1236=EDGE_CURVE('',#1657,#1653,#1949,.T.);
#1237=EDGE_CURVE('',#1658,#1659,#1950,.T.);
#1238=EDGE_CURVE('',#1658,#1660,#37,.T.);
#1239=EDGE_CURVE('',#1660,#1661,#1951,.T.);
#1240=EDGE_CURVE('',#1661,#1659,#38,.F.);
#1241=EDGE_CURVE('',#1662,#1658,#1952,.T.);
#1242=EDGE_CURVE('',#1663,#1662,#39,.F.);
#1243=EDGE_CURVE('',#1663,#1660,#1953,.T.);
#1244=EDGE_CURVE('',#1647,#1664,#1954,.T.);
#1245=EDGE_CURVE('',#1649,#1665,#1955,.T.);
#1246=EDGE_CURVE('',#1664,#1665,#40,.T.);
#1247=EDGE_CURVE('',#1666,#1667,#41,.T.);
#1248=EDGE_CURVE('',#1667,#1663,#1956,.F.);
#1249=EDGE_CURVE('',#1666,#1662,#1957,.F.);
#1250=EDGE_CURVE('',#1668,#1669,#42,.T.);
#1251=EDGE_CURVE('',#1669,#1667,#1958,.T.);
#1252=EDGE_CURVE('',#1668,#1666,#1959,.T.);
#1253=EDGE_CURVE('',#1668,#1664,#1960,.T.);
#1254=EDGE_CURVE('',#1669,#1665,#1961,.T.);
#1255=EDGE_CURVE('',#1670,#1671,#1962,.T.);
#1256=EDGE_CURVE('',#1670,#1672,#43,.T.);
#1257=EDGE_CURVE('',#1672,#1673,#1963,.T.);
#1258=EDGE_CURVE('',#1673,#1671,#44,.F.);
#1259=EDGE_CURVE('',#1674,#1670,#1964,.T.);
#1260=EDGE_CURVE('',#1675,#1674,#45,.F.);
#1261=EDGE_CURVE('',#1675,#1672,#1965,.T.);
#1262=EDGE_CURVE('',#1659,#1676,#1966,.T.);
#1263=EDGE_CURVE('',#1661,#1677,#1967,.T.);
#1264=EDGE_CURVE('',#1676,#1677,#46,.T.);
#1265=EDGE_CURVE('',#1678,#1679,#47,.T.);
#1266=EDGE_CURVE('',#1679,#1675,#1968,.F.);
#1267=EDGE_CURVE('',#1678,#1674,#1969,.F.);
#1268=EDGE_CURVE('',#1680,#1681,#48,.T.);
#1269=EDGE_CURVE('',#1681,#1679,#1970,.T.);
#1270=EDGE_CURVE('',#1680,#1678,#1971,.T.);
#1271=EDGE_CURVE('',#1680,#1676,#1972,.T.);
#1272=EDGE_CURVE('',#1681,#1677,#1973,.T.);
#1273=EDGE_CURVE('',#1682,#1683,#1974,.T.);
#1274=EDGE_CURVE('',#1682,#1684,#49,.T.);
#1275=EDGE_CURVE('',#1684,#1685,#1975,.T.);
#1276=EDGE_CURVE('',#1685,#1683,#50,.F.);
#1277=EDGE_CURVE('',#1686,#1682,#1976,.T.);
#1278=EDGE_CURVE('',#1687,#1686,#51,.F.);
#1279=EDGE_CURVE('',#1687,#1684,#1977,.T.);
#1280=EDGE_CURVE('',#1671,#1688,#1978,.T.);
#1281=EDGE_CURVE('',#1673,#1689,#1979,.T.);
#1282=EDGE_CURVE('',#1688,#1689,#52,.T.);
#1283=EDGE_CURVE('',#1690,#1691,#53,.T.);
#1284=EDGE_CURVE('',#1691,#1687,#1980,.F.);
#1285=EDGE_CURVE('',#1690,#1686,#1981,.F.);
#1286=EDGE_CURVE('',#1692,#1693,#54,.T.);
#1287=EDGE_CURVE('',#1693,#1691,#1982,.T.);
#1288=EDGE_CURVE('',#1692,#1690,#1983,.T.);
#1289=EDGE_CURVE('',#1692,#1688,#1984,.T.);
#1290=EDGE_CURVE('',#1693,#1689,#1985,.T.);
#1291=EDGE_CURVE('',#1694,#1695,#1986,.T.);
#1292=EDGE_CURVE('',#1694,#1696,#55,.T.);
#1293=EDGE_CURVE('',#1696,#1697,#1987,.T.);
#1294=EDGE_CURVE('',#1697,#1695,#56,.F.);
#1295=EDGE_CURVE('',#1698,#1694,#1988,.T.);
#1296=EDGE_CURVE('',#1699,#1698,#57,.F.);
#1297=EDGE_CURVE('',#1699,#1696,#1989,.T.);
#1298=EDGE_CURVE('',#1683,#1700,#1990,.T.);
#1299=EDGE_CURVE('',#1685,#1701,#1991,.T.);
#1300=EDGE_CURVE('',#1700,#1701,#58,.T.);
#1301=EDGE_CURVE('',#1702,#1703,#59,.T.);
#1302=EDGE_CURVE('',#1703,#1699,#1992,.F.);
#1303=EDGE_CURVE('',#1702,#1698,#1993,.F.);
#1304=EDGE_CURVE('',#1704,#1705,#60,.T.);
#1305=EDGE_CURVE('',#1705,#1703,#1994,.T.);
#1306=EDGE_CURVE('',#1704,#1702,#1995,.T.);
#1307=EDGE_CURVE('',#1704,#1700,#1996,.T.);
#1308=EDGE_CURVE('',#1705,#1701,#1997,.T.);
#1309=EDGE_CURVE('',#1706,#1707,#1998,.T.);
#1310=EDGE_CURVE('',#1706,#1708,#61,.T.);
#1311=EDGE_CURVE('',#1708,#1709,#1999,.T.);
#1312=EDGE_CURVE('',#1709,#1707,#62,.F.);
#1313=EDGE_CURVE('',#1710,#1706,#2000,.T.);
#1314=EDGE_CURVE('',#1711,#1710,#63,.F.);
#1315=EDGE_CURVE('',#1711,#1708,#2001,.T.);
#1316=EDGE_CURVE('',#1695,#1712,#2002,.T.);
#1317=EDGE_CURVE('',#1697,#1713,#2003,.T.);
#1318=EDGE_CURVE('',#1712,#1713,#64,.T.);
#1319=EDGE_CURVE('',#1714,#1715,#65,.T.);
#1320=EDGE_CURVE('',#1715,#1711,#2004,.F.);
#1321=EDGE_CURVE('',#1714,#1710,#2005,.F.);
#1322=EDGE_CURVE('',#1716,#1717,#66,.T.);
#1323=EDGE_CURVE('',#1717,#1715,#2006,.T.);
#1324=EDGE_CURVE('',#1716,#1714,#2007,.T.);
#1325=EDGE_CURVE('',#1716,#1712,#2008,.T.);
#1326=EDGE_CURVE('',#1717,#1713,#2009,.T.);
#1327=EDGE_CURVE('',#1718,#1719,#2010,.T.);
#1328=EDGE_CURVE('',#1718,#1720,#67,.T.);
#1329=EDGE_CURVE('',#1720,#1721,#2011,.T.);
#1330=EDGE_CURVE('',#1721,#1719,#68,.F.);
#1331=EDGE_CURVE('',#1722,#1718,#2012,.T.);
#1332=EDGE_CURVE('',#1723,#1722,#69,.F.);
#1333=EDGE_CURVE('',#1723,#1720,#2013,.T.);
#1334=EDGE_CURVE('',#1707,#1724,#2014,.T.);
#1335=EDGE_CURVE('',#1709,#1725,#2015,.T.);
#1336=EDGE_CURVE('',#1724,#1725,#70,.T.);
#1337=EDGE_CURVE('',#1726,#1727,#71,.T.);
#1338=EDGE_CURVE('',#1727,#1723,#2016,.F.);
#1339=EDGE_CURVE('',#1726,#1722,#2017,.F.);
#1340=EDGE_CURVE('',#1728,#1729,#72,.T.);
#1341=EDGE_CURVE('',#1729,#1727,#2018,.T.);
#1342=EDGE_CURVE('',#1728,#1726,#2019,.T.);
#1343=EDGE_CURVE('',#1728,#1724,#2020,.T.);
#1344=EDGE_CURVE('',#1729,#1725,#2021,.T.);
#1345=EDGE_CURVE('',#1730,#1731,#2022,.T.);
#1346=EDGE_CURVE('',#1730,#1732,#73,.T.);
#1347=EDGE_CURVE('',#1732,#1733,#2023,.T.);
#1348=EDGE_CURVE('',#1733,#1731,#74,.F.);
#1349=EDGE_CURVE('',#1734,#1730,#2024,.T.);
#1350=EDGE_CURVE('',#1735,#1734,#75,.F.);
#1351=EDGE_CURVE('',#1735,#1732,#2025,.T.);
#1352=EDGE_CURVE('',#1719,#1736,#2026,.T.);
#1353=EDGE_CURVE('',#1721,#1737,#2027,.T.);
#1354=EDGE_CURVE('',#1736,#1737,#76,.T.);
#1355=EDGE_CURVE('',#1738,#1739,#77,.T.);
#1356=EDGE_CURVE('',#1739,#1735,#2028,.F.);
#1357=EDGE_CURVE('',#1738,#1734,#2029,.F.);
#1358=EDGE_CURVE('',#1740,#1741,#78,.T.);
#1359=EDGE_CURVE('',#1741,#1739,#2030,.T.);
#1360=EDGE_CURVE('',#1740,#1738,#2031,.T.);
#1361=EDGE_CURVE('',#1740,#1736,#2032,.T.);
#1362=EDGE_CURVE('',#1741,#1737,#2033,.T.);
#1363=EDGE_CURVE('',#1742,#1743,#2034,.T.);
#1364=EDGE_CURVE('',#1742,#1744,#79,.T.);
#1365=EDGE_CURVE('',#1744,#1745,#2035,.T.);
#1366=EDGE_CURVE('',#1745,#1743,#80,.F.);
#1367=EDGE_CURVE('',#1746,#1742,#2036,.T.);
#1368=EDGE_CURVE('',#1747,#1746,#81,.F.);
#1369=EDGE_CURVE('',#1747,#1744,#2037,.T.);
#1370=EDGE_CURVE('',#1731,#1748,#2038,.T.);
#1371=EDGE_CURVE('',#1733,#1749,#2039,.T.);
#1372=EDGE_CURVE('',#1748,#1749,#82,.T.);
#1373=EDGE_CURVE('',#1750,#1751,#83,.T.);
#1374=EDGE_CURVE('',#1751,#1747,#2040,.F.);
#1375=EDGE_CURVE('',#1750,#1746,#2041,.F.);
#1376=EDGE_CURVE('',#1752,#1753,#84,.T.);
#1377=EDGE_CURVE('',#1753,#1751,#2042,.T.);
#1378=EDGE_CURVE('',#1752,#1750,#2043,.T.);
#1379=EDGE_CURVE('',#1752,#1748,#2044,.T.);
#1380=EDGE_CURVE('',#1753,#1749,#2045,.T.);
#1381=EDGE_CURVE('',#1754,#1755,#2046,.T.);
#1382=EDGE_CURVE('',#1754,#1756,#85,.T.);
#1383=EDGE_CURVE('',#1756,#1757,#2047,.T.);
#1384=EDGE_CURVE('',#1757,#1755,#86,.F.);
#1385=EDGE_CURVE('',#1758,#1754,#2048,.T.);
#1386=EDGE_CURVE('',#1759,#1758,#87,.F.);
#1387=EDGE_CURVE('',#1759,#1756,#2049,.T.);
#1388=EDGE_CURVE('',#1743,#1760,#2050,.T.);
#1389=EDGE_CURVE('',#1745,#1761,#2051,.T.);
#1390=EDGE_CURVE('',#1760,#1761,#88,.T.);
#1391=EDGE_CURVE('',#1762,#1763,#89,.T.);
#1392=EDGE_CURVE('',#1763,#1759,#2052,.F.);
#1393=EDGE_CURVE('',#1762,#1758,#2053,.F.);
#1394=EDGE_CURVE('',#1764,#1765,#90,.T.);
#1395=EDGE_CURVE('',#1765,#1763,#2054,.T.);
#1396=EDGE_CURVE('',#1764,#1762,#2055,.T.);
#1397=EDGE_CURVE('',#1764,#1760,#2056,.T.);
#1398=EDGE_CURVE('',#1765,#1761,#2057,.T.);
#1399=EDGE_CURVE('',#1766,#1767,#2058,.T.);
#1400=EDGE_CURVE('',#1766,#1768,#91,.T.);
#1401=EDGE_CURVE('',#1768,#1769,#2059,.T.);
#1402=EDGE_CURVE('',#1769,#1767,#92,.F.);
#1403=EDGE_CURVE('',#1770,#1766,#2060,.T.);
#1404=EDGE_CURVE('',#1771,#1770,#93,.F.);
#1405=EDGE_CURVE('',#1771,#1768,#2061,.T.);
#1406=EDGE_CURVE('',#1755,#1772,#2062,.T.);
#1407=EDGE_CURVE('',#1757,#1773,#2063,.T.);
#1408=EDGE_CURVE('',#1772,#1773,#94,.T.);
#1409=EDGE_CURVE('',#1774,#1775,#95,.T.);
#1410=EDGE_CURVE('',#1775,#1771,#2064,.F.);
#1411=EDGE_CURVE('',#1774,#1770,#2065,.F.);
#1412=EDGE_CURVE('',#1776,#1777,#96,.T.);
#1413=EDGE_CURVE('',#1777,#1775,#2066,.T.);
#1414=EDGE_CURVE('',#1776,#1774,#2067,.T.);
#1415=EDGE_CURVE('',#1776,#1772,#2068,.T.);
#1416=EDGE_CURVE('',#1777,#1773,#2069,.T.);
#1417=EDGE_CURVE('',#1778,#1779,#2070,.T.);
#1418=EDGE_CURVE('',#1778,#1780,#97,.T.);
#1419=EDGE_CURVE('',#1780,#1781,#2071,.T.);
#1420=EDGE_CURVE('',#1781,#1779,#98,.F.);
#1421=EDGE_CURVE('',#1782,#1778,#2072,.T.);
#1422=EDGE_CURVE('',#1783,#1782,#99,.F.);
#1423=EDGE_CURVE('',#1783,#1780,#2073,.T.);
#1424=EDGE_CURVE('',#1767,#1784,#2074,.T.);
#1425=EDGE_CURVE('',#1769,#1785,#2075,.T.);
#1426=EDGE_CURVE('',#1784,#1785,#100,.T.);
#1427=EDGE_CURVE('',#1786,#1787,#101,.T.);
#1428=EDGE_CURVE('',#1787,#1783,#2076,.F.);
#1429=EDGE_CURVE('',#1786,#1782,#2077,.F.);
#1430=EDGE_CURVE('',#1788,#1789,#102,.T.);
#1431=EDGE_CURVE('',#1789,#1787,#2078,.T.);
#1432=EDGE_CURVE('',#1788,#1786,#2079,.T.);
#1433=EDGE_CURVE('',#1788,#1784,#2080,.T.);
#1434=EDGE_CURVE('',#1789,#1785,#2081,.T.);
#1435=EDGE_CURVE('',#1790,#1791,#2082,.T.);
#1436=EDGE_CURVE('',#1790,#1792,#103,.T.);
#1437=EDGE_CURVE('',#1792,#1793,#2083,.T.);
#1438=EDGE_CURVE('',#1793,#1791,#104,.F.);
#1439=EDGE_CURVE('',#1794,#1790,#2084,.T.);
#1440=EDGE_CURVE('',#1795,#1794,#105,.F.);
#1441=EDGE_CURVE('',#1795,#1792,#2085,.T.);
#1442=EDGE_CURVE('',#1779,#1796,#2086,.T.);
#1443=EDGE_CURVE('',#1781,#1797,#2087,.T.);
#1444=EDGE_CURVE('',#1796,#1797,#106,.T.);
#1445=EDGE_CURVE('',#1798,#1799,#107,.T.);
#1446=EDGE_CURVE('',#1799,#1795,#2088,.F.);
#1447=EDGE_CURVE('',#1798,#1794,#2089,.F.);
#1448=EDGE_CURVE('',#1800,#1801,#108,.T.);
#1449=EDGE_CURVE('',#1801,#1799,#2090,.T.);
#1450=EDGE_CURVE('',#1800,#1798,#2091,.T.);
#1451=EDGE_CURVE('',#1800,#1796,#2092,.T.);
#1452=EDGE_CURVE('',#1801,#1797,#2093,.T.);
#1453=EDGE_CURVE('',#1802,#1803,#2094,.T.);
#1454=EDGE_CURVE('',#1802,#1804,#109,.T.);
#1455=EDGE_CURVE('',#1804,#1805,#2095,.T.);
#1456=EDGE_CURVE('',#1805,#1803,#110,.F.);
#1457=EDGE_CURVE('',#1806,#1802,#2096,.T.);
#1458=EDGE_CURVE('',#1807,#1806,#111,.F.);
#1459=EDGE_CURVE('',#1807,#1804,#2097,.T.);
#1460=EDGE_CURVE('',#1791,#1808,#2098,.T.);
#1461=EDGE_CURVE('',#1793,#1809,#2099,.T.);
#1462=EDGE_CURVE('',#1808,#1809,#112,.T.);
#1463=EDGE_CURVE('',#1810,#1811,#113,.T.);
#1464=EDGE_CURVE('',#1811,#1807,#2100,.F.);
#1465=EDGE_CURVE('',#1810,#1806,#2101,.F.);
#1466=EDGE_CURVE('',#1812,#1813,#114,.T.);
#1467=EDGE_CURVE('',#1813,#1811,#2102,.T.);
#1468=EDGE_CURVE('',#1812,#1810,#2103,.T.);
#1469=EDGE_CURVE('',#1812,#1808,#2104,.T.);
#1470=EDGE_CURVE('',#1813,#1809,#2105,.T.);
#1471=EDGE_CURVE('',#1814,#1815,#2106,.T.);
#1472=EDGE_CURVE('',#1814,#1816,#115,.T.);
#1473=EDGE_CURVE('',#1816,#1817,#2107,.T.);
#1474=EDGE_CURVE('',#1817,#1815,#116,.F.);
#1475=EDGE_CURVE('',#1818,#1814,#2108,.T.);
#1476=EDGE_CURVE('',#1819,#1818,#117,.F.);
#1477=EDGE_CURVE('',#1819,#1816,#2109,.T.);
#1478=EDGE_CURVE('',#1803,#1820,#2110,.T.);
#1479=EDGE_CURVE('',#1805,#1821,#2111,.T.);
#1480=EDGE_CURVE('',#1820,#1821,#118,.T.);
#1481=EDGE_CURVE('',#1822,#1823,#119,.T.);
#1482=EDGE_CURVE('',#1823,#1819,#2112,.F.);
#1483=EDGE_CURVE('',#1822,#1818,#2113,.F.);
#1484=EDGE_CURVE('',#1824,#1825,#120,.T.);
#1485=EDGE_CURVE('',#1825,#1823,#2114,.T.);
#1486=EDGE_CURVE('',#1824,#1822,#2115,.T.);
#1487=EDGE_CURVE('',#1824,#1820,#2116,.T.);
#1488=EDGE_CURVE('',#1825,#1821,#2117,.T.);
#1489=EDGE_CURVE('',#1826,#1827,#2118,.T.);
#1490=EDGE_CURVE('',#1826,#1828,#121,.T.);
#1491=EDGE_CURVE('',#1828,#1829,#2119,.T.);
#1492=EDGE_CURVE('',#1829,#1827,#122,.F.);
#1493=EDGE_CURVE('',#1830,#1826,#2120,.T.);
#1494=EDGE_CURVE('',#1831,#1830,#123,.F.);
#1495=EDGE_CURVE('',#1831,#1828,#2121,.T.);
#1496=EDGE_CURVE('',#1815,#1832,#2122,.T.);
#1497=EDGE_CURVE('',#1817,#1833,#2123,.T.);
#1498=EDGE_CURVE('',#1832,#1833,#124,.T.);
#1499=EDGE_CURVE('',#1834,#1835,#125,.T.);
#1500=EDGE_CURVE('',#1835,#1831,#2124,.F.);
#1501=EDGE_CURVE('',#1834,#1830,#2125,.F.);
#1502=EDGE_CURVE('',#1836,#1837,#126,.T.);
#1503=EDGE_CURVE('',#1837,#1835,#2126,.T.);
#1504=EDGE_CURVE('',#1836,#1834,#2127,.T.);
#1505=EDGE_CURVE('',#1836,#1832,#2128,.T.);
#1506=EDGE_CURVE('',#1837,#1833,#2129,.T.);
#1507=EDGE_CURVE('',#1838,#1839,#2130,.T.);
#1508=EDGE_CURVE('',#1838,#1840,#127,.T.);
#1509=EDGE_CURVE('',#1840,#1841,#2131,.T.);
#1510=EDGE_CURVE('',#1841,#1839,#128,.F.);
#1511=EDGE_CURVE('',#1842,#1838,#2132,.T.);
#1512=EDGE_CURVE('',#1843,#1842,#129,.F.);
#1513=EDGE_CURVE('',#1843,#1840,#2133,.T.);
#1514=EDGE_CURVE('',#1827,#1844,#2134,.T.);
#1515=EDGE_CURVE('',#1829,#1845,#2135,.T.);
#1516=EDGE_CURVE('',#1844,#1845,#130,.T.);
#1517=EDGE_CURVE('',#1846,#1847,#131,.T.);
#1518=EDGE_CURVE('',#1847,#1843,#2136,.F.);
#1519=EDGE_CURVE('',#1846,#1842,#2137,.F.);
#1520=EDGE_CURVE('',#1848,#1849,#132,.T.);
#1521=EDGE_CURVE('',#1849,#1847,#2138,.T.);
#1522=EDGE_CURVE('',#1848,#1846,#2139,.T.);
#1523=EDGE_CURVE('',#1848,#1844,#2140,.T.);
#1524=EDGE_CURVE('',#1849,#1845,#2141,.T.);
#1525=EDGE_CURVE('',#1850,#1851,#2142,.T.);
#1526=EDGE_CURVE('',#1850,#1852,#133,.T.);
#1527=EDGE_CURVE('',#1852,#1853,#2143,.T.);
#1528=EDGE_CURVE('',#1853,#1851,#134,.F.);
#1529=EDGE_CURVE('',#1854,#1850,#2144,.T.);
#1530=EDGE_CURVE('',#1855,#1854,#135,.F.);
#1531=EDGE_CURVE('',#1855,#1852,#2145,.T.);
#1532=EDGE_CURVE('',#1839,#1856,#2146,.T.);
#1533=EDGE_CURVE('',#1841,#1857,#2147,.T.);
#1534=EDGE_CURVE('',#1856,#1857,#136,.T.);
#1535=EDGE_CURVE('',#1858,#1859,#137,.T.);
#1536=EDGE_CURVE('',#1859,#1855,#2148,.F.);
#1537=EDGE_CURVE('',#1858,#1854,#2149,.F.);
#1538=EDGE_CURVE('',#1860,#1861,#138,.T.);
#1539=EDGE_CURVE('',#1861,#1859,#2150,.T.);
#1540=EDGE_CURVE('',#1860,#1858,#2151,.T.);
#1541=EDGE_CURVE('',#1860,#1856,#2152,.T.);
#1542=EDGE_CURVE('',#1861,#1857,#2153,.T.);
#1543=EDGE_CURVE('',#1862,#1863,#2154,.T.);
#1544=EDGE_CURVE('',#1862,#1864,#139,.T.);
#1545=EDGE_CURVE('',#1864,#1865,#2155,.T.);
#1546=EDGE_CURVE('',#1865,#1863,#140,.F.);
#1547=EDGE_CURVE('',#1866,#1862,#2156,.T.);
#1548=EDGE_CURVE('',#1867,#1866,#141,.F.);
#1549=EDGE_CURVE('',#1867,#1864,#2157,.T.);
#1550=EDGE_CURVE('',#1851,#1868,#2158,.T.);
#1551=EDGE_CURVE('',#1853,#1869,#2159,.T.);
#1552=EDGE_CURVE('',#1868,#1869,#142,.T.);
#1553=EDGE_CURVE('',#1870,#1871,#143,.T.);
#1554=EDGE_CURVE('',#1871,#1867,#2160,.F.);
#1555=EDGE_CURVE('',#1870,#1866,#2161,.F.);
#1556=EDGE_CURVE('',#1872,#1873,#144,.T.);
#1557=EDGE_CURVE('',#1873,#1871,#2162,.T.);
#1558=EDGE_CURVE('',#1872,#1870,#2163,.T.);
#1559=EDGE_CURVE('',#1872,#1868,#2164,.T.);
#1560=EDGE_CURVE('',#1873,#1869,#2165,.T.);
#1561=EDGE_CURVE('',#1874,#1875,#2166,.T.);
#1562=EDGE_CURVE('',#1874,#1876,#145,.T.);
#1563=EDGE_CURVE('',#1876,#1877,#2167,.T.);
#1564=EDGE_CURVE('',#1877,#1875,#146,.F.);
#1565=EDGE_CURVE('',#1878,#1874,#2168,.T.);
#1566=EDGE_CURVE('',#1879,#1878,#147,.F.);
#1567=EDGE_CURVE('',#1879,#1876,#2169,.T.);
#1568=EDGE_CURVE('',#1863,#1880,#2170,.T.);
#1569=EDGE_CURVE('',#1865,#1881,#2171,.T.);
#1570=EDGE_CURVE('',#1880,#1881,#148,.T.);
#1571=EDGE_CURVE('',#1882,#1883,#149,.T.);
#1572=EDGE_CURVE('',#1883,#1879,#2172,.F.);
#1573=EDGE_CURVE('',#1882,#1878,#2173,.F.);
#1574=EDGE_CURVE('',#1884,#1885,#150,.T.);
#1575=EDGE_CURVE('',#1885,#1883,#2174,.T.);
#1576=EDGE_CURVE('',#1884,#1882,#2175,.T.);
#1577=EDGE_CURVE('',#1884,#1880,#2176,.T.);
#1578=EDGE_CURVE('',#1885,#1881,#2177,.T.);
#1579=EDGE_CURVE('',#1886,#1887,#2178,.T.);
#1580=EDGE_CURVE('',#1886,#1888,#151,.T.);
#1581=EDGE_CURVE('',#1888,#1889,#2179,.T.);
#1582=EDGE_CURVE('',#1889,#1887,#152,.F.);
#1583=EDGE_CURVE('',#1890,#1886,#2180,.T.);
#1584=EDGE_CURVE('',#1891,#1890,#153,.F.);
#1585=EDGE_CURVE('',#1891,#1888,#2181,.T.);
#1586=EDGE_CURVE('',#1875,#1892,#2182,.T.);
#1587=EDGE_CURVE('',#1877,#1893,#2183,.T.);
#1588=EDGE_CURVE('',#1892,#1893,#154,.T.);
#1589=EDGE_CURVE('',#1894,#1895,#155,.T.);
#1590=EDGE_CURVE('',#1895,#1891,#2184,.F.);
#1591=EDGE_CURVE('',#1894,#1890,#2185,.F.);
#1592=EDGE_CURVE('',#1896,#1897,#156,.T.);
#1593=EDGE_CURVE('',#1897,#1895,#2186,.T.);
#1594=EDGE_CURVE('',#1896,#1894,#2187,.T.);
#1595=EDGE_CURVE('',#1896,#1892,#2188,.T.);
#1596=EDGE_CURVE('',#1897,#1893,#2189,.T.);
#1597=EDGE_CURVE('',#1898,#1626,#2190,.T.);
#1598=EDGE_CURVE('',#1898,#1899,#157,.T.);
#1599=EDGE_CURVE('',#1899,#1628,#2191,.T.);
#1600=EDGE_CURVE('',#1900,#1901,#158,.T.);
#1601=EDGE_CURVE('',#1901,#1902,#2192,.F.);
#1602=EDGE_CURVE('',#1902,#1903,#159,.F.);
#1603=EDGE_CURVE('',#1900,#1903,#2193,.F.);
#1604=EDGE_CURVE('',#1904,#1905,#160,.T.);
#1605=EDGE_CURVE('',#1905,#1901,#2194,.T.);
#1606=EDGE_CURVE('',#1904,#1900,#2195,.T.);
#1607=EDGE_CURVE('',#1904,#1906,#2196,.T.);
#1608=EDGE_CURVE('',#1906,#1907,#161,.T.);
#1609=EDGE_CURVE('',#1905,#1907,#2197,.T.);
#1610=EDGE_CURVE('',#1887,#1906,#2198,.T.);
#1611=EDGE_CURVE('',#1889,#1907,#2199,.T.);
#1612=EDGE_CURVE('',#1903,#1898,#2200,.T.);
#1613=EDGE_CURVE('',#1902,#1899,#2201,.T.);
#1614=EDGE_CURVE('',#1908,#1908,#2202,.T.);
#1615=EDGE_CURVE('',#1909,#1909,#2203,.T.);
#1616=EDGE_CURVE('',#1910,#1910,#2204,.T.);
#1617=EDGE_CURVE('',#1911,#1911,#2205,.T.);
#1618=EDGE_CURVE('',#1912,#1912,#2206,.T.);
#1619=EDGE_CURVE('',#1913,#1913,#2207,.T.);
#1620=VERTEX_POINT('',#4322);
#1621=VERTEX_POINT('',#4323);
#1622=VERTEX_POINT('',#4325);
#1623=VERTEX_POINT('',#4327);
#1624=VERTEX_POINT('',#4331);
#1625=VERTEX_POINT('',#4333);
#1626=VERTEX_POINT('',#4337);
#1627=VERTEX_POINT('',#4338);
#1628=VERTEX_POINT('',#4340);
#1629=VERTEX_POINT('',#4342);
#1630=VERTEX_POINT('',#4346);
#1631=VERTEX_POINT('',#4347);
#1632=VERTEX_POINT('',#4352);
#1633=VERTEX_POINT('',#4353);
#1634=VERTEX_POINT('',#4361);
#1635=VERTEX_POINT('',#4362);
#1636=VERTEX_POINT('',#4364);
#1637=VERTEX_POINT('',#4366);
#1638=VERTEX_POINT('',#4370);
#1639=VERTEX_POINT('',#4372);
#1640=VERTEX_POINT('',#4376);
#1641=VERTEX_POINT('',#4378);
#1642=VERTEX_POINT('',#4382);
#1643=VERTEX_POINT('',#4383);
#1644=VERTEX_POINT('',#4388);
#1645=VERTEX_POINT('',#4389);
#1646=VERTEX_POINT('',#4397);
#1647=VERTEX_POINT('',#4398);
#1648=VERTEX_POINT('',#4400);
#1649=VERTEX_POINT('',#4402);
#1650=VERTEX_POINT('',#4406);
#1651=VERTEX_POINT('',#4408);
#1652=VERTEX_POINT('',#4412);
#1653=VERTEX_POINT('',#4414);
#1654=VERTEX_POINT('',#4418);
#1655=VERTEX_POINT('',#4419);
#1656=VERTEX_POINT('',#4424);
#1657=VERTEX_POINT('',#4425);
#1658=VERTEX_POINT('',#4433);
#1659=VERTEX_POINT('',#4434);
#1660=VERTEX_POINT('',#4436);
#1661=VERTEX_POINT('',#4438);
#1662=VERTEX_POINT('',#4442);
#1663=VERTEX_POINT('',#4444);
#1664=VERTEX_POINT('',#4448);
#1665=VERTEX_POINT('',#4450);
#1666=VERTEX_POINT('',#4454);
#1667=VERTEX_POINT('',#4455);
#1668=VERTEX_POINT('',#4460);
#1669=VERTEX_POINT('',#4461);
#1670=VERTEX_POINT('',#4469);
#1671=VERTEX_POINT('',#4470);
#1672=VERTEX_POINT('',#4472);
#1673=VERTEX_POINT('',#4474);
#1674=VERTEX_POINT('',#4478);
#1675=VERTEX_POINT('',#4480);
#1676=VERTEX_POINT('',#4484);
#1677=VERTEX_POINT('',#4486);
#1678=VERTEX_POINT('',#4490);
#1679=VERTEX_POINT('',#4491);
#1680=VERTEX_POINT('',#4496);
#1681=VERTEX_POINT('',#4497);
#1682=VERTEX_POINT('',#4505);
#1683=VERTEX_POINT('',#4506);
#1684=VERTEX_POINT('',#4508);
#1685=VERTEX_POINT('',#4510);
#1686=VERTEX_POINT('',#4514);
#1687=VERTEX_POINT('',#4516);
#1688=VERTEX_POINT('',#4520);
#1689=VERTEX_POINT('',#4522);
#1690=VERTEX_POINT('',#4526);
#1691=VERTEX_POINT('',#4527);
#1692=VERTEX_POINT('',#4532);
#1693=VERTEX_POINT('',#4533);
#1694=VERTEX_POINT('',#4541);
#1695=VERTEX_POINT('',#4542);
#1696=VERTEX_POINT('',#4544);
#1697=VERTEX_POINT('',#4546);
#1698=VERTEX_POINT('',#4550);
#1699=VERTEX_POINT('',#4552);
#1700=VERTEX_POINT('',#4556);
#1701=VERTEX_POINT('',#4558);
#1702=VERTEX_POINT('',#4562);
#1703=VERTEX_POINT('',#4563);
#1704=VERTEX_POINT('',#4568);
#1705=VERTEX_POINT('',#4569);
#1706=VERTEX_POINT('',#4577);
#1707=VERTEX_POINT('',#4578);
#1708=VERTEX_POINT('',#4580);
#1709=VERTEX_POINT('',#4582);
#1710=VERTEX_POINT('',#4586);
#1711=VERTEX_POINT('',#4588);
#1712=VERTEX_POINT('',#4592);
#1713=VERTEX_POINT('',#4594);
#1714=VERTEX_POINT('',#4598);
#1715=VERTEX_POINT('',#4599);
#1716=VERTEX_POINT('',#4604);
#1717=VERTEX_POINT('',#4605);
#1718=VERTEX_POINT('',#4613);
#1719=VERTEX_POINT('',#4614);
#1720=VERTEX_POINT('',#4616);
#1721=VERTEX_POINT('',#4618);
#1722=VERTEX_POINT('',#4622);
#1723=VERTEX_POINT('',#4624);
#1724=VERTEX_POINT('',#4628);
#1725=VERTEX_POINT('',#4630);
#1726=VERTEX_POINT('',#4634);
#1727=VERTEX_POINT('',#4635);
#1728=VERTEX_POINT('',#4640);
#1729=VERTEX_POINT('',#4641);
#1730=VERTEX_POINT('',#4649);
#1731=VERTEX_POINT('',#4650);
#1732=VERTEX_POINT('',#4652);
#1733=VERTEX_POINT('',#4654);
#1734=VERTEX_POINT('',#4658);
#1735=VERTEX_POINT('',#4660);
#1736=VERTEX_POINT('',#4664);
#1737=VERTEX_POINT('',#4666);
#1738=VERTEX_POINT('',#4670);
#1739=VERTEX_POINT('',#4671);
#1740=VERTEX_POINT('',#4676);
#1741=VERTEX_POINT('',#4677);
#1742=VERTEX_POINT('',#4685);
#1743=VERTEX_POINT('',#4686);
#1744=VERTEX_POINT('',#4688);
#1745=VERTEX_POINT('',#4690);
#1746=VERTEX_POINT('',#4694);
#1747=VERTEX_POINT('',#4696);
#1748=VERTEX_POINT('',#4700);
#1749=VERTEX_POINT('',#4702);
#1750=VERTEX_POINT('',#4706);
#1751=VERTEX_POINT('',#4707);
#1752=VERTEX_POINT('',#4712);
#1753=VERTEX_POINT('',#4713);
#1754=VERTEX_POINT('',#4721);
#1755=VERTEX_POINT('',#4722);
#1756=VERTEX_POINT('',#4724);
#1757=VERTEX_POINT('',#4726);
#1758=VERTEX_POINT('',#4730);
#1759=VERTEX_POINT('',#4732);
#1760=VERTEX_POINT('',#4736);
#1761=VERTEX_POINT('',#4738);
#1762=VERTEX_POINT('',#4742);
#1763=VERTEX_POINT('',#4743);
#1764=VERTEX_POINT('',#4748);
#1765=VERTEX_POINT('',#4749);
#1766=VERTEX_POINT('',#4757);
#1767=VERTEX_POINT('',#4758);
#1768=VERTEX_POINT('',#4760);
#1769=VERTEX_POINT('',#4762);
#1770=VERTEX_POINT('',#4766);
#1771=VERTEX_POINT('',#4768);
#1772=VERTEX_POINT('',#4772);
#1773=VERTEX_POINT('',#4774);
#1774=VERTEX_POINT('',#4778);
#1775=VERTEX_POINT('',#4779);
#1776=VERTEX_POINT('',#4784);
#1777=VERTEX_POINT('',#4785);
#1778=VERTEX_POINT('',#4793);
#1779=VERTEX_POINT('',#4794);
#1780=VERTEX_POINT('',#4796);
#1781=VERTEX_POINT('',#4798);
#1782=VERTEX_POINT('',#4802);
#1783=VERTEX_POINT('',#4804);
#1784=VERTEX_POINT('',#4808);
#1785=VERTEX_POINT('',#4810);
#1786=VERTEX_POINT('',#4814);
#1787=VERTEX_POINT('',#4815);
#1788=VERTEX_POINT('',#4820);
#1789=VERTEX_POINT('',#4821);
#1790=VERTEX_POINT('',#4829);
#1791=VERTEX_POINT('',#4830);
#1792=VERTEX_POINT('',#4832);
#1793=VERTEX_POINT('',#4834);
#1794=VERTEX_POINT('',#4838);
#1795=VERTEX_POINT('',#4840);
#1796=VERTEX_POINT('',#4844);
#1797=VERTEX_POINT('',#4846);
#1798=VERTEX_POINT('',#4850);
#1799=VERTEX_POINT('',#4851);
#1800=VERTEX_POINT('',#4856);
#1801=VERTEX_POINT('',#4857);
#1802=VERTEX_POINT('',#4865);
#1803=VERTEX_POINT('',#4866);
#1804=VERTEX_POINT('',#4868);
#1805=VERTEX_POINT('',#4870);
#1806=VERTEX_POINT('',#4874);
#1807=VERTEX_POINT('',#4876);
#1808=VERTEX_POINT('',#4880);
#1809=VERTEX_POINT('',#4882);
#1810=VERTEX_POINT('',#4886);
#1811=VERTEX_POINT('',#4887);
#1812=VERTEX_POINT('',#4892);
#1813=VERTEX_POINT('',#4893);
#1814=VERTEX_POINT('',#4901);
#1815=VERTEX_POINT('',#4902);
#1816=VERTEX_POINT('',#4904);
#1817=VERTEX_POINT('',#4906);
#1818=VERTEX_POINT('',#4910);
#1819=VERTEX_POINT('',#4912);
#1820=VERTEX_POINT('',#4916);
#1821=VERTEX_POINT('',#4918);
#1822=VERTEX_POINT('',#4922);
#1823=VERTEX_POINT('',#4923);
#1824=VERTEX_POINT('',#4928);
#1825=VERTEX_POINT('',#4929);
#1826=VERTEX_POINT('',#4937);
#1827=VERTEX_POINT('',#4938);
#1828=VERTEX_POINT('',#4940);
#1829=VERTEX_POINT('',#4942);
#1830=VERTEX_POINT('',#4946);
#1831=VERTEX_POINT('',#4948);
#1832=VERTEX_POINT('',#4952);
#1833=VERTEX_POINT('',#4954);
#1834=VERTEX_POINT('',#4958);
#1835=VERTEX_POINT('',#4959);
#1836=VERTEX_POINT('',#4964);
#1837=VERTEX_POINT('',#4965);
#1838=VERTEX_POINT('',#4973);
#1839=VERTEX_POINT('',#4974);
#1840=VERTEX_POINT('',#4976);
#1841=VERTEX_POINT('',#4978);
#1842=VERTEX_POINT('',#4982);
#1843=VERTEX_POINT('',#4984);
#1844=VERTEX_POINT('',#4988);
#1845=VERTEX_POINT('',#4990);
#1846=VERTEX_POINT('',#4994);
#1847=VERTEX_POINT('',#4995);
#1848=VERTEX_POINT('',#5000);
#1849=VERTEX_POINT('',#5001);
#1850=VERTEX_POINT('',#5009);
#1851=VERTEX_POINT('',#5010);
#1852=VERTEX_POINT('',#5012);
#1853=VERTEX_POINT('',#5014);
#1854=VERTEX_POINT('',#5018);
#1855=VERTEX_POINT('',#5020);
#1856=VERTEX_POINT('',#5024);
#1857=VERTEX_POINT('',#5026);
#1858=VERTEX_POINT('',#5030);
#1859=VERTEX_POINT('',#5031);
#1860=VERTEX_POINT('',#5036);
#1861=VERTEX_POINT('',#5037);
#1862=VERTEX_POINT('',#5045);
#1863=VERTEX_POINT('',#5046);
#1864=VERTEX_POINT('',#5048);
#1865=VERTEX_POINT('',#5050);
#1866=VERTEX_POINT('',#5054);
#1867=VERTEX_POINT('',#5056);
#1868=VERTEX_POINT('',#5060);
#1869=VERTEX_POINT('',#5062);
#1870=VERTEX_POINT('',#5066);
#1871=VERTEX_POINT('',#5067);
#1872=VERTEX_POINT('',#5072);
#1873=VERTEX_POINT('',#5073);
#1874=VERTEX_POINT('',#5081);
#1875=VERTEX_POINT('',#5082);
#1876=VERTEX_POINT('',#5084);
#1877=VERTEX_POINT('',#5086);
#1878=VERTEX_POINT('',#5090);
#1879=VERTEX_POINT('',#5092);
#1880=VERTEX_POINT('',#5096);
#1881=VERTEX_POINT('',#5098);
#1882=VERTEX_POINT('',#5102);
#1883=VERTEX_POINT('',#5103);
#1884=VERTEX_POINT('',#5108);
#1885=VERTEX_POINT('',#5109);
#1886=VERTEX_POINT('',#5117);
#1887=VERTEX_POINT('',#5118);
#1888=VERTEX_POINT('',#5120);
#1889=VERTEX_POINT('',#5122);
#1890=VERTEX_POINT('',#5126);
#1891=VERTEX_POINT('',#5128);
#1892=VERTEX_POINT('',#5132);
#1893=VERTEX_POINT('',#5134);
#1894=VERTEX_POINT('',#5138);
#1895=VERTEX_POINT('',#5139);
#1896=VERTEX_POINT('',#5144);
#1897=VERTEX_POINT('',#5145);
#1898=VERTEX_POINT('',#5153);
#1899=VERTEX_POINT('',#5155);
#1900=VERTEX_POINT('',#5159);
#1901=VERTEX_POINT('',#5160);
#1902=VERTEX_POINT('',#5162);
#1903=VERTEX_POINT('',#5164);
#1904=VERTEX_POINT('',#5168);
#1905=VERTEX_POINT('',#5169);
#1906=VERTEX_POINT('',#5174);
#1907=VERTEX_POINT('',#5176);
#1908=VERTEX_POINT('',#5186);
#1909=VERTEX_POINT('',#5189);
#1910=VERTEX_POINT('',#5192);
#1911=VERTEX_POINT('',#5196);
#1912=VERTEX_POINT('',#5199);
#1913=VERTEX_POINT('',#5202);
#1914=CIRCLE('',#2836,0.0185268281710272);
#1915=CIRCLE('',#2837,0.0185268281710272);
#1916=CIRCLE('',#2839,0.00043);
#1917=CIRCLE('',#2840,0.00043);
#1918=CIRCLE('',#2842,0.00043);
#1919=CIRCLE('',#2843,0.00043);
#1920=CIRCLE('',#2845,0.00176490249675999);
#1921=CIRCLE('',#2846,0.00176490249675999);
#1922=CIRCLE('',#2848,0.0165286281710275);
#1923=CIRCLE('',#2849,0.0165286281710275);
#1924=CIRCLE('',#2851,0.00176490249675999);
#1925=CIRCLE('',#2852,0.00176490249675999);
#1926=CIRCLE('',#2854,0.0185268281710272);
#1927=CIRCLE('',#2855,0.0185268281710272);
#1928=CIRCLE('',#2857,0.00043);
#1929=CIRCLE('',#2858,0.00043);
#1930=CIRCLE('',#2860,0.00043);
#1931=CIRCLE('',#2861,0.00043);
#1932=CIRCLE('',#2863,0.00176490249675999);
#1933=CIRCLE('',#2864,0.00176490249675999);
#1934=CIRCLE('',#2866,0.0165286281710275);
#1935=CIRCLE('',#2867,0.0165286281710275);
#1936=CIRCLE('',#2869,0.00176490249675999);
#1937=CIRCLE('',#2870,0.00176490249675999);
#1938=CIRCLE('',#2872,0.0185268281710272);
#1939=CIRCLE('',#2873,0.0185268281710272);
#1940=CIRCLE('',#2875,0.00043);
#1941=CIRCLE('',#2876,0.00043);
#1942=CIRCLE('',#2878,0.00043);
#1943=CIRCLE('',#2879,0.00043);
#1944=CIRCLE('',#2881,0.00176490249675999);
#1945=CIRCLE('',#2882,0.00176490249675999);
#1946=CIRCLE('',#2884,0.0165286281710275);
#1947=CIRCLE('',#2885,0.0165286281710275);
#1948=CIRCLE('',#2887,0.00176490249675999);
#1949=CIRCLE('',#2888,0.00176490249675999);
#1950=CIRCLE('',#2890,0.0185268281710272);
#1951=CIRCLE('',#2891,0.0185268281710272);
#1952=CIRCLE('',#2893,0.00043);
#1953=CIRCLE('',#2894,0.00043);
#1954=CIRCLE('',#2896,0.00043);
#1955=CIRCLE('',#2897,0.00043);
#1956=CIRCLE('',#2899,0.00176490249675999);
#1957=CIRCLE('',#2900,0.00176490249675999);
#1958=CIRCLE('',#2902,0.0165286281710275);
#1959=CIRCLE('',#2903,0.0165286281710275);
#1960=CIRCLE('',#2905,0.00176490249675999);
#1961=CIRCLE('',#2906,0.00176490249675999);
#1962=CIRCLE('',#2908,0.0185268281710272);
#1963=CIRCLE('',#2909,0.0185268281710272);
#1964=CIRCLE('',#2911,0.00043);
#1965=CIRCLE('',#2912,0.00043);
#1966=CIRCLE('',#2914,0.00043);
#1967=CIRCLE('',#2915,0.00043);
#1968=CIRCLE('',#2917,0.00176490249675999);
#1969=CIRCLE('',#2918,0.00176490249675999);
#1970=CIRCLE('',#2920,0.0165286281710275);
#1971=CIRCLE('',#2921,0.0165286281710275);
#1972=CIRCLE('',#2923,0.00176490249675999);
#1973=CIRCLE('',#2924,0.00176490249675999);
#1974=CIRCLE('',#2926,0.0185268281710272);
#1975=CIRCLE('',#2927,0.0185268281710272);
#1976=CIRCLE('',#2929,0.00043);
#1977=CIRCLE('',#2930,0.00043);
#1978=CIRCLE('',#2932,0.00043);
#1979=CIRCLE('',#2933,0.00043);
#1980=CIRCLE('',#2935,0.00176490249675999);
#1981=CIRCLE('',#2936,0.00176490249675999);
#1982=CIRCLE('',#2938,0.0165286281710275);
#1983=CIRCLE('',#2939,0.0165286281710275);
#1984=CIRCLE('',#2941,0.00176490249675999);
#1985=CIRCLE('',#2942,0.00176490249675999);
#1986=CIRCLE('',#2944,0.0185268281710272);
#1987=CIRCLE('',#2945,0.0185268281710272);
#1988=CIRCLE('',#2947,0.00043);
#1989=CIRCLE('',#2948,0.00043);
#1990=CIRCLE('',#2950,0.00043);
#1991=CIRCLE('',#2951,0.00043);
#1992=CIRCLE('',#2953,0.00176490249675999);
#1993=CIRCLE('',#2954,0.00176490249675999);
#1994=CIRCLE('',#2956,0.0165286281710275);
#1995=CIRCLE('',#2957,0.0165286281710275);
#1996=CIRCLE('',#2959,0.00176490249675999);
#1997=CIRCLE('',#2960,0.00176490249675999);
#1998=CIRCLE('',#2962,0.0185268281710272);
#1999=CIRCLE('',#2963,0.0185268281710272);
#2000=CIRCLE('',#2965,0.00043);
#2001=CIRCLE('',#2966,0.00043);
#2002=CIRCLE('',#2968,0.00043);
#2003=CIRCLE('',#2969,0.00043);
#2004=CIRCLE('',#2971,0.00176490249675999);
#2005=CIRCLE('',#2972,0.00176490249675999);
#2006=CIRCLE('',#2974,0.0165286281710275);
#2007=CIRCLE('',#2975,0.0165286281710275);
#2008=CIRCLE('',#2977,0.00176490249675999);
#2009=CIRCLE('',#2978,0.00176490249675999);
#2010=CIRCLE('',#2980,0.0185268281710272);
#2011=CIRCLE('',#2981,0.0185268281710272);
#2012=CIRCLE('',#2983,0.00043);
#2013=CIRCLE('',#2984,0.00043);
#2014=CIRCLE('',#2986,0.00043);
#2015=CIRCLE('',#2987,0.00043);
#2016=CIRCLE('',#2989,0.00176490249675999);
#2017=CIRCLE('',#2990,0.00176490249675999);
#2018=CIRCLE('',#2992,0.0165286281710275);
#2019=CIRCLE('',#2993,0.0165286281710275);
#2020=CIRCLE('',#2995,0.00176490249675999);
#2021=CIRCLE('',#2996,0.00176490249675999);
#2022=CIRCLE('',#2998,0.0185268281710272);
#2023=CIRCLE('',#2999,0.0185268281710272);
#2024=CIRCLE('',#3001,0.00043);
#2025=CIRCLE('',#3002,0.00043);
#2026=CIRCLE('',#3004,0.00043);
#2027=CIRCLE('',#3005,0.00043);
#2028=CIRCLE('',#3007,0.00176490249675999);
#2029=CIRCLE('',#3008,0.00176490249675999);
#2030=CIRCLE('',#3010,0.0165286281710275);
#2031=CIRCLE('',#3011,0.0165286281710275);
#2032=CIRCLE('',#3013,0.00176490249675999);
#2033=CIRCLE('',#3014,0.00176490249675999);
#2034=CIRCLE('',#3016,0.0185268281710272);
#2035=CIRCLE('',#3017,0.0185268281710272);
#2036=CIRCLE('',#3019,0.00043);
#2037=CIRCLE('',#3020,0.00043);
#2038=CIRCLE('',#3022,0.00043);
#2039=CIRCLE('',#3023,0.00043);
#2040=CIRCLE('',#3025,0.00176490249675999);
#2041=CIRCLE('',#3026,0.00176490249675999);
#2042=CIRCLE('',#3028,0.0165286281710275);
#2043=CIRCLE('',#3029,0.0165286281710275);
#2044=CIRCLE('',#3031,0.00176490249675999);
#2045=CIRCLE('',#3032,0.00176490249675999);
#2046=CIRCLE('',#3034,0.0185268281710272);
#2047=CIRCLE('',#3035,0.0185268281710272);
#2048=CIRCLE('',#3037,0.00043);
#2049=CIRCLE('',#3038,0.00043);
#2050=CIRCLE('',#3040,0.00043);
#2051=CIRCLE('',#3041,0.00043);
#2052=CIRCLE('',#3043,0.00176490249675999);
#2053=CIRCLE('',#3044,0.00176490249675999);
#2054=CIRCLE('',#3046,0.0165286281710275);
#2055=CIRCLE('',#3047,0.0165286281710275);
#2056=CIRCLE('',#3049,0.00176490249675999);
#2057=CIRCLE('',#3050,0.00176490249675999);
#2058=CIRCLE('',#3052,0.0185268281710272);
#2059=CIRCLE('',#3053,0.0185268281710272);
#2060=CIRCLE('',#3055,0.00043);
#2061=CIRCLE('',#3056,0.00043);
#2062=CIRCLE('',#3058,0.00043);
#2063=CIRCLE('',#3059,0.00043);
#2064=CIRCLE('',#3061,0.00176490249675999);
#2065=CIRCLE('',#3062,0.00176490249675999);
#2066=CIRCLE('',#3064,0.0165286281710275);
#2067=CIRCLE('',#3065,0.0165286281710275);
#2068=CIRCLE('',#3067,0.00176490249675999);
#2069=CIRCLE('',#3068,0.00176490249675999);
#2070=CIRCLE('',#3070,0.0185268281710272);
#2071=CIRCLE('',#3071,0.0185268281710272);
#2072=CIRCLE('',#3073,0.00043);
#2073=CIRCLE('',#3074,0.00043);
#2074=CIRCLE('',#3076,0.00043);
#2075=CIRCLE('',#3077,0.00043);
#2076=CIRCLE('',#3079,0.00176490249675999);
#2077=CIRCLE('',#3080,0.00176490249675999);
#2078=CIRCLE('',#3082,0.0165286281710275);
#2079=CIRCLE('',#3083,0.0165286281710275);
#2080=CIRCLE('',#3085,0.00176490249675999);
#2081=CIRCLE('',#3086,0.00176490249675999);
#2082=CIRCLE('',#3088,0.0185268281710272);
#2083=CIRCLE('',#3089,0.0185268281710272);
#2084=CIRCLE('',#3091,0.00043);
#2085=CIRCLE('',#3092,0.00043);
#2086=CIRCLE('',#3094,0.00043);
#2087=CIRCLE('',#3095,0.00043);
#2088=CIRCLE('',#3097,0.00176490249675999);
#2089=CIRCLE('',#3098,0.00176490249675999);
#2090=CIRCLE('',#3100,0.0165286281710275);
#2091=CIRCLE('',#3101,0.0165286281710275);
#2092=CIRCLE('',#3103,0.00176490249675999);
#2093=CIRCLE('',#3104,0.00176490249675999);
#2094=CIRCLE('',#3106,0.0185268281710272);
#2095=CIRCLE('',#3107,0.0185268281710272);
#2096=CIRCLE('',#3109,0.00043);
#2097=CIRCLE('',#3110,0.00043);
#2098=CIRCLE('',#3112,0.00043);
#2099=CIRCLE('',#3113,0.00043);
#2100=CIRCLE('',#3115,0.00176490249675999);
#2101=CIRCLE('',#3116,0.00176490249675999);
#2102=CIRCLE('',#3118,0.0165286281710275);
#2103=CIRCLE('',#3119,0.0165286281710275);
#2104=CIRCLE('',#3121,0.00176490249675999);
#2105=CIRCLE('',#3122,0.00176490249675999);
#2106=CIRCLE('',#3124,0.0185268281710272);
#2107=CIRCLE('',#3125,0.0185268281710272);
#2108=CIRCLE('',#3127,0.00043);
#2109=CIRCLE('',#3128,0.00043);
#2110=CIRCLE('',#3130,0.00043);
#2111=CIRCLE('',#3131,0.00043);
#2112=CIRCLE('',#3133,0.00176490249675999);
#2113=CIRCLE('',#3134,0.00176490249675999);
#2114=CIRCLE('',#3136,0.0165286281710275);
#2115=CIRCLE('',#3137,0.0165286281710275);
#2116=CIRCLE('',#3139,0.00176490249675999);
#2117=CIRCLE('',#3140,0.00176490249675999);
#2118=CIRCLE('',#3142,0.0185268281710272);
#2119=CIRCLE('',#3143,0.0185268281710272);
#2120=CIRCLE('',#3145,0.00043);
#2121=CIRCLE('',#3146,0.00043);
#2122=CIRCLE('',#3148,0.00043);
#2123=CIRCLE('',#3149,0.00043);
#2124=CIRCLE('',#3151,0.00176490249675999);
#2125=CIRCLE('',#3152,0.00176490249675999);
#2126=CIRCLE('',#3154,0.0165286281710275);
#2127=CIRCLE('',#3155,0.0165286281710275);
#2128=CIRCLE('',#3157,0.00176490249675999);
#2129=CIRCLE('',#3158,0.00176490249675999);
#2130=CIRCLE('',#3160,0.0185268281710272);
#2131=CIRCLE('',#3161,0.0185268281710272);
#2132=CIRCLE('',#3163,0.00043);
#2133=CIRCLE('',#3164,0.00043);
#2134=CIRCLE('',#3166,0.00043);
#2135=CIRCLE('',#3167,0.00043);
#2136=CIRCLE('',#3169,0.00176490249675999);
#2137=CIRCLE('',#3170,0.00176490249675999);
#2138=CIRCLE('',#3172,0.0165286281710275);
#2139=CIRCLE('',#3173,0.0165286281710275);
#2140=CIRCLE('',#3175,0.00176490249675999);
#2141=CIRCLE('',#3176,0.00176490249675999);
#2142=CIRCLE('',#3178,0.0185268281710272);
#2143=CIRCLE('',#3179,0.0185268281710272);
#2144=CIRCLE('',#3181,0.00043);
#2145=CIRCLE('',#3182,0.00043);
#2146=CIRCLE('',#3184,0.00043);
#2147=CIRCLE('',#3185,0.00043);
#2148=CIRCLE('',#3187,0.00176490249675999);
#2149=CIRCLE('',#3188,0.00176490249675999);
#2150=CIRCLE('',#3190,0.0165286281710275);
#2151=CIRCLE('',#3191,0.0165286281710275);
#2152=CIRCLE('',#3193,0.00176490249675999);
#2153=CIRCLE('',#3194,0.00176490249675999);
#2154=CIRCLE('',#3196,0.0185268281710272);
#2155=CIRCLE('',#3197,0.0185268281710272);
#2156=CIRCLE('',#3199,0.00043);
#2157=CIRCLE('',#3200,0.00043);
#2158=CIRCLE('',#3202,0.00043);
#2159=CIRCLE('',#3203,0.00043);
#2160=CIRCLE('',#3205,0.00176490249675999);
#2161=CIRCLE('',#3206,0.00176490249675999);
#2162=CIRCLE('',#3208,0.0165286281710275);
#2163=CIRCLE('',#3209,0.0165286281710275);
#2164=CIRCLE('',#3211,0.00176490249675999);
#2165=CIRCLE('',#3212,0.00176490249675999);
#2166=CIRCLE('',#3214,0.0185268281710272);
#2167=CIRCLE('',#3215,0.0185268281710272);
#2168=CIRCLE('',#3217,0.00043);
#2169=CIRCLE('',#3218,0.00043);
#2170=CIRCLE('',#3220,0.00043);
#2171=CIRCLE('',#3221,0.00043);
#2172=CIRCLE('',#3223,0.00176490249675999);
#2173=CIRCLE('',#3224,0.00176490249675999);
#2174=CIRCLE('',#3226,0.0165286281710275);
#2175=CIRCLE('',#3227,0.0165286281710275);
#2176=CIRCLE('',#3229,0.00176490249675999);
#2177=CIRCLE('',#3230,0.00176490249675999);
#2178=CIRCLE('',#3232,0.0185268281710272);
#2179=CIRCLE('',#3233,0.0185268281710272);
#2180=CIRCLE('',#3235,0.00043);
#2181=CIRCLE('',#3236,0.00043);
#2182=CIRCLE('',#3238,0.00043);
#2183=CIRCLE('',#3239,0.00043);
#2184=CIRCLE('',#3241,0.00176490249675999);
#2185=CIRCLE('',#3242,0.00176490249675999);
#2186=CIRCLE('',#3244,0.0165286281710275);
#2187=CIRCLE('',#3245,0.0165286281710275);
#2188=CIRCLE('',#3247,0.00176490249675999);
#2189=CIRCLE('',#3248,0.00176490249675999);
#2190=CIRCLE('',#3250,0.0185268281710272);
#2191=CIRCLE('',#3251,0.0185268281710272);
#2192=CIRCLE('',#3253,0.00176490249675999);
#2193=CIRCLE('',#3254,0.00176490249675999);
#2194=CIRCLE('',#3256,0.0165286281710275);
#2195=CIRCLE('',#3257,0.0165286281710275);
#2196=CIRCLE('',#3259,0.00176490249675999);
#2197=CIRCLE('',#3260,0.00176490249675999);
#2198=CIRCLE('',#3262,0.00043);
#2199=CIRCLE('',#3263,0.00043);
#2200=CIRCLE('',#3265,0.00043);
#2201=CIRCLE('',#3266,0.00043);
#2202=CIRCLE('',#3268,0.0190268281710274);
#2203=CIRCLE('',#3270,0.0204549761777695);
#2204=CIRCLE('',#3272,0.0204549761777695);
#2205=CIRCLE('',#3275,0.0190268281710274);
#2206=CIRCLE('',#3277,0.0204549761777695);
#2207=CIRCLE('',#3279,0.0204549761777695);
#2208=EDGE_LOOP('',(#306,#307,#308,#309));
#2209=EDGE_LOOP('',(#310,#311,#312,#313));
#2210=EDGE_LOOP('',(#314,#315,#316,#317));
#2211=EDGE_LOOP('',(#318,#319,#320,#321));
#2212=EDGE_LOOP('',(#322,#323,#324,#325));
#2213=EDGE_LOOP('',(#326,#327,#328,#329));
#2214=EDGE_LOOP('',(#330,#331,#332,#333));
#2215=EDGE_LOOP('',(#334,#335,#336,#337));
#2216=EDGE_LOOP('',(#338,#339,#340,#341));
#2217=EDGE_LOOP('',(#342,#343,#344,#345));
#2218=EDGE_LOOP('',(#346,#347,#348,#349));
#2219=EDGE_LOOP('',(#350,#351,#352,#353));
#2220=EDGE_LOOP('',(#354,#355,#356,#357));
#2221=EDGE_LOOP('',(#358,#359,#360,#361));
#2222=EDGE_LOOP('',(#362,#363,#364,#365));
#2223=EDGE_LOOP('',(#366,#367,#368,#369));
#2224=EDGE_LOOP('',(#370,#371,#372,#373));
#2225=EDGE_LOOP('',(#374,#375,#376,#377));
#2226=EDGE_LOOP('',(#378,#379,#380,#381));
#2227=EDGE_LOOP('',(#382,#383,#384,#385));
#2228=EDGE_LOOP('',(#386,#387,#388,#389));
#2229=EDGE_LOOP('',(#390,#391,#392,#393));
#2230=EDGE_LOOP('',(#394,#395,#396,#397));
#2231=EDGE_LOOP('',(#398,#399,#400,#401));
#2232=EDGE_LOOP('',(#402,#403,#404,#405));
#2233=EDGE_LOOP('',(#406,#407,#408,#409));
#2234=EDGE_LOOP('',(#410,#411,#412,#413));
#2235=EDGE_LOOP('',(#414,#415,#416,#417));
#2236=EDGE_LOOP('',(#418,#419,#420,#421));
#2237=EDGE_LOOP('',(#422,#423,#424,#425));
#2238=EDGE_LOOP('',(#426,#427,#428,#429));
#2239=EDGE_LOOP('',(#430,#431,#432,#433));
#2240=EDGE_LOOP('',(#434,#435,#436,#437));
#2241=EDGE_LOOP('',(#438,#439,#440,#441));
#2242=EDGE_LOOP('',(#442,#443,#444,#445));
#2243=EDGE_LOOP('',(#446,#447,#448,#449));
#2244=EDGE_LOOP('',(#450,#451,#452,#453));
#2245=EDGE_LOOP('',(#454,#455,#456,#457));
#2246=EDGE_LOOP('',(#458,#459,#460,#461));
#2247=EDGE_LOOP('',(#462,#463,#464,#465));
#2248=EDGE_LOOP('',(#466,#467,#468,#469));
#2249=EDGE_LOOP('',(#470,#471,#472,#473));
#2250=EDGE_LOOP('',(#474,#475,#476,#477));
#2251=EDGE_LOOP('',(#478,#479,#480,#481));
#2252=EDGE_LOOP('',(#482,#483,#484,#485));
#2253=EDGE_LOOP('',(#486,#487,#488,#489));
#2254=EDGE_LOOP('',(#490,#491,#492,#493));
#2255=EDGE_LOOP('',(#494,#495,#496,#497));
#2256=EDGE_LOOP('',(#498,#499,#500,#501));
#2257=EDGE_LOOP('',(#502,#503,#504,#505));
#2258=EDGE_LOOP('',(#506,#507,#508,#509));
#2259=EDGE_LOOP('',(#510,#511,#512,#513));
#2260=EDGE_LOOP('',(#514,#515,#516,#517));
#2261=EDGE_LOOP('',(#518,#519,#520,#521));
#2262=EDGE_LOOP('',(#522,#523,#524,#525));
#2263=EDGE_LOOP('',(#526,#527,#528,#529));
#2264=EDGE_LOOP('',(#530,#531,#532,#533));
#2265=EDGE_LOOP('',(#534,#535,#536,#537));
#2266=EDGE_LOOP('',(#538,#539,#540,#541));
#2267=EDGE_LOOP('',(#542,#543,#544,#545));
#2268=EDGE_LOOP('',(#546,#547,#548,#549));
#2269=EDGE_LOOP('',(#550,#551,#552,#553));
#2270=EDGE_LOOP('',(#554,#555,#556,#557));
#2271=EDGE_LOOP('',(#558,#559,#560,#561));
#2272=EDGE_LOOP('',(#562,#563,#564,#565));
#2273=EDGE_LOOP('',(#566,#567,#568,#569));
#2274=EDGE_LOOP('',(#570,#571,#572,#573));
#2275=EDGE_LOOP('',(#574,#575,#576,#577));
#2276=EDGE_LOOP('',(#578,#579,#580,#581));
#2277=EDGE_LOOP('',(#582,#583,#584,#585));
#2278=EDGE_LOOP('',(#586,#587,#588,#589));
#2279=EDGE_LOOP('',(#590,#591,#592,#593));
#2280=EDGE_LOOP('',(#594,#595,#596,#597));
#2281=EDGE_LOOP('',(#598,#599,#600,#601));
#2282=EDGE_LOOP('',(#602,#603,#604,#605));
#2283=EDGE_LOOP('',(#606,#607,#608,#609));
#2284=EDGE_LOOP('',(#610,#611,#612,#613));
#2285=EDGE_LOOP('',(#614,#615,#616,#617));
#2286=EDGE_LOOP('',(#618,#619,#620,#621));
#2287=EDGE_LOOP('',(#622,#623,#624,#625));
#2288=EDGE_LOOP('',(#626,#627,#628,#629));
#2289=EDGE_LOOP('',(#630,#631,#632,#633));
#2290=EDGE_LOOP('',(#634,#635,#636,#637));
#2291=EDGE_LOOP('',(#638,#639,#640,#641));
#2292=EDGE_LOOP('',(#642,#643,#644,#645));
#2293=EDGE_LOOP('',(#646,#647,#648,#649));
#2294=EDGE_LOOP('',(#650,#651,#652,#653));
#2295=EDGE_LOOP('',(#654,#655,#656,#657));
#2296=EDGE_LOOP('',(#658,#659,#660,#661));
#2297=EDGE_LOOP('',(#662,#663,#664,#665));
#2298=EDGE_LOOP('',(#666,#667,#668,#669));
#2299=EDGE_LOOP('',(#670,#671,#672,#673));
#2300=EDGE_LOOP('',(#674,#675,#676,#677));
#2301=EDGE_LOOP('',(#678,#679,#680,#681));
#2302=EDGE_LOOP('',(#682,#683,#684,#685));
#2303=EDGE_LOOP('',(#686,#687,#688,#689));
#2304=EDGE_LOOP('',(#690,#691,#692,#693));
#2305=EDGE_LOOP('',(#694,#695,#696,#697));
#2306=EDGE_LOOP('',(#698,#699,#700,#701));
#2307=EDGE_LOOP('',(#702,#703,#704,#705));
#2308=EDGE_LOOP('',(#706,#707,#708,#709));
#2309=EDGE_LOOP('',(#710,#711,#712,#713));
#2310=EDGE_LOOP('',(#714,#715,#716,#717));
#2311=EDGE_LOOP('',(#718,#719,#720,#721));
#2312=EDGE_LOOP('',(#722,#723,#724,#725));
#2313=EDGE_LOOP('',(#726,#727,#728,#729));
#2314=EDGE_LOOP('',(#730,#731,#732,#733));
#2315=EDGE_LOOP('',(#734,#735,#736,#737));
#2316=EDGE_LOOP('',(#738,#739,#740,#741));
#2317=EDGE_LOOP('',(#742,#743,#744,#745));
#2318=EDGE_LOOP('',(#746,#747,#748,#749));
#2319=EDGE_LOOP('',(#750,#751,#752,#753));
#2320=EDGE_LOOP('',(#754,#755,#756,#757));
#2321=EDGE_LOOP('',(#758,#759,#760,#761));
#2322=EDGE_LOOP('',(#762,#763,#764,#765));
#2323=EDGE_LOOP('',(#766,#767,#768,#769));
#2324=EDGE_LOOP('',(#770,#771,#772,#773));
#2325=EDGE_LOOP('',(#774,#775,#776,#777));
#2326=EDGE_LOOP('',(#778,#779,#780,#781));
#2327=EDGE_LOOP('',(#782,#783,#784,#785));
#2328=EDGE_LOOP('',(#786,#787,#788,#789));
#2329=EDGE_LOOP('',(#790,#791,#792,#793));
#2330=EDGE_LOOP('',(#794,#795,#796,#797));
#2331=EDGE_LOOP('',(#798,#799,#800,#801));
#2332=EDGE_LOOP('',(#802,#803,#804,#805));
#2333=EDGE_LOOP('',(#806,#807,#808,#809));
#2334=EDGE_LOOP('',(#810,#811,#812,#813));
#2335=EDGE_LOOP('',(#814,#815,#816,#817));
#2336=EDGE_LOOP('',(#818,#819,#820,#821));
#2337=EDGE_LOOP('',(#822,#823,#824,#825));
#2338=EDGE_LOOP('',(#826,#827,#828,#829));
#2339=EDGE_LOOP('',(#830,#831,#832,#833));
#2340=EDGE_LOOP('',(#834,#835,#836,#837));
#2341=EDGE_LOOP('',(#838,#839,#840,#841));
#2342=EDGE_LOOP('',(#842,#843,#844,#845));
#2343=EDGE_LOOP('',(#846,#847,#848,#849));
#2344=EDGE_LOOP('',(#850,#851,#852,#853));
#2345=EDGE_LOOP('',(#854,#855,#856,#857));
#2346=EDGE_LOOP('',(#858,#859,#860,#861));
#2347=EDGE_LOOP('',(#862,#863,#864,#865));
#2348=EDGE_LOOP('',(#866,#867,#868,#869));
#2349=EDGE_LOOP('',(#870,#871,#872,#873));
#2350=EDGE_LOOP('',(#874,#875,#876,#877));
#2351=EDGE_LOOP('',(#878,#879,#880,#881));
#2352=EDGE_LOOP('',(#882));
#2353=EDGE_LOOP('',(#883,#884,#885,#886,#887,#888,#889,#890,#891,#892,#893,
#894,#895,#896,#897,#898,#899,#900,#901,#902,#903,#904,#905,#906,#907,#908,
#909,#910,#911,#912,#913,#914,#915,#916,#917,#918,#919,#920,#921,#922,#923,
#924,#925,#926,#927,#928,#929,#930,#931,#932,#933,#934,#935,#936,#937,#938,
#939,#940,#941,#942,#943,#944,#945,#946,#947,#948,#949,#950,#951,#952,#953,
#954,#955,#956,#957,#958,#959,#960,#961,#962,#963,#964,#965,#966,#967,#968,
#969,#970,#971,#972,#973,#974,#975,#976,#977,#978,#979,#980,#981,#982,#983,
#984,#985,#986,#987,#988,#989,#990,#991,#992,#993,#994,#995,#996,#997,#998,
#999,#1000,#1001,#1002,#1003,#1004,#1005,#1006,#1007,#1008,#1009,#1010,
#1011,#1012,#1013,#1014,#1015,#1016,#1017,#1018,#1019,#1020,#1021,#1022,
#1023,#1024,#1025,#1026));
#2354=EDGE_LOOP('',(#1027));
#2355=EDGE_LOOP('',(#1028));
#2356=EDGE_LOOP('',(#1029));
#2357=EDGE_LOOP('',(#1030));
#2358=EDGE_LOOP('',(#1031));
#2359=EDGE_LOOP('',(#1032));
#2360=EDGE_LOOP('',(#1033,#1034,#1035,#1036,#1037,#1038,#1039,#1040,#1041,
#1042,#1043,#1044,#1045,#1046,#1047,#1048,#1049,#1050,#1051,#1052,#1053,
#1054,#1055,#1056,#1057,#1058,#1059,#1060,#1061,#1062,#1063,#1064,#1065,
#1066,#1067,#1068,#1069,#1070,#1071,#1072,#1073,#1074,#1075,#1076,#1077,
#1078,#1079,#1080,#1081,#1082,#1083,#1084,#1085,#1086,#1087,#1088,#1089,
#1090,#1091,#1092,#1093,#1094,#1095,#1096,#1097,#1098,#1099,#1100,#1101,
#1102,#1103,#1104,#1105,#1106,#1107,#1108,#1109,#1110,#1111,#1112,#1113,
#1114,#1115,#1116,#1117,#1118,#1119,#1120,#1121,#1122,#1123,#1124,#1125,
#1126,#1127,#1128,#1129,#1130,#1131,#1132,#1133,#1134,#1135,#1136,#1137,
#1138,#1139,#1140,#1141,#1142,#1143,#1144,#1145,#1146,#1147,#1148,#1149,
#1150,#1151,#1152,#1153,#1154,#1155,#1156,#1157,#1158,#1159,#1160,#1161,
#1162,#1163,#1164,#1165,#1166,#1167,#1168,#1169,#1170,#1171,#1172,#1173,
#1174,#1175,#1176));
#2361=EDGE_LOOP('',(#1177));
#2362=EDGE_LOOP('',(#1178));
#2363=EDGE_LOOP('',(#1179));
#2364=EDGE_LOOP('',(#1180));
#2365=EDGE_LOOP('',(#1181));
#2366=FACE_BOUND('',#2208,.T.);
#2367=FACE_BOUND('',#2209,.T.);
#2368=FACE_BOUND('',#2210,.T.);
#2369=FACE_BOUND('',#2211,.T.);
#2370=FACE_BOUND('',#2212,.T.);
#2371=FACE_BOUND('',#2213,.T.);
#2372=FACE_BOUND('',#2214,.T.);
#2373=FACE_BOUND('',#2215,.T.);
#2374=FACE_BOUND('',#2216,.T.);
#2375=FACE_BOUND('',#2217,.T.);
#2376=FACE_BOUND('',#2218,.T.);
#2377=FACE_BOUND('',#2219,.T.);
#2378=FACE_BOUND('',#2220,.T.);
#2379=FACE_BOUND('',#2221,.T.);
#2380=FACE_BOUND('',#2222,.T.);
#2381=FACE_BOUND('',#2223,.T.);
#2382=FACE_BOUND('',#2224,.T.);
#2383=FACE_BOUND('',#2225,.T.);
#2384=FACE_BOUND('',#2226,.T.);
#2385=FACE_BOUND('',#2227,.T.);
#2386=FACE_BOUND('',#2228,.T.);
#2387=FACE_BOUND('',#2229,.T.);
#2388=FACE_BOUND('',#2230,.T.);
#2389=FACE_BOUND('',#2231,.T.);
#2390=FACE_BOUND('',#2232,.T.);
#2391=FACE_BOUND('',#2233,.T.);
#2392=FACE_BOUND('',#2234,.T.);
#2393=FACE_BOUND('',#2235,.T.);
#2394=FACE_BOUND('',#2236,.T.);
#2395=FACE_BOUND('',#2237,.T.);
#2396=FACE_BOUND('',#2238,.T.);
#2397=FACE_BOUND('',#2239,.T.);
#2398=FACE_BOUND('',#2240,.T.);
#2399=FACE_BOUND('',#2241,.T.);
#2400=FACE_BOUND('',#2242,.T.);
#2401=FACE_BOUND('',#2243,.T.);
#2402=FACE_BOUND('',#2244,.T.);
#2403=FACE_BOUND('',#2245,.T.);
#2404=FACE_BOUND('',#2246,.T.);
#2405=FACE_BOUND('',#2247,.T.);
#2406=FACE_BOUND('',#2248,.T.);
#2407=FACE_BOUND('',#2249,.T.);
#2408=FACE_BOUND('',#2250,.T.);
#2409=FACE_BOUND('',#2251,.T.);
#2410=FACE_BOUND('',#2252,.T.);
#2411=FACE_BOUND('',#2253,.T.);
#2412=FACE_BOUND('',#2254,.T.);
#2413=FACE_BOUND('',#2255,.T.);
#2414=FACE_BOUND('',#2256,.T.);
#2415=FACE_BOUND('',#2257,.T.);
#2416=FACE_BOUND('',#2258,.T.);
#2417=FACE_BOUND('',#2259,.T.);
#2418=FACE_BOUND('',#2260,.T.);
#2419=FACE_BOUND('',#2261,.T.);
#2420=FACE_BOUND('',#2262,.T.);
#2421=FACE_BOUND('',#2263,.T.);
#2422=FACE_BOUND('',#2264,.T.);
#2423=FACE_BOUND('',#2265,.T.);
#2424=FACE_BOUND('',#2266,.T.);
#2425=FACE_BOUND('',#2267,.T.);
#2426=FACE_BOUND('',#2268,.T.);
#2427=FACE_BOUND('',#2269,.T.);
#2428=FACE_BOUND('',#2270,.T.);
#2429=FACE_BOUND('',#2271,.T.);
#2430=FACE_BOUND('',#2272,.T.);
#2431=FACE_BOUND('',#2273,.T.);
#2432=FACE_BOUND('',#2274,.T.);
#2433=FACE_BOUND('',#2275,.T.);
#2434=FACE_BOUND('',#2276,.T.);
#2435=FACE_BOUND('',#2277,.T.);
#2436=FACE_BOUND('',#2278,.T.);
#2437=FACE_BOUND('',#2279,.T.);
#2438=FACE_BOUND('',#2280,.T.);
#2439=FACE_BOUND('',#2281,.T.);
#2440=FACE_BOUND('',#2282,.T.);
#2441=FACE_BOUND('',#2283,.T.);
#2442=FACE_BOUND('',#2284,.T.);
#2443=FACE_BOUND('',#2285,.T.);
#2444=FACE_BOUND('',#2286,.T.);
#2445=FACE_BOUND('',#2287,.T.);
#2446=FACE_BOUND('',#2288,.T.);
#2447=FACE_BOUND('',#2289,.T.);
#2448=FACE_BOUND('',#2290,.T.);
#2449=FACE_BOUND('',#2291,.T.);
#2450=FACE_BOUND('',#2292,.T.);
#2451=FACE_BOUND('',#2293,.T.);
#2452=FACE_BOUND('',#2294,.T.);
#2453=FACE_BOUND('',#2295,.T.);
#2454=FACE_BOUND('',#2296,.T.);
#2455=FACE_BOUND('',#2297,.T.);
#2456=FACE_BOUND('',#2298,.T.);
#2457=FACE_BOUND('',#2299,.T.);
#2458=FACE_BOUND('',#2300,.T.);
#2459=FACE_BOUND('',#2301,.T.);
#2460=FACE_BOUND('',#2302,.T.);
#2461=FACE_BOUND('',#2303,.T.);
#2462=FACE_BOUND('',#2304,.T.);
#2463=FACE_BOUND('',#2305,.T.);
#2464=FACE_BOUND('',#2306,.T.);
#2465=FACE_BOUND('',#2307,.T.);
#2466=FACE_BOUND('',#2308,.T.);
#2467=FACE_BOUND('',#2309,.T.);
#2468=FACE_BOUND('',#2310,.T.);
#2469=FACE_BOUND('',#2311,.T.);
#2470=FACE_BOUND('',#2312,.T.);
#2471=FACE_BOUND('',#2313,.T.);
#2472=FACE_BOUND('',#2314,.T.);
#2473=FACE_BOUND('',#2315,.T.);
#2474=FACE_BOUND('',#2316,.T.);
#2475=FACE_BOUND('',#2317,.T.);
#2476=FACE_BOUND('',#2318,.T.);
#2477=FACE_BOUND('',#2319,.T.);
#2478=FACE_BOUND('',#2320,.T.);
#2479=FACE_BOUND('',#2321,.T.);
#2480=FACE_BOUND('',#2322,.T.);
#2481=FACE_BOUND('',#2323,.T.);
#2482=FACE_BOUND('',#2324,.T.);
#2483=FACE_BOUND('',#2325,.T.);
#2484=FACE_BOUND('',#2326,.T.);
#2485=FACE_BOUND('',#2327,.T.);
#2486=FACE_BOUND('',#2328,.T.);
#2487=FACE_BOUND('',#2329,.T.);
#2488=FACE_BOUND('',#2330,.T.);
#2489=FACE_BOUND('',#2331,.T.);
#2490=FACE_BOUND('',#2332,.T.);
#2491=FACE_BOUND('',#2333,.T.);
#2492=FACE_BOUND('',#2334,.T.);
#2493=FACE_BOUND('',#2335,.T.);
#2494=FACE_BOUND('',#2336,.T.);
#2495=FACE_BOUND('',#2337,.T.);
#2496=FACE_BOUND('',#2338,.T.);
#2497=FACE_BOUND('',#2339,.T.);
#2498=FACE_BOUND('',#2340,.T.);
#2499=FACE_BOUND('',#2341,.T.);
#2500=FACE_BOUND('',#2342,.T.);
#2501=FACE_BOUND('',#2343,.T.);
#2502=FACE_BOUND('',#2344,.T.);
#2503=FACE_BOUND('',#2345,.T.);
#2504=FACE_BOUND('',#2346,.T.);
#2505=FACE_BOUND('',#2347,.T.);
#2506=FACE_BOUND('',#2348,.T.);
#2507=FACE_BOUND('',#2349,.T.);
#2508=FACE_BOUND('',#2350,.T.);
#2509=FACE_BOUND('',#2351,.T.);
#2510=FACE_BOUND('',#2352,.T.);
#2511=FACE_BOUND('',#2353,.T.);
#2512=FACE_BOUND('',#2354,.T.);
#2513=FACE_BOUND('',#2355,.T.);
#2514=FACE_BOUND('',#2356,.T.);
#2515=FACE_BOUND('',#2357,.T.);
#2516=FACE_BOUND('',#2358,.T.);
#2517=FACE_BOUND('',#2359,.T.);
#2518=FACE_BOUND('',#2360,.T.);
#2519=FACE_BOUND('',#2361,.T.);
#2520=FACE_BOUND('',#2362,.T.);
#2521=FACE_BOUND('',#2363,.T.);
#2522=FACE_BOUND('',#2364,.T.);
#2523=FACE_BOUND('',#2365,.T.);
#2524=CYLINDRICAL_SURFACE('',#2835,0.0185268281710272);
#2525=CYLINDRICAL_SURFACE('',#2838,0.00043);
#2526=CYLINDRICAL_SURFACE('',#2841,0.00043);
#2527=CYLINDRICAL_SURFACE('',#2844,0.00176490249675999);
#2528=CYLINDRICAL_SURFACE('',#2847,0.0165286281710275);
#2529=CYLINDRICAL_SURFACE('',#2850,0.00176490249675999);
#2530=CYLINDRICAL_SURFACE('',#2853,0.0185268281710272);
#2531=CYLINDRICAL_SURFACE('',#2856,0.00043);
#2532=CYLINDRICAL_SURFACE('',#2859,0.00043);
#2533=CYLINDRICAL_SURFACE('',#2862,0.00176490249675999);
#2534=CYLINDRICAL_SURFACE('',#2865,0.0165286281710275);
#2535=CYLINDRICAL_SURFACE('',#2868,0.00176490249675999);
#2536=CYLINDRICAL_SURFACE('',#2871,0.0185268281710272);
#2537=CYLINDRICAL_SURFACE('',#2874,0.00043);
#2538=CYLINDRICAL_SURFACE('',#2877,0.00043);
#2539=CYLINDRICAL_SURFACE('',#2880,0.00176490249675999);
#2540=CYLINDRICAL_SURFACE('',#2883,0.0165286281710275);
#2541=CYLINDRICAL_SURFACE('',#2886,0.00176490249675999);
#2542=CYLINDRICAL_SURFACE('',#2889,0.0185268281710272);
#2543=CYLINDRICAL_SURFACE('',#2892,0.00043);
#2544=CYLINDRICAL_SURFACE('',#2895,0.00043);
#2545=CYLINDRICAL_SURFACE('',#2898,0.00176490249675999);
#2546=CYLINDRICAL_SURFACE('',#2901,0.0165286281710275);
#2547=CYLINDRICAL_SURFACE('',#2904,0.00176490249675999);
#2548=CYLINDRICAL_SURFACE('',#2907,0.0185268281710272);
#2549=CYLINDRICAL_SURFACE('',#2910,0.00043);
#2550=CYLINDRICAL_SURFACE('',#2913,0.00043);
#2551=CYLINDRICAL_SURFACE('',#2916,0.00176490249675999);
#2552=CYLINDRICAL_SURFACE('',#2919,0.0165286281710275);
#2553=CYLINDRICAL_SURFACE('',#2922,0.00176490249675999);
#2554=CYLINDRICAL_SURFACE('',#2925,0.0185268281710272);
#2555=CYLINDRICAL_SURFACE('',#2928,0.00043);
#2556=CYLINDRICAL_SURFACE('',#2931,0.00043);
#2557=CYLINDRICAL_SURFACE('',#2934,0.00176490249675999);
#2558=CYLINDRICAL_SURFACE('',#2937,0.0165286281710275);
#2559=CYLINDRICAL_SURFACE('',#2940,0.00176490249675999);
#2560=CYLINDRICAL_SURFACE('',#2943,0.0185268281710272);
#2561=CYLINDRICAL_SURFACE('',#2946,0.00043);
#2562=CYLINDRICAL_SURFACE('',#2949,0.00043);
#2563=CYLINDRICAL_SURFACE('',#2952,0.00176490249675999);
#2564=CYLINDRICAL_SURFACE('',#2955,0.0165286281710275);
#2565=CYLINDRICAL_SURFACE('',#2958,0.00176490249675999);
#2566=CYLINDRICAL_SURFACE('',#2961,0.0185268281710272);
#2567=CYLINDRICAL_SURFACE('',#2964,0.00043);
#2568=CYLINDRICAL_SURFACE('',#2967,0.00043);
#2569=CYLINDRICAL_SURFACE('',#2970,0.00176490249675999);
#2570=CYLINDRICAL_SURFACE('',#2973,0.0165286281710275);
#2571=CYLINDRICAL_SURFACE('',#2976,0.00176490249675999);
#2572=CYLINDRICAL_SURFACE('',#2979,0.0185268281710272);
#2573=CYLINDRICAL_SURFACE('',#2982,0.00043);
#2574=CYLINDRICAL_SURFACE('',#2985,0.00043);
#2575=CYLINDRICAL_SURFACE('',#2988,0.00176490249675999);
#2576=CYLINDRICAL_SURFACE('',#2991,0.0165286281710275);
#2577=CYLINDRICAL_SURFACE('',#2994,0.00176490249675999);
#2578=CYLINDRICAL_SURFACE('',#2997,0.0185268281710272);
#2579=CYLINDRICAL_SURFACE('',#3000,0.00043);
#2580=CYLINDRICAL_SURFACE('',#3003,0.00043);
#2581=CYLINDRICAL_SURFACE('',#3006,0.00176490249675999);
#2582=CYLINDRICAL_SURFACE('',#3009,0.0165286281710275);
#2583=CYLINDRICAL_SURFACE('',#3012,0.00176490249675999);
#2584=CYLINDRICAL_SURFACE('',#3015,0.0185268281710272);
#2585=CYLINDRICAL_SURFACE('',#3018,0.00043);
#2586=CYLINDRICAL_SURFACE('',#3021,0.00043);
#2587=CYLINDRICAL_SURFACE('',#3024,0.00176490249675999);
#2588=CYLINDRICAL_SURFACE('',#3027,0.0165286281710275);
#2589=CYLINDRICAL_SURFACE('',#3030,0.00176490249675999);
#2590=CYLINDRICAL_SURFACE('',#3033,0.0185268281710272);
#2591=CYLINDRICAL_SURFACE('',#3036,0.00043);
#2592=CYLINDRICAL_SURFACE('',#3039,0.00043);
#2593=CYLINDRICAL_SURFACE('',#3042,0.00176490249675999);
#2594=CYLINDRICAL_SURFACE('',#3045,0.0165286281710275);
#2595=CYLINDRICAL_SURFACE('',#3048,0.00176490249675999);
#2596=CYLINDRICAL_SURFACE('',#3051,0.0185268281710272);
#2597=CYLINDRICAL_SURFACE('',#3054,0.00043);
#2598=CYLINDRICAL_SURFACE('',#3057,0.00043);
#2599=CYLINDRICAL_SURFACE('',#3060,0.00176490249675999);
#2600=CYLINDRICAL_SURFACE('',#3063,0.0165286281710275);
#2601=CYLINDRICAL_SURFACE('',#3066,0.00176490249675999);
#2602=CYLINDRICAL_SURFACE('',#3069,0.0185268281710272);
#2603=CYLINDRICAL_SURFACE('',#3072,0.00043);
#2604=CYLINDRICAL_SURFACE('',#3075,0.00043);
#2605=CYLINDRICAL_SURFACE('',#3078,0.00176490249675999);
#2606=CYLINDRICAL_SURFACE('',#3081,0.0165286281710275);
#2607=CYLINDRICAL_SURFACE('',#3084,0.00176490249675999);
#2608=CYLINDRICAL_SURFACE('',#3087,0.0185268281710272);
#2609=CYLINDRICAL_SURFACE('',#3090,0.00043);
#2610=CYLINDRICAL_SURFACE('',#3093,0.00043);
#2611=CYLINDRICAL_SURFACE('',#3096,0.00176490249675999);
#2612=CYLINDRICAL_SURFACE('',#3099,0.0165286281710275);
#2613=CYLINDRICAL_SURFACE('',#3102,0.00176490249675999);
#2614=CYLINDRICAL_SURFACE('',#3105,0.0185268281710272);
#2615=CYLINDRICAL_SURFACE('',#3108,0.00043);
#2616=CYLINDRICAL_SURFACE('',#3111,0.00043);
#2617=CYLINDRICAL_SURFACE('',#3114,0.00176490249675999);
#2618=CYLINDRICAL_SURFACE('',#3117,0.0165286281710275);
#2619=CYLINDRICAL_SURFACE('',#3120,0.00176490249675999);
#2620=CYLINDRICAL_SURFACE('',#3123,0.0185268281710272);
#2621=CYLINDRICAL_SURFACE('',#3126,0.00043);
#2622=CYLINDRICAL_SURFACE('',#3129,0.00043);
#2623=CYLINDRICAL_SURFACE('',#3132,0.00176490249675999);
#2624=CYLINDRICAL_SURFACE('',#3135,0.0165286281710275);
#2625=CYLINDRICAL_SURFACE('',#3138,0.00176490249675999);
#2626=CYLINDRICAL_SURFACE('',#3141,0.0185268281710272);
#2627=CYLINDRICAL_SURFACE('',#3144,0.00043);
#2628=CYLINDRICAL_SURFACE('',#3147,0.00043);
#2629=CYLINDRICAL_SURFACE('',#3150,0.00176490249675999);
#2630=CYLINDRICAL_SURFACE('',#3153,0.0165286281710275);
#2631=CYLINDRICAL_SURFACE('',#3156,0.00176490249675999);
#2632=CYLINDRICAL_SURFACE('',#3159,0.0185268281710272);
#2633=CYLINDRICAL_SURFACE('',#3162,0.00043);
#2634=CYLINDRICAL_SURFACE('',#3165,0.00043);
#2635=CYLINDRICAL_SURFACE('',#3168,0.00176490249675999);
#2636=CYLINDRICAL_SURFACE('',#3171,0.0165286281710275);
#2637=CYLINDRICAL_SURFACE('',#3174,0.00176490249675999);
#2638=CYLINDRICAL_SURFACE('',#3177,0.0185268281710272);
#2639=CYLINDRICAL_SURFACE('',#3180,0.00043);
#2640=CYLINDRICAL_SURFACE('',#3183,0.00043);
#2641=CYLINDRICAL_SURFACE('',#3186,0.00176490249675999);
#2642=CYLINDRICAL_SURFACE('',#3189,0.0165286281710275);
#2643=CYLINDRICAL_SURFACE('',#3192,0.00176490249675999);
#2644=CYLINDRICAL_SURFACE('',#3195,0.0185268281710272);
#2645=CYLINDRICAL_SURFACE('',#3198,0.00043);
#2646=CYLINDRICAL_SURFACE('',#3201,0.00043);
#2647=CYLINDRICAL_SURFACE('',#3204,0.00176490249675999);
#2648=CYLINDRICAL_SURFACE('',#3207,0.0165286281710275);
#2649=CYLINDRICAL_SURFACE('',#3210,0.00176490249675999);
#2650=CYLINDRICAL_SURFACE('',#3213,0.0185268281710272);
#2651=CYLINDRICAL_SURFACE('',#3216,0.00043);
#2652=CYLINDRICAL_SURFACE('',#3219,0.00043);
#2653=CYLINDRICAL_SURFACE('',#3222,0.00176490249675999);
#2654=CYLINDRICAL_SURFACE('',#3225,0.0165286281710275);
#2655=CYLINDRICAL_SURFACE('',#3228,0.00176490249675999);
#2656=CYLINDRICAL_SURFACE('',#3231,0.0185268281710272);
#2657=CYLINDRICAL_SURFACE('',#3234,0.00043);
#2658=CYLINDRICAL_SURFACE('',#3237,0.00043);
#2659=CYLINDRICAL_SURFACE('',#3240,0.00176490249675999);
#2660=CYLINDRICAL_SURFACE('',#3243,0.0165286281710275);
#2661=CYLINDRICAL_SURFACE('',#3246,0.00176490249675999);
#2662=CYLINDRICAL_SURFACE('',#3249,0.0185268281710272);
#2663=CYLINDRICAL_SURFACE('',#3252,0.00176490249675999);
#2664=CYLINDRICAL_SURFACE('',#3255,0.0165286281710275);
#2665=CYLINDRICAL_SURFACE('',#3258,0.00176490249675999);
#2666=CYLINDRICAL_SURFACE('',#3261,0.00043);
#2667=CYLINDRICAL_SURFACE('',#3264,0.00043);
#2668=CYLINDRICAL_SURFACE('',#3271,0.0204549761777695);
#2669=CYLINDRICAL_SURFACE('',#3278,0.0204549761777695);
#2670=ADVANCED_FACE('',(#2366),#2524,.T.);
#2671=ADVANCED_FACE('',(#2367),#2525,.T.);
#2672=ADVANCED_FACE('',(#2368),#2526,.T.);
#2673=ADVANCED_FACE('',(#2369),#2527,.F.);
#2674=ADVANCED_FACE('',(#2370),#2528,.T.);
#2675=ADVANCED_FACE('',(#2371),#2529,.F.);
#2676=ADVANCED_FACE('',(#2372),#2530,.T.);
#2677=ADVANCED_FACE('',(#2373),#2531,.T.);
#2678=ADVANCED_FACE('',(#2374),#2532,.T.);
#2679=ADVANCED_FACE('',(#2375),#2533,.F.);
#2680=ADVANCED_FACE('',(#2376),#2534,.T.);
#2681=ADVANCED_FACE('',(#2377),#2535,.F.);
#2682=ADVANCED_FACE('',(#2378),#2536,.T.);
#2683=ADVANCED_FACE('',(#2379),#2537,.T.);
#2684=ADVANCED_FACE('',(#2380),#2538,.T.);
#2685=ADVANCED_FACE('',(#2381),#2539,.F.);
#2686=ADVANCED_FACE('',(#2382),#2540,.T.);
#2687=ADVANCED_FACE('',(#2383),#2541,.F.);
#2688=ADVANCED_FACE('',(#2384),#2542,.T.);
#2689=ADVANCED_FACE('',(#2385),#2543,.T.);
#2690=ADVANCED_FACE('',(#2386),#2544,.T.);
#2691=ADVANCED_FACE('',(#2387),#2545,.F.);
#2692=ADVANCED_FACE('',(#2388),#2546,.T.);
#2693=ADVANCED_FACE('',(#2389),#2547,.F.);
#2694=ADVANCED_FACE('',(#2390),#2548,.T.);
#2695=ADVANCED_FACE('',(#2391),#2549,.T.);
#2696=ADVANCED_FACE('',(#2392),#2550,.T.);
#2697=ADVANCED_FACE('',(#2393),#2551,.F.);
#2698=ADVANCED_FACE('',(#2394),#2552,.T.);
#2699=ADVANCED_FACE('',(#2395),#2553,.F.);
#2700=ADVANCED_FACE('',(#2396),#2554,.T.);
#2701=ADVANCED_FACE('',(#2397),#2555,.T.);
#2702=ADVANCED_FACE('',(#2398),#2556,.T.);
#2703=ADVANCED_FACE('',(#2399),#2557,.F.);
#2704=ADVANCED_FACE('',(#2400),#2558,.T.);
#2705=ADVANCED_FACE('',(#2401),#2559,.F.);
#2706=ADVANCED_FACE('',(#2402),#2560,.T.);
#2707=ADVANCED_FACE('',(#2403),#2561,.T.);
#2708=ADVANCED_FACE('',(#2404),#2562,.T.);
#2709=ADVANCED_FACE('',(#2405),#2563,.F.);
#2710=ADVANCED_FACE('',(#2406),#2564,.T.);
#2711=ADVANCED_FACE('',(#2407),#2565,.F.);
#2712=ADVANCED_FACE('',(#2408),#2566,.T.);
#2713=ADVANCED_FACE('',(#2409),#2567,.T.);
#2714=ADVANCED_FACE('',(#2410),#2568,.T.);
#2715=ADVANCED_FACE('',(#2411),#2569,.F.);
#2716=ADVANCED_FACE('',(#2412),#2570,.T.);
#2717=ADVANCED_FACE('',(#2413),#2571,.F.);
#2718=ADVANCED_FACE('',(#2414),#2572,.T.);
#2719=ADVANCED_FACE('',(#2415),#2573,.T.);
#2720=ADVANCED_FACE('',(#2416),#2574,.T.);
#2721=ADVANCED_FACE('',(#2417),#2575,.F.);
#2722=ADVANCED_FACE('',(#2418),#2576,.T.);
#2723=ADVANCED_FACE('',(#2419),#2577,.F.);
#2724=ADVANCED_FACE('',(#2420),#2578,.T.);
#2725=ADVANCED_FACE('',(#2421),#2579,.T.);
#2726=ADVANCED_FACE('',(#2422),#2580,.T.);
#2727=ADVANCED_FACE('',(#2423),#2581,.F.);
#2728=ADVANCED_FACE('',(#2424),#2582,.T.);
#2729=ADVANCED_FACE('',(#2425),#2583,.F.);
#2730=ADVANCED_FACE('',(#2426),#2584,.T.);
#2731=ADVANCED_FACE('',(#2427),#2585,.T.);
#2732=ADVANCED_FACE('',(#2428),#2586,.T.);
#2733=ADVANCED_FACE('',(#2429),#2587,.F.);
#2734=ADVANCED_FACE('',(#2430),#2588,.T.);
#2735=ADVANCED_FACE('',(#2431),#2589,.F.);
#2736=ADVANCED_FACE('',(#2432),#2590,.T.);
#2737=ADVANCED_FACE('',(#2433),#2591,.T.);
#2738=ADVANCED_FACE('',(#2434),#2592,.T.);
#2739=ADVANCED_FACE('',(#2435),#2593,.F.);
#2740=ADVANCED_FACE('',(#2436),#2594,.T.);
#2741=ADVANCED_FACE('',(#2437),#2595,.F.);
#2742=ADVANCED_FACE('',(#2438),#2596,.T.);
#2743=ADVANCED_FACE('',(#2439),#2597,.T.);
#2744=ADVANCED_FACE('',(#2440),#2598,.T.);
#2745=ADVANCED_FACE('',(#2441),#2599,.F.);
#2746=ADVANCED_FACE('',(#2442),#2600,.T.);
#2747=ADVANCED_FACE('',(#2443),#2601,.F.);
#2748=ADVANCED_FACE('',(#2444),#2602,.T.);
#2749=ADVANCED_FACE('',(#2445),#2603,.T.);
#2750=ADVANCED_FACE('',(#2446),#2604,.T.);
#2751=ADVANCED_FACE('',(#2447),#2605,.F.);
#2752=ADVANCED_FACE('',(#2448),#2606,.T.);
#2753=ADVANCED_FACE('',(#2449),#2607,.F.);
#2754=ADVANCED_FACE('',(#2450),#2608,.T.);
#2755=ADVANCED_FACE('',(#2451),#2609,.T.);
#2756=ADVANCED_FACE('',(#2452),#2610,.T.);
#2757=ADVANCED_FACE('',(#2453),#2611,.F.);
#2758=ADVANCED_FACE('',(#2454),#2612,.T.);
#2759=ADVANCED_FACE('',(#2455),#2613,.F.);
#2760=ADVANCED_FACE('',(#2456),#2614,.T.);
#2761=ADVANCED_FACE('',(#2457),#2615,.T.);
#2762=ADVANCED_FACE('',(#2458),#2616,.T.);
#2763=ADVANCED_FACE('',(#2459),#2617,.F.);
#2764=ADVANCED_FACE('',(#2460),#2618,.T.);
#2765=ADVANCED_FACE('',(#2461),#2619,.F.);
#2766=ADVANCED_FACE('',(#2462),#2620,.T.);
#2767=ADVANCED_FACE('',(#2463),#2621,.T.);
#2768=ADVANCED_FACE('',(#2464),#2622,.T.);
#2769=ADVANCED_FACE('',(#2465),#2623,.F.);
#2770=ADVANCED_FACE('',(#2466),#2624,.T.);
#2771=ADVANCED_FACE('',(#2467),#2625,.F.);
#2772=ADVANCED_FACE('',(#2468),#2626,.T.);
#2773=ADVANCED_FACE('',(#2469),#2627,.T.);
#2774=ADVANCED_FACE('',(#2470),#2628,.T.);
#2775=ADVANCED_FACE('',(#2471),#2629,.F.);
#2776=ADVANCED_FACE('',(#2472),#2630,.T.);
#2777=ADVANCED_FACE('',(#2473),#2631,.F.);
#2778=ADVANCED_FACE('',(#2474),#2632,.T.);
#2779=ADVANCED_FACE('',(#2475),#2633,.T.);
#2780=ADVANCED_FACE('',(#2476),#2634,.T.);
#2781=ADVANCED_FACE('',(#2477),#2635,.F.);
#2782=ADVANCED_FACE('',(#2478),#2636,.T.);
#2783=ADVANCED_FACE('',(#2479),#2637,.F.);
#2784=ADVANCED_FACE('',(#2480),#2638,.T.);
#2785=ADVANCED_FACE('',(#2481),#2639,.T.);
#2786=ADVANCED_FACE('',(#2482),#2640,.T.);
#2787=ADVANCED_FACE('',(#2483),#2641,.F.);
#2788=ADVANCED_FACE('',(#2484),#2642,.T.);
#2789=ADVANCED_FACE('',(#2485),#2643,.F.);
#2790=ADVANCED_FACE('',(#2486),#2644,.T.);
#2791=ADVANCED_FACE('',(#2487),#2645,.T.);
#2792=ADVANCED_FACE('',(#2488),#2646,.T.);
#2793=ADVANCED_FACE('',(#2489),#2647,.F.);
#2794=ADVANCED_FACE('',(#2490),#2648,.T.);
#2795=ADVANCED_FACE('',(#2491),#2649,.F.);
#2796=ADVANCED_FACE('',(#2492),#2650,.T.);
#2797=ADVANCED_FACE('',(#2493),#2651,.T.);
#2798=ADVANCED_FACE('',(#2494),#2652,.T.);
#2799=ADVANCED_FACE('',(#2495),#2653,.F.);
#2800=ADVANCED_FACE('',(#2496),#2654,.T.);
#2801=ADVANCED_FACE('',(#2497),#2655,.F.);
#2802=ADVANCED_FACE('',(#2498),#2656,.T.);
#2803=ADVANCED_FACE('',(#2499),#2657,.T.);
#2804=ADVANCED_FACE('',(#2500),#2658,.T.);
#2805=ADVANCED_FACE('',(#2501),#2659,.F.);
#2806=ADVANCED_FACE('',(#2502),#2660,.T.);
#2807=ADVANCED_FACE('',(#2503),#2661,.F.);
#2808=ADVANCED_FACE('',(#2504),#2662,.T.);
#2809=ADVANCED_FACE('',(#2505),#2663,.F.);
#2810=ADVANCED_FACE('',(#2506),#2664,.T.);
#2811=ADVANCED_FACE('',(#2507),#2665,.F.);
#2812=ADVANCED_FACE('',(#2508),#2666,.T.);
#2813=ADVANCED_FACE('',(#2509),#2667,.T.);
#2814=ADVANCED_FACE('',(#2510,#2511),#14,.F.);
#2815=ADVANCED_FACE('',(#2512,#2513),#12,.T.);
#2816=ADVANCED_FACE('',(#2514,#2515),#2668,.T.);
#2817=ADVANCED_FACE('',(#2516),#15,.T.);
#2818=ADVANCED_FACE('',(#2517,#2518),#16,.F.);
#2819=ADVANCED_FACE('',(#2519,#2520),#13,.T.);
#2820=ADVANCED_FACE('',(#2521,#2522),#2669,.T.);
#2821=ADVANCED_FACE('',(#2523),#17,.T.);
#2822=CLOSED_SHELL('',(#2670,#2671,#2672,#2673,#2674,#2675,#2676,#2677,
#2678,#2679,#2680,#2681,#2682,#2683,#2684,#2685,#2686,#2687,#2688,#2689,
#2690,#2691,#2692,#2693,#2694,#2695,#2696,#2697,#2698,#2699,#2700,#2701,
#2702,#2703,#2704,#2705,#2706,#2707,#2708,#2709,#2710,#2711,#2712,#2713,
#2714,#2715,#2716,#2717,#2718,#2719,#2720,#2721,#2722,#2723,#2724,#2725,
#2726,#2727,#2728,#2729,#2730,#2731,#2732,#2733,#2734,#2735,#2736,#2737,
#2738,#2739,#2740,#2741,#2742,#2743,#2744,#2745,#2746,#2747,#2748,#2749,
#2750,#2751,#2752,#2753,#2754,#2755,#2756,#2757,#2758,#2759,#2760,#2761,
#2762,#2763,#2764,#2765,#2766,#2767,#2768,#2769,#2770,#2771,#2772,#2773,
#2774,#2775,#2776,#2777,#2778,#2779,#2780,#2781,#2782,#2783,#2784,#2785,
#2786,#2787,#2788,#2789,#2790,#2791,#2792,#2793,#2794,#2795,#2796,#2797,
#2798,#2799,#2800,#2801,#2802,#2803,#2804,#2805,#2806,#2807,#2808,#2809,
#2810,#2811,#2812,#2813,#2814,#2815,#2816,#2817,#2818,#2819,#2820,#2821));
#2823=STYLED_ITEM('',(#2824),#2831);
#2824=PRESENTATION_STYLE_ASSIGNMENT((#2825));
#2825=SURFACE_STYLE_USAGE(.BOTH.,#2826);
#2826=SURFACE_SIDE_STYLE('',(#2827));
#2827=SURFACE_STYLE_FILL_AREA(#2828);
#2828=FILL_AREA_STYLE('',(#2829));
#2829=FILL_AREA_STYLE_COLOUR('',#2830);
#2830=COLOUR_RGB('',0.,0.337254901960785,0.72156862745098);
#2831=MANIFOLD_SOLID_BREP('[LS] Pulley HTD5 24T',#2822);
#2832=SHAPE_DEFINITION_REPRESENTATION(#5210,#2833);
#2833=SHAPE_REPRESENTATION('[LS] Pulley HTD5 24T',(#2834),#5205);
#2834=AXIS2_PLACEMENT_3D('',#4319,#3281,#3282);
#2835=AXIS2_PLACEMENT_3D('',#4320,#3283,#3284);
#2836=AXIS2_PLACEMENT_3D('',#4321,#3285,#3286);
#2837=AXIS2_PLACEMENT_3D('',#4326,#3288,#3289);
#2838=AXIS2_PLACEMENT_3D('',#4329,#3291,#3292);
#2839=AXIS2_PLACEMENT_3D('',#4330,#3293,#3294);
#2840=AXIS2_PLACEMENT_3D('',#4334,#3296,#3297);
#2841=AXIS2_PLACEMENT_3D('',#4335,#3298,#3299);
#2842=AXIS2_PLACEMENT_3D('',#4336,#3300,#3301);
#2843=AXIS2_PLACEMENT_3D('',#4341,#3303,#3304);
#2844=AXIS2_PLACEMENT_3D('',#4344,#3306,#3307);
#2845=AXIS2_PLACEMENT_3D('',#4348,#3309,#3310);
#2846=AXIS2_PLACEMENT_3D('',#4349,#3311,#3312);
#2847=AXIS2_PLACEMENT_3D('',#4350,#3313,#3314);
#2848=AXIS2_PLACEMENT_3D('',#4354,#3316,#3317);
#2849=AXIS2_PLACEMENT_3D('',#4355,#3318,#3319);
#2850=AXIS2_PLACEMENT_3D('',#4356,#3320,#3321);
#2851=AXIS2_PLACEMENT_3D('',#4357,#3322,#3323);
#2852=AXIS2_PLACEMENT_3D('',#4358,#3324,#3325);
#2853=AXIS2_PLACEMENT_3D('',#4359,#3326,#3327);
#2854=AXIS2_PLACEMENT_3D('',#4360,#3328,#3329);
#2855=AXIS2_PLACEMENT_3D('',#4365,#3331,#3332);
#2856=AXIS2_PLACEMENT_3D('',#4368,#3334,#3335);
#2857=AXIS2_PLACEMENT_3D('',#4369,#3336,#3337);
#2858=AXIS2_PLACEMENT_3D('',#4373,#3339,#3340);
#2859=AXIS2_PLACEMENT_3D('',#4374,#3341,#3342);
#2860=AXIS2_PLACEMENT_3D('',#4375,#3343,#3344);
#2861=AXIS2_PLACEMENT_3D('',#4377,#3345,#3346);
#2862=AXIS2_PLACEMENT_3D('',#4380,#3348,#3349);
#2863=AXIS2_PLACEMENT_3D('',#4384,#3351,#3352);
#2864=AXIS2_PLACEMENT_3D('',#4385,#3353,#3354);
#2865=AXIS2_PLACEMENT_3D('',#4386,#3355,#3356);
#2866=AXIS2_PLACEMENT_3D('',#4390,#3358,#3359);
#2867=AXIS2_PLACEMENT_3D('',#4391,#3360,#3361);
#2868=AXIS2_PLACEMENT_3D('',#4392,#3362,#3363);
#2869=AXIS2_PLACEMENT_3D('',#4393,#3364,#3365);
#2870=AXIS2_PLACEMENT_3D('',#4394,#3366,#3367);
#2871=AXIS2_PLACEMENT_3D('',#4395,#3368,#3369);
#2872=AXIS2_PLACEMENT_3D('',#4396,#3370,#3371);
#2873=AXIS2_PLACEMENT_3D('',#4401,#3373,#3374);
#2874=AXIS2_PLACEMENT_3D('',#4404,#3376,#3377);
#2875=AXIS2_PLACEMENT_3D('',#4405,#3378,#3379);
#2876=AXIS2_PLACEMENT_3D('',#4409,#3381,#3382);
#2877=AXIS2_PLACEMENT_3D('',#4410,#3383,#3384);
#2878=AXIS2_PLACEMENT_3D('',#4411,#3385,#3386);
#2879=AXIS2_PLACEMENT_3D('',#4413,#3387,#3388);
#2880=AXIS2_PLACEMENT_3D('',#4416,#3390,#3391);
#2881=AXIS2_PLACEMENT_3D('',#4420,#3393,#3394);
#2882=AXIS2_PLACEMENT_3D('',#4421,#3395,#3396);
#2883=AXIS2_PLACEMENT_3D('',#4422,#3397,#3398);
#2884=AXIS2_PLACEMENT_3D('',#4426,#3400,#3401);
#2885=AXIS2_PLACEMENT_3D('',#4427,#3402,#3403);
#2886=AXIS2_PLACEMENT_3D('',#4428,#3404,#3405);
#2887=AXIS2_PLACEMENT_3D('',#4429,#3406,#3407);
#2888=AXIS2_PLACEMENT_3D('',#4430,#3408,#3409);
#2889=AXIS2_PLACEMENT_3D('',#4431,#3410,#3411);
#2890=AXIS2_PLACEMENT_3D('',#4432,#3412,#3413);
#2891=AXIS2_PLACEMENT_3D('',#4437,#3415,#3416);
#2892=AXIS2_PLACEMENT_3D('',#4440,#3418,#3419);
#2893=AXIS2_PLACEMENT_3D('',#4441,#3420,#3421);
#2894=AXIS2_PLACEMENT_3D('',#4445,#3423,#3424);
#2895=AXIS2_PLACEMENT_3D('',#4446,#3425,#3426);
#2896=AXIS2_PLACEMENT_3D('',#4447,#3427,#3428);
#2897=AXIS2_PLACEMENT_3D('',#4449,#3429,#3430);
#2898=AXIS2_PLACEMENT_3D('',#4452,#3432,#3433);
#2899=AXIS2_PLACEMENT_3D('',#4456,#3435,#3436);
#2900=AXIS2_PLACEMENT_3D('',#4457,#3437,#3438);
#2901=AXIS2_PLACEMENT_3D('',#4458,#3439,#3440);
#2902=AXIS2_PLACEMENT_3D('',#4462,#3442,#3443);
#2903=AXIS2_PLACEMENT_3D('',#4463,#3444,#3445);
#2904=AXIS2_PLACEMENT_3D('',#4464,#3446,#3447);
#2905=AXIS2_PLACEMENT_3D('',#4465,#3448,#3449);
#2906=AXIS2_PLACEMENT_3D('',#4466,#3450,#3451);
#2907=AXIS2_PLACEMENT_3D('',#4467,#3452,#3453);
#2908=AXIS2_PLACEMENT_3D('',#4468,#3454,#3455);
#2909=AXIS2_PLACEMENT_3D('',#4473,#3457,#3458);
#2910=AXIS2_PLACEMENT_3D('',#4476,#3460,#3461);
#2911=AXIS2_PLACEMENT_3D('',#4477,#3462,#3463);
#2912=AXIS2_PLACEMENT_3D('',#4481,#3465,#3466);
#2913=AXIS2_PLACEMENT_3D('',#4482,#3467,#3468);
#2914=AXIS2_PLACEMENT_3D('',#4483,#3469,#3470);
#2915=AXIS2_PLACEMENT_3D('',#4485,#3471,#3472);
#2916=AXIS2_PLACEMENT_3D('',#4488,#3474,#3475);
#2917=AXIS2_PLACEMENT_3D('',#4492,#3477,#3478);
#2918=AXIS2_PLACEMENT_3D('',#4493,#3479,#3480);
#2919=AXIS2_PLACEMENT_3D('',#4494,#3481,#3482);
#2920=AXIS2_PLACEMENT_3D('',#4498,#3484,#3485);
#2921=AXIS2_PLACEMENT_3D('',#4499,#3486,#3487);
#2922=AXIS2_PLACEMENT_3D('',#4500,#3488,#3489);
#2923=AXIS2_PLACEMENT_3D('',#4501,#3490,#3491);
#2924=AXIS2_PLACEMENT_3D('',#4502,#3492,#3493);
#2925=AXIS2_PLACEMENT_3D('',#4503,#3494,#3495);
#2926=AXIS2_PLACEMENT_3D('',#4504,#3496,#3497);
#2927=AXIS2_PLACEMENT_3D('',#4509,#3499,#3500);
#2928=AXIS2_PLACEMENT_3D('',#4512,#3502,#3503);
#2929=AXIS2_PLACEMENT_3D('',#4513,#3504,#3505);
#2930=AXIS2_PLACEMENT_3D('',#4517,#3507,#3508);
#2931=AXIS2_PLACEMENT_3D('',#4518,#3509,#3510);
#2932=AXIS2_PLACEMENT_3D('',#4519,#3511,#3512);
#2933=AXIS2_PLACEMENT_3D('',#4521,#3513,#3514);
#2934=AXIS2_PLACEMENT_3D('',#4524,#3516,#3517);
#2935=AXIS2_PLACEMENT_3D('',#4528,#3519,#3520);
#2936=AXIS2_PLACEMENT_3D('',#4529,#3521,#3522);
#2937=AXIS2_PLACEMENT_3D('',#4530,#3523,#3524);
#2938=AXIS2_PLACEMENT_3D('',#4534,#3526,#3527);
#2939=AXIS2_PLACEMENT_3D('',#4535,#3528,#3529);
#2940=AXIS2_PLACEMENT_3D('',#4536,#3530,#3531);
#2941=AXIS2_PLACEMENT_3D('',#4537,#3532,#3533);
#2942=AXIS2_PLACEMENT_3D('',#4538,#3534,#3535);
#2943=AXIS2_PLACEMENT_3D('',#4539,#3536,#3537);
#2944=AXIS2_PLACEMENT_3D('',#4540,#3538,#3539);
#2945=AXIS2_PLACEMENT_3D('',#4545,#3541,#3542);
#2946=AXIS2_PLACEMENT_3D('',#4548,#3544,#3545);
#2947=AXIS2_PLACEMENT_3D('',#4549,#3546,#3547);
#2948=AXIS2_PLACEMENT_3D('',#4553,#3549,#3550);
#2949=AXIS2_PLACEMENT_3D('',#4554,#3551,#3552);
#2950=AXIS2_PLACEMENT_3D('',#4555,#3553,#3554);
#2951=AXIS2_PLACEMENT_3D('',#4557,#3555,#3556);
#2952=AXIS2_PLACEMENT_3D('',#4560,#3558,#3559);
#2953=AXIS2_PLACEMENT_3D('',#4564,#3561,#3562);
#2954=AXIS2_PLACEMENT_3D('',#4565,#3563,#3564);
#2955=AXIS2_PLACEMENT_3D('',#4566,#3565,#3566);
#2956=AXIS2_PLACEMENT_3D('',#4570,#3568,#3569);
#2957=AXIS2_PLACEMENT_3D('',#4571,#3570,#3571);
#2958=AXIS2_PLACEMENT_3D('',#4572,#3572,#3573);
#2959=AXIS2_PLACEMENT_3D('',#4573,#3574,#3575);
#2960=AXIS2_PLACEMENT_3D('',#4574,#3576,#3577);
#2961=AXIS2_PLACEMENT_3D('',#4575,#3578,#3579);
#2962=AXIS2_PLACEMENT_3D('',#4576,#3580,#3581);
#2963=AXIS2_PLACEMENT_3D('',#4581,#3583,#3584);
#2964=AXIS2_PLACEMENT_3D('',#4584,#3586,#3587);
#2965=AXIS2_PLACEMENT_3D('',#4585,#3588,#3589);
#2966=AXIS2_PLACEMENT_3D('',#4589,#3591,#3592);
#2967=AXIS2_PLACEMENT_3D('',#4590,#3593,#3594);
#2968=AXIS2_PLACEMENT_3D('',#4591,#3595,#3596);
#2969=AXIS2_PLACEMENT_3D('',#4593,#3597,#3598);
#2970=AXIS2_PLACEMENT_3D('',#4596,#3600,#3601);
#2971=AXIS2_PLACEMENT_3D('',#4600,#3603,#3604);
#2972=AXIS2_PLACEMENT_3D('',#4601,#3605,#3606);
#2973=AXIS2_PLACEMENT_3D('',#4602,#3607,#3608);
#2974=AXIS2_PLACEMENT_3D('',#4606,#3610,#3611);
#2975=AXIS2_PLACEMENT_3D('',#4607,#3612,#3613);
#2976=AXIS2_PLACEMENT_3D('',#4608,#3614,#3615);
#2977=AXIS2_PLACEMENT_3D('',#4609,#3616,#3617);
#2978=AXIS2_PLACEMENT_3D('',#4610,#3618,#3619);
#2979=AXIS2_PLACEMENT_3D('',#4611,#3620,#3621);
#2980=AXIS2_PLACEMENT_3D('',#4612,#3622,#3623);
#2981=AXIS2_PLACEMENT_3D('',#4617,#3625,#3626);
#2982=AXIS2_PLACEMENT_3D('',#4620,#3628,#3629);
#2983=AXIS2_PLACEMENT_3D('',#4621,#3630,#3631);
#2984=AXIS2_PLACEMENT_3D('',#4625,#3633,#3634);
#2985=AXIS2_PLACEMENT_3D('',#4626,#3635,#3636);
#2986=AXIS2_PLACEMENT_3D('',#4627,#3637,#3638);
#2987=AXIS2_PLACEMENT_3D('',#4629,#3639,#3640);
#2988=AXIS2_PLACEMENT_3D('',#4632,#3642,#3643);
#2989=AXIS2_PLACEMENT_3D('',#4636,#3645,#3646);
#2990=AXIS2_PLACEMENT_3D('',#4637,#3647,#3648);
#2991=AXIS2_PLACEMENT_3D('',#4638,#3649,#3650);
#2992=AXIS2_PLACEMENT_3D('',#4642,#3652,#3653);
#2993=AXIS2_PLACEMENT_3D('',#4643,#3654,#3655);
#2994=AXIS2_PLACEMENT_3D('',#4644,#3656,#3657);
#2995=AXIS2_PLACEMENT_3D('',#4645,#3658,#3659);
#2996=AXIS2_PLACEMENT_3D('',#4646,#3660,#3661);
#2997=AXIS2_PLACEMENT_3D('',#4647,#3662,#3663);
#2998=AXIS2_PLACEMENT_3D('',#4648,#3664,#3665);
#2999=AXIS2_PLACEMENT_3D('',#4653,#3667,#3668);
#3000=AXIS2_PLACEMENT_3D('',#4656,#3670,#3671);
#3001=AXIS2_PLACEMENT_3D('',#4657,#3672,#3673);
#3002=AXIS2_PLACEMENT_3D('',#4661,#3675,#3676);
#3003=AXIS2_PLACEMENT_3D('',#4662,#3677,#3678);
#3004=AXIS2_PLACEMENT_3D('',#4663,#3679,#3680);
#3005=AXIS2_PLACEMENT_3D('',#4665,#3681,#3682);
#3006=AXIS2_PLACEMENT_3D('',#4668,#3684,#3685);
#3007=AXIS2_PLACEMENT_3D('',#4672,#3687,#3688);
#3008=AXIS2_PLACEMENT_3D('',#4673,#3689,#3690);
#3009=AXIS2_PLACEMENT_3D('',#4674,#3691,#3692);
#3010=AXIS2_PLACEMENT_3D('',#4678,#3694,#3695);
#3011=AXIS2_PLACEMENT_3D('',#4679,#3696,#3697);
#3012=AXIS2_PLACEMENT_3D('',#4680,#3698,#3699);
#3013=AXIS2_PLACEMENT_3D('',#4681,#3700,#3701);
#3014=AXIS2_PLACEMENT_3D('',#4682,#3702,#3703);
#3015=AXIS2_PLACEMENT_3D('',#4683,#3704,#3705);
#3016=AXIS2_PLACEMENT_3D('',#4684,#3706,#3707);
#3017=AXIS2_PLACEMENT_3D('',#4689,#3709,#3710);
#3018=AXIS2_PLACEMENT_3D('',#4692,#3712,#3713);
#3019=AXIS2_PLACEMENT_3D('',#4693,#3714,#3715);
#3020=AXIS2_PLACEMENT_3D('',#4697,#3717,#3718);
#3021=AXIS2_PLACEMENT_3D('',#4698,#3719,#3720);
#3022=AXIS2_PLACEMENT_3D('',#4699,#3721,#3722);
#3023=AXIS2_PLACEMENT_3D('',#4701,#3723,#3724);
#3024=AXIS2_PLACEMENT_3D('',#4704,#3726,#3727);
#3025=AXIS2_PLACEMENT_3D('',#4708,#3729,#3730);
#3026=AXIS2_PLACEMENT_3D('',#4709,#3731,#3732);
#3027=AXIS2_PLACEMENT_3D('',#4710,#3733,#3734);
#3028=AXIS2_PLACEMENT_3D('',#4714,#3736,#3737);
#3029=AXIS2_PLACEMENT_3D('',#4715,#3738,#3739);
#3030=AXIS2_PLACEMENT_3D('',#4716,#3740,#3741);
#3031=AXIS2_PLACEMENT_3D('',#4717,#3742,#3743);
#3032=AXIS2_PLACEMENT_3D('',#4718,#3744,#3745);
#3033=AXIS2_PLACEMENT_3D('',#4719,#3746,#3747);
#3034=AXIS2_PLACEMENT_3D('',#4720,#3748,#3749);
#3035=AXIS2_PLACEMENT_3D('',#4725,#3751,#3752);
#3036=AXIS2_PLACEMENT_3D('',#4728,#3754,#3755);
#3037=AXIS2_PLACEMENT_3D('',#4729,#3756,#3757);
#3038=AXIS2_PLACEMENT_3D('',#4733,#3759,#3760);
#3039=AXIS2_PLACEMENT_3D('',#4734,#3761,#3762);
#3040=AXIS2_PLACEMENT_3D('',#4735,#3763,#3764);
#3041=AXIS2_PLACEMENT_3D('',#4737,#3765,#3766);
#3042=AXIS2_PLACEMENT_3D('',#4740,#3768,#3769);
#3043=AXIS2_PLACEMENT_3D('',#4744,#3771,#3772);
#3044=AXIS2_PLACEMENT_3D('',#4745,#3773,#3774);
#3045=AXIS2_PLACEMENT_3D('',#4746,#3775,#3776);
#3046=AXIS2_PLACEMENT_3D('',#4750,#3778,#3779);
#3047=AXIS2_PLACEMENT_3D('',#4751,#3780,#3781);
#3048=AXIS2_PLACEMENT_3D('',#4752,#3782,#3783);
#3049=AXIS2_PLACEMENT_3D('',#4753,#3784,#3785);
#3050=AXIS2_PLACEMENT_3D('',#4754,#3786,#3787);
#3051=AXIS2_PLACEMENT_3D('',#4755,#3788,#3789);
#3052=AXIS2_PLACEMENT_3D('',#4756,#3790,#3791);
#3053=AXIS2_PLACEMENT_3D('',#4761,#3793,#3794);
#3054=AXIS2_PLACEMENT_3D('',#4764,#3796,#3797);
#3055=AXIS2_PLACEMENT_3D('',#4765,#3798,#3799);
#3056=AXIS2_PLACEMENT_3D('',#4769,#3801,#3802);
#3057=AXIS2_PLACEMENT_3D('',#4770,#3803,#3804);
#3058=AXIS2_PLACEMENT_3D('',#4771,#3805,#3806);
#3059=AXIS2_PLACEMENT_3D('',#4773,#3807,#3808);
#3060=AXIS2_PLACEMENT_3D('',#4776,#3810,#3811);
#3061=AXIS2_PLACEMENT_3D('',#4780,#3813,#3814);
#3062=AXIS2_PLACEMENT_3D('',#4781,#3815,#3816);
#3063=AXIS2_PLACEMENT_3D('',#4782,#3817,#3818);
#3064=AXIS2_PLACEMENT_3D('',#4786,#3820,#3821);
#3065=AXIS2_PLACEMENT_3D('',#4787,#3822,#3823);
#3066=AXIS2_PLACEMENT_3D('',#4788,#3824,#3825);
#3067=AXIS2_PLACEMENT_3D('',#4789,#3826,#3827);
#3068=AXIS2_PLACEMENT_3D('',#4790,#3828,#3829);
#3069=AXIS2_PLACEMENT_3D('',#4791,#3830,#3831);
#3070=AXIS2_PLACEMENT_3D('',#4792,#3832,#3833);
#3071=AXIS2_PLACEMENT_3D('',#4797,#3835,#3836);
#3072=AXIS2_PLACEMENT_3D('',#4800,#3838,#3839);
#3073=AXIS2_PLACEMENT_3D('',#4801,#3840,#3841);
#3074=AXIS2_PLACEMENT_3D('',#4805,#3843,#3844);
#3075=AXIS2_PLACEMENT_3D('',#4806,#3845,#3846);
#3076=AXIS2_PLACEMENT_3D('',#4807,#3847,#3848);
#3077=AXIS2_PLACEMENT_3D('',#4809,#3849,#3850);
#3078=AXIS2_PLACEMENT_3D('',#4812,#3852,#3853);
#3079=AXIS2_PLACEMENT_3D('',#4816,#3855,#3856);
#3080=AXIS2_PLACEMENT_3D('',#4817,#3857,#3858);
#3081=AXIS2_PLACEMENT_3D('',#4818,#3859,#3860);
#3082=AXIS2_PLACEMENT_3D('',#4822,#3862,#3863);
#3083=AXIS2_PLACEMENT_3D('',#4823,#3864,#3865);
#3084=AXIS2_PLACEMENT_3D('',#4824,#3866,#3867);
#3085=AXIS2_PLACEMENT_3D('',#4825,#3868,#3869);
#3086=AXIS2_PLACEMENT_3D('',#4826,#3870,#3871);
#3087=AXIS2_PLACEMENT_3D('',#4827,#3872,#3873);
#3088=AXIS2_PLACEMENT_3D('',#4828,#3874,#3875);
#3089=AXIS2_PLACEMENT_3D('',#4833,#3877,#3878);
#3090=AXIS2_PLACEMENT_3D('',#4836,#3880,#3881);
#3091=AXIS2_PLACEMENT_3D('',#4837,#3882,#3883);
#3092=AXIS2_PLACEMENT_3D('',#4841,#3885,#3886);
#3093=AXIS2_PLACEMENT_3D('',#4842,#3887,#3888);
#3094=AXIS2_PLACEMENT_3D('',#4843,#3889,#3890);
#3095=AXIS2_PLACEMENT_3D('',#4845,#3891,#3892);
#3096=AXIS2_PLACEMENT_3D('',#4848,#3894,#3895);
#3097=AXIS2_PLACEMENT_3D('',#4852,#3897,#3898);
#3098=AXIS2_PLACEMENT_3D('',#4853,#3899,#3900);
#3099=AXIS2_PLACEMENT_3D('',#4854,#3901,#3902);
#3100=AXIS2_PLACEMENT_3D('',#4858,#3904,#3905);
#3101=AXIS2_PLACEMENT_3D('',#4859,#3906,#3907);
#3102=AXIS2_PLACEMENT_3D('',#4860,#3908,#3909);
#3103=AXIS2_PLACEMENT_3D('',#4861,#3910,#3911);
#3104=AXIS2_PLACEMENT_3D('',#4862,#3912,#3913);
#3105=AXIS2_PLACEMENT_3D('',#4863,#3914,#3915);
#3106=AXIS2_PLACEMENT_3D('',#4864,#3916,#3917);
#3107=AXIS2_PLACEMENT_3D('',#4869,#3919,#3920);
#3108=AXIS2_PLACEMENT_3D('',#4872,#3922,#3923);
#3109=AXIS2_PLACEMENT_3D('',#4873,#3924,#3925);
#3110=AXIS2_PLACEMENT_3D('',#4877,#3927,#3928);
#3111=AXIS2_PLACEMENT_3D('',#4878,#3929,#3930);
#3112=AXIS2_PLACEMENT_3D('',#4879,#3931,#3932);
#3113=AXIS2_PLACEMENT_3D('',#4881,#3933,#3934);
#3114=AXIS2_PLACEMENT_3D('',#4884,#3936,#3937);
#3115=AXIS2_PLACEMENT_3D('',#4888,#3939,#3940);
#3116=AXIS2_PLACEMENT_3D('',#4889,#3941,#3942);
#3117=AXIS2_PLACEMENT_3D('',#4890,#3943,#3944);
#3118=AXIS2_PLACEMENT_3D('',#4894,#3946,#3947);
#3119=AXIS2_PLACEMENT_3D('',#4895,#3948,#3949);
#3120=AXIS2_PLACEMENT_3D('',#4896,#3950,#3951);
#3121=AXIS2_PLACEMENT_3D('',#4897,#3952,#3953);
#3122=AXIS2_PLACEMENT_3D('',#4898,#3954,#3955);
#3123=AXIS2_PLACEMENT_3D('',#4899,#3956,#3957);
#3124=AXIS2_PLACEMENT_3D('',#4900,#3958,#3959);
#3125=AXIS2_PLACEMENT_3D('',#4905,#3961,#3962);
#3126=AXIS2_PLACEMENT_3D('',#4908,#3964,#3965);
#3127=AXIS2_PLACEMENT_3D('',#4909,#3966,#3967);
#3128=AXIS2_PLACEMENT_3D('',#4913,#3969,#3970);
#3129=AXIS2_PLACEMENT_3D('',#4914,#3971,#3972);
#3130=AXIS2_PLACEMENT_3D('',#4915,#3973,#3974);
#3131=AXIS2_PLACEMENT_3D('',#4917,#3975,#3976);
#3132=AXIS2_PLACEMENT_3D('',#4920,#3978,#3979);
#3133=AXIS2_PLACEMENT_3D('',#4924,#3981,#3982);
#3134=AXIS2_PLACEMENT_3D('',#4925,#3983,#3984);
#3135=AXIS2_PLACEMENT_3D('',#4926,#3985,#3986);
#3136=AXIS2_PLACEMENT_3D('',#4930,#3988,#3989);
#3137=AXIS2_PLACEMENT_3D('',#4931,#3990,#3991);
#3138=AXIS2_PLACEMENT_3D('',#4932,#3992,#3993);
#3139=AXIS2_PLACEMENT_3D('',#4933,#3994,#3995);
#3140=AXIS2_PLACEMENT_3D('',#4934,#3996,#3997);
#3141=AXIS2_PLACEMENT_3D('',#4935,#3998,#3999);
#3142=AXIS2_PLACEMENT_3D('',#4936,#4000,#4001);
#3143=AXIS2_PLACEMENT_3D('',#4941,#4003,#4004);
#3144=AXIS2_PLACEMENT_3D('',#4944,#4006,#4007);
#3145=AXIS2_PLACEMENT_3D('',#4945,#4008,#4009);
#3146=AXIS2_PLACEMENT_3D('',#4949,#4011,#4012);
#3147=AXIS2_PLACEMENT_3D('',#4950,#4013,#4014);
#3148=AXIS2_PLACEMENT_3D('',#4951,#4015,#4016);
#3149=AXIS2_PLACEMENT_3D('',#4953,#4017,#4018);
#3150=AXIS2_PLACEMENT_3D('',#4956,#4020,#4021);
#3151=AXIS2_PLACEMENT_3D('',#4960,#4023,#4024);
#3152=AXIS2_PLACEMENT_3D('',#4961,#4025,#4026);
#3153=AXIS2_PLACEMENT_3D('',#4962,#4027,#4028);
#3154=AXIS2_PLACEMENT_3D('',#4966,#4030,#4031);
#3155=AXIS2_PLACEMENT_3D('',#4967,#4032,#4033);
#3156=AXIS2_PLACEMENT_3D('',#4968,#4034,#4035);
#3157=AXIS2_PLACEMENT_3D('',#4969,#4036,#4037);
#3158=AXIS2_PLACEMENT_3D('',#4970,#4038,#4039);
#3159=AXIS2_PLACEMENT_3D('',#4971,#4040,#4041);
#3160=AXIS2_PLACEMENT_3D('',#4972,#4042,#4043);
#3161=AXIS2_PLACEMENT_3D('',#4977,#4045,#4046);
#3162=AXIS2_PLACEMENT_3D('',#4980,#4048,#4049);
#3163=AXIS2_PLACEMENT_3D('',#4981,#4050,#4051);
#3164=AXIS2_PLACEMENT_3D('',#4985,#4053,#4054);
#3165=AXIS2_PLACEMENT_3D('',#4986,#4055,#4056);
#3166=AXIS2_PLACEMENT_3D('',#4987,#4057,#4058);
#3167=AXIS2_PLACEMENT_3D('',#4989,#4059,#4060);
#3168=AXIS2_PLACEMENT_3D('',#4992,#4062,#4063);
#3169=AXIS2_PLACEMENT_3D('',#4996,#4065,#4066);
#3170=AXIS2_PLACEMENT_3D('',#4997,#4067,#4068);
#3171=AXIS2_PLACEMENT_3D('',#4998,#4069,#4070);
#3172=AXIS2_PLACEMENT_3D('',#5002,#4072,#4073);
#3173=AXIS2_PLACEMENT_3D('',#5003,#4074,#4075);
#3174=AXIS2_PLACEMENT_3D('',#5004,#4076,#4077);
#3175=AXIS2_PLACEMENT_3D('',#5005,#4078,#4079);
#3176=AXIS2_PLACEMENT_3D('',#5006,#4080,#4081);
#3177=AXIS2_PLACEMENT_3D('',#5007,#4082,#4083);
#3178=AXIS2_PLACEMENT_3D('',#5008,#4084,#4085);
#3179=AXIS2_PLACEMENT_3D('',#5013,#4087,#4088);
#3180=AXIS2_PLACEMENT_3D('',#5016,#4090,#4091);
#3181=AXIS2_PLACEMENT_3D('',#5017,#4092,#4093);
#3182=AXIS2_PLACEMENT_3D('',#5021,#4095,#4096);
#3183=AXIS2_PLACEMENT_3D('',#5022,#4097,#4098);
#3184=AXIS2_PLACEMENT_3D('',#5023,#4099,#4100);
#3185=AXIS2_PLACEMENT_3D('',#5025,#4101,#4102);
#3186=AXIS2_PLACEMENT_3D('',#5028,#4104,#4105);
#3187=AXIS2_PLACEMENT_3D('',#5032,#4107,#4108);
#3188=AXIS2_PLACEMENT_3D('',#5033,#4109,#4110);
#3189=AXIS2_PLACEMENT_3D('',#5034,#4111,#4112);
#3190=AXIS2_PLACEMENT_3D('',#5038,#4114,#4115);
#3191=AXIS2_PLACEMENT_3D('',#5039,#4116,#4117);
#3192=AXIS2_PLACEMENT_3D('',#5040,#4118,#4119);
#3193=AXIS2_PLACEMENT_3D('',#5041,#4120,#4121);
#3194=AXIS2_PLACEMENT_3D('',#5042,#4122,#4123);
#3195=AXIS2_PLACEMENT_3D('',#5043,#4124,#4125);
#3196=AXIS2_PLACEMENT_3D('',#5044,#4126,#4127);
#3197=AXIS2_PLACEMENT_3D('',#5049,#4129,#4130);
#3198=AXIS2_PLACEMENT_3D('',#5052,#4132,#4133);
#3199=AXIS2_PLACEMENT_3D('',#5053,#4134,#4135);
#3200=AXIS2_PLACEMENT_3D('',#5057,#4137,#4138);
#3201=AXIS2_PLACEMENT_3D('',#5058,#4139,#4140);
#3202=AXIS2_PLACEMENT_3D('',#5059,#4141,#4142);
#3203=AXIS2_PLACEMENT_3D('',#5061,#4143,#4144);
#3204=AXIS2_PLACEMENT_3D('',#5064,#4146,#4147);
#3205=AXIS2_PLACEMENT_3D('',#5068,#4149,#4150);
#3206=AXIS2_PLACEMENT_3D('',#5069,#4151,#4152);
#3207=AXIS2_PLACEMENT_3D('',#5070,#4153,#4154);
#3208=AXIS2_PLACEMENT_3D('',#5074,#4156,#4157);
#3209=AXIS2_PLACEMENT_3D('',#5075,#4158,#4159);
#3210=AXIS2_PLACEMENT_3D('',#5076,#4160,#4161);
#3211=AXIS2_PLACEMENT_3D('',#5077,#4162,#4163);
#3212=AXIS2_PLACEMENT_3D('',#5078,#4164,#4165);
#3213=AXIS2_PLACEMENT_3D('',#5079,#4166,#4167);
#3214=AXIS2_PLACEMENT_3D('',#5080,#4168,#4169);
#3215=AXIS2_PLACEMENT_3D('',#5085,#4171,#4172);
#3216=AXIS2_PLACEMENT_3D('',#5088,#4174,#4175);
#3217=AXIS2_PLACEMENT_3D('',#5089,#4176,#4177);
#3218=AXIS2_PLACEMENT_3D('',#5093,#4179,#4180);
#3219=AXIS2_PLACEMENT_3D('',#5094,#4181,#4182);
#3220=AXIS2_PLACEMENT_3D('',#5095,#4183,#4184);
#3221=AXIS2_PLACEMENT_3D('',#5097,#4185,#4186);
#3222=AXIS2_PLACEMENT_3D('',#5100,#4188,#4189);
#3223=AXIS2_PLACEMENT_3D('',#5104,#4191,#4192);
#3224=AXIS2_PLACEMENT_3D('',#5105,#4193,#4194);
#3225=AXIS2_PLACEMENT_3D('',#5106,#4195,#4196);
#3226=AXIS2_PLACEMENT_3D('',#5110,#4198,#4199);
#3227=AXIS2_PLACEMENT_3D('',#5111,#4200,#4201);
#3228=AXIS2_PLACEMENT_3D('',#5112,#4202,#4203);
#3229=AXIS2_PLACEMENT_3D('',#5113,#4204,#4205);
#3230=AXIS2_PLACEMENT_3D('',#5114,#4206,#4207);
#3231=AXIS2_PLACEMENT_3D('',#5115,#4208,#4209);
#3232=AXIS2_PLACEMENT_3D('',#5116,#4210,#4211);
#3233=AXIS2_PLACEMENT_3D('',#5121,#4213,#4214);
#3234=AXIS2_PLACEMENT_3D('',#5124,#4216,#4217);
#3235=AXIS2_PLACEMENT_3D('',#5125,#4218,#4219);
#3236=AXIS2_PLACEMENT_3D('',#5129,#4221,#4222);
#3237=AXIS2_PLACEMENT_3D('',#5130,#4223,#4224);
#3238=AXIS2_PLACEMENT_3D('',#5131,#4225,#4226);
#3239=AXIS2_PLACEMENT_3D('',#5133,#4227,#4228);
#3240=AXIS2_PLACEMENT_3D('',#5136,#4230,#4231);
#3241=AXIS2_PLACEMENT_3D('',#5140,#4233,#4234);
#3242=AXIS2_PLACEMENT_3D('',#5141,#4235,#4236);
#3243=AXIS2_PLACEMENT_3D('',#5142,#4237,#4238);
#3244=AXIS2_PLACEMENT_3D('',#5146,#4240,#4241);
#3245=AXIS2_PLACEMENT_3D('',#5147,#4242,#4243);
#3246=AXIS2_PLACEMENT_3D('',#5148,#4244,#4245);
#3247=AXIS2_PLACEMENT_3D('',#5149,#4246,#4247);
#3248=AXIS2_PLACEMENT_3D('',#5150,#4248,#4249);
#3249=AXIS2_PLACEMENT_3D('',#5151,#4250,#4251);
#3250=AXIS2_PLACEMENT_3D('',#5152,#4252,#4253);
#3251=AXIS2_PLACEMENT_3D('',#5156,#4255,#4256);
#3252=AXIS2_PLACEMENT_3D('',#5157,#4257,#4258);
#3253=AXIS2_PLACEMENT_3D('',#5161,#4260,#4261);
#3254=AXIS2_PLACEMENT_3D('',#5165,#4263,#4264);
#3255=AXIS2_PLACEMENT_3D('',#5166,#4265,#4266);
#3256=AXIS2_PLACEMENT_3D('',#5170,#4268,#4269);
#3257=AXIS2_PLACEMENT_3D('',#5171,#4270,#4271);
#3258=AXIS2_PLACEMENT_3D('',#5172,#4272,#4273);
#3259=AXIS2_PLACEMENT_3D('',#5173,#4274,#4275);
#3260=AXIS2_PLACEMENT_3D('',#5177,#4277,#4278);
#3261=AXIS2_PLACEMENT_3D('',#5178,#4279,#4280);
#3262=AXIS2_PLACEMENT_3D('',#5179,#4281,#4282);
#3263=AXIS2_PLACEMENT_3D('',#5180,#4283,#4284);
#3264=AXIS2_PLACEMENT_3D('',#5181,#4285,#4286);
#3265=AXIS2_PLACEMENT_3D('',#5182,#4287,#4288);
#3266=AXIS2_PLACEMENT_3D('',#5183,#4289,#4290);
#3267=AXIS2_PLACEMENT_3D('',#5184,#4291,#4292);
#3268=AXIS2_PLACEMENT_3D('',#5185,#4293,#4294);
#3269=AXIS2_PLACEMENT_3D('',#5187,#4295,#4296);
#3270=AXIS2_PLACEMENT_3D('',#5188,#4297,#4298);
#3271=AXIS2_PLACEMENT_3D('',#5190,#4299,#4300);
#3272=AXIS2_PLACEMENT_3D('',#5191,#4301,#4302);
#3273=AXIS2_PLACEMENT_3D('',#5193,#4303,#4304);
#3274=AXIS2_PLACEMENT_3D('',#5194,#4305,#4306);
#3275=AXIS2_PLACEMENT_3D('',#5195,#4307,#4308);
#3276=AXIS2_PLACEMENT_3D('',#5197,#4309,#4310);
#3277=AXIS2_PLACEMENT_3D('',#5198,#4311,#4312);
#3278=AXIS2_PLACEMENT_3D('',#5200,#4313,#4314);
#3279=AXIS2_PLACEMENT_3D('',#5201,#4315,#4316);
#3280=AXIS2_PLACEMENT_3D('',#5203,#4317,#4318);
#3281=DIRECTION('',(0.,0.,1.));
#3282=DIRECTION('',(1.,0.,0.));
#3283=DIRECTION('',(6.12323399573677E-17,-1.,-1.23055985995934E-16));
#3284=DIRECTION('',(6.18236460385662E-17,1.23055985995934E-16,-1.));
#3285=DIRECTION('',(-6.12323399573677E-17,1.,1.23055985995934E-16));
#3286=DIRECTION('',(-6.18236460385662E-17,-1.23055985995934E-16,1.));
#3287=DIRECTION('',(6.12323399573677E-17,-1.,-1.23055985995934E-16));
#3288=DIRECTION('',(-6.12323399573677E-17,1.,1.23055985995934E-16));
#3289=DIRECTION('',(-6.18236460385662E-17,-1.23055985995934E-16,1.));
#3290=DIRECTION('',(6.12323399573677E-17,-1.,-1.23055985995934E-16));
#3291=DIRECTION('',(-6.12323399573677E-17,1.,1.23055985995934E-16));
#3292=DIRECTION('',(0.258819045102522,-1.0301485919578E-16,0.965925826289068));
#3293=DIRECTION('',(-6.12323399573677E-17,1.,1.23055985995934E-16));
#3294=DIRECTION('',(0.258819045102522,-1.0301485919578E-16,0.965925826289068));
#3295=DIRECTION('',(6.12323399573677E-17,-1.,-1.23055985995934E-16));
#3296=DIRECTION('',(-6.12323399573677E-17,1.,1.23055985995934E-16));
#3297=DIRECTION('',(0.258819045102522,-1.0301485919578E-16,0.965925826289068));
#3298=DIRECTION('',(-6.12323399573677E-17,1.,1.23055985995934E-16));
#3299=DIRECTION('',(0.258819045102522,-1.0301485919578E-16,0.965925826289068));
#3300=DIRECTION('',(-6.12323399573677E-17,1.,1.23055985995934E-16));
#3301=DIRECTION('',(0.258819045102522,-1.0301485919578E-16,0.965925826289068));
#3302=DIRECTION('',(6.12323399573677E-17,-1.,-1.23055985995934E-16));
#3303=DIRECTION('',(-6.12323399573677E-17,1.,1.23055985995934E-16));
#3304=DIRECTION('',(0.258819045102522,-1.0301485919578E-16,0.965925826289068));
#3305=DIRECTION('',(6.12323399573677E-17,-1.,-1.23055985995934E-16));
#3306=DIRECTION('',(6.12323399573677E-17,-1.,-1.23055985995934E-16));
#3307=DIRECTION('',(-0.258819045102522,1.0301485919578E-16,-0.965925826289068));
#3308=DIRECTION('',(6.12323399573677E-17,-1.,-1.23055985995934E-16));
#3309=DIRECTION('',(-6.12323399573677E-17,1.,1.23055985995934E-16));
#3310=DIRECTION('',(0.258819045102522,-1.0301485919578E-16,0.965925826289068));
#3311=DIRECTION('',(-6.12323399573677E-17,1.,1.23055985995934E-16));
#3312=DIRECTION('',(0.258819045102522,-1.0301485919578E-16,0.965925826289068));
#3313=DIRECTION('',(6.12323399573677E-17,-1.,-1.23055985995934E-16));
#3314=DIRECTION('',(-0.258819045102522,1.0301485919578E-16,-0.965925826289068));
#3315=DIRECTION('',(6.12323399573677E-17,-1.,-1.23055985995934E-16));
#3316=DIRECTION('',(-6.12323399573677E-17,1.,1.23055985995934E-16));
#3317=DIRECTION('',(0.258819045102522,-1.0301485919578E-16,0.965925826289068));
#3318=DIRECTION('',(-6.12323399573677E-17,1.,1.23055985995934E-16));
#3319=DIRECTION('',(0.258819045102522,-1.0301485919578E-16,0.965925826289068));
#3320=DIRECTION('',(6.12323399573677E-17,-1.,-1.23055985995934E-16));
#3321=DIRECTION('',(-0.258819045102522,1.0301485919578E-16,-0.965925826289068));
#3322=DIRECTION('',(-6.12323399573677E-17,1.,1.23055985995934E-16));
#3323=DIRECTION('',(0.258819045102522,-1.0301485919578E-16,0.965925826289068));
#3324=DIRECTION('',(-6.12323399573677E-17,1.,1.23055985995934E-16));
#3325=DIRECTION('',(0.258819045102522,-1.0301485919578E-16,0.965925826289068));
#3326=DIRECTION('',(6.12323399573677E-17,-1.,-1.23055985995934E-16));
#3327=DIRECTION('',(6.18236460385662E-17,1.23055985995934E-16,-1.));
#3328=DIRECTION('',(-6.12323399573677E-17,1.,1.23055985995934E-16));
#3329=DIRECTION('',(-6.18236460385662E-17,-1.23055985995934E-16,1.));
#3330=DIRECTION('',(6.12323399573677E-17,-1.,-1.23055985995934E-16));
#3331=DIRECTION('',(-6.12323399573677E-17,1.,1.23055985995934E-16));
#3332=DIRECTION('',(-6.18236460385662E-17,-1.23055985995934E-16,1.));
#3333=DIRECTION('',(6.12323399573677E-17,-1.,-1.23055985995934E-16));
#3334=DIRECTION('',(-6.12323399573677E-17,1.,1.23055985995934E-16));
#3335=DIRECTION('',(0.5,-7.5953439981537E-17,0.866025403784438));
#3336=DIRECTION('',(-6.12323399573677E-17,1.,1.23055985995934E-16));
#3337=DIRECTION('',(0.5,-7.5953439981537E-17,0.866025403784438));
#3338=DIRECTION('',(6.12323399573677E-17,-1.,-1.23055985995934E-16));
#3339=DIRECTION('',(-6.12323399573677E-17,1.,1.23055985995934E-16));
#3340=DIRECTION('',(0.5,-7.5953439981537E-17,0.866025403784438));
#3341=DIRECTION('',(-6.12323399573677E-17,1.,1.23055985995934E-16));
#3342=DIRECTION('',(0.5,-7.5953439981537E-17,0.866025403784438));
#3343=DIRECTION('',(-6.12323399573677E-17,1.,1.23055985995934E-16));
#3344=DIRECTION('',(0.5,-7.5953439981537E-17,0.866025403784438));
#3345=DIRECTION('',(-6.12323399573677E-17,1.,1.23055985995934E-16));
#3346=DIRECTION('',(0.5,-7.5953439981537E-17,0.866025403784438));
#3347=DIRECTION('',(6.12323399573677E-17,-1.,-1.23055985995934E-16));
#3348=DIRECTION('',(6.12323399573677E-17,-1.,-1.23055985995934E-16));
#3349=DIRECTION('',(-0.5,7.5953439981537E-17,-0.866025403784438));
#3350=DIRECTION('',(6.12323399573677E-17,-1.,-1.23055985995934E-16));
#3351=DIRECTION('',(-6.12323399573677E-17,1.,1.23055985995934E-16));
#3352=DIRECTION('',(0.5,-7.5953439981537E-17,0.866025403784438));
#3353=DIRECTION('',(-6.12323399573677E-17,1.,1.23055985995934E-16));
#3354=DIRECTION('',(0.5,-7.5953439981537E-17,0.866025403784438));
#3355=DIRECTION('',(6.12323399573677E-17,-1.,-1.23055985995934E-16));
#3356=DIRECTION('',(-0.5,7.5953439981537E-17,-0.866025403784438));
#3357=DIRECTION('',(6.12323399573677E-17,-1.,-1.23055985995934E-16));
#3358=DIRECTION('',(-6.12323399573677E-17,1.,1.23055985995934E-16));
#3359=DIRECTION('',(0.5,-7.5953439981537E-17,0.866025403784438));
#3360=DIRECTION('',(-6.12323399573677E-17,1.,1.23055985995934E-16));
#3361=DIRECTION('',(0.5,-7.5953439981537E-17,0.866025403784438));
#3362=DIRECTION('',(6.12323399573677E-17,-1.,-1.23055985995934E-16));
#3363=DIRECTION('',(-0.5,7.5953439981537E-17,-0.866025403784438));
#3364=DIRECTION('',(-6.12323399573677E-17,1.,1.23055985995934E-16));
#3365=DIRECTION('',(0.5,-7.5953439981537E-17,0.866025403784438));
#3366=DIRECTION('',(-6.12323399573677E-17,1.,1.23055985995934E-16));
#3367=DIRECTION('',(0.5,-7.5953439981537E-17,0.866025403784438));
#3368=DIRECTION('',(6.12323399573677E-17,-1.,-1.23055985995934E-16));
#3369=DIRECTION('',(6.18236460385662E-17,1.23055985995934E-16,-1.));
#3370=DIRECTION('',(-6.12323399573677E-17,1.,1.23055985995934E-16));
#3371=DIRECTION('',(-6.18236460385662E-17,-1.23055985995934E-16,1.));
#3372=DIRECTION('',(6.12323399573677E-17,-1.,-1.23055985995934E-16));
#3373=DIRECTION('',(-6.12323399573677E-17,1.,1.23055985995934E-16));
#3374=DIRECTION('',(-6.18236460385662E-17,-1.23055985995934E-16,1.));
#3375=DIRECTION('',(6.12323399573677E-17,-1.,-1.23055985995934E-16));
#3376=DIRECTION('',(-6.12323399573677E-17,1.,1.23055985995934E-16));
#3377=DIRECTION('',(0.707106781186548,-4.3715919351547E-17,0.707106781186547));
#3378=DIRECTION('',(-6.12323399573677E-17,1.,1.23055985995934E-16));
#3379=DIRECTION('',(0.707106781186548,-4.3715919351547E-17,0.707106781186547));
#3380=DIRECTION('',(6.12323399573677E-17,-1.,-1.23055985995934E-16));
#3381=DIRECTION('',(-6.12323399573677E-17,1.,1.23055985995934E-16));
#3382=DIRECTION('',(0.707106781186548,-4.3715919351547E-17,0.707106781186547));
#3383=DIRECTION('',(-6.12323399573677E-17,1.,1.23055985995934E-16));
#3384=DIRECTION('',(0.707106781186548,-4.3715919351547E-17,0.707106781186547));
#3385=DIRECTION('',(-6.12323399573677E-17,1.,1.23055985995934E-16));
#3386=DIRECTION('',(0.707106781186548,-4.3715919351547E-17,0.707106781186547));
#3387=DIRECTION('',(-6.12323399573677E-17,1.,1.23055985995934E-16));
#3388=DIRECTION('',(0.707106781186548,-4.3715919351547E-17,0.707106781186547));
#3389=DIRECTION('',(6.12323399573677E-17,-1.,-1.23055985995934E-16));
#3390=DIRECTION('',(6.12323399573677E-17,-1.,-1.23055985995934E-16));
#3391=DIRECTION('',(-0.707106781186548,4.3715919351547E-17,-0.707106781186547));
#3392=DIRECTION('',(6.12323399573677E-17,-1.,-1.23055985995934E-16));
#3393=DIRECTION('',(-6.12323399573677E-17,1.,1.23055985995934E-16));
#3394=DIRECTION('',(0.707106781186548,-4.3715919351547E-17,0.707106781186547));
#3395=DIRECTION('',(-6.12323399573677E-17,1.,1.23055985995934E-16));
#3396=DIRECTION('',(0.707106781186548,-4.3715919351547E-17,0.707106781186547));
#3397=DIRECTION('',(6.12323399573677E-17,-1.,-1.23055985995934E-16));
#3398=DIRECTION('',(-0.707106781186548,4.3715919351547E-17,-0.707106781186547));
#3399=DIRECTION('',(6.12323399573677E-17,-1.,-1.23055985995934E-16));
#3400=DIRECTION('',(-6.12323399573677E-17,1.,1.23055985995934E-16));
#3401=DIRECTION('',(0.707106781186548,-4.3715919351547E-17,0.707106781186547));
#3402=DIRECTION('',(-6.12323399573677E-17,1.,1.23055985995934E-16));
#3403=DIRECTION('',(0.707106781186548,-4.3715919351547E-17,0.707106781186547));
#3404=DIRECTION('',(6.12323399573677E-17,-1.,-1.23055985995934E-16));
#3405=DIRECTION('',(-0.707106781186548,4.3715919351547E-17,-0.707106781186547));
#3406=DIRECTION('',(-6.12323399573677E-17,1.,1.23055985995934E-16));
#3407=DIRECTION('',(0.707106781186548,-4.3715919351547E-17,0.707106781186547));
#3408=DIRECTION('',(-6.12323399573677E-17,1.,1.23055985995934E-16));
#3409=DIRECTION('',(0.707106781186548,-4.3715919351547E-17,0.707106781186547));
#3410=DIRECTION('',(6.12323399573677E-17,-1.,-1.23055985995934E-16));
#3411=DIRECTION('',(6.18236460385662E-17,1.23055985995934E-16,-1.));
#3412=DIRECTION('',(-6.12323399573677E-17,1.,1.23055985995934E-16));
#3413=DIRECTION('',(-6.18236460385662E-17,-1.23055985995934E-16,1.));
#3414=DIRECTION('',(6.12323399573677E-17,-1.,-1.23055985995934E-16));
#3415=DIRECTION('',(-6.12323399573677E-17,1.,1.23055985995934E-16));
#3416=DIRECTION('',(-6.18236460385662E-17,-1.23055985995934E-16,1.));
#3417=DIRECTION('',(6.12323399573677E-17,-1.,-1.23055985995934E-16));
#3418=DIRECTION('',(-6.12323399573677E-17,1.,1.23055985995934E-16));
#3419=DIRECTION('',(0.866025403784439,-8.49923106172149E-18,0.5));
#3420=DIRECTION('',(-6.12323399573677E-17,1.,1.23055985995934E-16));
#3421=DIRECTION('',(0.866025403784439,-8.49923106172149E-18,0.5));
#3422=DIRECTION('',(6.12323399573677E-17,-1.,-1.23055985995934E-16));
#3423=DIRECTION('',(-6.12323399573677E-17,1.,1.23055985995934E-16));
#3424=DIRECTION('',(0.866025403784439,-8.49923106172149E-18,0.5));
#3425=DIRECTION('',(-6.12323399573677E-17,1.,1.23055985995934E-16));
#3426=DIRECTION('',(0.866025403784439,-8.49923106172149E-18,0.5));
#3427=DIRECTION('',(-6.12323399573677E-17,1.,1.23055985995934E-16));
#3428=DIRECTION('',(0.866025403784439,-8.49923106172149E-18,0.5));
#3429=DIRECTION('',(-6.12323399573677E-17,1.,1.23055985995934E-16));
#3430=DIRECTION('',(0.866025403784439,-8.49923106172149E-18,0.5));
#3431=DIRECTION('',(6.12323399573677E-17,-1.,-1.23055985995934E-16));
#3432=DIRECTION('',(6.12323399573677E-17,-1.,-1.23055985995934E-16));
#3433=DIRECTION('',(-0.866025403784439,8.49923106172149E-18,-0.5));
#3434=DIRECTION('',(6.12323399573677E-17,-1.,-1.23055985995934E-16));
#3435=DIRECTION('',(-6.12323399573677E-17,1.,1.23055985995934E-16));
#3436=DIRECTION('',(0.866025403784439,-8.49923106172149E-18,0.5));
#3437=DIRECTION('',(-6.12323399573677E-17,1.,1.23055985995934E-16));
#3438=DIRECTION('',(0.866025403784439,-8.49923106172149E-18,0.5));
#3439=DIRECTION('',(6.12323399573677E-17,-1.,-1.23055985995934E-16));
#3440=DIRECTION('',(-0.866025403784439,8.49923106172149E-18,-0.5));
#3441=DIRECTION('',(6.12323399573677E-17,-1.,-1.23055985995934E-16));
#3442=DIRECTION('',(-6.12323399573677E-17,1.,1.23055985995934E-16));
#3443=DIRECTION('',(0.866025403784439,-8.49923106172149E-18,0.5));
#3444=DIRECTION('',(-6.12323399573677E-17,1.,1.23055985995934E-16));
#3445=DIRECTION('',(0.866025403784439,-8.49923106172149E-18,0.5));
#3446=DIRECTION('',(6.12323399573677E-17,-1.,-1.23055985995934E-16));
#3447=DIRECTION('',(-0.866025403784439,8.49923106172149E-18,-0.5));
#3448=DIRECTION('',(-6.12323399573677E-17,1.,1.23055985995934E-16));
#3449=DIRECTION('',(0.866025403784439,-8.49923106172149E-18,0.5));
#3450=DIRECTION('',(-6.12323399573677E-17,1.,1.23055985995934E-16));
#3451=DIRECTION('',(0.866025403784439,-8.49923106172149E-18,0.5));
#3452=DIRECTION('',(6.12323399573677E-17,-1.,-1.23055985995934E-16));
#3453=DIRECTION('',(6.18236460385662E-17,1.23055985995934E-16,-1.));
#3454=DIRECTION('',(-6.12323399573677E-17,1.,1.23055985995934E-16));
#3455=DIRECTION('',(-6.18236460385662E-17,-1.23055985995934E-16,1.));
#3456=DIRECTION('',(6.12323399573677E-17,-1.,-1.23055985995934E-16));
#3457=DIRECTION('',(-6.12323399573677E-17,1.,1.23055985995934E-16));
#3458=DIRECTION('',(-6.18236460385662E-17,-1.23055985995934E-16,1.));
#3459=DIRECTION('',(6.12323399573677E-17,-1.,-1.23055985995934E-16));
#3460=DIRECTION('',(-6.12323399573677E-17,1.,1.23055985995934E-16));
#3461=DIRECTION('',(0.965925826289068,2.72966657793167E-17,0.258819045102521));
#3462=DIRECTION('',(-6.12323399573677E-17,1.,1.23055985995934E-16));
#3463=DIRECTION('',(0.965925826289068,2.72966657793167E-17,0.258819045102521));
#3464=DIRECTION('',(6.12323399573677E-17,-1.,-1.23055985995934E-16));
#3465=DIRECTION('',(-6.12323399573677E-17,1.,1.23055985995934E-16));
#3466=DIRECTION('',(0.965925826289068,2.72966657793167E-17,0.258819045102521));
#3467=DIRECTION('',(-6.12323399573677E-17,1.,1.23055985995934E-16));
#3468=DIRECTION('',(0.965925826289068,2.72966657793167E-17,0.258819045102521));
#3469=DIRECTION('',(-6.12323399573677E-17,1.,1.23055985995934E-16));
#3470=DIRECTION('',(0.965925826289068,2.72966657793167E-17,0.258819045102521));
#3471=DIRECTION('',(-6.12323399573677E-17,1.,1.23055985995934E-16));
#3472=DIRECTION('',(0.965925826289068,2.72966657793167E-17,0.258819045102521));
#3473=DIRECTION('',(6.12323399573677E-17,-1.,-1.23055985995934E-16));
#3474=DIRECTION('',(6.12323399573677E-17,-1.,-1.23055985995934E-16));
#3475=DIRECTION('',(-0.965925826289068,-2.72966657793167E-17,-0.258819045102521));
#3476=DIRECTION('',(6.12323399573677E-17,-1.,-1.23055985995934E-16));
#3477=DIRECTION('',(-6.12323399573677E-17,1.,1.23055985995934E-16));
#3478=DIRECTION('',(0.965925826289068,2.72966657793167E-17,0.258819045102521));
#3479=DIRECTION('',(-6.12323399573677E-17,1.,1.23055985995934E-16));
#3480=DIRECTION('',(0.965925826289068,2.72966657793167E-17,0.258819045102521));
#3481=DIRECTION('',(6.12323399573677E-17,-1.,-1.23055985995934E-16));
#3482=DIRECTION('',(-0.965925826289068,-2.72966657793167E-17,-0.258819045102521));
#3483=DIRECTION('',(6.12323399573677E-17,-1.,-1.23055985995934E-16));
#3484=DIRECTION('',(-6.12323399573677E-17,1.,1.23055985995934E-16));
#3485=DIRECTION('',(0.965925826289068,2.72966657793167E-17,0.258819045102521));
#3486=DIRECTION('',(-6.12323399573677E-17,1.,1.23055985995934E-16));
#3487=DIRECTION('',(0.965925826289068,2.72966657793167E-17,0.258819045102521));
#3488=DIRECTION('',(6.12323399573677E-17,-1.,-1.23055985995934E-16));
#3489=DIRECTION('',(-0.965925826289068,-2.72966657793167E-17,-0.258819045102521));
#3490=DIRECTION('',(-6.12323399573677E-17,1.,1.23055985995934E-16));
#3491=DIRECTION('',(0.965925826289068,2.72966657793167E-17,0.258819045102521));
#3492=DIRECTION('',(-6.12323399573677E-17,1.,1.23055985995934E-16));
#3493=DIRECTION('',(0.965925826289068,2.72966657793167E-17,0.258819045102521));
#3494=DIRECTION('',(6.12323399573677E-17,-1.,-1.23055985995934E-16));
#3495=DIRECTION('',(6.18236460385662E-17,1.23055985995934E-16,-1.));
#3496=DIRECTION('',(-6.12323399573677E-17,1.,1.23055985995934E-16));
#3497=DIRECTION('',(-6.18236460385662E-17,-1.23055985995934E-16,1.));
#3498=DIRECTION('',(6.12323399573677E-17,-1.,-1.23055985995934E-16));
#3499=DIRECTION('',(-6.12323399573677E-17,1.,1.23055985995934E-16));
#3500=DIRECTION('',(-6.18236460385662E-17,-1.23055985995934E-16,1.));
#3501=DIRECTION('',(6.12323399573677E-17,-1.,-1.23055985995934E-16));
#3502=DIRECTION('',(-6.12323399573677E-17,1.,1.23055985995934E-16));
#3503=DIRECTION('',(1.,6.12323399573677E-17,-1.21873373833537E-16));
#3504=DIRECTION('',(-6.12323399573677E-17,1.,1.23055985995934E-16));
#3505=DIRECTION('',(1.,6.12323399573677E-17,-1.21873373833537E-16));
#3506=DIRECTION('',(6.12323399573677E-17,-1.,-1.23055985995934E-16));
#3507=DIRECTION('',(-6.12323399573677E-17,1.,1.23055985995934E-16));
#3508=DIRECTION('',(1.,6.12323399573677E-17,-1.21873373833537E-16));
#3509=DIRECTION('',(-6.12323399573677E-17,1.,1.23055985995934E-16));
#3510=DIRECTION('',(1.,6.12323399573677E-17,-1.21873373833537E-16));
#3511=DIRECTION('',(-6.12323399573677E-17,1.,1.23055985995934E-16));
#3512=DIRECTION('',(1.,6.12323399573677E-17,-1.21873373833537E-16));
#3513=DIRECTION('',(-6.12323399573677E-17,1.,1.23055985995934E-16));
#3514=DIRECTION('',(1.,6.12323399573677E-17,-1.21873373833537E-16));
#3515=DIRECTION('',(6.12323399573677E-17,-1.,-1.23055985995934E-16));
#3516=DIRECTION('',(6.12323399573677E-17,-1.,-1.23055985995934E-16));
#3517=DIRECTION('',(-1.,-6.12323399573677E-17,1.21873373833537E-16));
#3518=DIRECTION('',(6.12323399573677E-17,-1.,-1.23055985995934E-16));
#3519=DIRECTION('',(-6.12323399573677E-17,1.,1.23055985995934E-16));
#3520=DIRECTION('',(1.,6.12323399573677E-17,-1.21873373833537E-16));
#3521=DIRECTION('',(-6.12323399573677E-17,1.,1.23055985995934E-16));
#3522=DIRECTION('',(1.,6.12323399573677E-17,-1.21873373833537E-16));
#3523=DIRECTION('',(6.12323399573677E-17,-1.,-1.23055985995934E-16));
#3524=DIRECTION('',(-1.,-6.12323399573677E-17,1.21873373833537E-16));
#3525=DIRECTION('',(6.12323399573677E-17,-1.,-1.23055985995934E-16));
#3526=DIRECTION('',(-6.12323399573677E-17,1.,1.23055985995934E-16));
#3527=DIRECTION('',(1.,6.12323399573677E-17,-1.21873373833537E-16));
#3528=DIRECTION('',(-6.12323399573677E-17,1.,1.23055985995934E-16));
#3529=DIRECTION('',(1.,6.12323399573677E-17,-1.21873373833537E-16));
#3530=DIRECTION('',(6.12323399573677E-17,-1.,-1.23055985995934E-16));
#3531=DIRECTION('',(-1.,-6.12323399573677E-17,1.21873373833537E-16));
#3532=DIRECTION('',(-6.12323399573677E-17,1.,1.23055985995934E-16));
#3533=DIRECTION('',(1.,6.12323399573677E-17,-1.21873373833537E-16));
#3534=DIRECTION('',(-6.12323399573677E-17,1.,1.23055985995934E-16));
#3535=DIRECTION('',(1.,6.12323399573677E-17,-1.21873373833537E-16));
#3536=DIRECTION('',(6.12323399573677E-17,-1.,-1.23055985995934E-16));
#3537=DIRECTION('',(6.18236460385662E-17,1.23055985995934E-16,-1.));
#3538=DIRECTION('',(-6.12323399573677E-17,1.,1.23055985995934E-16));
#3539=DIRECTION('',(-6.18236460385662E-17,-1.23055985995934E-16,1.));
#3540=DIRECTION('',(6.12323399573677E-17,-1.,-1.23055985995934E-16));
#3541=DIRECTION('',(-6.12323399573677E-17,1.,1.23055985995934E-16));
#3542=DIRECTION('',(-6.18236460385662E-17,-1.23055985995934E-16,1.));
#3543=DIRECTION('',(6.12323399573677E-17,-1.,-1.23055985995934E-16));
#3544=DIRECTION('',(-6.12323399573677E-17,1.,1.23055985995934E-16));
#3545=DIRECTION('',(0.965925826289068,9.09951313585504E-17,-0.258819045102522));
#3546=DIRECTION('',(-6.12323399573677E-17,1.,1.23055985995934E-16));
#3547=DIRECTION('',(0.965925826289068,9.09951313585504E-17,-0.258819045102522));
#3548=DIRECTION('',(6.12323399573677E-17,-1.,-1.23055985995934E-16));
#3549=DIRECTION('',(-6.12323399573677E-17,1.,1.23055985995934E-16));
#3550=DIRECTION('',(0.965925826289068,9.09951313585504E-17,-0.258819045102522));
#3551=DIRECTION('',(-6.12323399573677E-17,1.,1.23055985995934E-16));
#3552=DIRECTION('',(0.965925826289068,9.09951313585504E-17,-0.258819045102522));
#3553=DIRECTION('',(-6.12323399573677E-17,1.,1.23055985995934E-16));
#3554=DIRECTION('',(0.965925826289068,9.09951313585504E-17,-0.258819045102522));
#3555=DIRECTION('',(-6.12323399573677E-17,1.,1.23055985995934E-16));
#3556=DIRECTION('',(0.965925826289068,9.09951313585504E-17,-0.258819045102522));
#3557=DIRECTION('',(6.12323399573677E-17,-1.,-1.23055985995934E-16));
#3558=DIRECTION('',(6.12323399573677E-17,-1.,-1.23055985995934E-16));
#3559=DIRECTION('',(-0.965925826289068,-9.09951313585504E-17,0.258819045102522));
#3560=DIRECTION('',(6.12323399573677E-17,-1.,-1.23055985995934E-16));
#3561=DIRECTION('',(-6.12323399573677E-17,1.,1.23055985995934E-16));
#3562=DIRECTION('',(0.965925826289068,9.09951313585504E-17,-0.258819045102522));
#3563=DIRECTION('',(-6.12323399573677E-17,1.,1.23055985995934E-16));
#3564=DIRECTION('',(0.965925826289068,9.09951313585504E-17,-0.258819045102522));
#3565=DIRECTION('',(6.12323399573677E-17,-1.,-1.23055985995934E-16));
#3566=DIRECTION('',(-0.965925826289068,-9.09951313585504E-17,0.258819045102522));
#3567=DIRECTION('',(6.12323399573677E-17,-1.,-1.23055985995934E-16));
#3568=DIRECTION('',(-6.12323399573677E-17,1.,1.23055985995934E-16));
#3569=DIRECTION('',(0.965925826289068,9.09951313585504E-17,-0.258819045102522));
#3570=DIRECTION('',(-6.12323399573677E-17,1.,1.23055985995934E-16));
#3571=DIRECTION('',(0.965925826289068,9.09951313585504E-17,-0.258819045102522));
#3572=DIRECTION('',(6.12323399573677E-17,-1.,-1.23055985995934E-16));
#3573=DIRECTION('',(-0.965925826289068,-9.09951313585504E-17,0.258819045102522));
#3574=DIRECTION('',(-6.12323399573677E-17,1.,1.23055985995934E-16));
#3575=DIRECTION('',(0.965925826289068,9.09951313585504E-17,-0.258819045102522));
#3576=DIRECTION('',(-6.12323399573677E-17,1.,1.23055985995934E-16));
#3577=DIRECTION('',(0.965925826289068,9.09951313585504E-17,-0.258819045102522));
#3578=DIRECTION('',(6.12323399573677E-17,-1.,-1.23055985995934E-16));
#3579=DIRECTION('',(6.18236460385662E-17,1.23055985995934E-16,-1.));
#3580=DIRECTION('',(-6.12323399573677E-17,1.,1.23055985995934E-16));
#3581=DIRECTION('',(-6.18236460385662E-17,-1.23055985995934E-16,1.));
#3582=DIRECTION('',(6.12323399573677E-17,-1.,-1.23055985995934E-16));
#3583=DIRECTION('',(-6.12323399573677E-17,1.,1.23055985995934E-16));
#3584=DIRECTION('',(-6.18236460385662E-17,-1.23055985995934E-16,1.));
#3585=DIRECTION('',(6.12323399573677E-17,-1.,-1.23055985995934E-16));
#3586=DIRECTION('',(-6.12323399573677E-17,1.,1.23055985995934E-16));
#3587=DIRECTION('',(0.866025403784438,1.14556754934212E-16,-0.5));
#3588=DIRECTION('',(-6.12323399573677E-17,1.,1.23055985995934E-16));
#3589=DIRECTION('',(0.866025403784438,1.14556754934212E-16,-0.5));
#3590=DIRECTION('',(6.12323399573677E-17,-1.,-1.23055985995934E-16));
#3591=DIRECTION('',(-6.12323399573677E-17,1.,1.23055985995934E-16));
#3592=DIRECTION('',(0.866025403784438,1.14556754934212E-16,-0.5));
#3593=DIRECTION('',(-6.12323399573677E-17,1.,1.23055985995934E-16));
#3594=DIRECTION('',(0.866025403784438,1.14556754934212E-16,-0.5));
#3595=DIRECTION('',(-6.12323399573677E-17,1.,1.23055985995934E-16));
#3596=DIRECTION('',(0.866025403784438,1.14556754934212E-16,-0.5));
#3597=DIRECTION('',(-6.12323399573677E-17,1.,1.23055985995934E-16));
#3598=DIRECTION('',(0.866025403784438,1.14556754934212E-16,-0.5));
#3599=DIRECTION('',(6.12323399573677E-17,-1.,-1.23055985995934E-16));
#3600=DIRECTION('',(6.12323399573677E-17,-1.,-1.23055985995934E-16));
#3601=DIRECTION('',(-0.866025403784438,-1.14556754934212E-16,0.5));
#3602=DIRECTION('',(6.12323399573677E-17,-1.,-1.23055985995934E-16));
#3603=DIRECTION('',(-6.12323399573677E-17,1.,1.23055985995934E-16));
#3604=DIRECTION('',(0.866025403784438,1.14556754934212E-16,-0.5));
#3605=DIRECTION('',(-6.12323399573677E-17,1.,1.23055985995934E-16));
#3606=DIRECTION('',(0.866025403784438,1.14556754934212E-16,-0.5));
#3607=DIRECTION('',(6.12323399573677E-17,-1.,-1.23055985995934E-16));
#3608=DIRECTION('',(-0.866025403784438,-1.14556754934212E-16,0.5));
#3609=DIRECTION('',(6.12323399573677E-17,-1.,-1.23055985995934E-16));
#3610=DIRECTION('',(-6.12323399573677E-17,1.,1.23055985995934E-16));
#3611=DIRECTION('',(0.866025403784438,1.14556754934212E-16,-0.5));
#3612=DIRECTION('',(-6.12323399573677E-17,1.,1.23055985995934E-16));
#3613=DIRECTION('',(0.866025403784438,1.14556754934212E-16,-0.5));
#3614=DIRECTION('',(6.12323399573677E-17,-1.,-1.23055985995934E-16));
#3615=DIRECTION('',(-0.866025403784438,-1.14556754934212E-16,0.5));
#3616=DIRECTION('',(-6.12323399573677E-17,1.,1.23055985995934E-16));
#3617=DIRECTION('',(0.866025403784438,1.14556754934212E-16,-0.5));
#3618=DIRECTION('',(-6.12323399573677E-17,1.,1.23055985995934E-16));
#3619=DIRECTION('',(0.866025403784438,1.14556754934212E-16,-0.5));
#3620=DIRECTION('',(6.12323399573677E-17,-1.,-1.23055985995934E-16));
#3621=DIRECTION('',(6.18236460385662E-17,1.23055985995934E-16,-1.));
#3622=DIRECTION('',(-6.12323399573677E-17,1.,1.23055985995934E-16));
#3623=DIRECTION('',(-6.18236460385662E-17,-1.23055985995934E-16,1.));
#3624=DIRECTION('',(6.12323399573677E-17,-1.,-1.23055985995934E-16));
#3625=DIRECTION('',(-6.12323399573677E-17,1.,1.23055985995934E-16));
#3626=DIRECTION('',(-6.18236460385662E-17,-1.23055985995934E-16,1.));
#3627=DIRECTION('',(6.12323399573677E-17,-1.,-1.23055985995934E-16));
#3628=DIRECTION('',(-6.12323399573677E-17,1.,1.23055985995934E-16));
#3629=DIRECTION('',(0.707106781186547,1.30311524975096E-16,-0.707106781186548));
#3630=DIRECTION('',(-6.12323399573677E-17,1.,1.23055985995934E-16));
#3631=DIRECTION('',(0.707106781186547,1.30311524975096E-16,-0.707106781186548));
#3632=DIRECTION('',(6.12323399573677E-17,-1.,-1.23055985995934E-16));
#3633=DIRECTION('',(-6.12323399573677E-17,1.,1.23055985995934E-16));
#3634=DIRECTION('',(0.707106781186547,1.30311524975096E-16,-0.707106781186548));
#3635=DIRECTION('',(-6.12323399573677E-17,1.,1.23055985995934E-16));
#3636=DIRECTION('',(0.707106781186547,1.30311524975096E-16,-0.707106781186548));
#3637=DIRECTION('',(-6.12323399573677E-17,1.,1.23055985995934E-16));
#3638=DIRECTION('',(0.707106781186547,1.30311524975096E-16,-0.707106781186548));
#3639=DIRECTION('',(-6.12323399573677E-17,1.,1.23055985995934E-16));
#3640=DIRECTION('',(0.707106781186547,1.30311524975096E-16,-0.707106781186548));
#3641=DIRECTION('',(6.12323399573677E-17,-1.,-1.23055985995934E-16));
#3642=DIRECTION('',(6.12323399573677E-17,-1.,-1.23055985995934E-16));
#3643=DIRECTION('',(-0.707106781186547,-1.30311524975096E-16,0.707106781186548));
#3644=DIRECTION('',(6.12323399573677E-17,-1.,-1.23055985995934E-16));
#3645=DIRECTION('',(-6.12323399573677E-17,1.,1.23055985995934E-16));
#3646=DIRECTION('',(0.707106781186547,1.30311524975096E-16,-0.707106781186548));
#3647=DIRECTION('',(-6.12323399573677E-17,1.,1.23055985995934E-16));
#3648=DIRECTION('',(0.707106781186547,1.30311524975096E-16,-0.707106781186548));
#3649=DIRECTION('',(6.12323399573677E-17,-1.,-1.23055985995934E-16));
#3650=DIRECTION('',(-0.707106781186547,-1.30311524975096E-16,0.707106781186548));
#3651=DIRECTION('',(6.12323399573677E-17,-1.,-1.23055985995934E-16));
#3652=DIRECTION('',(-6.12323399573677E-17,1.,1.23055985995934E-16));
#3653=DIRECTION('',(0.707106781186547,1.30311524975096E-16,-0.707106781186548));
#3654=DIRECTION('',(-6.12323399573677E-17,1.,1.23055985995934E-16));
#3655=DIRECTION('',(0.707106781186547,1.30311524975096E-16,-0.707106781186548));
#3656=DIRECTION('',(6.12323399573677E-17,-1.,-1.23055985995934E-16));
#3657=DIRECTION('',(-0.707106781186547,-1.30311524975096E-16,0.707106781186548));
#3658=DIRECTION('',(-6.12323399573677E-17,1.,1.23055985995934E-16));
#3659=DIRECTION('',(0.707106781186547,1.30311524975096E-16,-0.707106781186548));
#3660=DIRECTION('',(-6.12323399573677E-17,1.,1.23055985995934E-16));
#3661=DIRECTION('',(0.707106781186547,1.30311524975096E-16,-0.707106781186548));
#3662=DIRECTION('',(6.12323399573677E-17,-1.,-1.23055985995934E-16));
#3663=DIRECTION('',(6.18236460385662E-17,1.23055985995934E-16,-1.));
#3664=DIRECTION('',(-6.12323399573677E-17,1.,1.23055985995934E-16));
#3665=DIRECTION('',(-6.18236460385662E-17,-1.23055985995934E-16,1.));
#3666=DIRECTION('',(6.12323399573677E-17,-1.,-1.23055985995934E-16));
#3667=DIRECTION('',(-6.12323399573677E-17,1.,1.23055985995934E-16));
#3668=DIRECTION('',(-6.18236460385662E-17,-1.23055985995934E-16,1.));
#3669=DIRECTION('',(6.12323399573677E-17,-1.,-1.23055985995934E-16));
#3670=DIRECTION('',(-6.12323399573677E-17,1.,1.23055985995934E-16));
#3671=DIRECTION('',(0.5,1.37185779938905E-16,-0.866025403784439));
#3672=DIRECTION('',(-6.12323399573677E-17,1.,1.23055985995934E-16));
#3673=DIRECTION('',(0.5,1.37185779938905E-16,-0.866025403784439));
#3674=DIRECTION('',(6.12323399573677E-17,-1.,-1.23055985995934E-16));
#3675=DIRECTION('',(-6.12323399573677E-17,1.,1.23055985995934E-16));
#3676=DIRECTION('',(0.5,1.37185779938905E-16,-0.866025403784439));
#3677=DIRECTION('',(-6.12323399573677E-17,1.,1.23055985995934E-16));
#3678=DIRECTION('',(0.5,1.37185779938905E-16,-0.866025403784439));
#3679=DIRECTION('',(-6.12323399573677E-17,1.,1.23055985995934E-16));
#3680=DIRECTION('',(0.5,1.37185779938905E-16,-0.866025403784439));
#3681=DIRECTION('',(-6.12323399573677E-17,1.,1.23055985995934E-16));
#3682=DIRECTION('',(0.5,1.37185779938905E-16,-0.866025403784439));
#3683=DIRECTION('',(6.12323399573677E-17,-1.,-1.23055985995934E-16));
#3684=DIRECTION('',(6.12323399573677E-17,-1.,-1.23055985995934E-16));
#3685=DIRECTION('',(-0.5,-1.37185779938905E-16,0.866025403784439));
#3686=DIRECTION('',(6.12323399573677E-17,-1.,-1.23055985995934E-16));
#3687=DIRECTION('',(-6.12323399573677E-17,1.,1.23055985995934E-16));
#3688=DIRECTION('',(0.5,1.37185779938905E-16,-0.866025403784439));
#3689=DIRECTION('',(-6.12323399573677E-17,1.,1.23055985995934E-16));
#3690=DIRECTION('',(0.5,1.37185779938905E-16,-0.866025403784439));
#3691=DIRECTION('',(6.12323399573677E-17,-1.,-1.23055985995934E-16));
#3692=DIRECTION('',(-0.5,-1.37185779938905E-16,0.866025403784439));
#3693=DIRECTION('',(6.12323399573677E-17,-1.,-1.23055985995934E-16));
#3694=DIRECTION('',(-6.12323399573677E-17,1.,1.23055985995934E-16));
#3695=DIRECTION('',(0.5,1.37185779938905E-16,-0.866025403784439));
#3696=DIRECTION('',(-6.12323399573677E-17,1.,1.23055985995934E-16));
#3697=DIRECTION('',(0.5,1.37185779938905E-16,-0.866025403784439));
#3698=DIRECTION('',(6.12323399573677E-17,-1.,-1.23055985995934E-16));
#3699=DIRECTION('',(-0.5,-1.37185779938905E-16,0.866025403784439));
#3700=DIRECTION('',(-6.12323399573677E-17,1.,1.23055985995934E-16));
#3701=DIRECTION('',(0.5,1.37185779938905E-16,-0.866025403784439));
#3702=DIRECTION('',(-6.12323399573677E-17,1.,1.23055985995934E-16));
#3703=DIRECTION('',(0.5,1.37185779938905E-16,-0.866025403784439));
#3704=DIRECTION('',(6.12323399573677E-17,-1.,-1.23055985995934E-16));
#3705=DIRECTION('',(6.18236460385662E-17,1.23055985995934E-16,-1.));
#3706=DIRECTION('',(-6.12323399573677E-17,1.,1.23055985995934E-16));
#3707=DIRECTION('',(-6.18236460385662E-17,-1.23055985995934E-16,1.));
#3708=DIRECTION('',(6.12323399573677E-17,-1.,-1.23055985995934E-16));
#3709=DIRECTION('',(-6.12323399573677E-17,1.,1.23055985995934E-16));
#3710=DIRECTION('',(-6.18236460385662E-17,-1.23055985995934E-16,1.));
#3711=DIRECTION('',(6.12323399573677E-17,-1.,-1.23055985995934E-16));
#3712=DIRECTION('',(-6.12323399573677E-17,1.,1.23055985995934E-16));
#3713=DIRECTION('',(0.258819045102521,1.34711050710097E-16,-0.965925826289068));
#3714=DIRECTION('',(-6.12323399573677E-17,1.,1.23055985995934E-16));
#3715=DIRECTION('',(0.258819045102521,1.34711050710097E-16,-0.965925826289068));
#3716=DIRECTION('',(6.12323399573677E-17,-1.,-1.23055985995934E-16));
#3717=DIRECTION('',(-6.12323399573677E-17,1.,1.23055985995934E-16));
#3718=DIRECTION('',(0.258819045102521,1.34711050710097E-16,-0.965925826289068));
#3719=DIRECTION('',(-6.12323399573677E-17,1.,1.23055985995934E-16));
#3720=DIRECTION('',(0.258819045102521,1.34711050710097E-16,-0.965925826289068));
#3721=DIRECTION('',(-6.12323399573677E-17,1.,1.23055985995934E-16));
#3722=DIRECTION('',(0.258819045102521,1.34711050710097E-16,-0.965925826289068));
#3723=DIRECTION('',(-6.12323399573677E-17,1.,1.23055985995934E-16));
#3724=DIRECTION('',(0.258819045102521,1.34711050710097E-16,-0.965925826289068));
#3725=DIRECTION('',(6.12323399573677E-17,-1.,-1.23055985995934E-16));
#3726=DIRECTION('',(6.12323399573677E-17,-1.,-1.23055985995934E-16));
#3727=DIRECTION('',(-0.258819045102521,-1.34711050710097E-16,0.965925826289068));
#3728=DIRECTION('',(6.12323399573677E-17,-1.,-1.23055985995934E-16));
#3729=DIRECTION('',(-6.12323399573677E-17,1.,1.23055985995934E-16));
#3730=DIRECTION('',(0.258819045102521,1.34711050710097E-16,-0.965925826289068));
#3731=DIRECTION('',(-6.12323399573677E-17,1.,1.23055985995934E-16));
#3732=DIRECTION('',(0.258819045102521,1.34711050710097E-16,-0.965925826289068));
#3733=DIRECTION('',(6.12323399573677E-17,-1.,-1.23055985995934E-16));
#3734=DIRECTION('',(-0.258819045102521,-1.34711050710097E-16,0.965925826289068));
#3735=DIRECTION('',(6.12323399573677E-17,-1.,-1.23055985995934E-16));
#3736=DIRECTION('',(-6.12323399573677E-17,1.,1.23055985995934E-16));
#3737=DIRECTION('',(0.258819045102521,1.34711050710097E-16,-0.965925826289068));
#3738=DIRECTION('',(-6.12323399573677E-17,1.,1.23055985995934E-16));
#3739=DIRECTION('',(0.258819045102521,1.34711050710097E-16,-0.965925826289068));
#3740=DIRECTION('',(6.12323399573677E-17,-1.,-1.23055985995934E-16));
#3741=DIRECTION('',(-0.258819045102521,-1.34711050710097E-16,0.965925826289068));
#3742=DIRECTION('',(-6.12323399573677E-17,1.,1.23055985995934E-16));
#3743=DIRECTION('',(0.258819045102521,1.34711050710097E-16,-0.965925826289068));
#3744=DIRECTION('',(-6.12323399573677E-17,1.,1.23055985995934E-16));
#3745=DIRECTION('',(0.258819045102521,1.34711050710097E-16,-0.965925826289068));
#3746=DIRECTION('',(6.12323399573677E-17,-1.,-1.23055985995934E-16));
#3747=DIRECTION('',(6.18236460385662E-17,1.23055985995934E-16,-1.));
#3748=DIRECTION('',(-6.12323399573677E-17,1.,1.23055985995934E-16));
#3749=DIRECTION('',(-6.18236460385662E-17,-1.23055985995934E-16,1.));
#3750=DIRECTION('',(6.12323399573677E-17,-1.,-1.23055985995934E-16));
#3751=DIRECTION('',(-6.12323399573677E-17,1.,1.23055985995934E-16));
#3752=DIRECTION('',(-6.18236460385662E-17,-1.23055985995934E-16,1.));
#3753=DIRECTION('',(6.12323399573677E-17,-1.,-1.23055985995934E-16));
#3754=DIRECTION('',(-6.12323399573677E-17,1.,1.23055985995934E-16));
#3755=DIRECTION('',(-6.06410338761691E-17,1.23055985995934E-16,-1.));
#3756=DIRECTION('',(-6.12323399573677E-17,1.,1.23055985995934E-16));
#3757=DIRECTION('',(-6.06410338761691E-17,1.23055985995934E-16,-1.));
#3758=DIRECTION('',(6.12323399573677E-17,-1.,-1.23055985995934E-16));
#3759=DIRECTION('',(-6.12323399573677E-17,1.,1.23055985995934E-16));
#3760=DIRECTION('',(-6.06410338761691E-17,1.23055985995934E-16,-1.));
#3761=DIRECTION('',(-6.12323399573677E-17,1.,1.23055985995934E-16));
#3762=DIRECTION('',(-6.06410338761691E-17,1.23055985995934E-16,-1.));
#3763=DIRECTION('',(-6.12323399573677E-17,1.,1.23055985995934E-16));
#3764=DIRECTION('',(-6.06410338761691E-17,1.23055985995934E-16,-1.));
#3765=DIRECTION('',(-6.12323399573677E-17,1.,1.23055985995934E-16));
#3766=DIRECTION('',(-6.06410338761691E-17,1.23055985995934E-16,-1.));
#3767=DIRECTION('',(6.12323399573677E-17,-1.,-1.23055985995934E-16));
#3768=DIRECTION('',(6.12323399573677E-17,-1.,-1.23055985995934E-16));
#3769=DIRECTION('',(6.06410338761691E-17,-1.23055985995934E-16,1.));
#3770=DIRECTION('',(6.12323399573677E-17,-1.,-1.23055985995934E-16));
#3771=DIRECTION('',(-6.12323399573677E-17,1.,1.23055985995934E-16));
#3772=DIRECTION('',(-6.06410338761691E-17,1.23055985995934E-16,-1.));
#3773=DIRECTION('',(-6.12323399573677E-17,1.,1.23055985995934E-16));
#3774=DIRECTION('',(-6.06410338761691E-17,1.23055985995934E-16,-1.));
#3775=DIRECTION('',(6.12323399573677E-17,-1.,-1.23055985995934E-16));
#3776=DIRECTION('',(6.06410338761691E-17,-1.23055985995934E-16,1.));
#3777=DIRECTION('',(6.12323399573677E-17,-1.,-1.23055985995934E-16));
#3778=DIRECTION('',(-6.12323399573677E-17,1.,1.23055985995934E-16));
#3779=DIRECTION('',(-6.06410338761691E-17,1.23055985995934E-16,-1.));
#3780=DIRECTION('',(-6.12323399573677E-17,1.,1.23055985995934E-16));
#3781=DIRECTION('',(-6.06410338761691E-17,1.23055985995934E-16,-1.));
#3782=DIRECTION('',(6.12323399573677E-17,-1.,-1.23055985995934E-16));
#3783=DIRECTION('',(6.06410338761691E-17,-1.23055985995934E-16,1.));
#3784=DIRECTION('',(-6.12323399573677E-17,1.,1.23055985995934E-16));
#3785=DIRECTION('',(-6.06410338761691E-17,1.23055985995934E-16,-1.));
#3786=DIRECTION('',(-6.12323399573677E-17,1.,1.23055985995934E-16));
#3787=DIRECTION('',(-6.06410338761691E-17,1.23055985995934E-16,-1.));
#3788=DIRECTION('',(6.12323399573677E-17,-1.,-1.23055985995934E-16));
#3789=DIRECTION('',(6.18236460385662E-17,1.23055985995934E-16,-1.));
#3790=DIRECTION('',(-6.12323399573677E-17,1.,1.23055985995934E-16));
#3791=DIRECTION('',(-6.18236460385662E-17,-1.23055985995934E-16,1.));
#3792=DIRECTION('',(6.12323399573677E-17,-1.,-1.23055985995934E-16));
#3793=DIRECTION('',(-6.12323399573677E-17,1.,1.23055985995934E-16));
#3794=DIRECTION('',(-6.18236460385662E-17,-1.23055985995934E-16,1.));
#3795=DIRECTION('',(6.12323399573677E-17,-1.,-1.23055985995934E-16));
#3796=DIRECTION('',(-6.12323399573677E-17,1.,1.23055985995934E-16));
#3797=DIRECTION('',(-0.258819045102521,1.0301485919578E-16,-0.965925826289068));
#3798=DIRECTION('',(-6.12323399573677E-17,1.,1.23055985995934E-16));
#3799=DIRECTION('',(-0.258819045102521,1.0301485919578E-16,-0.965925826289068));
#3800=DIRECTION('',(6.12323399573677E-17,-1.,-1.23055985995934E-16));
#3801=DIRECTION('',(-6.12323399573677E-17,1.,1.23055985995934E-16));
#3802=DIRECTION('',(-0.258819045102521,1.0301485919578E-16,-0.965925826289068));
#3803=DIRECTION('',(-6.12323399573677E-17,1.,1.23055985995934E-16));
#3804=DIRECTION('',(-0.258819045102521,1.0301485919578E-16,-0.965925826289068));
#3805=DIRECTION('',(-6.12323399573677E-17,1.,1.23055985995934E-16));
#3806=DIRECTION('',(-0.258819045102521,1.0301485919578E-16,-0.965925826289068));
#3807=DIRECTION('',(-6.12323399573677E-17,1.,1.23055985995934E-16));
#3808=DIRECTION('',(-0.258819045102521,1.0301485919578E-16,-0.965925826289068));
#3809=DIRECTION('',(6.12323399573677E-17,-1.,-1.23055985995934E-16));
#3810=DIRECTION('',(6.12323399573677E-17,-1.,-1.23055985995934E-16));
#3811=DIRECTION('',(0.258819045102521,-1.0301485919578E-16,0.965925826289068));
#3812=DIRECTION('',(6.12323399573677E-17,-1.,-1.23055985995934E-16));
#3813=DIRECTION('',(-6.12323399573677E-17,1.,1.23055985995934E-16));
#3814=DIRECTION('',(-0.258819045102521,1.0301485919578E-16,-0.965925826289068));
#3815=DIRECTION('',(-6.12323399573677E-17,1.,1.23055985995934E-16));
#3816=DIRECTION('',(-0.258819045102521,1.0301485919578E-16,-0.965925826289068));
#3817=DIRECTION('',(6.12323399573677E-17,-1.,-1.23055985995934E-16));
#3818=DIRECTION('',(0.258819045102521,-1.0301485919578E-16,0.965925826289068));
#3819=DIRECTION('',(6.12323399573677E-17,-1.,-1.23055985995934E-16));
#3820=DIRECTION('',(-6.12323399573677E-17,1.,1.23055985995934E-16));
#3821=DIRECTION('',(-0.258819045102521,1.0301485919578E-16,-0.965925826289068));
#3822=DIRECTION('',(-6.12323399573677E-17,1.,1.23055985995934E-16));
#3823=DIRECTION('',(-0.258819045102521,1.0301485919578E-16,-0.965925826289068));
#3824=DIRECTION('',(6.12323399573677E-17,-1.,-1.23055985995934E-16));
#3825=DIRECTION('',(0.258819045102521,-1.0301485919578E-16,0.965925826289068));
#3826=DIRECTION('',(-6.12323399573677E-17,1.,1.23055985995934E-16));
#3827=DIRECTION('',(-0.258819045102521,1.0301485919578E-16,-0.965925826289068));
#3828=DIRECTION('',(-6.12323399573677E-17,1.,1.23055985995934E-16));
#3829=DIRECTION('',(-0.258819045102521,1.0301485919578E-16,-0.965925826289068));
#3830=DIRECTION('',(6.12323399573677E-17,-1.,-1.23055985995934E-16));
#3831=DIRECTION('',(6.18236460385662E-17,1.23055985995934E-16,-1.));
#3832=DIRECTION('',(-6.12323399573677E-17,1.,1.23055985995934E-16));
#3833=DIRECTION('',(-6.18236460385662E-17,-1.23055985995934E-16,1.));
#3834=DIRECTION('',(6.12323399573677E-17,-1.,-1.23055985995934E-16));
#3835=DIRECTION('',(-6.12323399573677E-17,1.,1.23055985995934E-16));
#3836=DIRECTION('',(-6.18236460385662E-17,-1.23055985995934E-16,1.));
#3837=DIRECTION('',(6.12323399573677E-17,-1.,-1.23055985995934E-16));
#3838=DIRECTION('',(-6.12323399573677E-17,1.,1.23055985995934E-16));
#3839=DIRECTION('',(-0.5,7.5953439981537E-17,-0.866025403784439));
#3840=DIRECTION('',(-6.12323399573677E-17,1.,1.23055985995934E-16));
#3841=DIRECTION('',(-0.5,7.5953439981537E-17,-0.866025403784439));
#3842=DIRECTION('',(6.12323399573677E-17,-1.,-1.23055985995934E-16));
#3843=DIRECTION('',(-6.12323399573677E-17,1.,1.23055985995934E-16));
#3844=DIRECTION('',(-0.5,7.5953439981537E-17,-0.866025403784439));
#3845=DIRECTION('',(-6.12323399573677E-17,1.,1.23055985995934E-16));
#3846=DIRECTION('',(-0.5,7.5953439981537E-17,-0.866025403784439));
#3847=DIRECTION('',(-6.12323399573677E-17,1.,1.23055985995934E-16));
#3848=DIRECTION('',(-0.5,7.5953439981537E-17,-0.866025403784439));
#3849=DIRECTION('',(-6.12323399573677E-17,1.,1.23055985995934E-16));
#3850=DIRECTION('',(-0.5,7.5953439981537E-17,-0.866025403784439));
#3851=DIRECTION('',(6.12323399573677E-17,-1.,-1.23055985995934E-16));
#3852=DIRECTION('',(6.12323399573677E-17,-1.,-1.23055985995934E-16));
#3853=DIRECTION('',(0.5,-7.5953439981537E-17,0.866025403784439));
#3854=DIRECTION('',(6.12323399573677E-17,-1.,-1.23055985995934E-16));
#3855=DIRECTION('',(-6.12323399573677E-17,1.,1.23055985995934E-16));
#3856=DIRECTION('',(-0.5,7.5953439981537E-17,-0.866025403784439));
#3857=DIRECTION('',(-6.12323399573677E-17,1.,1.23055985995934E-16));
#3858=DIRECTION('',(-0.5,7.5953439981537E-17,-0.866025403784439));
#3859=DIRECTION('',(6.12323399573677E-17,-1.,-1.23055985995934E-16));
#3860=DIRECTION('',(0.5,-7.5953439981537E-17,0.866025403784439));
#3861=DIRECTION('',(6.12323399573677E-17,-1.,-1.23055985995934E-16));
#3862=DIRECTION('',(-6.12323399573677E-17,1.,1.23055985995934E-16));
#3863=DIRECTION('',(-0.5,7.5953439981537E-17,-0.866025403784439));
#3864=DIRECTION('',(-6.12323399573677E-17,1.,1.23055985995934E-16));
#3865=DIRECTION('',(-0.5,7.5953439981537E-17,-0.866025403784439));
#3866=DIRECTION('',(6.12323399573677E-17,-1.,-1.23055985995934E-16));
#3867=DIRECTION('',(0.5,-7.5953439981537E-17,0.866025403784439));
#3868=DIRECTION('',(-6.12323399573677E-17,1.,1.23055985995934E-16));
#3869=DIRECTION('',(-0.5,7.5953439981537E-17,-0.866025403784439));
#3870=DIRECTION('',(-6.12323399573677E-17,1.,1.23055985995934E-16));
#3871=DIRECTION('',(-0.5,7.5953439981537E-17,-0.866025403784439));
#3872=DIRECTION('',(6.12323399573677E-17,-1.,-1.23055985995934E-16));
#3873=DIRECTION('',(6.18236460385662E-17,1.23055985995934E-16,-1.));
#3874=DIRECTION('',(-6.12323399573677E-17,1.,1.23055985995934E-16));
#3875=DIRECTION('',(-6.18236460385662E-17,-1.23055985995934E-16,1.));
#3876=DIRECTION('',(6.12323399573677E-17,-1.,-1.23055985995934E-16));
#3877=DIRECTION('',(-6.12323399573677E-17,1.,1.23055985995934E-16));
#3878=DIRECTION('',(-6.18236460385662E-17,-1.23055985995934E-16,1.));
#3879=DIRECTION('',(6.12323399573677E-17,-1.,-1.23055985995934E-16));
#3880=DIRECTION('',(-6.12323399573677E-17,1.,1.23055985995934E-16));
#3881=DIRECTION('',(-0.707106781186548,4.3715919351547E-17,-0.707106781186548));
#3882=DIRECTION('',(-6.12323399573677E-17,1.,1.23055985995934E-16));
#3883=DIRECTION('',(-0.707106781186548,4.3715919351547E-17,-0.707106781186548));
#3884=DIRECTION('',(6.12323399573677E-17,-1.,-1.23055985995934E-16));
#3885=DIRECTION('',(-6.12323399573677E-17,1.,1.23055985995934E-16));
#3886=DIRECTION('',(-0.707106781186548,4.3715919351547E-17,-0.707106781186548));
#3887=DIRECTION('',(-6.12323399573677E-17,1.,1.23055985995934E-16));
#3888=DIRECTION('',(-0.707106781186548,4.3715919351547E-17,-0.707106781186548));
#3889=DIRECTION('',(-6.12323399573677E-17,1.,1.23055985995934E-16));
#3890=DIRECTION('',(-0.707106781186548,4.3715919351547E-17,-0.707106781186548));
#3891=DIRECTION('',(-6.12323399573677E-17,1.,1.23055985995934E-16));
#3892=DIRECTION('',(-0.707106781186548,4.3715919351547E-17,-0.707106781186548));
#3893=DIRECTION('',(6.12323399573677E-17,-1.,-1.23055985995934E-16));
#3894=DIRECTION('',(6.12323399573677E-17,-1.,-1.23055985995934E-16));
#3895=DIRECTION('',(0.707106781186548,-4.3715919351547E-17,0.707106781186548));
#3896=DIRECTION('',(6.12323399573677E-17,-1.,-1.23055985995934E-16));
#3897=DIRECTION('',(-6.12323399573677E-17,1.,1.23055985995934E-16));
#3898=DIRECTION('',(-0.707106781186548,4.3715919351547E-17,-0.707106781186548));
#3899=DIRECTION('',(-6.12323399573677E-17,1.,1.23055985995934E-16));
#3900=DIRECTION('',(-0.707106781186548,4.3715919351547E-17,-0.707106781186548));
#3901=DIRECTION('',(6.12323399573677E-17,-1.,-1.23055985995934E-16));
#3902=DIRECTION('',(0.707106781186548,-4.3715919351547E-17,0.707106781186548));
#3903=DIRECTION('',(6.12323399573677E-17,-1.,-1.23055985995934E-16));
#3904=DIRECTION('',(-6.12323399573677E-17,1.,1.23055985995934E-16));
#3905=DIRECTION('',(-0.707106781186548,4.3715919351547E-17,-0.707106781186548));
#3906=DIRECTION('',(-6.12323399573677E-17,1.,1.23055985995934E-16));
#3907=DIRECTION('',(-0.707106781186548,4.3715919351547E-17,-0.707106781186548));
#3908=DIRECTION('',(6.12323399573677E-17,-1.,-1.23055985995934E-16));
#3909=DIRECTION('',(0.707106781186548,-4.3715919351547E-17,0.707106781186548));
#3910=DIRECTION('',(-6.12323399573677E-17,1.,1.23055985995934E-16));
#3911=DIRECTION('',(-0.707106781186548,4.3715919351547E-17,-0.707106781186548));
#3912=DIRECTION('',(-6.12323399573677E-17,1.,1.23055985995934E-16));
#3913=DIRECTION('',(-0.707106781186548,4.3715919351547E-17,-0.707106781186548));
#3914=DIRECTION('',(6.12323399573677E-17,-1.,-1.23055985995934E-16));
#3915=DIRECTION('',(6.18236460385662E-17,1.23055985995934E-16,-1.));
#3916=DIRECTION('',(-6.12323399573677E-17,1.,1.23055985995934E-16));
#3917=DIRECTION('',(-6.18236460385662E-17,-1.23055985995934E-16,1.));
#3918=DIRECTION('',(6.12323399573677E-17,-1.,-1.23055985995934E-16));
#3919=DIRECTION('',(-6.12323399573677E-17,1.,1.23055985995934E-16));
#3920=DIRECTION('',(-6.18236460385662E-17,-1.23055985995934E-16,1.));
#3921=DIRECTION('',(6.12323399573677E-17,-1.,-1.23055985995934E-16));
#3922=DIRECTION('',(-6.12323399573677E-17,1.,1.23055985995934E-16));
#3923=DIRECTION('',(-0.866025403784439,8.49923106172157E-18,-0.5));
#3924=DIRECTION('',(-6.12323399573677E-17,1.,1.23055985995934E-16));
#3925=DIRECTION('',(-0.866025403784439,8.49923106172157E-18,-0.5));
#3926=DIRECTION('',(6.12323399573677E-17,-1.,-1.23055985995934E-16));
#3927=DIRECTION('',(-6.12323399573677E-17,1.,1.23055985995934E-16));
#3928=DIRECTION('',(-0.866025403784439,8.49923106172157E-18,-0.5));
#3929=DIRECTION('',(-6.12323399573677E-17,1.,1.23055985995934E-16));
#3930=DIRECTION('',(-0.866025403784439,8.49923106172157E-18,-0.5));
#3931=DIRECTION('',(-6.12323399573677E-17,1.,1.23055985995934E-16));
#3932=DIRECTION('',(-0.866025403784439,8.49923106172157E-18,-0.5));
#3933=DIRECTION('',(-6.12323399573677E-17,1.,1.23055985995934E-16));
#3934=DIRECTION('',(-0.866025403784439,8.49923106172157E-18,-0.5));
#3935=DIRECTION('',(6.12323399573677E-17,-1.,-1.23055985995934E-16));
#3936=DIRECTION('',(6.12323399573677E-17,-1.,-1.23055985995934E-16));
#3937=DIRECTION('',(0.866025403784439,-8.49923106172157E-18,0.5));
#3938=DIRECTION('',(6.12323399573677E-17,-1.,-1.23055985995934E-16));
#3939=DIRECTION('',(-6.12323399573677E-17,1.,1.23055985995934E-16));
#3940=DIRECTION('',(-0.866025403784439,8.49923106172157E-18,-0.5));
#3941=DIRECTION('',(-6.12323399573677E-17,1.,1.23055985995934E-16));
#3942=DIRECTION('',(-0.866025403784439,8.49923106172157E-18,-0.5));
#3943=DIRECTION('',(6.12323399573677E-17,-1.,-1.23055985995934E-16));
#3944=DIRECTION('',(0.866025403784439,-8.49923106172157E-18,0.5));
#3945=DIRECTION('',(6.12323399573677E-17,-1.,-1.23055985995934E-16));
#3946=DIRECTION('',(-6.12323399573677E-17,1.,1.23055985995934E-16));
#3947=DIRECTION('',(-0.866025403784439,8.49923106172157E-18,-0.5));
#3948=DIRECTION('',(-6.12323399573677E-17,1.,1.23055985995934E-16));
#3949=DIRECTION('',(-0.866025403784439,8.49923106172157E-18,-0.5));
#3950=DIRECTION('',(6.12323399573677E-17,-1.,-1.23055985995934E-16));
#3951=DIRECTION('',(0.866025403784439,-8.49923106172157E-18,0.5));
#3952=DIRECTION('',(-6.12323399573677E-17,1.,1.23055985995934E-16));
#3953=DIRECTION('',(-0.866025403784439,8.49923106172157E-18,-0.5));
#3954=DIRECTION('',(-6.12323399573677E-17,1.,1.23055985995934E-16));
#3955=DIRECTION('',(-0.866025403784439,8.49923106172157E-18,-0.5));
#3956=DIRECTION('',(6.12323399573677E-17,-1.,-1.23055985995934E-16));
#3957=DIRECTION('',(6.18236460385662E-17,1.23055985995934E-16,-1.));
#3958=DIRECTION('',(-6.12323399573677E-17,1.,1.23055985995934E-16));
#3959=DIRECTION('',(-6.18236460385662E-17,-1.23055985995934E-16,1.));
#3960=DIRECTION('',(6.12323399573677E-17,-1.,-1.23055985995934E-16));
#3961=DIRECTION('',(-6.12323399573677E-17,1.,1.23055985995934E-16));
#3962=DIRECTION('',(-6.18236460385662E-17,-1.23055985995934E-16,1.));
#3963=DIRECTION('',(6.12323399573677E-17,-1.,-1.23055985995934E-16));
#3964=DIRECTION('',(-6.12323399573677E-17,1.,1.23055985995934E-16));
#3965=DIRECTION('',(-0.965925826289068,-2.72966657793167E-17,-0.258819045102521));
#3966=DIRECTION('',(-6.12323399573677E-17,1.,1.23055985995934E-16));
#3967=DIRECTION('',(-0.965925826289068,-2.72966657793167E-17,-0.258819045102521));
#3968=DIRECTION('',(6.12323399573677E-17,-1.,-1.23055985995934E-16));
#3969=DIRECTION('',(-6.12323399573677E-17,1.,1.23055985995934E-16));
#3970=DIRECTION('',(-0.965925826289068,-2.72966657793167E-17,-0.258819045102521));
#3971=DIRECTION('',(-6.12323399573677E-17,1.,1.23055985995934E-16));
#3972=DIRECTION('',(-0.965925826289068,-2.72966657793167E-17,-0.258819045102521));
#3973=DIRECTION('',(-6.12323399573677E-17,1.,1.23055985995934E-16));
#3974=DIRECTION('',(-0.965925826289068,-2.72966657793167E-17,-0.258819045102521));
#3975=DIRECTION('',(-6.12323399573677E-17,1.,1.23055985995934E-16));
#3976=DIRECTION('',(-0.965925826289068,-2.72966657793167E-17,-0.258819045102521));
#3977=DIRECTION('',(6.12323399573677E-17,-1.,-1.23055985995934E-16));
#3978=DIRECTION('',(6.12323399573677E-17,-1.,-1.23055985995934E-16));
#3979=DIRECTION('',(0.965925826289068,2.72966657793167E-17,0.258819045102521));
#3980=DIRECTION('',(6.12323399573677E-17,-1.,-1.23055985995934E-16));
#3981=DIRECTION('',(-6.12323399573677E-17,1.,1.23055985995934E-16));
#3982=DIRECTION('',(-0.965925826289068,-2.72966657793167E-17,-0.258819045102521));
#3983=DIRECTION('',(-6.12323399573677E-17,1.,1.23055985995934E-16));
#3984=DIRECTION('',(-0.965925826289068,-2.72966657793167E-17,-0.258819045102521));
#3985=DIRECTION('',(6.12323399573677E-17,-1.,-1.23055985995934E-16));
#3986=DIRECTION('',(0.965925826289068,2.72966657793167E-17,0.258819045102521));
#3987=DIRECTION('',(6.12323399573677E-17,-1.,-1.23055985995934E-16));
#3988=DIRECTION('',(-6.12323399573677E-17,1.,1.23055985995934E-16));
#3989=DIRECTION('',(-0.965925826289068,-2.72966657793167E-17,-0.258819045102521));
#3990=DIRECTION('',(-6.12323399573677E-17,1.,1.23055985995934E-16));
#3991=DIRECTION('',(-0.965925826289068,-2.72966657793167E-17,-0.258819045102521));
#3992=DIRECTION('',(6.12323399573677E-17,-1.,-1.23055985995934E-16));
#3993=DIRECTION('',(0.965925826289068,2.72966657793167E-17,0.258819045102521));
#3994=DIRECTION('',(-6.12323399573677E-17,1.,1.23055985995934E-16));
#3995=DIRECTION('',(-0.965925826289068,-2.72966657793167E-17,-0.258819045102521));
#3996=DIRECTION('',(-6.12323399573677E-17,1.,1.23055985995934E-16));
#3997=DIRECTION('',(-0.965925826289068,-2.72966657793167E-17,-0.258819045102521));
#3998=DIRECTION('',(6.12323399573677E-17,-1.,-1.23055985995934E-16));
#3999=DIRECTION('',(6.18236460385662E-17,1.23055985995934E-16,-1.));
#4000=DIRECTION('',(-6.12323399573677E-17,1.,1.23055985995934E-16));
#4001=DIRECTION('',(-6.18236460385662E-17,-1.23055985995934E-16,1.));
#4002=DIRECTION('',(6.12323399573677E-17,-1.,-1.23055985995934E-16));
#4003=DIRECTION('',(-6.12323399573677E-17,1.,1.23055985995934E-16));
#4004=DIRECTION('',(-6.18236460385662E-17,-1.23055985995934E-16,1.));
#4005=DIRECTION('',(6.12323399573677E-17,-1.,-1.23055985995934E-16));
#4006=DIRECTION('',(-6.12323399573677E-17,1.,1.23055985995934E-16));
#4007=DIRECTION('',(-1.,-6.12323399573677E-17,-5.91306081198569E-19));
#4008=DIRECTION('',(-6.12323399573677E-17,1.,1.23055985995934E-16));
#4009=DIRECTION('',(-1.,-6.12323399573677E-17,-5.91306081198569E-19));
#4010=DIRECTION('',(6.12323399573677E-17,-1.,-1.23055985995934E-16));
#4011=DIRECTION('',(-6.12323399573677E-17,1.,1.23055985995934E-16));
#4012=DIRECTION('',(-1.,-6.12323399573677E-17,-5.91306081198569E-19));
#4013=DIRECTION('',(-6.12323399573677E-17,1.,1.23055985995934E-16));
#4014=DIRECTION('',(-1.,-6.12323399573677E-17,-5.91306081198569E-19));
#4015=DIRECTION('',(-6.12323399573677E-17,1.,1.23055985995934E-16));
#4016=DIRECTION('',(-1.,-6.12323399573677E-17,-5.91306081198569E-19));
#4017=DIRECTION('',(-6.12323399573677E-17,1.,1.23055985995934E-16));
#4018=DIRECTION('',(-1.,-6.12323399573677E-17,-5.91306081198569E-19));
#4019=DIRECTION('',(6.12323399573677E-17,-1.,-1.23055985995934E-16));
#4020=DIRECTION('',(6.12323399573677E-17,-1.,-1.23055985995934E-16));
#4021=DIRECTION('',(1.,6.12323399573677E-17,5.91306081198569E-19));
#4022=DIRECTION('',(6.12323399573677E-17,-1.,-1.23055985995934E-16));
#4023=DIRECTION('',(-6.12323399573677E-17,1.,1.23055985995934E-16));
#4024=DIRECTION('',(-1.,-6.12323399573677E-17,-5.91306081198569E-19));
#4025=DIRECTION('',(-6.12323399573677E-17,1.,1.23055985995934E-16));
#4026=DIRECTION('',(-1.,-6.12323399573677E-17,-5.91306081198569E-19));
#4027=DIRECTION('',(6.12323399573677E-17,-1.,-1.23055985995934E-16));
#4028=DIRECTION('',(1.,6.12323399573677E-17,5.91306081198569E-19));
#4029=DIRECTION('',(6.12323399573677E-17,-1.,-1.23055985995934E-16));
#4030=DIRECTION('',(-6.12323399573677E-17,1.,1.23055985995934E-16));
#4031=DIRECTION('',(-1.,-6.12323399573677E-17,-5.91306081198569E-19));
#4032=DIRECTION('',(-6.12323399573677E-17,1.,1.23055985995934E-16));
#4033=DIRECTION('',(-1.,-6.12323399573677E-17,-5.91306081198569E-19));
#4034=DIRECTION('',(6.12323399573677E-17,-1.,-1.23055985995934E-16));
#4035=DIRECTION('',(1.,6.12323399573677E-17,5.91306081198569E-19));
#4036=DIRECTION('',(-6.12323399573677E-17,1.,1.23055985995934E-16));
#4037=DIRECTION('',(-1.,-6.12323399573677E-17,-5.91306081198569E-19));
#4038=DIRECTION('',(-6.12323399573677E-17,1.,1.23055985995934E-16));
#4039=DIRECTION('',(-1.,-6.12323399573677E-17,-5.91306081198569E-19));
#4040=DIRECTION('',(6.12323399573677E-17,-1.,-1.23055985995934E-16));
#4041=DIRECTION('',(6.18236460385662E-17,1.23055985995934E-16,-1.));
#4042=DIRECTION('',(-6.12323399573677E-17,1.,1.23055985995934E-16));
#4043=DIRECTION('',(-6.18236460385662E-17,-1.23055985995934E-16,1.));
#4044=DIRECTION('',(6.12323399573677E-17,-1.,-1.23055985995934E-16));
#4045=DIRECTION('',(-6.12323399573677E-17,1.,1.23055985995934E-16));
#4046=DIRECTION('',(-6.18236460385662E-17,-1.23055985995934E-16,1.));
#4047=DIRECTION('',(6.12323399573677E-17,-1.,-1.23055985995934E-16));
#4048=DIRECTION('',(-6.12323399573677E-17,1.,1.23055985995934E-16));
#4049=DIRECTION('',(-0.965925826289068,-9.09951313585503E-17,0.258819045102521));
#4050=DIRECTION('',(-6.12323399573677E-17,1.,1.23055985995934E-16));
#4051=DIRECTION('',(-0.965925826289068,-9.09951313585503E-17,0.258819045102521));
#4052=DIRECTION('',(6.12323399573677E-17,-1.,-1.23055985995934E-16));
#4053=DIRECTION('',(-6.12323399573677E-17,1.,1.23055985995934E-16));
#4054=DIRECTION('',(-0.965925826289068,-9.09951313585503E-17,0.258819045102521));
#4055=DIRECTION('',(-6.12323399573677E-17,1.,1.23055985995934E-16));
#4056=DIRECTION('',(-0.965925826289068,-9.09951313585503E-17,0.258819045102521));
#4057=DIRECTION('',(-6.12323399573677E-17,1.,1.23055985995934E-16));
#4058=DIRECTION('',(-0.965925826289068,-9.09951313585503E-17,0.258819045102521));
#4059=DIRECTION('',(-6.12323399573677E-17,1.,1.23055985995934E-16));
#4060=DIRECTION('',(-0.965925826289068,-9.09951313585503E-17,0.258819045102521));
#4061=DIRECTION('',(6.12323399573677E-17,-1.,-1.23055985995934E-16));
#4062=DIRECTION('',(6.12323399573677E-17,-1.,-1.23055985995934E-16));
#4063=DIRECTION('',(0.965925826289068,9.09951313585503E-17,-0.258819045102521));
#4064=DIRECTION('',(6.12323399573677E-17,-1.,-1.23055985995934E-16));
#4065=DIRECTION('',(-6.12323399573677E-17,1.,1.23055985995934E-16));
#4066=DIRECTION('',(-0.965925826289068,-9.09951313585503E-17,0.258819045102521));
#4067=DIRECTION('',(-6.12323399573677E-17,1.,1.23055985995934E-16));
#4068=DIRECTION('',(-0.965925826289068,-9.09951313585503E-17,0.258819045102521));
#4069=DIRECTION('',(6.12323399573677E-17,-1.,-1.23055985995934E-16));
#4070=DIRECTION('',(0.965925826289068,9.09951313585503E-17,-0.258819045102521));
#4071=DIRECTION('',(6.12323399573677E-17,-1.,-1.23055985995934E-16));
#4072=DIRECTION('',(-6.12323399573677E-17,1.,1.23055985995934E-16));
#4073=DIRECTION('',(-0.965925826289068,-9.09951313585503E-17,0.258819045102521));
#4074=DIRECTION('',(-6.12323399573677E-17,1.,1.23055985995934E-16));
#4075=DIRECTION('',(-0.965925826289068,-9.09951313585503E-17,0.258819045102521));
#4076=DIRECTION('',(6.12323399573677E-17,-1.,-1.23055985995934E-16));
#4077=DIRECTION('',(0.965925826289068,9.09951313585503E-17,-0.258819045102521));
#4078=DIRECTION('',(-6.12323399573677E-17,1.,1.23055985995934E-16));
#4079=DIRECTION('',(-0.965925826289068,-9.09951313585503E-17,0.258819045102521));
#4080=DIRECTION('',(-6.12323399573677E-17,1.,1.23055985995934E-16));
#4081=DIRECTION('',(-0.965925826289068,-9.09951313585503E-17,0.258819045102521));
#4082=DIRECTION('',(6.12323399573677E-17,-1.,-1.23055985995934E-16));
#4083=DIRECTION('',(6.18236460385662E-17,1.23055985995934E-16,-1.));
#4084=DIRECTION('',(-6.12323399573677E-17,1.,1.23055985995934E-16));
#4085=DIRECTION('',(-6.18236460385662E-17,-1.23055985995934E-16,1.));
#4086=DIRECTION('',(6.12323399573677E-17,-1.,-1.23055985995934E-16));
#4087=DIRECTION('',(-6.12323399573677E-17,1.,1.23055985995934E-16));
#4088=DIRECTION('',(-6.18236460385662E-17,-1.23055985995934E-16,1.));
#4089=DIRECTION('',(6.12323399573677E-17,-1.,-1.23055985995934E-16));
#4090=DIRECTION('',(-6.12323399573677E-17,1.,1.23055985995934E-16));
#4091=DIRECTION('',(-0.866025403784439,-1.14556754934212E-16,0.5));
#4092=DIRECTION('',(-6.12323399573677E-17,1.,1.23055985995934E-16));
#4093=DIRECTION('',(-0.866025403784439,-1.14556754934212E-16,0.5));
#4094=DIRECTION('',(6.12323399573677E-17,-1.,-1.23055985995934E-16));
#4095=DIRECTION('',(-6.12323399573677E-17,1.,1.23055985995934E-16));
#4096=DIRECTION('',(-0.866025403784439,-1.14556754934212E-16,0.5));
#4097=DIRECTION('',(-6.12323399573677E-17,1.,1.23055985995934E-16));
#4098=DIRECTION('',(-0.866025403784439,-1.14556754934212E-16,0.5));
#4099=DIRECTION('',(-6.12323399573677E-17,1.,1.23055985995934E-16));
#4100=DIRECTION('',(-0.866025403784439,-1.14556754934212E-16,0.5));
#4101=DIRECTION('',(-6.12323399573677E-17,1.,1.23055985995934E-16));
#4102=DIRECTION('',(-0.866025403784439,-1.14556754934212E-16,0.5));
#4103=DIRECTION('',(6.12323399573677E-17,-1.,-1.23055985995934E-16));
#4104=DIRECTION('',(6.12323399573677E-17,-1.,-1.23055985995934E-16));
#4105=DIRECTION('',(0.866025403784439,1.14556754934212E-16,-0.5));
#4106=DIRECTION('',(6.12323399573677E-17,-1.,-1.23055985995934E-16));
#4107=DIRECTION('',(-6.12323399573677E-17,1.,1.23055985995934E-16));
#4108=DIRECTION('',(-0.866025403784439,-1.14556754934212E-16,0.5));
#4109=DIRECTION('',(-6.12323399573677E-17,1.,1.23055985995934E-16));
#4110=DIRECTION('',(-0.866025403784439,-1.14556754934212E-16,0.5));
#4111=DIRECTION('',(6.12323399573677E-17,-1.,-1.23055985995934E-16));
#4112=DIRECTION('',(0.866025403784439,1.14556754934212E-16,-0.5));
#4113=DIRECTION('',(6.12323399573677E-17,-1.,-1.23055985995934E-16));
#4114=DIRECTION('',(-6.12323399573677E-17,1.,1.23055985995934E-16));
#4115=DIRECTION('',(-0.866025403784439,-1.14556754934212E-16,0.5));
#4116=DIRECTION('',(-6.12323399573677E-17,1.,1.23055985995934E-16));
#4117=DIRECTION('',(-0.866025403784439,-1.14556754934212E-16,0.5));
#4118=DIRECTION('',(6.12323399573677E-17,-1.,-1.23055985995934E-16));
#4119=DIRECTION('',(0.866025403784439,1.14556754934212E-16,-0.5));
#4120=DIRECTION('',(-6.12323399573677E-17,1.,1.23055985995934E-16));
#4121=DIRECTION('',(-0.866025403784439,-1.14556754934212E-16,0.5));
#4122=DIRECTION('',(-6.12323399573677E-17,1.,1.23055985995934E-16));
#4123=DIRECTION('',(-0.866025403784439,-1.14556754934212E-16,0.5));
#4124=DIRECTION('',(6.12323399573677E-17,-1.,-1.23055985995934E-16));
#4125=DIRECTION('',(6.18236460385662E-17,1.23055985995934E-16,-1.));
#4126=DIRECTION('',(-6.12323399573677E-17,1.,1.23055985995934E-16));
#4127=DIRECTION('',(-6.18236460385662E-17,-1.23055985995934E-16,1.));
#4128=DIRECTION('',(6.12323399573677E-17,-1.,-1.23055985995934E-16));
#4129=DIRECTION('',(-6.12323399573677E-17,1.,1.23055985995934E-16));
#4130=DIRECTION('',(-6.18236460385662E-17,-1.23055985995934E-16,1.));
#4131=DIRECTION('',(6.12323399573677E-17,-1.,-1.23055985995934E-16));
#4132=DIRECTION('',(-6.12323399573677E-17,1.,1.23055985995934E-16));
#4133=DIRECTION('',(-0.707106781186548,-1.30311524975096E-16,0.707106781186548));
#4134=DIRECTION('',(-6.12323399573677E-17,1.,1.23055985995934E-16));
#4135=DIRECTION('',(-0.707106781186548,-1.30311524975096E-16,0.707106781186548));
#4136=DIRECTION('',(6.12323399573677E-17,-1.,-1.23055985995934E-16));
#4137=DIRECTION('',(-6.12323399573677E-17,1.,1.23055985995934E-16));
#4138=DIRECTION('',(-0.707106781186548,-1.30311524975096E-16,0.707106781186548));
#4139=DIRECTION('',(-6.12323399573677E-17,1.,1.23055985995934E-16));
#4140=DIRECTION('',(-0.707106781186548,-1.30311524975096E-16,0.707106781186548));
#4141=DIRECTION('',(-6.12323399573677E-17,1.,1.23055985995934E-16));
#4142=DIRECTION('',(-0.707106781186548,-1.30311524975096E-16,0.707106781186548));
#4143=DIRECTION('',(-6.12323399573677E-17,1.,1.23055985995934E-16));
#4144=DIRECTION('',(-0.707106781186548,-1.30311524975096E-16,0.707106781186548));
#4145=DIRECTION('',(6.12323399573677E-17,-1.,-1.23055985995934E-16));
#4146=DIRECTION('',(6.12323399573677E-17,-1.,-1.23055985995934E-16));
#4147=DIRECTION('',(0.707106781186548,1.30311524975096E-16,-0.707106781186548));
#4148=DIRECTION('',(6.12323399573677E-17,-1.,-1.23055985995934E-16));
#4149=DIRECTION('',(-6.12323399573677E-17,1.,1.23055985995934E-16));
#4150=DIRECTION('',(-0.707106781186548,-1.30311524975096E-16,0.707106781186548));
#4151=DIRECTION('',(-6.12323399573677E-17,1.,1.23055985995934E-16));
#4152=DIRECTION('',(-0.707106781186548,-1.30311524975096E-16,0.707106781186548));
#4153=DIRECTION('',(6.12323399573677E-17,-1.,-1.23055985995934E-16));
#4154=DIRECTION('',(0.707106781186548,1.30311524975096E-16,-0.707106781186548));
#4155=DIRECTION('',(6.12323399573677E-17,-1.,-1.23055985995934E-16));
#4156=DIRECTION('',(-6.12323399573677E-17,1.,1.23055985995934E-16));
#4157=DIRECTION('',(-0.707106781186548,-1.30311524975096E-16,0.707106781186548));
#4158=DIRECTION('',(-6.12323399573677E-17,1.,1.23055985995934E-16));
#4159=DIRECTION('',(-0.707106781186548,-1.30311524975096E-16,0.707106781186548));
#4160=DIRECTION('',(6.12323399573677E-17,-1.,-1.23055985995934E-16));
#4161=DIRECTION('',(0.707106781186548,1.30311524975096E-16,-0.707106781186548));
#4162=DIRECTION('',(-6.12323399573677E-17,1.,1.23055985995934E-16));
#4163=DIRECTION('',(-0.707106781186548,-1.30311524975096E-16,0.707106781186548));
#4164=DIRECTION('',(-6.12323399573677E-17,1.,1.23055985995934E-16));
#4165=DIRECTION('',(-0.707106781186548,-1.30311524975096E-16,0.707106781186548));
#4166=DIRECTION('',(6.12323399573677E-17,-1.,-1.23055985995934E-16));
#4167=DIRECTION('',(6.18236460385662E-17,1.23055985995934E-16,-1.));
#4168=DIRECTION('',(-6.12323399573677E-17,1.,1.23055985995934E-16));
#4169=DIRECTION('',(-6.18236460385662E-17,-1.23055985995934E-16,1.));
#4170=DIRECTION('',(6.12323399573677E-17,-1.,-1.23055985995934E-16));
#4171=DIRECTION('',(-6.12323399573677E-17,1.,1.23055985995934E-16));
#4172=DIRECTION('',(-6.18236460385662E-17,-1.23055985995934E-16,1.));
#4173=DIRECTION('',(6.12323399573677E-17,-1.,-1.23055985995934E-16));
#4174=DIRECTION('',(-6.12323399573677E-17,1.,1.23055985995934E-16));
#4175=DIRECTION('',(-0.5,-1.37185779938905E-16,0.866025403784439));
#4176=DIRECTION('',(-6.12323399573677E-17,1.,1.23055985995934E-16));
#4177=DIRECTION('',(-0.5,-1.37185779938905E-16,0.866025403784439));
#4178=DIRECTION('',(6.12323399573677E-17,-1.,-1.23055985995934E-16));
#4179=DIRECTION('',(-6.12323399573677E-17,1.,1.23055985995934E-16));
#4180=DIRECTION('',(-0.5,-1.37185779938905E-16,0.866025403784439));
#4181=DIRECTION('',(-6.12323399573677E-17,1.,1.23055985995934E-16));
#4182=DIRECTION('',(-0.5,-1.37185779938905E-16,0.866025403784439));
#4183=DIRECTION('',(-6.12323399573677E-17,1.,1.23055985995934E-16));
#4184=DIRECTION('',(-0.5,-1.37185779938905E-16,0.866025403784439));
#4185=DIRECTION('',(-6.12323399573677E-17,1.,1.23055985995934E-16));
#4186=DIRECTION('',(-0.5,-1.37185779938905E-16,0.866025403784439));
#4187=DIRECTION('',(6.12323399573677E-17,-1.,-1.23055985995934E-16));
#4188=DIRECTION('',(6.12323399573677E-17,-1.,-1.23055985995934E-16));
#4189=DIRECTION('',(0.5,1.37185779938905E-16,-0.866025403784439));
#4190=DIRECTION('',(6.12323399573677E-17,-1.,-1.23055985995934E-16));
#4191=DIRECTION('',(-6.12323399573677E-17,1.,1.23055985995934E-16));
#4192=DIRECTION('',(-0.5,-1.37185779938905E-16,0.866025403784439));
#4193=DIRECTION('',(-6.12323399573677E-17,1.,1.23055985995934E-16));
#4194=DIRECTION('',(-0.5,-1.37185779938905E-16,0.866025403784439));
#4195=DIRECTION('',(6.12323399573677E-17,-1.,-1.23055985995934E-16));
#4196=DIRECTION('',(0.5,1.37185779938905E-16,-0.866025403784439));
#4197=DIRECTION('',(6.12323399573677E-17,-1.,-1.23055985995934E-16));
#4198=DIRECTION('',(-6.12323399573677E-17,1.,1.23055985995934E-16));
#4199=DIRECTION('',(-0.5,-1.37185779938905E-16,0.866025403784439));
#4200=DIRECTION('',(-6.12323399573677E-17,1.,1.23055985995934E-16));
#4201=DIRECTION('',(-0.5,-1.37185779938905E-16,0.866025403784439));
#4202=DIRECTION('',(6.12323399573677E-17,-1.,-1.23055985995934E-16));
#4203=DIRECTION('',(0.5,1.37185779938905E-16,-0.866025403784439));
#4204=DIRECTION('',(-6.12323399573677E-17,1.,1.23055985995934E-16));
#4205=DIRECTION('',(-0.5,-1.37185779938905E-16,0.866025403784439));
#4206=DIRECTION('',(-6.12323399573677E-17,1.,1.23055985995934E-16));
#4207=DIRECTION('',(-0.5,-1.37185779938905E-16,0.866025403784439));
#4208=DIRECTION('',(6.12323399573677E-17,-1.,-1.23055985995934E-16));
#4209=DIRECTION('',(6.18236460385662E-17,1.23055985995934E-16,-1.));
#4210=DIRECTION('',(-6.12323399573677E-17,1.,1.23055985995934E-16));
#4211=DIRECTION('',(-6.18236460385662E-17,-1.23055985995934E-16,1.));
#4212=DIRECTION('',(6.12323399573677E-17,-1.,-1.23055985995934E-16));
#4213=DIRECTION('',(-6.12323399573677E-17,1.,1.23055985995934E-16));
#4214=DIRECTION('',(-6.18236460385662E-17,-1.23055985995934E-16,1.));
#4215=DIRECTION('',(6.12323399573677E-17,-1.,-1.23055985995934E-16));
#4216=DIRECTION('',(-6.12323399573677E-17,1.,1.23055985995934E-16));
#4217=DIRECTION('',(-0.258819045102521,-1.34711050710097E-16,0.965925826289068));
#4218=DIRECTION('',(-6.12323399573677E-17,1.,1.23055985995934E-16));
#4219=DIRECTION('',(-0.258819045102521,-1.34711050710097E-16,0.965925826289068));
#4220=DIRECTION('',(6.12323399573677E-17,-1.,-1.23055985995934E-16));
#4221=DIRECTION('',(-6.12323399573677E-17,1.,1.23055985995934E-16));
#4222=DIRECTION('',(-0.258819045102521,-1.34711050710097E-16,0.965925826289068));
#4223=DIRECTION('',(-6.12323399573677E-17,1.,1.23055985995934E-16));
#4224=DIRECTION('',(-0.258819045102521,-1.34711050710097E-16,0.965925826289068));
#4225=DIRECTION('',(-6.12323399573677E-17,1.,1.23055985995934E-16));
#4226=DIRECTION('',(-0.258819045102521,-1.34711050710097E-16,0.965925826289068));
#4227=DIRECTION('',(-6.12323399573677E-17,1.,1.23055985995934E-16));
#4228=DIRECTION('',(-0.258819045102521,-1.34711050710097E-16,0.965925826289068));
#4229=DIRECTION('',(6.12323399573677E-17,-1.,-1.23055985995934E-16));
#4230=DIRECTION('',(6.12323399573677E-17,-1.,-1.23055985995934E-16));
#4231=DIRECTION('',(0.258819045102521,1.34711050710097E-16,-0.965925826289068));
#4232=DIRECTION('',(6.12323399573677E-17,-1.,-1.23055985995934E-16));
#4233=DIRECTION('',(-6.12323399573677E-17,1.,1.23055985995934E-16));
#4234=DIRECTION('',(-0.258819045102521,-1.34711050710097E-16,0.965925826289068));
#4235=DIRECTION('',(-6.12323399573677E-17,1.,1.23055985995934E-16));
#4236=DIRECTION('',(-0.258819045102521,-1.34711050710097E-16,0.965925826289068));
#4237=DIRECTION('',(6.12323399573677E-17,-1.,-1.23055985995934E-16));
#4238=DIRECTION('',(0.258819045102521,1.34711050710097E-16,-0.965925826289068));
#4239=DIRECTION('',(6.12323399573677E-17,-1.,-1.23055985995934E-16));
#4240=DIRECTION('',(-6.12323399573677E-17,1.,1.23055985995934E-16));
#4241=DIRECTION('',(-0.258819045102521,-1.34711050710097E-16,0.965925826289068));
#4242=DIRECTION('',(-6.12323399573677E-17,1.,1.23055985995934E-16));
#4243=DIRECTION('',(-0.258819045102521,-1.34711050710097E-16,0.965925826289068));
#4244=DIRECTION('',(6.12323399573677E-17,-1.,-1.23055985995934E-16));
#4245=DIRECTION('',(0.258819045102521,1.34711050710097E-16,-0.965925826289068));
#4246=DIRECTION('',(-6.12323399573677E-17,1.,1.23055985995934E-16));
#4247=DIRECTION('',(-0.258819045102521,-1.34711050710097E-16,0.965925826289068));
#4248=DIRECTION('',(-6.12323399573677E-17,1.,1.23055985995934E-16));
#4249=DIRECTION('',(-0.258819045102521,-1.34711050710097E-16,0.965925826289068));
#4250=DIRECTION('',(6.12323399573677E-17,-1.,-1.23055985995934E-16));
#4251=DIRECTION('',(6.18236460385662E-17,1.23055985995934E-16,-1.));
#4252=DIRECTION('',(-6.12323399573677E-17,1.,1.23055985995934E-16));
#4253=DIRECTION('',(-6.18236460385662E-17,-1.23055985995934E-16,1.));
#4254=DIRECTION('',(6.12323399573677E-17,-1.,-1.23055985995934E-16));
#4255=DIRECTION('',(-6.12323399573677E-17,1.,1.23055985995934E-16));
#4256=DIRECTION('',(-6.18236460385662E-17,-1.23055985995934E-16,1.));
#4257=DIRECTION('',(6.12323399573677E-17,-1.,-1.23055985995934E-16));
#4258=DIRECTION('',(6.18236460385662E-17,1.23055985995934E-16,-1.));
#4259=DIRECTION('',(6.12323399573677E-17,-1.,-1.23055985995934E-16));
#4260=DIRECTION('',(-6.12323399573677E-17,1.,1.23055985995934E-16));
#4261=DIRECTION('',(-6.18236460385662E-17,-1.23055985995934E-16,1.));
#4262=DIRECTION('',(6.12323399573677E-17,-1.,-1.23055985995934E-16));
#4263=DIRECTION('',(-6.12323399573677E-17,1.,1.23055985995934E-16));
#4264=DIRECTION('',(-6.18236460385662E-17,-1.23055985995934E-16,1.));
#4265=DIRECTION('',(6.12323399573677E-17,-1.,-1.23055985995934E-16));
#4266=DIRECTION('',(6.18236460385662E-17,1.23055985995934E-16,-1.));
#4267=DIRECTION('',(6.12323399573677E-17,-1.,-1.23055985995934E-16));
#4268=DIRECTION('',(-6.12323399573677E-17,1.,1.23055985995934E-16));
#4269=DIRECTION('',(-6.18236460385662E-17,-1.23055985995934E-16,1.));
#4270=DIRECTION('',(-6.12323399573677E-17,1.,1.23055985995934E-16));
#4271=DIRECTION('',(-6.18236460385662E-17,-1.23055985995934E-16,1.));
#4272=DIRECTION('',(6.12323399573677E-17,-1.,-1.23055985995934E-16));
#4273=DIRECTION('',(6.18236460385662E-17,1.23055985995934E-16,-1.));
#4274=DIRECTION('',(-6.12323399573677E-17,1.,1.23055985995934E-16));
#4275=DIRECTION('',(-6.18236460385662E-17,-1.23055985995934E-16,1.));
#4276=DIRECTION('',(6.12323399573677E-17,-1.,-1.23055985995934E-16));
#4277=DIRECTION('',(-6.12323399573677E-17,1.,1.23055985995934E-16));
#4278=DIRECTION('',(-6.18236460385662E-17,-1.23055985995934E-16,1.));
#4279=DIRECTION('',(-6.12323399573677E-17,1.,1.23055985995934E-16));
#4280=DIRECTION('',(-6.18236460385662E-17,-1.23055985995934E-16,1.));
#4281=DIRECTION('',(-6.12323399573677E-17,1.,1.23055985995934E-16));
#4282=DIRECTION('',(-6.18236460385662E-17,-1.23055985995934E-16,1.));
#4283=DIRECTION('',(-6.12323399573677E-17,1.,1.23055985995934E-16));
#4284=DIRECTION('',(-6.18236460385662E-17,-1.23055985995934E-16,1.));
#4285=DIRECTION('',(-6.12323399573677E-17,1.,1.23055985995934E-16));
#4286=DIRECTION('',(-6.18236460385662E-17,-1.23055985995934E-16,1.));
#4287=DIRECTION('',(-6.12323399573677E-17,1.,1.23055985995934E-16));
#4288=DIRECTION('',(-6.18236460385662E-17,-1.23055985995934E-16,1.));
#4289=DIRECTION('',(-6.12323399573677E-17,1.,1.23055985995934E-16));
#4290=DIRECTION('',(-6.18236460385662E-17,-1.23055985995934E-16,1.));
#4291=DIRECTION('',(-6.12323399573677E-17,1.,1.23055985995934E-16));
#4292=DIRECTION('',(-6.18236460385662E-17,-1.23055985995934E-16,1.));
#4293=DIRECTION('',(-6.12323399573677E-17,1.,1.23055985995934E-16));
#4294=DIRECTION('',(-6.18236460385662E-17,-1.23055985995934E-16,1.));
#4295=DIRECTION('',(-6.12323399573677E-17,1.,1.23055985995934E-16));
#4296=DIRECTION('',(-6.18236460385662E-17,-1.23055985995934E-16,1.));
#4297=DIRECTION('',(-6.12323399573677E-17,1.,1.23055985995934E-16));
#4298=DIRECTION('',(-6.18236460385662E-17,-1.23055985995934E-16,1.));
#4299=DIRECTION('',(6.12323399573677E-17,-1.,-1.23055985995934E-16));
#4300=DIRECTION('',(6.18236460385662E-17,1.23055985995934E-16,-1.));
#4301=DIRECTION('',(-6.12323399573677E-17,1.,1.23055985995934E-16));
#4302=DIRECTION('',(-6.18236460385662E-17,-1.23055985995934E-16,1.));
#4303=DIRECTION('',(-6.12323399573677E-17,1.,1.23055985995934E-16));
#4304=DIRECTION('',(-6.18236460385662E-17,-1.23055985995934E-16,1.));
#4305=DIRECTION('',(6.12323399573677E-17,-1.,-1.23055985995934E-16));
#4306=DIRECTION('',(-6.18236460385662E-17,-1.23055985995934E-16,1.));
#4307=DIRECTION('',(-6.12323399573677E-17,1.,1.23055985995934E-16));
#4308=DIRECTION('',(-6.18236460385662E-17,-1.23055985995934E-16,1.));
#4309=DIRECTION('',(6.12323399573677E-17,-1.,-1.23055985995934E-16));
#4310=DIRECTION('',(-6.18236460385662E-17,-1.23055985995934E-16,1.));
#4311=DIRECTION('',(-6.12323399573677E-17,1.,1.23055985995934E-16));
#4312=DIRECTION('',(-6.18236460385662E-17,-1.23055985995934E-16,1.));
#4313=DIRECTION('',(-6.12323399573677E-17,1.,1.23055985995934E-16));
#4314=DIRECTION('',(6.18236460385662E-17,1.23055985995934E-16,-1.));
#4315=DIRECTION('',(-6.12323399573677E-17,1.,1.23055985995934E-16));
#4316=DIRECTION('',(-6.18236460385662E-17,-1.23055985995934E-16,1.));
#4317=DIRECTION('',(6.12323399573677E-17,-1.,-1.23055985995934E-16));
#4318=DIRECTION('',(-6.18236460385662E-17,-1.23055985995934E-16,1.));
#4319=CARTESIAN_POINT('',(0.,0.,0.));
#4320=CARTESIAN_POINT('',(0.04,-0.035,2.11244381628538E-18));
#4321=CARTESIAN_POINT('',(0.04,-0.035,2.11244381628538E-18));
#4322=CARTESIAN_POINT('',(0.0572008009460864,-0.035,-0.00688300870927008));
#4323=CARTESIAN_POINT('',(0.0570298251241086,-0.035,-0.00729578085752679));
#4324=CARTESIAN_POINT('',(0.0572008009460864,-0.035,-0.00688300870927008));
#4325=CARTESIAN_POINT('',(0.0572008009460864,-0.045,-0.00688300870927008));
#4326=CARTESIAN_POINT('',(0.04,-0.045,8.81883956326041E-19));
#4327=CARTESIAN_POINT('',(0.0570298251241086,-0.045,-0.00729578085752679));
#4328=CARTESIAN_POINT('',(0.0570298251241086,-0.035,-0.00729578085752679));
#4329=CARTESIAN_POINT('',(0.0568015774881616,-0.034998,-0.00672325693105612));
#4330=CARTESIAN_POINT('',(0.0568015774881616,-0.035,-0.00672325693105612));
#4331=CARTESIAN_POINT('',(0.0569637503376402,-0.035,-0.00632501081758858));
#4332=CARTESIAN_POINT('',(0.0569637503376402,-0.034998,-0.00632501081758858));
#4333=CARTESIAN_POINT('',(0.0569637503376402,-0.045,-0.00632501081758859));
#4334=CARTESIAN_POINT('',(0.0568015774881616,-0.045,-0.00672325693105612));
#4335=CARTESIAN_POINT('',(0.0579122213939287,-0.035,-0.00257827744561642));
#4336=CARTESIAN_POINT('',(0.0579122213939287,-0.035,-0.00257827744561642));
#4337=CARTESIAN_POINT('',(0.0583378349393853,-0.035,-0.00263954007634582));
#4338=CARTESIAN_POINT('',(0.0578535441446475,-0.035,-0.00300425512157701));
#4339=CARTESIAN_POINT('',(0.0583378349393853,-0.035,-0.00263954007634582));
#4340=CARTESIAN_POINT('',(0.0583378349393853,-0.045,-0.00263954007634582));
#4341=CARTESIAN_POINT('',(0.0579122213939287,-0.045,-0.00257827744561642));
#4342=CARTESIAN_POINT('',(0.0578535441446475,-0.045,-0.00300425512157702));
#4343=CARTESIAN_POINT('',(0.0578535441446475,-0.034998,-0.00300425512157701));
#4344=CARTESIAN_POINT('',(0.0576293765398529,-0.034998,-0.00469043974785879));
#4345=CARTESIAN_POINT('',(0.0558653330765629,-0.034998,-0.0046353808458208));
#4346=CARTESIAN_POINT('',(0.0558653330765629,-0.035,-0.0046353808458208));
#4347=CARTESIAN_POINT('',(0.0558653330765629,-0.045,-0.0046353808458208));
#4348=CARTESIAN_POINT('',(0.0576293765398529,-0.045,-0.0046904397478588));
#4349=CARTESIAN_POINT('',(0.0576293765398529,-0.035,-0.00469043974785879));
#4350=CARTESIAN_POINT('',(0.04,-0.034998,2.52165586754627E-17));
#4351=CARTESIAN_POINT('',(0.0560574719067154,-0.034998,-0.00391830896958485));
#4352=CARTESIAN_POINT('',(0.0560574719067154,-0.035,-0.00391830896958485));
#4353=CARTESIAN_POINT('',(0.0560574719067154,-0.045,-0.00391830896958485));
#4354=CARTESIAN_POINT('',(0.04,-0.045,2.39857527035314E-17));
#4355=CARTESIAN_POINT('',(0.04,-0.035,2.52163125634907E-17));
#4356=CARTESIAN_POINT('',(0.0576127078103234,-0.034998,-0.00475264829336045));
#4357=CARTESIAN_POINT('',(0.0576127078103234,-0.035,-0.00475264829336045));
#4358=CARTESIAN_POINT('',(0.0576127078103234,-0.045,-0.00475264829336045));
#4359=CARTESIAN_POINT('',(0.04,-0.035,2.11244381628538E-18));
#4360=CARTESIAN_POINT('',(0.04,-0.035,2.11244381628538E-18));
#4361=CARTESIAN_POINT('',(0.0548332441251167,-0.035,-0.0111003707507212));
#4362=CARTESIAN_POINT('',(0.0545612608697406,-0.035,-0.0114548262301152));
#4363=CARTESIAN_POINT('',(0.0548332441251167,-0.035,-0.0111003707507212));
#4364=CARTESIAN_POINT('',(0.0548332441251167,-0.045,-0.0111003707507212));
#4365=CARTESIAN_POINT('',(0.04,-0.045,8.81883956326041E-19));
#4366=CARTESIAN_POINT('',(0.0545612608697406,-0.045,-0.0114548262301152));
#4367=CARTESIAN_POINT('',(0.0545612608697406,-0.035,-0.0114548262301152));
#4368=CARTESIAN_POINT('',(0.0544889706793375,-0.034998,-0.0108427357481861));
#4369=CARTESIAN_POINT('',(0.0544889706793375,-0.035,-0.0108427357481861));
#4370=CARTESIAN_POINT('',(0.0547486913017752,-0.035,-0.0105000329640121));
#4371=CARTESIAN_POINT('',(0.0547486913017752,-0.034998,-0.0105000329640121));
#4372=CARTESIAN_POINT('',(0.0547486913017752,-0.045,-0.0105000329640121));
#4373=CARTESIAN_POINT('',(0.0544889706793375,-0.045,-0.0108427357481861));
#4374=CARTESIAN_POINT('',(0.0566345699441195,-0.035,-0.00712644880890108));
#4375=CARTESIAN_POINT('',(0.0566345699441195,-0.035,-0.00712644880890108));
#4376=CARTESIAN_POINT('',(0.0564676409382961,-0.035,-0.00752272485790582));
#4377=CARTESIAN_POINT('',(0.0566345699441195,-0.045,-0.00712644880890108));
#4378=CARTESIAN_POINT('',(0.0564676409382961,-0.045,-0.00752272485790582));
#4379=CARTESIAN_POINT('',(0.0564676409382961,-0.034998,-0.00752272485790582));
#4380=CARTESIAN_POINT('',(0.0558146949645668,-0.034998,-0.00909343529090709));
#4381=CARTESIAN_POINT('',(0.0541250101171284,-0.034998,-0.0085836844307734));
#4382=CARTESIAN_POINT('',(0.0541250101171284,-0.035,-0.0085836844307734));
#4383=CARTESIAN_POINT('',(0.0541250101171284,-0.045,-0.00858368443077341));
#4384=CARTESIAN_POINT('',(0.0558146949645668,-0.045,-0.00909343529090709));
#4385=CARTESIAN_POINT('',(0.0558146949645668,-0.035,-0.00909343529090709));
#4386=CARTESIAN_POINT('',(0.04,-0.034998,4.84929482435403E-17));
#4387=CARTESIAN_POINT('',(0.0544961938336829,-0.034998,-0.00794077537475873));
#4388=CARTESIAN_POINT('',(0.0544961938336829,-0.035,-0.00794077537475873));
#4389=CARTESIAN_POINT('',(0.0544961938336829,-0.045,-0.00794077537475873));
#4390=CARTESIAN_POINT('',(0.04,-0.045,4.72621422716089E-17));
#4391=CARTESIAN_POINT('',(0.04,-0.035,4.84927021315683E-17));
#4392=CARTESIAN_POINT('',(0.0557824934518788,-0.034998,-0.00914920994696312));
#4393=CARTESIAN_POINT('',(0.0557824934518788,-0.035,-0.00914920994696312));
#4394=CARTESIAN_POINT('',(0.0557824934518788,-0.045,-0.00914920994696313));
#4395=CARTESIAN_POINT('',(0.04,-0.035,2.11244381628538E-18));
#4396=CARTESIAN_POINT('',(0.04,-0.035,2.11244381628538E-18));
#4397=CARTESIAN_POINT('',(0.0514548262301152,-0.035,-0.0145612608697406));
#4398=CARTESIAN_POINT('',(0.0511003707507212,-0.035,-0.0148332441251167));
#4399=CARTESIAN_POINT('',(0.0514548262301152,-0.035,-0.0145612608697406));
#4400=CARTESIAN_POINT('',(0.0514548262301152,-0.045,-0.0145612608697406));
#4401=CARTESIAN_POINT('',(0.04,-0.045,8.81883956326041E-19));
#4402=CARTESIAN_POINT('',(0.0511003707507212,-0.045,-0.0148332441251167));
#4403=CARTESIAN_POINT('',(0.0511003707507212,-0.035,-0.0148332441251167));
#4404=CARTESIAN_POINT('',(0.0511889644628726,-0.034998,-0.0142233000425452));
#4405=CARTESIAN_POINT('',(0.0511889644628726,-0.035,-0.0142233000425452));
#4406=CARTESIAN_POINT('',(0.051528533327059,-0.035,-0.0139594952160632));
#4407=CARTESIAN_POINT('',(0.051528533327059,-0.034998,-0.0139594952160632));
#4408=CARTESIAN_POINT('',(0.051528533327059,-0.045,-0.0139594952160632));
#4409=CARTESIAN_POINT('',(0.0511889644628726,-0.045,-0.0142233000425452));
#4410=CARTESIAN_POINT('',(0.0542233000425452,-0.035,-0.0111889644628726));
#4411=CARTESIAN_POINT('',(0.0542233000425452,-0.035,-0.0111889644628726));
#4412=CARTESIAN_POINT('',(0.0539594952160632,-0.035,-0.011528533327059));
#4413=CARTESIAN_POINT('',(0.0542233000425452,-0.045,-0.0111889644628726));
#4414=CARTESIAN_POINT('',(0.0539594952160632,-0.045,-0.011528533327059));
#4415=CARTESIAN_POINT('',(0.0539594952160632,-0.034998,-0.011528533327059));
#4416=CARTESIAN_POINT('',(0.0529222680624646,-0.034998,-0.0128767282464924));
#4417=CARTESIAN_POINT('',(0.0514220910608946,-0.034998,-0.011947024106978));
#4418=CARTESIAN_POINT('',(0.0514220910608946,-0.035,-0.011947024106978));
#4419=CARTESIAN_POINT('',(0.0514220910608946,-0.045,-0.011947024106978));
#4420=CARTESIAN_POINT('',(0.0529222680624646,-0.045,-0.0128767282464924));
#4421=CARTESIAN_POINT('',(0.0529222680624646,-0.035,-0.0128767282464924));
#4422=CARTESIAN_POINT('',(0.04,-0.034998,6.86750977821257E-17));
#4423=CARTESIAN_POINT('',(0.051947024106978,-0.034998,-0.0114220910608946));
#4424=CARTESIAN_POINT('',(0.051947024106978,-0.035,-0.0114220910608946));
#4425=CARTESIAN_POINT('',(0.051947024106978,-0.045,-0.0114220910608946));
#4426=CARTESIAN_POINT('',(0.04,-0.045,6.74442918101943E-17));
#4427=CARTESIAN_POINT('',(0.04,-0.035,6.86748516701537E-17));
#4428=CARTESIAN_POINT('',(0.0528767282464924,-0.034998,-0.0129222680624646));
#4429=CARTESIAN_POINT('',(0.0528767282464924,-0.035,-0.0129222680624646));
#4430=CARTESIAN_POINT('',(0.0528767282464924,-0.045,-0.0129222680624646));
#4431=CARTESIAN_POINT('',(0.04,-0.035,2.11244381628538E-18));
#4432=CARTESIAN_POINT('',(0.04,-0.035,2.11244381628538E-18));
#4433=CARTESIAN_POINT('',(0.0472957808575268,-0.035,-0.0170298251241087));
#4434=CARTESIAN_POINT('',(0.0468830087092701,-0.035,-0.0172008009460865));
#4435=CARTESIAN_POINT('',(0.0472957808575268,-0.035,-0.0170298251241087));
#4436=CARTESIAN_POINT('',(0.0472957808575268,-0.045,-0.0170298251241087));
#4437=CARTESIAN_POINT('',(0.04,-0.045,8.81883956326041E-19));
#4438=CARTESIAN_POINT('',(0.0468830087092701,-0.045,-0.0172008009460865));
#4439=CARTESIAN_POINT('',(0.0468830087092701,-0.035,-0.0172008009460865));
#4440=CARTESIAN_POINT('',(0.0471264488089011,-0.034998,-0.0166345699441195));
#4441=CARTESIAN_POINT('',(0.0471264488089011,-0.035,-0.0166345699441195));
#4442=CARTESIAN_POINT('',(0.0475227248579058,-0.035,-0.0164676409382961));
#4443=CARTESIAN_POINT('',(0.0475227248579058,-0.034998,-0.0164676409382961));
#4444=CARTESIAN_POINT('',(0.0475227248579058,-0.045,-0.0164676409382961));
#4445=CARTESIAN_POINT('',(0.0471264488089011,-0.045,-0.0166345699441195));
#4446=CARTESIAN_POINT('',(0.0508427357481861,-0.035,-0.0144889706793375));
#4447=CARTESIAN_POINT('',(0.0508427357481861,-0.035,-0.0144889706793375));
#4448=CARTESIAN_POINT('',(0.0505000329640121,-0.035,-0.0147486913017752));
#4449=CARTESIAN_POINT('',(0.0508427357481861,-0.045,-0.0144889706793375));
#4450=CARTESIAN_POINT('',(0.0505000329640121,-0.045,-0.0147486913017752));
#4451=CARTESIAN_POINT('',(0.0505000329640121,-0.034998,-0.0147486913017752));
#4452=CARTESIAN_POINT('',(0.0491492099469631,-0.034998,-0.0157824934518789));
#4453=CARTESIAN_POINT('',(0.0479407753747587,-0.034998,-0.0144961938336829));
#4454=CARTESIAN_POINT('',(0.0479407753747587,-0.035,-0.0144961938336829));
#4455=CARTESIAN_POINT('',(0.0479407753747587,-0.045,-0.0144961938336829));
#4456=CARTESIAN_POINT('',(0.0491492099469631,-0.045,-0.0157824934518789));
#4457=CARTESIAN_POINT('',(0.0491492099469631,-0.035,-0.0157824934518789));
#4458=CARTESIAN_POINT('',(0.04,-0.034998,8.43876271527434E-17));
#4459=CARTESIAN_POINT('',(0.0485836844307734,-0.034998,-0.0141250101171284));
#4460=CARTESIAN_POINT('',(0.0485836844307734,-0.035,-0.0141250101171284));
#4461=CARTESIAN_POINT('',(0.0485836844307734,-0.045,-0.0141250101171284));
#4462=CARTESIAN_POINT('',(0.04,-0.045,8.3156821180812E-17));
#4463=CARTESIAN_POINT('',(0.04,-0.035,8.43873810407714E-17));
#4464=CARTESIAN_POINT('',(0.0490934352909071,-0.034998,-0.0158146949645668));
#4465=CARTESIAN_POINT('',(0.0490934352909071,-0.035,-0.0158146949645668));
#4466=CARTESIAN_POINT('',(0.0490934352909071,-0.045,-0.0158146949645668));
#4467=CARTESIAN_POINT('',(0.04,-0.035,2.11244381628538E-18));
#4468=CARTESIAN_POINT('',(0.04,-0.035,2.11244381628538E-18));
#4469=CARTESIAN_POINT('',(0.0426395400763458,-0.035,-0.0183378349393853));
#4470=CARTESIAN_POINT('',(0.0421965809989919,-0.035,-0.018396151608248));
#4471=CARTESIAN_POINT('',(0.0426395400763458,-0.035,-0.0183378349393853));
#4472=CARTESIAN_POINT('',(0.0426395400763458,-0.045,-0.0183378349393853));
#4473=CARTESIAN_POINT('',(0.04,-0.045,8.81883956326041E-19));
#4474=CARTESIAN_POINT('',(0.0421965809989919,-0.045,-0.018396151608248));
#4475=CARTESIAN_POINT('',(0.0421965809989919,-0.035,-0.018396151608248));
#4476=CARTESIAN_POINT('',(0.0425782774456164,-0.034998,-0.0179122213939287));
#4477=CARTESIAN_POINT('',(0.0425782774456164,-0.035,-0.0179122213939287));
#4478=CARTESIAN_POINT('',(0.043004255121577,-0.035,-0.0178535441446475));
#4479=CARTESIAN_POINT('',(0.043004255121577,-0.034998,-0.0178535441446475));
#4480=CARTESIAN_POINT('',(0.043004255121577,-0.045,-0.0178535441446475));
#4481=CARTESIAN_POINT('',(0.0425782774456164,-0.045,-0.0179122213939287));
#4482=CARTESIAN_POINT('',(0.0467232569310561,-0.035,-0.0168015774881616));
#4483=CARTESIAN_POINT('',(0.0467232569310561,-0.035,-0.0168015774881616));
#4484=CARTESIAN_POINT('',(0.0463250108175886,-0.035,-0.0169637503376402));
#4485=CARTESIAN_POINT('',(0.0467232569310561,-0.045,-0.0168015774881616));
#4486=CARTESIAN_POINT('',(0.0463250108175886,-0.045,-0.0169637503376402));
#4487=CARTESIAN_POINT('',(0.0463250108175886,-0.034998,-0.0169637503376402));
#4488=CARTESIAN_POINT('',(0.0447526482933605,-0.034998,-0.0176127078103233));
#4489=CARTESIAN_POINT('',(0.0439183089695849,-0.034998,-0.0160574719067153));
#4490=CARTESIAN_POINT('',(0.0439183089695849,-0.035,-0.0160574719067153));
#4491=CARTESIAN_POINT('',(0.0439183089695849,-0.045,-0.0160574719067153));
#4492=CARTESIAN_POINT('',(0.0447526482933605,-0.045,-0.0176127078103233));
#4493=CARTESIAN_POINT('',(0.0447526482933605,-0.035,-0.0176127078103233));
#4494=CARTESIAN_POINT('',(0.04,-0.034998,9.45597534449682E-17));
#4495=CARTESIAN_POINT('',(0.0446353808458207,-0.034998,-0.0158653330765629));
#4496=CARTESIAN_POINT('',(0.0446353808458207,-0.035,-0.0158653330765629));
#4497=CARTESIAN_POINT('',(0.0446353808458207,-0.045,-0.0158653330765629));
#4498=CARTESIAN_POINT('',(0.04,-0.045,9.33289474730369E-17));
#4499=CARTESIAN_POINT('',(0.04,-0.035,9.45595073329962E-17));
#4500=CARTESIAN_POINT('',(0.0446904397478588,-0.034998,-0.0176293765398529));
#4501=CARTESIAN_POINT('',(0.0446904397478588,-0.035,-0.0176293765398529));
#4502=CARTESIAN_POINT('',(0.0446904397478588,-0.045,-0.0176293765398529));
#4503=CARTESIAN_POINT('',(0.04,-0.035,2.11244381628538E-18));
#4504=CARTESIAN_POINT('',(0.04,-0.035,2.11244381628538E-18));
#4505=CARTESIAN_POINT('',(0.0378034190010081,-0.035,-0.018396151608248));
#4506=CARTESIAN_POINT('',(0.0373604599236542,-0.035,-0.0183378349393853));
#4507=CARTESIAN_POINT('',(0.0378034190010081,-0.035,-0.018396151608248));
#4508=CARTESIAN_POINT('',(0.0378034190010081,-0.045,-0.018396151608248));
#4509=CARTESIAN_POINT('',(0.04,-0.045,8.81883956326041E-19));
#4510=CARTESIAN_POINT('',(0.0373604599236542,-0.045,-0.0183378349393853));
#4511=CARTESIAN_POINT('',(0.0373604599236542,-0.035,-0.0183378349393853));
#4512=CARTESIAN_POINT('',(0.0378544007352179,-0.034998,-0.0179691845570871));
#4513=CARTESIAN_POINT('',(0.0378544007352179,-0.035,-0.0179691845570871));
#4514=CARTESIAN_POINT('',(0.038281050363479,-0.035,-0.0180227578219179));
#4515=CARTESIAN_POINT('',(0.038281050363479,-0.034998,-0.0180227578219179));
#4516=CARTESIAN_POINT('',(0.038281050363479,-0.045,-0.0180227578219179));
#4517=CARTESIAN_POINT('',(0.0378544007352179,-0.045,-0.0179691845570871));
#4518=CARTESIAN_POINT('',(0.0421455992647821,-0.035,-0.0179691845570871));
#4519=CARTESIAN_POINT('',(0.0421455992647821,-0.035,-0.0179691845570871));
#4520=CARTESIAN_POINT('',(0.041718949636521,-0.035,-0.0180227578219179));
#4521=CARTESIAN_POINT('',(0.0421455992647821,-0.045,-0.0179691845570871));
#4522=CARTESIAN_POINT('',(0.041718949636521,-0.045,-0.0180227578219179));
#4523=CARTESIAN_POINT('',(0.041718949636521,-0.034998,-0.0180227578219179));
#4524=CARTESIAN_POINT('',(0.0400322015126879,-0.034998,-0.0182426452378702));
#4525=CARTESIAN_POINT('',(0.0396288162834455,-0.034998,-0.0165244598055321));
#4526=CARTESIAN_POINT('',(0.0396288162834455,-0.035,-0.0165244598055321));
#4527=CARTESIAN_POINT('',(0.0396288162834455,-0.045,-0.0165244598055321));
#4528=CARTESIAN_POINT('',(0.0400322015126879,-0.045,-0.0182426452378702));
#4529=CARTESIAN_POINT('',(0.0400322015126879,-0.035,-0.0182426452378702));
#4530=CARTESIAN_POINT('',(0.04,-0.034998,9.84982630622187E-17));
#4531=CARTESIAN_POINT('',(0.0403711837165545,-0.034998,-0.0165244598055321));
#4532=CARTESIAN_POINT('',(0.0403711837165545,-0.035,-0.0165244598055321));
#4533=CARTESIAN_POINT('',(0.0403711837165545,-0.045,-0.0165244598055321));
#4534=CARTESIAN_POINT('',(0.04,-0.045,9.72674570902874E-17));
#4535=CARTESIAN_POINT('',(0.04,-0.035,9.84980169502467E-17));
#4536=CARTESIAN_POINT('',(0.0399677984873121,-0.034998,-0.0182426452378702));
#4537=CARTESIAN_POINT('',(0.0399677984873121,-0.035,-0.0182426452378702));
#4538=CARTESIAN_POINT('',(0.0399677984873121,-0.045,-0.0182426452378702));
#4539=CARTESIAN_POINT('',(0.04,-0.035,2.11244381628538E-18));
#4540=CARTESIAN_POINT('',(0.04,-0.035,2.11244381628538E-18));
#4541=CARTESIAN_POINT('',(0.03311699129073,-0.035,-0.0172008009460865));
#4542=CARTESIAN_POINT('',(0.0327042191424732,-0.035,-0.0170298251241087));
#4543=CARTESIAN_POINT('',(0.03311699129073,-0.035,-0.0172008009460865));
#4544=CARTESIAN_POINT('',(0.03311699129073,-0.045,-0.0172008009460865));
#4545=CARTESIAN_POINT('',(0.04,-0.045,8.81883956326041E-19));
#4546=CARTESIAN_POINT('',(0.0327042191424732,-0.045,-0.0170298251241087));
#4547=CARTESIAN_POINT('',(0.0327042191424732,-0.035,-0.0170298251241087));
#4548=CARTESIAN_POINT('',(0.0332767430689439,-0.034998,-0.0168015774881616));
#4549=CARTESIAN_POINT('',(0.0332767430689439,-0.035,-0.0168015774881616));
#4550=CARTESIAN_POINT('',(0.0336749891824114,-0.035,-0.0169637503376402));
#4551=CARTESIAN_POINT('',(0.0336749891824114,-0.034998,-0.0169637503376402));
#4552=CARTESIAN_POINT('',(0.0336749891824114,-0.045,-0.0169637503376402));
#4553=CARTESIAN_POINT('',(0.0332767430689439,-0.045,-0.0168015774881616));
#4554=CARTESIAN_POINT('',(0.0374217225543836,-0.035,-0.0179122213939287));
#4555=CARTESIAN_POINT('',(0.0374217225543836,-0.035,-0.0179122213939287));
#4556=CARTESIAN_POINT('',(0.036995744878423,-0.035,-0.0178535441446475));
#4557=CARTESIAN_POINT('',(0.0374217225543836,-0.045,-0.0179122213939287));
#4558=CARTESIAN_POINT('',(0.036995744878423,-0.045,-0.0178535441446475));
#4559=CARTESIAN_POINT('',(0.036995744878423,-0.034998,-0.0178535441446475));
#4560=CARTESIAN_POINT('',(0.0353095602521412,-0.034998,-0.0176293765398529));
#4561=CARTESIAN_POINT('',(0.0353646191541792,-0.034998,-0.0158653330765629));
#4562=CARTESIAN_POINT('',(0.0353646191541792,-0.035,-0.0158653330765629));
#4563=CARTESIAN_POINT('',(0.0353646191541792,-0.045,-0.0158653330765629));
#4564=CARTESIAN_POINT('',(0.0353095602521412,-0.045,-0.0176293765398529));
#4565=CARTESIAN_POINT('',(0.0353095602521412,-0.035,-0.0176293765398529));
#4566=CARTESIAN_POINT('',(0.04,-0.034998,9.5934753082774E-17));
#4567=CARTESIAN_POINT('',(0.0360816910304151,-0.034998,-0.0160574719067153));
#4568=CARTESIAN_POINT('',(0.0360816910304151,-0.035,-0.0160574719067153));
#4569=CARTESIAN_POINT('',(0.0360816910304151,-0.045,-0.0160574719067153));
#4570=CARTESIAN_POINT('',(0.04,-0.045,9.47039471108427E-17));
#4571=CARTESIAN_POINT('',(0.04,-0.035,9.5934506970802E-17));
#4572=CARTESIAN_POINT('',(0.0352473517066395,-0.034998,-0.0176127078103233));
#4573=CARTESIAN_POINT('',(0.0352473517066395,-0.035,-0.0176127078103233));
#4574=CARTESIAN_POINT('',(0.0352473517066395,-0.045,-0.0176127078103233));
#4575=CARTESIAN_POINT('',(0.04,-0.035,2.11244381628538E-18));
#4576=CARTESIAN_POINT('',(0.04,-0.035,2.11244381628538E-18));
#4577=CARTESIAN_POINT('',(0.0288996292492788,-0.035,-0.0148332441251167));
#4578=CARTESIAN_POINT('',(0.0285451737698847,-0.035,-0.0145612608697406));
#4579=CARTESIAN_POINT('',(0.0288996292492788,-0.035,-0.0148332441251167));
#4580=CARTESIAN_POINT('',(0.0288996292492788,-0.045,-0.0148332441251167));
#4581=CARTESIAN_POINT('',(0.04,-0.045,8.81883956326041E-19));
#4582=CARTESIAN_POINT('',(0.0285451737698847,-0.045,-0.0145612608697406));
#4583=CARTESIAN_POINT('',(0.0285451737698847,-0.035,-0.0145612608697406));
#4584=CARTESIAN_POINT('',(0.029157264251814,-0.034998,-0.0144889706793374));
#4585=CARTESIAN_POINT('',(0.029157264251814,-0.035,-0.0144889706793374));
#4586=CARTESIAN_POINT('',(0.0294999670359879,-0.035,-0.0147486913017752));
#4587=CARTESIAN_POINT('',(0.0294999670359879,-0.034998,-0.0147486913017752));
#4588=CARTESIAN_POINT('',(0.0294999670359879,-0.045,-0.0147486913017752));
#4589=CARTESIAN_POINT('',(0.029157264251814,-0.045,-0.0144889706793374));
#4590=CARTESIAN_POINT('',(0.0328735511910989,-0.035,-0.0166345699441195));
#4591=CARTESIAN_POINT('',(0.0328735511910989,-0.035,-0.0166345699441195));
#4592=CARTESIAN_POINT('',(0.0324772751420942,-0.035,-0.0164676409382961));
#4593=CARTESIAN_POINT('',(0.0328735511910989,-0.045,-0.0166345699441195));
#4594=CARTESIAN_POINT('',(0.0324772751420942,-0.045,-0.0164676409382961));
#4595=CARTESIAN_POINT('',(0.0324772751420942,-0.034998,-0.0164676409382961));
#4596=CARTESIAN_POINT('',(0.0309065647090929,-0.034998,-0.0158146949645668));
#4597=CARTESIAN_POINT('',(0.0314163155692266,-0.034998,-0.0141250101171284));
#4598=CARTESIAN_POINT('',(0.0314163155692266,-0.035,-0.0141250101171284));
#4599=CARTESIAN_POINT('',(0.0314163155692266,-0.045,-0.0141250101171284));
#4600=CARTESIAN_POINT('',(0.0309065647090929,-0.045,-0.0158146949645668));
#4601=CARTESIAN_POINT('',(0.0309065647090929,-0.035,-0.0158146949645668));
#4602=CARTESIAN_POINT('',(0.04,-0.034998,8.70439224753328E-17));
#4603=CARTESIAN_POINT('',(0.0320592246252412,-0.034998,-0.0144961938336829));
#4604=CARTESIAN_POINT('',(0.0320592246252412,-0.035,-0.0144961938336829));
#4605=CARTESIAN_POINT('',(0.0320592246252412,-0.045,-0.0144961938336829));
#4606=CARTESIAN_POINT('',(0.04,-0.045,8.58131165034015E-17));
#4607=CARTESIAN_POINT('',(0.04,-0.035,8.70436763633608E-17));
#4608=CARTESIAN_POINT('',(0.0308507900530369,-0.034998,-0.0157824934518789));
#4609=CARTESIAN_POINT('',(0.0308507900530369,-0.035,-0.0157824934518789));
#4610=CARTESIAN_POINT('',(0.0308507900530369,-0.045,-0.0157824934518789));
#4611=CARTESIAN_POINT('',(0.04,-0.035,2.11244381628538E-18));
#4612=CARTESIAN_POINT('',(0.04,-0.035,2.11244381628538E-18));
#4613=CARTESIAN_POINT('',(0.0254387391302594,-0.035,-0.0114548262301152));
#4614=CARTESIAN_POINT('',(0.0251667558748832,-0.035,-0.0111003707507212));
#4615=CARTESIAN_POINT('',(0.0254387391302594,-0.035,-0.0114548262301152));
#4616=CARTESIAN_POINT('',(0.0254387391302594,-0.045,-0.0114548262301152));
#4617=CARTESIAN_POINT('',(0.04,-0.045,8.81883956326041E-19));
#4618=CARTESIAN_POINT('',(0.0251667558748832,-0.045,-0.0111003707507212));
#4619=CARTESIAN_POINT('',(0.0251667558748832,-0.035,-0.0111003707507212));
#4620=CARTESIAN_POINT('',(0.0257766999574548,-0.034998,-0.0111889644628726));
#4621=CARTESIAN_POINT('',(0.0257766999574548,-0.035,-0.0111889644628726));
#4622=CARTESIAN_POINT('',(0.0260405047839368,-0.035,-0.0115285333270589));
#4623=CARTESIAN_POINT('',(0.0260405047839368,-0.034998,-0.0115285333270589));
#4624=CARTESIAN_POINT('',(0.0260405047839368,-0.045,-0.011528533327059));
#4625=CARTESIAN_POINT('',(0.0257766999574548,-0.045,-0.0111889644628726));
#4626=CARTESIAN_POINT('',(0.0288110355371273,-0.035,-0.0142233000425452));
#4627=CARTESIAN_POINT('',(0.0288110355371273,-0.035,-0.0142233000425452));
#4628=CARTESIAN_POINT('',(0.028471466672941,-0.035,-0.0139594952160632));
#4629=CARTESIAN_POINT('',(0.0288110355371273,-0.045,-0.0142233000425452));
#4630=CARTESIAN_POINT('',(0.028471466672941,-0.045,-0.0139594952160632));
#4631=CARTESIAN_POINT('',(0.028471466672941,-0.034998,-0.0139594952160632));
#4632=CARTESIAN_POINT('',(0.0271232717535076,-0.034998,-0.0129222680624646));
#4633=CARTESIAN_POINT('',(0.028052975893022,-0.034998,-0.0114220910608946));
#4634=CARTESIAN_POINT('',(0.028052975893022,-0.035,-0.0114220910608946));
#4635=CARTESIAN_POINT('',(0.028052975893022,-0.045,-0.0114220910608946));
#4636=CARTESIAN_POINT('',(0.0271232717535076,-0.045,-0.0129222680624646));
#4637=CARTESIAN_POINT('',(0.0271232717535076,-0.035,-0.0129222680624646));
#4638=CARTESIAN_POINT('',(0.04,-0.034998,7.24316666529999E-17));
#4639=CARTESIAN_POINT('',(0.0285779089391054,-0.034998,-0.011947024106978));
#4640=CARTESIAN_POINT('',(0.0285779089391054,-0.035,-0.011947024106978));
#4641=CARTESIAN_POINT('',(0.0285779089391054,-0.045,-0.011947024106978));
#4642=CARTESIAN_POINT('',(0.04,-0.045,7.12008606810685E-17));
#4643=CARTESIAN_POINT('',(0.04,-0.035,7.24314205410279E-17));
#4644=CARTESIAN_POINT('',(0.0270777319375354,-0.034998,-0.0128767282464924));
#4645=CARTESIAN_POINT('',(0.0270777319375354,-0.035,-0.0128767282464924));
#4646=CARTESIAN_POINT('',(0.0270777319375354,-0.045,-0.0128767282464924));
#4647=CARTESIAN_POINT('',(0.04,-0.035,2.11244381628538E-18));
#4648=CARTESIAN_POINT('',(0.04,-0.035,2.11244381628538E-18));
#4649=CARTESIAN_POINT('',(0.0229701748758913,-0.035,-0.00729578085752677));
#4650=CARTESIAN_POINT('',(0.0227991990539135,-0.035,-0.00688300870927006));
#4651=CARTESIAN_POINT('',(0.0229701748758913,-0.035,-0.00729578085752677));
#4652=CARTESIAN_POINT('',(0.0229701748758913,-0.045,-0.00729578085752677));
#4653=CARTESIAN_POINT('',(0.04,-0.045,8.81883956326041E-19));
#4654=CARTESIAN_POINT('',(0.0227991990539135,-0.045,-0.00688300870927006));
#4655=CARTESIAN_POINT('',(0.0227991990539135,-0.035,-0.00688300870927006));
#4656=CARTESIAN_POINT('',(0.0233654300558804,-0.034998,-0.00712644880890107));
#4657=CARTESIAN_POINT('',(0.0233654300558804,-0.035,-0.00712644880890107));
#4658=CARTESIAN_POINT('',(0.0235323590617039,-0.035,-0.0075227248579058));
#4659=CARTESIAN_POINT('',(0.0235323590617039,-0.034998,-0.0075227248579058));
#4660=CARTESIAN_POINT('',(0.0235323590617039,-0.045,-0.0075227248579058));
#4661=CARTESIAN_POINT('',(0.0233654300558804,-0.045,-0.00712644880890107));
#4662=CARTESIAN_POINT('',(0.0255110293206626,-0.035,-0.0108427357481861));
#4663=CARTESIAN_POINT('',(0.0255110293206626,-0.035,-0.0108427357481861));
#4664=CARTESIAN_POINT('',(0.0252513086982248,-0.035,-0.0105000329640121));
#4665=CARTESIAN_POINT('',(0.0255110293206626,-0.045,-0.0108427357481861));
#4666=CARTESIAN_POINT('',(0.0252513086982248,-0.045,-0.0105000329640121));
#4667=CARTESIAN_POINT('',(0.0252513086982248,-0.034998,-0.0105000329640121));
#4668=CARTESIAN_POINT('',(0.0242175065481211,-0.034998,-0.00914920994696311));
#4669=CARTESIAN_POINT('',(0.0255038061663171,-0.034998,-0.00794077537475871));
#4670=CARTESIAN_POINT('',(0.0255038061663171,-0.035,-0.00794077537475871));
#4671=CARTESIAN_POINT('',(0.0255038061663171,-0.045,-0.00794077537475872));
#4672=CARTESIAN_POINT('',(0.0242175065481211,-0.045,-0.00914920994696311));
#4673=CARTESIAN_POINT('',(0.0242175065481211,-0.035,-0.00914920994696311));
#4674=CARTESIAN_POINT('',(0.04,-0.034998,5.30937867021728E-17));
#4675=CARTESIAN_POINT('',(0.0258749898828716,-0.034998,-0.00858368443077339));
#4676=CARTESIAN_POINT('',(0.0258749898828716,-0.035,-0.00858368443077339));
#4677=CARTESIAN_POINT('',(0.0258749898828716,-0.045,-0.00858368443077339));
#4678=CARTESIAN_POINT('',(0.04,-0.045,5.18629807302414E-17));
#4679=CARTESIAN_POINT('',(0.04,-0.035,5.30935405902008E-17));
#4680=CARTESIAN_POINT('',(0.0241853050354333,-0.034998,-0.00909343529090707));
#4681=CARTESIAN_POINT('',(0.0241853050354333,-0.035,-0.00909343529090707));
#4682=CARTESIAN_POINT('',(0.0241853050354333,-0.045,-0.00909343529090708));
#4683=CARTESIAN_POINT('',(0.04,-0.035,2.11244381628538E-18));
#4684=CARTESIAN_POINT('',(0.04,-0.035,2.11244381628538E-18));
#4685=CARTESIAN_POINT('',(0.0216621650606147,-0.035,-0.0026395400763458));
#4686=CARTESIAN_POINT('',(0.021603848391752,-0.035,-0.0021965809989919));
#4687=CARTESIAN_POINT('',(0.0216621650606147,-0.035,-0.00263954007634579));
#4688=CARTESIAN_POINT('',(0.0216621650606147,-0.045,-0.0026395400763458));
#4689=CARTESIAN_POINT('',(0.04,-0.045,8.81883956326041E-19));
#4690=CARTESIAN_POINT('',(0.021603848391752,-0.045,-0.00219658099899191));
#4691=CARTESIAN_POINT('',(0.021603848391752,-0.035,-0.0021965809989919));
#4692=CARTESIAN_POINT('',(0.0220877786060713,-0.034998,-0.0025782774456164));
#4693=CARTESIAN_POINT('',(0.0220877786060713,-0.035,-0.0025782774456164));
#4694=CARTESIAN_POINT('',(0.0221464558553524,-0.035,-0.00300425512157699));
#4695=CARTESIAN_POINT('',(0.0221464558553524,-0.034998,-0.00300425512157699));
#4696=CARTESIAN_POINT('',(0.0221464558553524,-0.045,-0.00300425512157699));
#4697=CARTESIAN_POINT('',(0.0220877786060713,-0.045,-0.0025782774456164));
#4698=CARTESIAN_POINT('',(0.0231984225118384,-0.035,-0.0067232569310561));
#4699=CARTESIAN_POINT('',(0.0231984225118384,-0.035,-0.0067232569310561));
#4700=CARTESIAN_POINT('',(0.0230362496623598,-0.035,-0.00632501081758857));
#4701=CARTESIAN_POINT('',(0.0231984225118384,-0.045,-0.0067232569310561));
#4702=CARTESIAN_POINT('',(0.0230362496623598,-0.045,-0.00632501081758857));
#4703=CARTESIAN_POINT('',(0.0230362496623598,-0.034998,-0.00632501081758857));
#4704=CARTESIAN_POINT('',(0.0223872921896767,-0.034998,-0.00475264829336043));
#4705=CARTESIAN_POINT('',(0.0239425280932847,-0.034998,-0.00391830896958483));
#4706=CARTESIAN_POINT('',(0.0239425280932847,-0.035,-0.00391830896958483));
#4707=CARTESIAN_POINT('',(0.0239425280932847,-0.045,-0.00391830896958483));
#4708=CARTESIAN_POINT('',(0.0223872921896767,-0.045,-0.00475264829336043));
#4709=CARTESIAN_POINT('',(0.0223872921896767,-0.035,-0.00475264829336043));
#4710=CARTESIAN_POINT('',(0.04,-0.034998,3.03481271841427E-17));
#4711=CARTESIAN_POINT('',(0.0241346669234372,-0.034998,-0.00463538084582077));
#4712=CARTESIAN_POINT('',(0.0241346669234372,-0.035,-0.00463538084582077));
#4713=CARTESIAN_POINT('',(0.0241346669234372,-0.045,-0.00463538084582077));
#4714=CARTESIAN_POINT('',(0.04,-0.045,2.91173212122114E-17));
#4715=CARTESIAN_POINT('',(0.04,-0.035,3.03478810721707E-17));
#4716=CARTESIAN_POINT('',(0.0223706234601472,-0.034998,-0.00469043974785877));
#4717=CARTESIAN_POINT('',(0.0223706234601472,-0.035,-0.00469043974785877));
#4718=CARTESIAN_POINT('',(0.0223706234601472,-0.045,-0.00469043974785878));
#4719=CARTESIAN_POINT('',(0.04,-0.035,2.11244381628538E-18));
#4720=CARTESIAN_POINT('',(0.04,-0.035,2.11244381628538E-18));
#4721=CARTESIAN_POINT('',(0.021603848391752,-0.035,0.00219658099899191));
#4722=CARTESIAN_POINT('',(0.0216621650606147,-0.035,0.00263954007634581));
#4723=CARTESIAN_POINT('',(0.021603848391752,-0.035,0.00219658099899191));
#4724=CARTESIAN_POINT('',(0.021603848391752,-0.045,0.00219658099899191));
#4725=CARTESIAN_POINT('',(0.04,-0.045,8.81883956326041E-19));
#4726=CARTESIAN_POINT('',(0.0216621650606147,-0.045,0.00263954007634581));
#4727=CARTESIAN_POINT('',(0.0216621650606147,-0.035,0.00263954007634581));
#4728=CARTESIAN_POINT('',(0.0220308154429129,-0.034998,0.00214559926478208));
#4729=CARTESIAN_POINT('',(0.0220308154429129,-0.035,0.00214559926478208));
#4730=CARTESIAN_POINT('',(0.0219772421780821,-0.035,0.00171894963652095));
#4731=CARTESIAN_POINT('',(0.0219772421780821,-0.034998,0.00171894963652095));
#4732=CARTESIAN_POINT('',(0.0219772421780821,-0.045,0.00171894963652095));
#4733=CARTESIAN_POINT('',(0.0220308154429129,-0.045,0.00214559926478208));
#4734=CARTESIAN_POINT('',(0.0220308154429129,-0.035,-0.00214559926478207));
#4735=CARTESIAN_POINT('',(0.0220308154429129,-0.035,-0.00214559926478207));
#4736=CARTESIAN_POINT('',(0.0219772421780821,-0.035,-0.00171894963652094));
#4737=CARTESIAN_POINT('',(0.0220308154429129,-0.045,-0.00214559926478208));
#4738=CARTESIAN_POINT('',(0.0219772421780821,-0.045,-0.00171894963652094));
#4739=CARTESIAN_POINT('',(0.0219772421780821,-0.034998,-0.00171894963652094));
#4740=CARTESIAN_POINT('',(0.0217573547621298,-0.034998,-3.2201512687908E-5));
#4741=CARTESIAN_POINT('',(0.0234755401944679,-0.034998,0.000371183716554528));
#4742=CARTESIAN_POINT('',(0.0234755401944679,-0.035,0.000371183716554528));
#4743=CARTESIAN_POINT('',(0.0234755401944679,-0.045,0.000371183716554527));
#4744=CARTESIAN_POINT('',(0.0217573547621298,-0.045,-3.22015126879092E-5));
#4745=CARTESIAN_POINT('',(0.0217573547621298,-0.035,-3.2201512687908E-5));
#4746=CARTESIAN_POINT('',(0.04,-0.034998,5.74476720608379E-18));
#4747=CARTESIAN_POINT('',(0.0234755401944679,-0.034998,-0.000371183716554512));
#4748=CARTESIAN_POINT('',(0.0234755401944679,-0.035,-0.000371183716554512));
#4749=CARTESIAN_POINT('',(0.0234755401944679,-0.045,-0.000371183716554512));
#4750=CARTESIAN_POINT('',(0.04,-0.045,4.51396123415246E-18));
#4751=CARTESIAN_POINT('',(0.04,-0.035,5.7445210941118E-18));
#4752=CARTESIAN_POINT('',(0.0217573547621298,-0.034998,3.22015126879164E-5));
#4753=CARTESIAN_POINT('',(0.0217573547621298,-0.035,3.22015126879164E-5));
#4754=CARTESIAN_POINT('',(0.0217573547621298,-0.045,3.22015126879152E-5));
#4755=CARTESIAN_POINT('',(0.04,-0.035,2.11244381628538E-18));
#4756=CARTESIAN_POINT('',(0.04,-0.035,2.11244381628538E-18));
#4757=CARTESIAN_POINT('',(0.0227991990539135,-0.035,0.00688300870927007));
#4758=CARTESIAN_POINT('',(0.0229701748758913,-0.035,0.00729578085752679));
#4759=CARTESIAN_POINT('',(0.0227991990539135,-0.035,0.00688300870927007));
#4760=CARTESIAN_POINT('',(0.0227991990539135,-0.045,0.00688300870927007));
#4761=CARTESIAN_POINT('',(0.04,-0.045,8.81883956326041E-19));
#4762=CARTESIAN_POINT('',(0.0229701748758913,-0.045,0.00729578085752679));
#4763=CARTESIAN_POINT('',(0.0229701748758913,-0.035,0.00729578085752679));
#4764=CARTESIAN_POINT('',(0.0231984225118384,-0.034998,0.00672325693105611));
#4765=CARTESIAN_POINT('',(0.0231984225118384,-0.035,0.00672325693105611));
#4766=CARTESIAN_POINT('',(0.0230362496623598,-0.035,0.00632501081758858));
#4767=CARTESIAN_POINT('',(0.0230362496623598,-0.034998,0.00632501081758858));
#4768=CARTESIAN_POINT('',(0.0230362496623598,-0.045,0.00632501081758858));
#4769=CARTESIAN_POINT('',(0.0231984225118384,-0.045,0.00672325693105611));
#4770=CARTESIAN_POINT('',(0.0220877786060713,-0.035,0.00257827744561641));
#4771=CARTESIAN_POINT('',(0.0220877786060713,-0.035,0.00257827744561641));
#4772=CARTESIAN_POINT('',(0.0221464558553524,-0.035,0.00300425512157701));
#4773=CARTESIAN_POINT('',(0.0220877786060713,-0.045,0.00257827744561641));
#4774=CARTESIAN_POINT('',(0.0221464558553524,-0.045,0.00300425512157701));
#4775=CARTESIAN_POINT('',(0.0221464558553524,-0.034998,0.00300425512157701));
#4776=CARTESIAN_POINT('',(0.0223706234601472,-0.034998,0.00469043974785879));
#4777=CARTESIAN_POINT('',(0.0241346669234372,-0.034998,0.00463538084582079));
#4778=CARTESIAN_POINT('',(0.0241346669234372,-0.035,0.00463538084582079));
#4779=CARTESIAN_POINT('',(0.0241346669234372,-0.045,0.00463538084582079));
#4780=CARTESIAN_POINT('',(0.0223706234601472,-0.045,0.00469043974785879));
#4781=CARTESIAN_POINT('',(0.0223706234601472,-0.035,0.00469043974785879));
#4782=CARTESIAN_POINT('',(0.04,-0.034998,-1.9039614908474E-17));
#4783=CARTESIAN_POINT('',(0.0239425280932847,-0.034998,0.00391830896958485));
#4784=CARTESIAN_POINT('',(0.0239425280932847,-0.035,0.00391830896958485));
#4785=CARTESIAN_POINT('',(0.0239425280932847,-0.045,0.00391830896958485));
#4786=CARTESIAN_POINT('',(0.04,-0.045,-2.02704208804053E-17));
#4787=CARTESIAN_POINT('',(0.04,-0.035,-1.9039861020446E-17));
#4788=CARTESIAN_POINT('',(0.0223872921896767,-0.034998,0.00475264829336045));
#4789=CARTESIAN_POINT('',(0.0223872921896767,-0.035,0.00475264829336045));
#4790=CARTESIAN_POINT('',(0.0223872921896767,-0.045,0.00475264829336045));
#4791=CARTESIAN_POINT('',(0.04,-0.035,2.11244381628538E-18));
#4792=CARTESIAN_POINT('',(0.04,-0.035,2.11244381628538E-18));
#4793=CARTESIAN_POINT('',(0.0251667558748833,-0.035,0.0111003707507212));
#4794=CARTESIAN_POINT('',(0.0254387391302594,-0.035,0.0114548262301152));
#4795=CARTESIAN_POINT('',(0.0251667558748833,-0.035,0.0111003707507212));
#4796=CARTESIAN_POINT('',(0.0251667558748833,-0.045,0.0111003707507212));
#4797=CARTESIAN_POINT('',(0.04,-0.045,8.81883956326041E-19));
#4798=CARTESIAN_POINT('',(0.0254387391302594,-0.045,0.0114548262301152));
#4799=CARTESIAN_POINT('',(0.0254387391302594,-0.035,0.0114548262301152));
#4800=CARTESIAN_POINT('',(0.0255110293206626,-0.034998,0.0108427357481861));
#4801=CARTESIAN_POINT('',(0.0255110293206626,-0.035,0.0108427357481861));
#4802=CARTESIAN_POINT('',(0.0252513086982248,-0.035,0.0105000329640121));
#4803=CARTESIAN_POINT('',(0.0252513086982248,-0.034998,0.0105000329640121));
#4804=CARTESIAN_POINT('',(0.0252513086982248,-0.045,0.0105000329640121));
#4805=CARTESIAN_POINT('',(0.0255110293206626,-0.045,0.0108427357481861));
#4806=CARTESIAN_POINT('',(0.0233654300558804,-0.035,0.00712644880890108));
#4807=CARTESIAN_POINT('',(0.0233654300558804,-0.035,0.00712644880890108));
#4808=CARTESIAN_POINT('',(0.0235323590617039,-0.035,0.00752272485790582));
#4809=CARTESIAN_POINT('',(0.0233654300558804,-0.045,0.00712644880890108));
#4810=CARTESIAN_POINT('',(0.0235323590617039,-0.045,0.00752272485790582));
#4811=CARTESIAN_POINT('',(0.0235323590617039,-0.034998,0.00752272485790582));
#4812=CARTESIAN_POINT('',(0.0241853050354333,-0.034998,0.00909343529090709));
#4813=CARTESIAN_POINT('',(0.0258749898828716,-0.034998,0.00858368443077341));
#4814=CARTESIAN_POINT('',(0.0258749898828716,-0.035,0.00858368443077341));
#4815=CARTESIAN_POINT('',(0.0258749898828716,-0.045,0.00858368443077341));
#4816=CARTESIAN_POINT('',(0.0241853050354333,-0.045,0.00909343529090709));
#4817=CARTESIAN_POINT('',(0.0241853050354333,-0.035,0.00909343529090709));
#4818=CARTESIAN_POINT('',(0.04,-0.034998,-4.23160044765516E-17));
#4819=CARTESIAN_POINT('',(0.0255038061663171,-0.034998,0.00794077537475874));
#4820=CARTESIAN_POINT('',(0.0255038061663171,-0.035,0.00794077537475874));
#4821=CARTESIAN_POINT('',(0.0255038061663171,-0.045,0.00794077537475873));
#4822=CARTESIAN_POINT('',(0.04,-0.045,-4.35468104484829E-17));
#4823=CARTESIAN_POINT('',(0.04,-0.035,-4.23162505885236E-17));
#4824=CARTESIAN_POINT('',(0.0242175065481211,-0.034998,0.00914920994696313));
#4825=CARTESIAN_POINT('',(0.0242175065481211,-0.035,0.00914920994696313));
#4826=CARTESIAN_POINT('',(0.0242175065481211,-0.045,0.00914920994696313));
#4827=CARTESIAN_POINT('',(0.04,-0.035,2.11244381628538E-18));
#4828=CARTESIAN_POINT('',(0.04,-0.035,2.11244381628538E-18));
#4829=CARTESIAN_POINT('',(0.0285451737698847,-0.035,0.0145612608697406));
#4830=CARTESIAN_POINT('',(0.0288996292492788,-0.035,0.0148332441251167));
#4831=CARTESIAN_POINT('',(0.0285451737698847,-0.035,0.0145612608697406));
#4832=CARTESIAN_POINT('',(0.0285451737698847,-0.045,0.0145612608697406));
#4833=CARTESIAN_POINT('',(0.04,-0.045,8.81883956326041E-19));
#4834=CARTESIAN_POINT('',(0.0288996292492788,-0.045,0.0148332441251167));
#4835=CARTESIAN_POINT('',(0.0288996292492788,-0.035,0.0148332441251167));
#4836=CARTESIAN_POINT('',(0.0288110355371274,-0.034998,0.0142233000425452));
#4837=CARTESIAN_POINT('',(0.0288110355371274,-0.035,0.0142233000425452));
#4838=CARTESIAN_POINT('',(0.028471466672941,-0.035,0.0139594952160632));
#4839=CARTESIAN_POINT('',(0.028471466672941,-0.034998,0.0139594952160632));
#4840=CARTESIAN_POINT('',(0.028471466672941,-0.045,0.0139594952160632));
#4841=CARTESIAN_POINT('',(0.0288110355371274,-0.045,0.0142233000425452));
#4842=CARTESIAN_POINT('',(0.0257766999574548,-0.035,0.0111889644628726));
#4843=CARTESIAN_POINT('',(0.0257766999574548,-0.035,0.0111889644628726));
#4844=CARTESIAN_POINT('',(0.0260405047839368,-0.035,0.011528533327059));
#4845=CARTESIAN_POINT('',(0.0257766999574548,-0.045,0.0111889644628726));
#4846=CARTESIAN_POINT('',(0.0260405047839368,-0.045,0.011528533327059));
#4847=CARTESIAN_POINT('',(0.0260405047839368,-0.034998,0.011528533327059));
#4848=CARTESIAN_POINT('',(0.0270777319375354,-0.034998,0.0128767282464924));
#4849=CARTESIAN_POINT('',(0.0285779089391055,-0.034998,0.011947024106978));
#4850=CARTESIAN_POINT('',(0.0285779089391055,-0.035,0.011947024106978));
#4851=CARTESIAN_POINT('',(0.0285779089391055,-0.045,0.011947024106978));
#4852=CARTESIAN_POINT('',(0.0270777319375354,-0.045,0.0128767282464924));
#4853=CARTESIAN_POINT('',(0.0270777319375354,-0.035,0.0128767282464924));
#4854=CARTESIAN_POINT('',(0.04,-0.034998,-6.2498154015137E-17));
#4855=CARTESIAN_POINT('',(0.028052975893022,-0.034998,0.0114220910608946));
#4856=CARTESIAN_POINT('',(0.028052975893022,-0.035,0.0114220910608946));
#4857=CARTESIAN_POINT('',(0.028052975893022,-0.045,0.0114220910608946));
#4858=CARTESIAN_POINT('',(0.04,-0.045,-6.37289599870684E-17));
#4859=CARTESIAN_POINT('',(0.04,-0.035,-6.2498400127109E-17));
#4860=CARTESIAN_POINT('',(0.0271232717535076,-0.034998,0.0129222680624646));
#4861=CARTESIAN_POINT('',(0.0271232717535076,-0.035,0.0129222680624646));
#4862=CARTESIAN_POINT('',(0.0271232717535076,-0.045,0.0129222680624646));
#4863=CARTESIAN_POINT('',(0.04,-0.035,2.11244381628538E-18));
#4864=CARTESIAN_POINT('',(0.04,-0.035,2.11244381628538E-18));
#4865=CARTESIAN_POINT('',(0.0327042191424732,-0.035,0.0170298251241087));
#4866=CARTESIAN_POINT('',(0.03311699129073,-0.035,0.0172008009460865));
#4867=CARTESIAN_POINT('',(0.0327042191424732,-0.035,0.0170298251241087));
#4868=CARTESIAN_POINT('',(0.0327042191424732,-0.045,0.0170298251241087));
#4869=CARTESIAN_POINT('',(0.04,-0.045,8.81883956326041E-19));
#4870=CARTESIAN_POINT('',(0.03311699129073,-0.045,0.0172008009460865));
#4871=CARTESIAN_POINT('',(0.03311699129073,-0.035,0.0172008009460865));
#4872=CARTESIAN_POINT('',(0.032873551191099,-0.034998,0.0166345699441195));
#4873=CARTESIAN_POINT('',(0.032873551191099,-0.035,0.0166345699441195));
#4874=CARTESIAN_POINT('',(0.0324772751420942,-0.035,0.0164676409382961));
#4875=CARTESIAN_POINT('',(0.0324772751420942,-0.034998,0.0164676409382961));
#4876=CARTESIAN_POINT('',(0.0324772751420942,-0.045,0.0164676409382961));
#4877=CARTESIAN_POINT('',(0.032873551191099,-0.045,0.0166345699441195));
#4878=CARTESIAN_POINT('',(0.029157264251814,-0.035,0.0144889706793375));
#4879=CARTESIAN_POINT('',(0.029157264251814,-0.035,0.0144889706793375));
#4880=CARTESIAN_POINT('',(0.0294999670359879,-0.035,0.0147486913017752));
#4881=CARTESIAN_POINT('',(0.029157264251814,-0.045,0.0144889706793374));
#4882=CARTESIAN_POINT('',(0.0294999670359879,-0.045,0.0147486913017752));
#4883=CARTESIAN_POINT('',(0.0294999670359879,-0.034998,0.0147486913017752));
#4884=CARTESIAN_POINT('',(0.0308507900530369,-0.034998,0.0157824934518789));
#4885=CARTESIAN_POINT('',(0.0320592246252413,-0.034998,0.0144961938336829));
#4886=CARTESIAN_POINT('',(0.0320592246252413,-0.035,0.0144961938336829));
#4887=CARTESIAN_POINT('',(0.0320592246252413,-0.045,0.0144961938336829));
#4888=CARTESIAN_POINT('',(0.0308507900530369,-0.045,0.0157824934518789));
#4889=CARTESIAN_POINT('',(0.0308507900530369,-0.035,0.0157824934518789));
#4890=CARTESIAN_POINT('',(0.04,-0.034998,-7.82106833857547E-17));
#4891=CARTESIAN_POINT('',(0.0314163155692266,-0.034998,0.0141250101171284));
#4892=CARTESIAN_POINT('',(0.0314163155692266,-0.035,0.0141250101171284));
#4893=CARTESIAN_POINT('',(0.0314163155692266,-0.045,0.0141250101171284));
#4894=CARTESIAN_POINT('',(0.04,-0.045,-7.94414893576861E-17));
#4895=CARTESIAN_POINT('',(0.04,-0.035,-7.82109294977267E-17));
#4896=CARTESIAN_POINT('',(0.0309065647090929,-0.034998,0.0158146949645668));
#4897=CARTESIAN_POINT('',(0.0309065647090929,-0.035,0.0158146949645668));
#4898=CARTESIAN_POINT('',(0.0309065647090929,-0.045,0.0158146949645668));
#4899=CARTESIAN_POINT('',(0.04,-0.035,2.11244381628538E-18));
#4900=CARTESIAN_POINT('',(0.04,-0.035,2.11244381628538E-18));
#4901=CARTESIAN_POINT('',(0.0373604599236542,-0.035,0.0183378349393853));
#4902=CARTESIAN_POINT('',(0.0378034190010081,-0.035,0.018396151608248));
#4903=CARTESIAN_POINT('',(0.0373604599236542,-0.035,0.0183378349393853));
#4904=CARTESIAN_POINT('',(0.0373604599236542,-0.045,0.0183378349393853));
#4905=CARTESIAN_POINT('',(0.04,-0.045,8.81883956326041E-19));
#4906=CARTESIAN_POINT('',(0.0378034190010081,-0.045,0.018396151608248));
#4907=CARTESIAN_POINT('',(0.0378034190010081,-0.035,0.018396151608248));
#4908=CARTESIAN_POINT('',(0.0374217225543836,-0.034998,0.0179122213939287));
#4909=CARTESIAN_POINT('',(0.0374217225543836,-0.035,0.0179122213939287));
#4910=CARTESIAN_POINT('',(0.036995744878423,-0.035,0.0178535441446475));
#4911=CARTESIAN_POINT('',(0.036995744878423,-0.034998,0.0178535441446475));
#4912=CARTESIAN_POINT('',(0.036995744878423,-0.045,0.0178535441446475));
#4913=CARTESIAN_POINT('',(0.0374217225543836,-0.045,0.0179122213939287));
#4914=CARTESIAN_POINT('',(0.0332767430689439,-0.035,0.0168015774881616));
#4915=CARTESIAN_POINT('',(0.0332767430689439,-0.035,0.0168015774881616));
#4916=CARTESIAN_POINT('',(0.0336749891824114,-0.035,0.0169637503376402));
#4917=CARTESIAN_POINT('',(0.0332767430689439,-0.045,0.0168015774881616));
#4918=CARTESIAN_POINT('',(0.0336749891824114,-0.045,0.0169637503376402));
#4919=CARTESIAN_POINT('',(0.0336749891824114,-0.034998,0.0169637503376402));
#4920=CARTESIAN_POINT('',(0.0352473517066395,-0.034998,0.0176127078103233));
#4921=CARTESIAN_POINT('',(0.0360816910304151,-0.034998,0.0160574719067153));
#4922=CARTESIAN_POINT('',(0.0360816910304151,-0.035,0.0160574719067153));
#4923=CARTESIAN_POINT('',(0.0360816910304151,-0.045,0.0160574719067153));
#4924=CARTESIAN_POINT('',(0.0352473517066395,-0.045,0.0176127078103233));
#4925=CARTESIAN_POINT('',(0.0352473517066395,-0.035,0.0176127078103233));
#4926=CARTESIAN_POINT('',(0.04,-0.034998,-8.83828096779796E-17));
#4927=CARTESIAN_POINT('',(0.0353646191541793,-0.034998,0.0158653330765629));
#4928=CARTESIAN_POINT('',(0.0353646191541793,-0.035,0.0158653330765629));
#4929=CARTESIAN_POINT('',(0.0353646191541793,-0.045,0.0158653330765629));
#4930=CARTESIAN_POINT('',(0.04,-0.045,-8.96136156499109E-17));
#4931=CARTESIAN_POINT('',(0.04,-0.035,-8.83830557899516E-17));
#4932=CARTESIAN_POINT('',(0.0353095602521412,-0.034998,0.0176293765398529));
#4933=CARTESIAN_POINT('',(0.0353095602521412,-0.035,0.0176293765398529));
#4934=CARTESIAN_POINT('',(0.0353095602521412,-0.045,0.0176293765398529));
#4935=CARTESIAN_POINT('',(0.04,-0.035,2.11244381628538E-18));
#4936=CARTESIAN_POINT('',(0.04,-0.035,2.11244381628538E-18));
#4937=CARTESIAN_POINT('',(0.0421965809989919,-0.035,0.018396151608248));
#4938=CARTESIAN_POINT('',(0.0426395400763458,-0.035,0.0183378349393853));
#4939=CARTESIAN_POINT('',(0.0421965809989919,-0.035,0.018396151608248));
#4940=CARTESIAN_POINT('',(0.0421965809989919,-0.045,0.018396151608248));
#4941=CARTESIAN_POINT('',(0.04,-0.045,8.81883956326041E-19));
#4942=CARTESIAN_POINT('',(0.0426395400763458,-0.045,0.0183378349393853));
#4943=CARTESIAN_POINT('',(0.0426395400763458,-0.035,0.0183378349393853));
#4944=CARTESIAN_POINT('',(0.0421455992647821,-0.034998,0.0179691845570871));
#4945=CARTESIAN_POINT('',(0.0421455992647821,-0.035,0.0179691845570871));
#4946=CARTESIAN_POINT('',(0.041718949636521,-0.035,0.0180227578219179));
#4947=CARTESIAN_POINT('',(0.041718949636521,-0.034998,0.0180227578219179));
#4948=CARTESIAN_POINT('',(0.041718949636521,-0.045,0.0180227578219179));
#4949=CARTESIAN_POINT('',(0.0421455992647821,-0.045,0.0179691845570871));
#4950=CARTESIAN_POINT('',(0.0378544007352179,-0.035,0.0179691845570871));
#4951=CARTESIAN_POINT('',(0.0378544007352179,-0.035,0.0179691845570871));
#4952=CARTESIAN_POINT('',(0.038281050363479,-0.035,0.0180227578219179));
#4953=CARTESIAN_POINT('',(0.0378544007352179,-0.045,0.0179691845570871));
#4954=CARTESIAN_POINT('',(0.038281050363479,-0.045,0.0180227578219179));
#4955=CARTESIAN_POINT('',(0.038281050363479,-0.034998,0.0180227578219179));
#4956=CARTESIAN_POINT('',(0.0399677984873121,-0.034998,0.0182426452378702));
#4957=CARTESIAN_POINT('',(0.0403711837165545,-0.034998,0.0165244598055321));
#4958=CARTESIAN_POINT('',(0.0403711837165545,-0.035,0.0165244598055321));
#4959=CARTESIAN_POINT('',(0.0403711837165545,-0.045,0.0165244598055321));
#4960=CARTESIAN_POINT('',(0.0399677984873121,-0.045,0.0182426452378702));
#4961=CARTESIAN_POINT('',(0.0399677984873121,-0.035,0.0182426452378702));
#4962=CARTESIAN_POINT('',(0.04,-0.034998,-9.23213192952301E-17));
#4963=CARTESIAN_POINT('',(0.0396288162834455,-0.034998,0.0165244598055321));
#4964=CARTESIAN_POINT('',(0.0396288162834455,-0.035,0.0165244598055321));
#4965=CARTESIAN_POINT('',(0.0396288162834455,-0.045,0.0165244598055321));
#4966=CARTESIAN_POINT('',(0.04,-0.045,-9.35521252671614E-17));
#4967=CARTESIAN_POINT('',(0.04,-0.035,-9.23215654072021E-17));
#4968=CARTESIAN_POINT('',(0.0400322015126879,-0.034998,0.0182426452378702));
#4969=CARTESIAN_POINT('',(0.0400322015126879,-0.035,0.0182426452378702));
#4970=CARTESIAN_POINT('',(0.0400322015126879,-0.045,0.0182426452378702));
#4971=CARTESIAN_POINT('',(0.04,-0.035,2.11244381628538E-18));
#4972=CARTESIAN_POINT('',(0.04,-0.035,2.11244381628538E-18));
#4973=CARTESIAN_POINT('',(0.0468830087092701,-0.035,0.0172008009460865));
#4974=CARTESIAN_POINT('',(0.0472957808575268,-0.035,0.0170298251241087));
#4975=CARTESIAN_POINT('',(0.0468830087092701,-0.035,0.0172008009460865));
#4976=CARTESIAN_POINT('',(0.0468830087092701,-0.045,0.0172008009460865));
#4977=CARTESIAN_POINT('',(0.04,-0.045,8.81883956326041E-19));
#4978=CARTESIAN_POINT('',(0.0472957808575268,-0.045,0.0170298251241087));
#4979=CARTESIAN_POINT('',(0.0472957808575268,-0.035,0.0170298251241087));
#4980=CARTESIAN_POINT('',(0.0467232569310561,-0.034998,0.0168015774881616));
#4981=CARTESIAN_POINT('',(0.0467232569310561,-0.035,0.0168015774881616));
#4982=CARTESIAN_POINT('',(0.0463250108175886,-0.035,0.0169637503376402));
#4983=CARTESIAN_POINT('',(0.0463250108175886,-0.034998,0.0169637503376402));
#4984=CARTESIAN_POINT('',(0.0463250108175886,-0.045,0.0169637503376402));
#4985=CARTESIAN_POINT('',(0.0467232569310561,-0.045,0.0168015774881616));
#4986=CARTESIAN_POINT('',(0.0425782774456164,-0.035,0.0179122213939287));
#4987=CARTESIAN_POINT('',(0.0425782774456164,-0.035,0.0179122213939287));
#4988=CARTESIAN_POINT('',(0.043004255121577,-0.035,0.0178535441446475));
#4989=CARTESIAN_POINT('',(0.0425782774456164,-0.045,0.0179122213939287));
#4990=CARTESIAN_POINT('',(0.043004255121577,-0.045,0.0178535441446475));
#4991=CARTESIAN_POINT('',(0.043004255121577,-0.034998,0.0178535441446475));
#4992=CARTESIAN_POINT('',(0.0446904397478588,-0.034998,0.0176293765398529));
#4993=CARTESIAN_POINT('',(0.0446353808458208,-0.034998,0.0158653330765629));
#4994=CARTESIAN_POINT('',(0.0446353808458208,-0.035,0.0158653330765629));
#4995=CARTESIAN_POINT('',(0.0446353808458208,-0.045,0.0158653330765629));
#4996=CARTESIAN_POINT('',(0.0446904397478588,-0.045,0.0176293765398529));
#4997=CARTESIAN_POINT('',(0.0446904397478588,-0.035,0.0176293765398529));
#4998=CARTESIAN_POINT('',(0.04,-0.034998,-8.97578093157854E-17));
#4999=CARTESIAN_POINT('',(0.0439183089695849,-0.034998,0.0160574719067153));
#5000=CARTESIAN_POINT('',(0.0439183089695849,-0.035,0.0160574719067153));
#5001=CARTESIAN_POINT('',(0.0439183089695849,-0.045,0.0160574719067153));
#5002=CARTESIAN_POINT('',(0.04,-0.045,-9.09886152877167E-17));
#5003=CARTESIAN_POINT('',(0.04,-0.035,-8.97580554277574E-17));
#5004=CARTESIAN_POINT('',(0.0447526482933605,-0.034998,0.0176127078103233));
#5005=CARTESIAN_POINT('',(0.0447526482933605,-0.035,0.0176127078103233));
#5006=CARTESIAN_POINT('',(0.0447526482933605,-0.045,0.0176127078103233));
#5007=CARTESIAN_POINT('',(0.04,-0.035,2.11244381628538E-18));
#5008=CARTESIAN_POINT('',(0.04,-0.035,2.11244381628538E-18));
#5009=CARTESIAN_POINT('',(0.0511003707507212,-0.035,0.0148332441251167));
#5010=CARTESIAN_POINT('',(0.0514548262301152,-0.035,0.0145612608697406));
#5011=CARTESIAN_POINT('',(0.0511003707507212,-0.035,0.0148332441251167));
#5012=CARTESIAN_POINT('',(0.0511003707507212,-0.045,0.0148332441251167));
#5013=CARTESIAN_POINT('',(0.04,-0.045,8.81883956326041E-19));
#5014=CARTESIAN_POINT('',(0.0514548262301152,-0.045,0.0145612608697406));
#5015=CARTESIAN_POINT('',(0.0514548262301152,-0.035,0.0145612608697406));
#5016=CARTESIAN_POINT('',(0.0508427357481861,-0.034998,0.0144889706793375));
#5017=CARTESIAN_POINT('',(0.0508427357481861,-0.035,0.0144889706793375));
#5018=CARTESIAN_POINT('',(0.0505000329640121,-0.035,0.0147486913017752));
#5019=CARTESIAN_POINT('',(0.0505000329640121,-0.034998,0.0147486913017752));
#5020=CARTESIAN_POINT('',(0.0505000329640121,-0.045,0.0147486913017752));
#5021=CARTESIAN_POINT('',(0.0508427357481861,-0.045,0.0144889706793374));
#5022=CARTESIAN_POINT('',(0.0471264488089011,-0.035,0.0166345699441195));
#5023=CARTESIAN_POINT('',(0.0471264488089011,-0.035,0.0166345699441195));
#5024=CARTESIAN_POINT('',(0.0475227248579058,-0.035,0.0164676409382961));
#5025=CARTESIAN_POINT('',(0.0471264488089011,-0.045,0.0166345699441195));
#5026=CARTESIAN_POINT('',(0.0475227248579058,-0.045,0.0164676409382961));
#5027=CARTESIAN_POINT('',(0.0475227248579058,-0.034998,0.0164676409382961));
#5028=CARTESIAN_POINT('',(0.0490934352909071,-0.034998,0.0158146949645668));
#5029=CARTESIAN_POINT('',(0.0485836844307734,-0.034998,0.0141250101171284));
#5030=CARTESIAN_POINT('',(0.0485836844307734,-0.035,0.0141250101171284));
#5031=CARTESIAN_POINT('',(0.0485836844307734,-0.045,0.0141250101171284));
#5032=CARTESIAN_POINT('',(0.0490934352909071,-0.045,0.0158146949645668));
#5033=CARTESIAN_POINT('',(0.0490934352909071,-0.035,0.0158146949645668));
#5034=CARTESIAN_POINT('',(0.04,-0.034998,-8.08669787083442E-17));
#5035=CARTESIAN_POINT('',(0.0479407753747587,-0.034998,0.0144961938336829));
#5036=CARTESIAN_POINT('',(0.0479407753747587,-0.035,0.0144961938336829));
#5037=CARTESIAN_POINT('',(0.0479407753747587,-0.045,0.0144961938336829));
#5038=CARTESIAN_POINT('',(0.04,-0.045,-8.20977846802755E-17));
#5039=CARTESIAN_POINT('',(0.04,-0.035,-8.08672248203162E-17));
#5040=CARTESIAN_POINT('',(0.0491492099469631,-0.034998,0.0157824934518789));
#5041=CARTESIAN_POINT('',(0.0491492099469631,-0.035,0.0157824934518789));
#5042=CARTESIAN_POINT('',(0.0491492099469631,-0.045,0.0157824934518789));
#5043=CARTESIAN_POINT('',(0.04,-0.035,2.11244381628538E-18));
#5044=CARTESIAN_POINT('',(0.04,-0.035,2.11244381628538E-18));
#5045=CARTESIAN_POINT('',(0.0545612608697406,-0.035,0.0114548262301152));
#5046=CARTESIAN_POINT('',(0.0548332441251167,-0.035,0.0111003707507212));
#5047=CARTESIAN_POINT('',(0.0545612608697406,-0.035,0.0114548262301152));
#5048=CARTESIAN_POINT('',(0.0545612608697406,-0.045,0.0114548262301152));
#5049=CARTESIAN_POINT('',(0.04,-0.045,8.81883956326041E-19));
#5050=CARTESIAN_POINT('',(0.0548332441251167,-0.045,0.0111003707507212));
#5051=CARTESIAN_POINT('',(0.0548332441251167,-0.035,0.0111003707507212));
#5052=CARTESIAN_POINT('',(0.0542233000425452,-0.034998,0.0111889644628726));
#5053=CARTESIAN_POINT('',(0.0542233000425452,-0.035,0.0111889644628726));
#5054=CARTESIAN_POINT('',(0.0539594952160632,-0.035,0.011528533327059));
#5055=CARTESIAN_POINT('',(0.0539594952160632,-0.034998,0.011528533327059));
#5056=CARTESIAN_POINT('',(0.0539594952160632,-0.045,0.011528533327059));
#5057=CARTESIAN_POINT('',(0.0542233000425452,-0.045,0.0111889644628726));
#5058=CARTESIAN_POINT('',(0.0511889644628726,-0.035,0.0142233000425452));
#5059=CARTESIAN_POINT('',(0.0511889644628726,-0.035,0.0142233000425452));
#5060=CARTESIAN_POINT('',(0.051528533327059,-0.035,0.0139594952160632));
#5061=CARTESIAN_POINT('',(0.0511889644628726,-0.045,0.0142233000425452));
#5062=CARTESIAN_POINT('',(0.051528533327059,-0.045,0.0139594952160632));
#5063=CARTESIAN_POINT('',(0.051528533327059,-0.034998,0.0139594952160632));
#5064=CARTESIAN_POINT('',(0.0528767282464924,-0.034998,0.0129222680624646));
#5065=CARTESIAN_POINT('',(0.051947024106978,-0.034998,0.0114220910608946));
#5066=CARTESIAN_POINT('',(0.051947024106978,-0.035,0.0114220910608946));
#5067=CARTESIAN_POINT('',(0.051947024106978,-0.045,0.0114220910608946));
#5068=CARTESIAN_POINT('',(0.0528767282464924,-0.045,0.0129222680624646));
#5069=CARTESIAN_POINT('',(0.0528767282464924,-0.035,0.0129222680624646));
#5070=CARTESIAN_POINT('',(0.04,-0.034998,-6.62547228860113E-17));
#5071=CARTESIAN_POINT('',(0.0514220910608946,-0.034998,0.011947024106978));
#5072=CARTESIAN_POINT('',(0.0514220910608946,-0.035,0.011947024106978));
#5073=CARTESIAN_POINT('',(0.0514220910608946,-0.045,0.011947024106978));
#5074=CARTESIAN_POINT('',(0.04,-0.045,-6.74855288579426E-17));
#5075=CARTESIAN_POINT('',(0.04,-0.035,-6.62549689979833E-17));
#5076=CARTESIAN_POINT('',(0.0529222680624646,-0.034998,0.0128767282464924));
#5077=CARTESIAN_POINT('',(0.0529222680624646,-0.035,0.0128767282464924));
#5078=CARTESIAN_POINT('',(0.0529222680624646,-0.045,0.0128767282464924));
#5079=CARTESIAN_POINT('',(0.04,-0.035,2.11244381628538E-18));
#5080=CARTESIAN_POINT('',(0.04,-0.035,2.11244381628538E-18));
#5081=CARTESIAN_POINT('',(0.0570298251241087,-0.035,0.00729578085752678));
#5082=CARTESIAN_POINT('',(0.0572008009460865,-0.035,0.00688300870927007));
#5083=CARTESIAN_POINT('',(0.0570298251241087,-0.035,0.00729578085752678));
#5084=CARTESIAN_POINT('',(0.0570298251241087,-0.045,0.00729578085752678));
#5085=CARTESIAN_POINT('',(0.04,-0.045,8.81883956326041E-19));
#5086=CARTESIAN_POINT('',(0.0572008009460865,-0.045,0.00688300870927007));
#5087=CARTESIAN_POINT('',(0.0572008009460865,-0.035,0.00688300870927007));
#5088=CARTESIAN_POINT('',(0.0566345699441195,-0.034998,0.00712644880890108));
#5089=CARTESIAN_POINT('',(0.0566345699441195,-0.035,0.00712644880890108));
#5090=CARTESIAN_POINT('',(0.0564676409382961,-0.035,0.00752272485790581));
#5091=CARTESIAN_POINT('',(0.0564676409382961,-0.034998,0.00752272485790581));
#5092=CARTESIAN_POINT('',(0.0564676409382961,-0.045,0.00752272485790581));
#5093=CARTESIAN_POINT('',(0.0566345699441195,-0.045,0.00712644880890108));
#5094=CARTESIAN_POINT('',(0.0544889706793375,-0.035,0.0108427357481861));
#5095=CARTESIAN_POINT('',(0.0544889706793375,-0.035,0.0108427357481861));
#5096=CARTESIAN_POINT('',(0.0547486913017752,-0.035,0.0105000329640121));
#5097=CARTESIAN_POINT('',(0.0544889706793375,-0.045,0.0108427357481861));
#5098=CARTESIAN_POINT('',(0.0547486913017752,-0.045,0.0105000329640121));
#5099=CARTESIAN_POINT('',(0.0547486913017752,-0.034998,0.0105000329640121));
#5100=CARTESIAN_POINT('',(0.0557824934518789,-0.034998,0.00914920994696312));
#5101=CARTESIAN_POINT('',(0.054496193833683,-0.034998,0.00794077537475872));
#5102=CARTESIAN_POINT('',(0.054496193833683,-0.035,0.00794077537475872));
#5103=CARTESIAN_POINT('',(0.054496193833683,-0.045,0.00794077537475872));
#5104=CARTESIAN_POINT('',(0.0557824934518789,-0.045,0.00914920994696312));
#5105=CARTESIAN_POINT('',(0.0557824934518789,-0.035,0.00914920994696312));
#5106=CARTESIAN_POINT('',(0.04,-0.034998,-4.69168429351842E-17));
#5107=CARTESIAN_POINT('',(0.0541250101171284,-0.034998,0.0085836844307734));
#5108=CARTESIAN_POINT('',(0.0541250101171284,-0.035,0.0085836844307734));
#5109=CARTESIAN_POINT('',(0.0541250101171284,-0.045,0.00858368443077339));
#5110=CARTESIAN_POINT('',(0.04,-0.045,-4.81476489071155E-17));
#5111=CARTESIAN_POINT('',(0.04,-0.035,-4.69170890471562E-17));
#5112=CARTESIAN_POINT('',(0.0558146949645668,-0.034998,0.00909343529090708));
#5113=CARTESIAN_POINT('',(0.0558146949645668,-0.035,0.00909343529090708));
#5114=CARTESIAN_POINT('',(0.0558146949645668,-0.045,0.00909343529090708));
#5115=CARTESIAN_POINT('',(0.04,-0.035,2.11244381628538E-18));
#5116=CARTESIAN_POINT('',(0.04,-0.035,2.11244381628538E-18));
#5117=CARTESIAN_POINT('',(0.0583378349393853,-0.035,0.00263954007634581));
#5118=CARTESIAN_POINT('',(0.058396151608248,-0.035,0.00219658099899191));
#5119=CARTESIAN_POINT('',(0.0583378349393853,-0.035,0.00263954007634581));
#5120=CARTESIAN_POINT('',(0.0583378349393853,-0.045,0.00263954007634581));
#5121=CARTESIAN_POINT('',(0.04,-0.045,8.81883956326041E-19));
#5122=CARTESIAN_POINT('',(0.058396151608248,-0.045,0.00219658099899191));
#5123=CARTESIAN_POINT('',(0.058396151608248,-0.035,0.00219658099899191));
#5124=CARTESIAN_POINT('',(0.0579122213939287,-0.034998,0.00257827744561641));
#5125=CARTESIAN_POINT('',(0.0579122213939287,-0.035,0.00257827744561641));
#5126=CARTESIAN_POINT('',(0.0578535441446475,-0.035,0.00300425512157701));
#5127=CARTESIAN_POINT('',(0.0578535441446475,-0.034998,0.00300425512157701));
#5128=CARTESIAN_POINT('',(0.0578535441446475,-0.045,0.00300425512157701));
#5129=CARTESIAN_POINT('',(0.0579122213939287,-0.045,0.00257827744561641));
#5130=CARTESIAN_POINT('',(0.0568015774881616,-0.035,0.00672325693105611));
#5131=CARTESIAN_POINT('',(0.0568015774881616,-0.035,0.00672325693105611));
#5132=CARTESIAN_POINT('',(0.0569637503376402,-0.035,0.00632501081758858));
#5133=CARTESIAN_POINT('',(0.0568015774881616,-0.045,0.00672325693105611));
#5134=CARTESIAN_POINT('',(0.0569637503376402,-0.045,0.00632501081758858));
#5135=CARTESIAN_POINT('',(0.0569637503376402,-0.034998,0.00632501081758858));
#5136=CARTESIAN_POINT('',(0.0576127078103234,-0.034998,0.00475264829336045));
#5137=CARTESIAN_POINT('',(0.0560574719067154,-0.034998,0.00391830896958484));
#5138=CARTESIAN_POINT('',(0.0560574719067154,-0.035,0.00391830896958484));
#5139=CARTESIAN_POINT('',(0.0560574719067154,-0.045,0.00391830896958483));
#5140=CARTESIAN_POINT('',(0.0576127078103234,-0.045,0.00475264829336045));
#5141=CARTESIAN_POINT('',(0.0576127078103234,-0.035,0.00475264829336045));
#5142=CARTESIAN_POINT('',(0.04,-0.034998,-2.41711834171541E-17));
#5143=CARTESIAN_POINT('',(0.0558653330765629,-0.034998,0.00463538084582078));
#5144=CARTESIAN_POINT('',(0.0558653330765629,-0.035,0.00463538084582078));
#5145=CARTESIAN_POINT('',(0.0558653330765629,-0.045,0.00463538084582078));
#5146=CARTESIAN_POINT('',(0.04,-0.045,-2.54019893890854E-17));
#5147=CARTESIAN_POINT('',(0.04,-0.035,-2.41714295291261E-17));
#5148=CARTESIAN_POINT('',(0.0576293765398529,-0.034998,0.00469043974785879));
#5149=CARTESIAN_POINT('',(0.0576293765398529,-0.035,0.00469043974785879));
#5150=CARTESIAN_POINT('',(0.0576293765398529,-0.045,0.00469043974785879));
#5151=CARTESIAN_POINT('',(0.04,-0.035,2.11244381628538E-18));
#5152=CARTESIAN_POINT('',(0.04,-0.035,2.11244381628538E-18));
#5153=CARTESIAN_POINT('',(0.058396151608248,-0.035,-0.0021965809989919));
#5154=CARTESIAN_POINT('',(0.058396151608248,-0.035,-0.00219658099899191));
#5155=CARTESIAN_POINT('',(0.058396151608248,-0.045,-0.00219658099899191));
#5156=CARTESIAN_POINT('',(0.04,-0.045,8.81883956326041E-19));
#5157=CARTESIAN_POINT('',(0.0582426452378702,-0.034998,3.22015126879164E-5));
#5158=CARTESIAN_POINT('',(0.0565244598055321,-0.034998,-0.00037118371655452));
#5159=CARTESIAN_POINT('',(0.0565244598055321,-0.035,-0.00037118371655452));
#5160=CARTESIAN_POINT('',(0.0565244598055321,-0.045,-0.000371183716554521));
#5161=CARTESIAN_POINT('',(0.0582426452378702,-0.045,3.22015126879152E-5));
#5162=CARTESIAN_POINT('',(0.0580227578219179,-0.045,-0.00171894963652094));
#5163=CARTESIAN_POINT('',(0.0580227578219179,-0.034998,-0.00171894963652094));
#5164=CARTESIAN_POINT('',(0.0580227578219179,-0.035,-0.00171894963652094));
#5165=CARTESIAN_POINT('',(0.0582426452378702,-0.035,3.22015126879164E-5));
#5166=CARTESIAN_POINT('',(0.04,-0.034998,4.32176560904819E-19));
#5167=CARTESIAN_POINT('',(0.0565244598055321,-0.034998,0.000371183716554519));
#5168=CARTESIAN_POINT('',(0.0565244598055321,-0.035,0.000371183716554519));
#5169=CARTESIAN_POINT('',(0.0565244598055321,-0.045,0.000371183716554518));
#5170=CARTESIAN_POINT('',(0.04,-0.045,-7.98629411026512E-19));
#5171=CARTESIAN_POINT('',(0.04,-0.035,4.31930448932827E-19));
#5172=CARTESIAN_POINT('',(0.0582426452378702,-0.034998,-3.2201512687908E-5));
#5173=CARTESIAN_POINT('',(0.0582426452378702,-0.035,-3.2201512687908E-5));
#5174=CARTESIAN_POINT('',(0.0580227578219179,-0.035,0.00171894963652095));
#5175=CARTESIAN_POINT('',(0.0580227578219179,-0.034998,0.00171894963652095));
#5176=CARTESIAN_POINT('',(0.0580227578219179,-0.045,0.00171894963652095));
#5177=CARTESIAN_POINT('',(0.0582426452378702,-0.045,-3.22015126879092E-5));
#5178=CARTESIAN_POINT('',(0.0579691845570872,-0.035,0.00214559926478208));
#5179=CARTESIAN_POINT('',(0.0579691845570872,-0.035,0.00214559926478208));
#5180=CARTESIAN_POINT('',(0.0579691845570872,-0.045,0.00214559926478208));
#5181=CARTESIAN_POINT('',(0.0579691845570872,-0.034998,-0.00214559926478207));
#5182=CARTESIAN_POINT('',(0.0579691845570872,-0.035,-0.00214559926478207));
#5183=CARTESIAN_POINT('',(0.0579691845570872,-0.045,-0.00214559926478208));
#5184=CARTESIAN_POINT('',(0.04,-0.035,3.08822577152232E-18));
#5185=CARTESIAN_POINT('',(0.04,-0.035,3.08822577152232E-18));
#5186=CARTESIAN_POINT('',(0.04,-0.035,0.0190268281710275));
#5187=CARTESIAN_POINT('',(0.04,-0.035,3.08822577152232E-18));
#5188=CARTESIAN_POINT('',(0.04,-0.034,3.21128175751825E-18));
#5189=CARTESIAN_POINT('',(0.04,-0.034,0.0204549761777696));
#5190=CARTESIAN_POINT('',(0.04,-0.0335,3.27280975051622E-18));
#5191=CARTESIAN_POINT('',(0.04,-0.0335,3.27280975051622E-18));
#5192=CARTESIAN_POINT('',(0.04,-0.0335,0.0204549761777696));
#5193=CARTESIAN_POINT('',(0.04,-0.0335,3.27280975051622E-18));
#5194=CARTESIAN_POINT('',(0.04,-0.045,1.85766591156298E-18));
#5195=CARTESIAN_POINT('',(0.04,-0.045,1.85766591156298E-18));
#5196=CARTESIAN_POINT('',(0.04,-0.045,0.0190268281710275));
#5197=CARTESIAN_POINT('',(0.04,-0.045,1.85766591156298E-18));
#5198=CARTESIAN_POINT('',(0.04,-0.046,1.73460992556705E-18));
#5199=CARTESIAN_POINT('',(0.04,-0.046,0.0204549761777695));
#5200=CARTESIAN_POINT('',(0.04,-0.0465,1.67308193256908E-18));
#5201=CARTESIAN_POINT('',(0.04,-0.0465,1.67308193256908E-18));
#5202=CARTESIAN_POINT('',(0.04,-0.0465,0.0204549761777695));
#5203=CARTESIAN_POINT('',(0.04,-0.0465,1.67308193256908E-18));
#5204=MECHANICAL_DESIGN_GEOMETRIC_PRESENTATION_REPRESENTATION('',(#2823),
#5205);
#5205=(
GEOMETRIC_REPRESENTATION_CONTEXT(3)
GLOBAL_UNCERTAINTY_ASSIGNED_CONTEXT((#5206))
GLOBAL_UNIT_ASSIGNED_CONTEXT((#5209,#5208,#5207))
REPRESENTATION_CONTEXT('[LS] Pulley HTD5 24T','TOP_LEVEL_ASSEMBLY_PART')
);
#5206=UNCERTAINTY_MEASURE_WITH_UNIT(LENGTH_MEASURE(1.E-8),#5209,
'DISTANCE_ACCURACY_VALUE','Maximum Tolerance applied to model');
#5207=(
NAMED_UNIT(*)
SI_UNIT($,.STERADIAN.)
SOLID_ANGLE_UNIT()
);
#5208=(
NAMED_UNIT(*)
PLANE_ANGLE_UNIT()
SI_UNIT($,.RADIAN.)
);
#5209=(
LENGTH_UNIT()
NAMED_UNIT(*)
SI_UNIT($,.METRE.)
);
#5210=PRODUCT_DEFINITION_SHAPE('','',#5211);
#5211=PRODUCT_DEFINITION('','',#5213,#5212);
#5212=PRODUCT_DEFINITION_CONTEXT('',#5219,'design');
#5213=PRODUCT_DEFINITION_FORMATION_WITH_SPECIFIED_SOURCE('','',#5215,
 .NOT_KNOWN.);
#5214=PRODUCT_RELATED_PRODUCT_CATEGORY('','',(#5215));
#5215=PRODUCT('[LS] Pulley HTD5 24T','[LS] Pulley HTD5 24T',
'[LS] Pulley HTD5 24T',(#5217));
#5216=PRODUCT_CATEGORY('','');
#5217=PRODUCT_CONTEXT('',#5219,'mechanical');
#5218=APPLICATION_PROTOCOL_DEFINITION('international standard',
'ap242_managed_model_based_3d_engineering',2020,#5219);
#5219=APPLICATION_CONTEXT('managed model based 3d engineering');
ENDSEC;
END-ISO-10303-21;
