ISO-10303-21;
HEADER;
/* Generated by software containing ST-Developer
 * from STEP Tools, Inc. (www.steptools.com) 
 */
/* OPTION: using custom renumber hook */

FILE_DESCRIPTION(
/* description */ ('STEP AP242 Edition 2',
'CAx-IF Rec.Pracs.---Representation and Presentation of Product Manufa
cturing Information (PMI)---4.0---2014-10-13',
'CAx-IF Rec.Pracs.---3D Tessellated Geometry---0.4---2014-09-14','2;1',
'CAx-IF Rec.Pracs.---User Defined Attributes---1.5---2016-08-15'),
/* implementation_level */ '2;1');

FILE_NAME(
/* name */ 'Assembly 1 - Spur 1M 120T',
/* time_stamp */ '2026-08-21T14:50:53Z',
/* author */ (''),
/* organization */ (''),
/* preprocessor_version */ 'ST-DEVELOPER v20',
/* originating_system */ 'ONSHAPE BY PTC INC, 1.219',
/* authorisation */ '  ');

FILE_SCHEMA (('AP242_MANAGED_MODEL_BASED_3D_ENGINEERING_MIM_LF { 1 0 10303 442 3 1 4 }'));
ENDSEC;

DATA;
#10=SHAPE_REPRESENTATION_RELATIONSHIP('','',#9953,#11);
#11=ADVANCED_BREP_SHAPE_REPRESENTATION('',(#9951),#17553);
#12=ELLIPSE('',#11194,0.00707106781186547,0.005);
#13=ELLIPSE('',#11195,0.00707106781186547,0.005);
#14=ELLIPSE('',#11197,0.00707106781186547,0.005);
#15=ELLIPSE('',#11199,0.00707106781186547,0.005);
#16=ELLIPSE('',#11202,0.00707106781186547,0.005);
#17=ELLIPSE('',#11203,0.00707106781186548,0.005);
#18=ELLIPSE('',#11205,0.00707106781186547,0.005);
#19=ELLIPSE('',#11207,0.00707106781186548,0.005);
#20=CYLINDRICAL_SURFACE('',#9969,0.00405);
#21=CYLINDRICAL_SURFACE('',#9972,0.05875);
#22=CYLINDRICAL_SURFACE('',#9975,0.0200457222858252);
#23=CYLINDRICAL_SURFACE('',#9978,0.0200457222858315);
#24=CYLINDRICAL_SURFACE('',#9982,0.05875);
#25=CYLINDRICAL_SURFACE('',#9985,0.0200457222858198);
#26=CYLINDRICAL_SURFACE('',#9988,0.0200457222858315);
#27=CYLINDRICAL_SURFACE('',#9992,0.05875);
#28=CYLINDRICAL_SURFACE('',#9995,0.0200457222858275);
#29=CYLINDRICAL_SURFACE('',#9998,0.0200457222858306);
#30=CYLINDRICAL_SURFACE('',#10002,0.05875);
#31=CYLINDRICAL_SURFACE('',#10005,0.0200457222858384);
#32=CYLINDRICAL_SURFACE('',#10008,0.0200457222858305);
#33=CYLINDRICAL_SURFACE('',#10012,0.05875);
#34=CYLINDRICAL_SURFACE('',#10015,0.020045722285828);
#35=CYLINDRICAL_SURFACE('',#10018,0.0200457222858266);
#36=CYLINDRICAL_SURFACE('',#10022,0.05875);
#37=CYLINDRICAL_SURFACE('',#10025,0.0200457222858404);
#38=CYLINDRICAL_SURFACE('',#10028,0.0200457222858203);
#39=CYLINDRICAL_SURFACE('',#10032,0.05875);
#40=CYLINDRICAL_SURFACE('',#10035,0.0200457222858197);
#41=CYLINDRICAL_SURFACE('',#10038,0.0200457222858221);
#42=CYLINDRICAL_SURFACE('',#10042,0.05875);
#43=CYLINDRICAL_SURFACE('',#10045,0.0200457222858464);
#44=CYLINDRICAL_SURFACE('',#10048,0.0200457222858142);
#45=CYLINDRICAL_SURFACE('',#10052,0.05875);
#46=CYLINDRICAL_SURFACE('',#10055,0.0200457222858186);
#47=CYLINDRICAL_SURFACE('',#10058,0.0200457222858318);
#48=CYLINDRICAL_SURFACE('',#10062,0.05875);
#49=CYLINDRICAL_SURFACE('',#10065,0.0200457222858221);
#50=CYLINDRICAL_SURFACE('',#10068,0.0200457222267101);
#51=CYLINDRICAL_SURFACE('',#10072,0.05875);
#52=CYLINDRICAL_SURFACE('',#10075,0.0200457222858197);
#53=CYLINDRICAL_SURFACE('',#10078,0.0200457222858392);
#54=CYLINDRICAL_SURFACE('',#10082,0.05875);
#55=CYLINDRICAL_SURFACE('',#10085,0.0200457222858281);
#56=CYLINDRICAL_SURFACE('',#10088,0.0200457222858267);
#57=CYLINDRICAL_SURFACE('',#10092,0.05875);
#58=CYLINDRICAL_SURFACE('',#10095,0.0200457222858254);
#59=CYLINDRICAL_SURFACE('',#10098,0.0200457222858268);
#60=CYLINDRICAL_SURFACE('',#10102,0.05875);
#61=CYLINDRICAL_SURFACE('',#10105,0.0200457222858302);
#62=CYLINDRICAL_SURFACE('',#10108,0.0200457222858132);
#63=CYLINDRICAL_SURFACE('',#10112,0.05875);
#64=CYLINDRICAL_SURFACE('',#10115,0.0200457222858248);
#65=CYLINDRICAL_SURFACE('',#10118,0.0200457222858196);
#66=CYLINDRICAL_SURFACE('',#10122,0.05875);
#67=CYLINDRICAL_SURFACE('',#10125,0.0200457222858171);
#68=CYLINDRICAL_SURFACE('',#10128,0.020045722277893);
#69=CYLINDRICAL_SURFACE('',#10132,0.05875);
#70=CYLINDRICAL_SURFACE('',#10135,0.0200457222712684);
#71=CYLINDRICAL_SURFACE('',#10138,0.0200457221890625);
#72=CYLINDRICAL_SURFACE('',#10142,0.05875);
#73=CYLINDRICAL_SURFACE('',#10145,0.0200457222858366);
#74=CYLINDRICAL_SURFACE('',#10148,0.0200457222858235);
#75=CYLINDRICAL_SURFACE('',#10152,0.05875);
#76=CYLINDRICAL_SURFACE('',#10155,0.0200457222858227);
#77=CYLINDRICAL_SURFACE('',#10158,0.0200457222858176);
#78=CYLINDRICAL_SURFACE('',#10162,0.05875);
#79=CYLINDRICAL_SURFACE('',#10165,0.0200457222858367);
#80=CYLINDRICAL_SURFACE('',#10168,0.0200457222858329);
#81=CYLINDRICAL_SURFACE('',#10172,0.05875);
#82=CYLINDRICAL_SURFACE('',#10175,0.0200457222858171);
#83=CYLINDRICAL_SURFACE('',#10178,0.0200457222858444);
#84=CYLINDRICAL_SURFACE('',#10182,0.05875);
#85=CYLINDRICAL_SURFACE('',#10185,0.0200457222324782);
#86=CYLINDRICAL_SURFACE('',#10188,0.0200457222858338);
#87=CYLINDRICAL_SURFACE('',#10192,0.05875);
#88=CYLINDRICAL_SURFACE('',#10195,0.0200457222858262);
#89=CYLINDRICAL_SURFACE('',#10198,0.0200457222858264);
#90=CYLINDRICAL_SURFACE('',#10202,0.05875);
#91=CYLINDRICAL_SURFACE('',#10205,0.0200457222858359);
#92=CYLINDRICAL_SURFACE('',#10208,0.0200457222858276);
#93=CYLINDRICAL_SURFACE('',#10212,0.05875);
#94=CYLINDRICAL_SURFACE('',#10215,0.0200457222858327);
#95=CYLINDRICAL_SURFACE('',#10218,0.0200457222858308);
#96=CYLINDRICAL_SURFACE('',#10222,0.05875);
#97=CYLINDRICAL_SURFACE('',#10225,0.0200457222858254);
#98=CYLINDRICAL_SURFACE('',#10228,0.0200457222555204);
#99=CYLINDRICAL_SURFACE('',#10232,0.05875);
#100=CYLINDRICAL_SURFACE('',#10235,0.0200457221938429);
#101=CYLINDRICAL_SURFACE('',#10238,0.0200457222858266);
#102=CYLINDRICAL_SURFACE('',#10242,0.05875);
#103=CYLINDRICAL_SURFACE('',#10245,0.0200457222858289);
#104=CYLINDRICAL_SURFACE('',#10248,0.0200457222858213);
#105=CYLINDRICAL_SURFACE('',#10252,0.05875);
#106=CYLINDRICAL_SURFACE('',#10255,0.0200457222858311);
#107=CYLINDRICAL_SURFACE('',#10258,0.0200457222858253);
#108=CYLINDRICAL_SURFACE('',#10262,0.05875);
#109=CYLINDRICAL_SURFACE('',#10265,0.0200457222858299);
#110=CYLINDRICAL_SURFACE('',#10268,0.0200457222858296);
#111=CYLINDRICAL_SURFACE('',#10272,0.05875);
#112=CYLINDRICAL_SURFACE('',#10275,0.0200457222858244);
#113=CYLINDRICAL_SURFACE('',#10278,0.0200457222858292);
#114=CYLINDRICAL_SURFACE('',#10282,0.05875);
#115=CYLINDRICAL_SURFACE('',#10285,0.0200457222858166);
#116=CYLINDRICAL_SURFACE('',#10288,0.0200457222858275);
#117=CYLINDRICAL_SURFACE('',#10292,0.05875);
#118=CYLINDRICAL_SURFACE('',#10295,0.0200457222858287);
#119=CYLINDRICAL_SURFACE('',#10298,0.0200457222858281);
#120=CYLINDRICAL_SURFACE('',#10302,0.05875);
#121=CYLINDRICAL_SURFACE('',#10305,0.0200457222858342);
#122=CYLINDRICAL_SURFACE('',#10308,0.0200457222858249);
#123=CYLINDRICAL_SURFACE('',#10312,0.05875);
#124=CYLINDRICAL_SURFACE('',#10315,0.020045722285825);
#125=CYLINDRICAL_SURFACE('',#10318,0.0200457222858304);
#126=CYLINDRICAL_SURFACE('',#10322,0.05875);
#127=CYLINDRICAL_SURFACE('',#10325,0.020045722285834);
#128=CYLINDRICAL_SURFACE('',#10328,0.020045722209835);
#129=CYLINDRICAL_SURFACE('',#10332,0.05875);
#130=CYLINDRICAL_SURFACE('',#10335,0.0200457222858304);
#131=CYLINDRICAL_SURFACE('',#10338,0.0200457222858211);
#132=CYLINDRICAL_SURFACE('',#10342,0.05875);
#133=CYLINDRICAL_SURFACE('',#10345,0.0200457222360704);
#134=CYLINDRICAL_SURFACE('',#10348,0.0200457222858121);
#135=CYLINDRICAL_SURFACE('',#10352,0.05875);
#136=CYLINDRICAL_SURFACE('',#10355,0.0200457222858246);
#137=CYLINDRICAL_SURFACE('',#10358,0.0200457222858341);
#138=CYLINDRICAL_SURFACE('',#10362,0.05875);
#139=CYLINDRICAL_SURFACE('',#10365,0.020045722285831);
#140=CYLINDRICAL_SURFACE('',#10368,0.0200457222858344);
#141=CYLINDRICAL_SURFACE('',#10372,0.05875);
#142=CYLINDRICAL_SURFACE('',#10375,0.0200457222858178);
#143=CYLINDRICAL_SURFACE('',#10378,0.0200457222858388);
#144=CYLINDRICAL_SURFACE('',#10382,0.05875);
#145=CYLINDRICAL_SURFACE('',#10385,0.0200457222858322);
#146=CYLINDRICAL_SURFACE('',#10388,0.02004572228583);
#147=CYLINDRICAL_SURFACE('',#10392,0.05875);
#148=CYLINDRICAL_SURFACE('',#10395,0.0200457222858256);
#149=CYLINDRICAL_SURFACE('',#10398,0.0200457222858266);
#150=CYLINDRICAL_SURFACE('',#10402,0.05875);
#151=CYLINDRICAL_SURFACE('',#10405,0.0200457222858301);
#152=CYLINDRICAL_SURFACE('',#10408,0.020045722285816);
#153=CYLINDRICAL_SURFACE('',#10412,0.05875);
#154=CYLINDRICAL_SURFACE('',#10415,0.0200457222858234);
#155=CYLINDRICAL_SURFACE('',#10418,0.0200457222858234);
#156=CYLINDRICAL_SURFACE('',#10422,0.05875);
#157=CYLINDRICAL_SURFACE('',#10425,0.0200457222858157);
#158=CYLINDRICAL_SURFACE('',#10428,0.020045722285839);
#159=CYLINDRICAL_SURFACE('',#10432,0.05875);
#160=CYLINDRICAL_SURFACE('',#10435,0.0200457222858291);
#161=CYLINDRICAL_SURFACE('',#10438,0.0200457222858292);
#162=CYLINDRICAL_SURFACE('',#10442,0.05875);
#163=CYLINDRICAL_SURFACE('',#10445,0.0200457222858325);
#164=CYLINDRICAL_SURFACE('',#10448,0.0200457222858248);
#165=CYLINDRICAL_SURFACE('',#10452,0.05875);
#166=CYLINDRICAL_SURFACE('',#10455,0.0200457222858254);
#167=CYLINDRICAL_SURFACE('',#10458,0.0200457222858222);
#168=CYLINDRICAL_SURFACE('',#10462,0.05875);
#169=CYLINDRICAL_SURFACE('',#10465,0.0200457222858231);
#170=CYLINDRICAL_SURFACE('',#10468,0.0200457222858099);
#171=CYLINDRICAL_SURFACE('',#10472,0.05875);
#172=CYLINDRICAL_SURFACE('',#10475,0.0200457222858292);
#173=CYLINDRICAL_SURFACE('',#10478,0.0200457222858439);
#174=CYLINDRICAL_SURFACE('',#10482,0.05875);
#175=CYLINDRICAL_SURFACE('',#10485,0.0200457222858151);
#176=CYLINDRICAL_SURFACE('',#10488,0.0200457222858468);
#177=CYLINDRICAL_SURFACE('',#10492,0.05875);
#178=CYLINDRICAL_SURFACE('',#10495,0.0200457222007443);
#179=CYLINDRICAL_SURFACE('',#10498,0.0200457222858207);
#180=CYLINDRICAL_SURFACE('',#10502,0.05875);
#181=CYLINDRICAL_SURFACE('',#10505,0.020045722285837);
#182=CYLINDRICAL_SURFACE('',#10508,0.0200457222858284);
#183=CYLINDRICAL_SURFACE('',#10512,0.05875);
#184=CYLINDRICAL_SURFACE('',#10515,0.0200457222858277);
#185=CYLINDRICAL_SURFACE('',#10518,0.0200457222858204);
#186=CYLINDRICAL_SURFACE('',#10522,0.05875);
#187=CYLINDRICAL_SURFACE('',#10525,0.020045722285835);
#188=CYLINDRICAL_SURFACE('',#10528,0.0200457222858284);
#189=CYLINDRICAL_SURFACE('',#10532,0.05875);
#190=CYLINDRICAL_SURFACE('',#10535,0.0200457222858283);
#191=CYLINDRICAL_SURFACE('',#10538,0.020045722235744);
#192=CYLINDRICAL_SURFACE('',#10542,0.05875);
#193=CYLINDRICAL_SURFACE('',#10545,0.0200457222858236);
#194=CYLINDRICAL_SURFACE('',#10548,0.0200457221890618);
#195=CYLINDRICAL_SURFACE('',#10552,0.05875);
#196=CYLINDRICAL_SURFACE('',#10555,0.0200457222858307);
#197=CYLINDRICAL_SURFACE('',#10558,0.0200457222858233);
#198=CYLINDRICAL_SURFACE('',#10562,0.05875);
#199=CYLINDRICAL_SURFACE('',#10565,0.0200457222107368);
#200=CYLINDRICAL_SURFACE('',#10568,0.0200457222858295);
#201=CYLINDRICAL_SURFACE('',#10572,0.05875);
#202=CYLINDRICAL_SURFACE('',#10575,0.0200457222672426);
#203=CYLINDRICAL_SURFACE('',#10578,0.0200457222858326);
#204=CYLINDRICAL_SURFACE('',#10582,0.05875);
#205=CYLINDRICAL_SURFACE('',#10585,0.0200457222858199);
#206=CYLINDRICAL_SURFACE('',#10588,0.0200457222858294);
#207=CYLINDRICAL_SURFACE('',#10592,0.05875);
#208=CYLINDRICAL_SURFACE('',#10595,0.0200457222858271);
#209=CYLINDRICAL_SURFACE('',#10598,0.0200457222858364);
#210=CYLINDRICAL_SURFACE('',#10602,0.05875);
#211=CYLINDRICAL_SURFACE('',#10605,0.0200457222858377);
#212=CYLINDRICAL_SURFACE('',#10608,0.020045722285835);
#213=CYLINDRICAL_SURFACE('',#10612,0.05875);
#214=CYLINDRICAL_SURFACE('',#10615,0.0200457222858259);
#215=CYLINDRICAL_SURFACE('',#10618,0.0200457222858305);
#216=CYLINDRICAL_SURFACE('',#10622,0.05875);
#217=CYLINDRICAL_SURFACE('',#10625,0.0200457222858316);
#218=CYLINDRICAL_SURFACE('',#10628,0.0200457222858176);
#219=CYLINDRICAL_SURFACE('',#10632,0.05875);
#220=CYLINDRICAL_SURFACE('',#10635,0.020045722285835);
#221=CYLINDRICAL_SURFACE('',#10638,0.020045722285829);
#222=CYLINDRICAL_SURFACE('',#10642,0.05875);
#223=CYLINDRICAL_SURFACE('',#10645,0.0200457222858425);
#224=CYLINDRICAL_SURFACE('',#10648,0.02004572228582);
#225=CYLINDRICAL_SURFACE('',#10652,0.05875);
#226=CYLINDRICAL_SURFACE('',#10655,0.0200457222858252);
#227=CYLINDRICAL_SURFACE('',#10658,0.02004572228583);
#228=CYLINDRICAL_SURFACE('',#10662,0.05875);
#229=CYLINDRICAL_SURFACE('',#10665,0.0200457222858359);
#230=CYLINDRICAL_SURFACE('',#10668,0.0200457222858176);
#231=CYLINDRICAL_SURFACE('',#10672,0.05875);
#232=CYLINDRICAL_SURFACE('',#10675,0.0200457222858185);
#233=CYLINDRICAL_SURFACE('',#10678,0.0200457222858254);
#234=CYLINDRICAL_SURFACE('',#10682,0.05875);
#235=CYLINDRICAL_SURFACE('',#10685,0.0200457222858326);
#236=CYLINDRICAL_SURFACE('',#10688,0.0200457222858313);
#237=CYLINDRICAL_SURFACE('',#10692,0.05875);
#238=CYLINDRICAL_SURFACE('',#10695,0.0200457222858337);
#239=CYLINDRICAL_SURFACE('',#10698,0.0200457222858343);
#240=CYLINDRICAL_SURFACE('',#10702,0.05875);
#241=CYLINDRICAL_SURFACE('',#10705,0.0200457222858282);
#242=CYLINDRICAL_SURFACE('',#10708,0.0200457222858173);
#243=CYLINDRICAL_SURFACE('',#10712,0.05875);
#244=CYLINDRICAL_SURFACE('',#10715,0.0200457222858197);
#245=CYLINDRICAL_SURFACE('',#10718,0.0200457222605482);
#246=CYLINDRICAL_SURFACE('',#10722,0.05875);
#247=CYLINDRICAL_SURFACE('',#10725,0.0200457221891419);
#248=CYLINDRICAL_SURFACE('',#10728,0.0200457222858376);
#249=CYLINDRICAL_SURFACE('',#10732,0.05875);
#250=CYLINDRICAL_SURFACE('',#10735,0.0200457222858281);
#251=CYLINDRICAL_SURFACE('',#10738,0.0200457222858297);
#252=CYLINDRICAL_SURFACE('',#10742,0.05875);
#253=CYLINDRICAL_SURFACE('',#10745,0.0200457222858296);
#254=CYLINDRICAL_SURFACE('',#10748,0.020045722285824);
#255=CYLINDRICAL_SURFACE('',#10752,0.05875);
#256=CYLINDRICAL_SURFACE('',#10755,0.0200457222858195);
#257=CYLINDRICAL_SURFACE('',#10758,0.0200457222858227);
#258=CYLINDRICAL_SURFACE('',#10762,0.05875);
#259=CYLINDRICAL_SURFACE('',#10765,0.0200457222858247);
#260=CYLINDRICAL_SURFACE('',#10768,0.0200457222289288);
#261=CYLINDRICAL_SURFACE('',#10772,0.05875);
#262=CYLINDRICAL_SURFACE('',#10775,0.0200457222858289);
#263=CYLINDRICAL_SURFACE('',#10778,0.0200457222858444);
#264=CYLINDRICAL_SURFACE('',#10782,0.05875);
#265=CYLINDRICAL_SURFACE('',#10785,0.0200457222858177);
#266=CYLINDRICAL_SURFACE('',#10788,0.020045722285852);
#267=CYLINDRICAL_SURFACE('',#10792,0.05875);
#268=CYLINDRICAL_SURFACE('',#10795,0.0200457222858319);
#269=CYLINDRICAL_SURFACE('',#10798,0.0200457222858351);
#270=CYLINDRICAL_SURFACE('',#10802,0.05875);
#271=CYLINDRICAL_SURFACE('',#10805,0.0200457221890806);
#272=CYLINDRICAL_SURFACE('',#10808,0.0200457222858269);
#273=CYLINDRICAL_SURFACE('',#10812,0.05875);
#274=CYLINDRICAL_SURFACE('',#10815,0.0200457222497465);
#275=CYLINDRICAL_SURFACE('',#10818,0.0200457222858262);
#276=CYLINDRICAL_SURFACE('',#10822,0.05875);
#277=CYLINDRICAL_SURFACE('',#10825,0.0200457222858325);
#278=CYLINDRICAL_SURFACE('',#10828,0.0200457222858306);
#279=CYLINDRICAL_SURFACE('',#10832,0.05875);
#280=CYLINDRICAL_SURFACE('',#10835,0.0200457222858318);
#281=CYLINDRICAL_SURFACE('',#10838,0.0200457222858296);
#282=CYLINDRICAL_SURFACE('',#10842,0.05875);
#283=CYLINDRICAL_SURFACE('',#10845,0.0200457222858272);
#284=CYLINDRICAL_SURFACE('',#10848,0.0200457222858205);
#285=CYLINDRICAL_SURFACE('',#10852,0.05875);
#286=CYLINDRICAL_SURFACE('',#10855,0.0200457222621203);
#287=CYLINDRICAL_SURFACE('',#10858,0.020045722285825);
#288=CYLINDRICAL_SURFACE('',#10862,0.05875);
#289=CYLINDRICAL_SURFACE('',#10865,0.0200457222858301);
#290=CYLINDRICAL_SURFACE('',#10868,0.02004572228583);
#291=CYLINDRICAL_SURFACE('',#10872,0.05875);
#292=CYLINDRICAL_SURFACE('',#10875,0.0200457222858258);
#293=CYLINDRICAL_SURFACE('',#10878,0.0200457222858332);
#294=CYLINDRICAL_SURFACE('',#10882,0.05875);
#295=CYLINDRICAL_SURFACE('',#10885,0.0200457222374928);
#296=CYLINDRICAL_SURFACE('',#10888,0.0200457222858347);
#297=CYLINDRICAL_SURFACE('',#10892,0.05875);
#298=CYLINDRICAL_SURFACE('',#10895,0.0200457222858264);
#299=CYLINDRICAL_SURFACE('',#10898,0.020045722285833);
#300=CYLINDRICAL_SURFACE('',#10902,0.05875);
#301=CYLINDRICAL_SURFACE('',#10905,0.0200457222858426);
#302=CYLINDRICAL_SURFACE('',#10908,0.0200457222858327);
#303=CYLINDRICAL_SURFACE('',#10912,0.05875);
#304=CYLINDRICAL_SURFACE('',#10915,0.0200457222858217);
#305=CYLINDRICAL_SURFACE('',#10918,0.0200457222858278);
#306=CYLINDRICAL_SURFACE('',#10922,0.05875);
#307=CYLINDRICAL_SURFACE('',#10925,0.0200457222858256);
#308=CYLINDRICAL_SURFACE('',#10928,0.0200457222858283);
#309=CYLINDRICAL_SURFACE('',#10932,0.05875);
#310=CYLINDRICAL_SURFACE('',#10935,0.0200457222858366);
#311=CYLINDRICAL_SURFACE('',#10938,0.0200457222858293);
#312=CYLINDRICAL_SURFACE('',#10942,0.05875);
#313=CYLINDRICAL_SURFACE('',#10945,0.0200457222858515);
#314=CYLINDRICAL_SURFACE('',#10948,0.020045722285813);
#315=CYLINDRICAL_SURFACE('',#10952,0.05875);
#316=CYLINDRICAL_SURFACE('',#10955,0.0200457222858245);
#317=CYLINDRICAL_SURFACE('',#10958,0.0200457222858318);
#318=CYLINDRICAL_SURFACE('',#10962,0.05875);
#319=CYLINDRICAL_SURFACE('',#10965,0.0200457222858329);
#320=CYLINDRICAL_SURFACE('',#10968,0.0200457222858404);
#321=CYLINDRICAL_SURFACE('',#10972,0.05875);
#322=CYLINDRICAL_SURFACE('',#10975,0.0200457222858178);
#323=CYLINDRICAL_SURFACE('',#10978,0.0200457222858322);
#324=CYLINDRICAL_SURFACE('',#10982,0.05875);
#325=CYLINDRICAL_SURFACE('',#10985,0.0200457222858299);
#326=CYLINDRICAL_SURFACE('',#10988,0.0200457222858276);
#327=CYLINDRICAL_SURFACE('',#10992,0.05875);
#328=CYLINDRICAL_SURFACE('',#10995,0.0200457222858371);
#329=CYLINDRICAL_SURFACE('',#10998,0.0200457222858395);
#330=CYLINDRICAL_SURFACE('',#11002,0.05875);
#331=CYLINDRICAL_SURFACE('',#11005,0.0200457222858288);
#332=CYLINDRICAL_SURFACE('',#11008,0.0200457222858196);
#333=CYLINDRICAL_SURFACE('',#11012,0.05875);
#334=CYLINDRICAL_SURFACE('',#11015,0.0200457222858188);
#335=CYLINDRICAL_SURFACE('',#11018,0.0200457222858221);
#336=CYLINDRICAL_SURFACE('',#11022,0.05875);
#337=CYLINDRICAL_SURFACE('',#11025,0.0200457222858146);
#338=CYLINDRICAL_SURFACE('',#11028,0.0200457222858403);
#339=CYLINDRICAL_SURFACE('',#11032,0.05875);
#340=CYLINDRICAL_SURFACE('',#11035,0.0200457222858356);
#341=CYLINDRICAL_SURFACE('',#11038,0.0200457222858354);
#342=CYLINDRICAL_SURFACE('',#11042,0.05875);
#343=CYLINDRICAL_SURFACE('',#11045,0.0200457222858225);
#344=CYLINDRICAL_SURFACE('',#11048,0.0200457222858273);
#345=CYLINDRICAL_SURFACE('',#11052,0.05875);
#346=CYLINDRICAL_SURFACE('',#11055,0.0200457222858262);
#347=CYLINDRICAL_SURFACE('',#11058,0.0200457222858239);
#348=CYLINDRICAL_SURFACE('',#11062,0.05875);
#349=CYLINDRICAL_SURFACE('',#11065,0.0200457222858179);
#350=CYLINDRICAL_SURFACE('',#11068,0.0200457222057763);
#351=CYLINDRICAL_SURFACE('',#11072,0.05875);
#352=CYLINDRICAL_SURFACE('',#11075,0.0200457222714831);
#353=CYLINDRICAL_SURFACE('',#11078,0.0200457222858462);
#354=CYLINDRICAL_SURFACE('',#11082,0.05875);
#355=CYLINDRICAL_SURFACE('',#11085,0.0200457222858132);
#356=CYLINDRICAL_SURFACE('',#11088,0.0200457222858443);
#357=CYLINDRICAL_SURFACE('',#11092,0.05875);
#358=CYLINDRICAL_SURFACE('',#11095,0.02004572228583);
#359=CYLINDRICAL_SURFACE('',#11098,0.0200457222858348);
#360=CYLINDRICAL_SURFACE('',#11102,0.05875);
#361=CYLINDRICAL_SURFACE('',#11105,0.0200457222858328);
#362=CYLINDRICAL_SURFACE('',#11108,0.0200457222858336);
#363=CYLINDRICAL_SURFACE('',#11112,0.05875);
#364=CYLINDRICAL_SURFACE('',#11115,0.0200457222858262);
#365=CYLINDRICAL_SURFACE('',#11118,0.02004572228582);
#366=CYLINDRICAL_SURFACE('',#11122,0.05875);
#367=CYLINDRICAL_SURFACE('',#11125,0.0200457222858333);
#368=CYLINDRICAL_SURFACE('',#11128,0.020045722285831);
#369=CYLINDRICAL_SURFACE('',#11132,0.05875);
#370=CYLINDRICAL_SURFACE('',#11135,0.0200457222858316);
#371=CYLINDRICAL_SURFACE('',#11138,0.0200457222858314);
#372=CYLINDRICAL_SURFACE('',#11142,0.05875);
#373=CYLINDRICAL_SURFACE('',#11145,0.0200457222858284);
#374=CYLINDRICAL_SURFACE('',#11148,0.0200457221891044);
#375=CYLINDRICAL_SURFACE('',#11152,0.05875);
#376=CYLINDRICAL_SURFACE('',#11155,0.0200457222858336);
#377=CYLINDRICAL_SURFACE('',#11158,0.0200457222858236);
#378=CYLINDRICAL_SURFACE('',#11162,0.05875);
#379=CYLINDRICAL_SURFACE('',#11171,0.0200457222858287);
#380=CYLINDRICAL_SURFACE('',#11172,0.0200457222858287);
#381=CYLINDRICAL_SURFACE('',#11174,0.005);
#382=CYLINDRICAL_SURFACE('',#11182,0.00405);
#383=CYLINDRICAL_SURFACE('',#11193,0.005);
#384=CYLINDRICAL_SURFACE('',#11196,0.005);
#385=CYLINDRICAL_SURFACE('',#11198,0.005);
#386=CYLINDRICAL_SURFACE('',#11200,0.005);
#387=CYLINDRICAL_SURFACE('',#11201,0.005);
#388=CYLINDRICAL_SURFACE('',#11204,0.005);
#389=CYLINDRICAL_SURFACE('',#11206,0.005);
#390=CYLINDRICAL_SURFACE('',#11208,0.005);
#391=CYLINDRICAL_SURFACE('',#11209,0.015);
#392=CYLINDRICAL_SURFACE('',#11210,0.015);
#393=CYLINDRICAL_SURFACE('',#11211,0.00225);
#394=CYLINDRICAL_SURFACE('',#11216,0.00225);
#395=CYLINDRICAL_SURFACE('',#11217,0.00225);
#396=CYLINDRICAL_SURFACE('',#11218,0.00225);
#397=CYLINDRICAL_SURFACE('',#11219,0.0081);
#398=CYLINDRICAL_SURFACE('',#11220,0.0081);
#399=LINE('',#14524,#1159);
#400=LINE('',#14526,#1160);
#401=LINE('',#14528,#1161);
#402=LINE('',#14531,#1162);
#403=LINE('',#14534,#1163);
#404=LINE('',#14536,#1164);
#405=LINE('',#14538,#1165);
#406=LINE('',#14550,#1166);
#407=LINE('',#14555,#1167);
#408=LINE('',#14557,#1168);
#409=LINE('',#14558,#1169);
#410=LINE('',#14561,#1170);
#411=LINE('',#14563,#1171);
#412=LINE('',#14565,#1172);
#413=LINE('',#14579,#1173);
#414=LINE('',#14583,#1174);
#415=LINE('',#14589,#1175);
#416=LINE('',#14594,#1176);
#417=LINE('',#14598,#1177);
#418=LINE('',#14600,#1178);
#419=LINE('',#14601,#1179);
#420=LINE('',#14605,#1180);
#421=LINE('',#14613,#1181);
#422=LINE('',#14618,#1182);
#423=LINE('',#14622,#1183);
#424=LINE('',#14624,#1184);
#425=LINE('',#14625,#1185);
#426=LINE('',#14629,#1186);
#427=LINE('',#14637,#1187);
#428=LINE('',#14642,#1188);
#429=LINE('',#14646,#1189);
#430=LINE('',#14648,#1190);
#431=LINE('',#14649,#1191);
#432=LINE('',#14653,#1192);
#433=LINE('',#14661,#1193);
#434=LINE('',#14666,#1194);
#435=LINE('',#14670,#1195);
#436=LINE('',#14672,#1196);
#437=LINE('',#14673,#1197);
#438=LINE('',#14677,#1198);
#439=LINE('',#14685,#1199);
#440=LINE('',#14690,#1200);
#441=LINE('',#14694,#1201);
#442=LINE('',#14696,#1202);
#443=LINE('',#14697,#1203);
#444=LINE('',#14701,#1204);
#445=LINE('',#14709,#1205);
#446=LINE('',#14714,#1206);
#447=LINE('',#14718,#1207);
#448=LINE('',#14720,#1208);
#449=LINE('',#14721,#1209);
#450=LINE('',#14725,#1210);
#451=LINE('',#14733,#1211);
#452=LINE('',#14738,#1212);
#453=LINE('',#14742,#1213);
#454=LINE('',#14744,#1214);
#455=LINE('',#14745,#1215);
#456=LINE('',#14749,#1216);
#457=LINE('',#14757,#1217);
#458=LINE('',#14762,#1218);
#459=LINE('',#14766,#1219);
#460=LINE('',#14768,#1220);
#461=LINE('',#14769,#1221);
#462=LINE('',#14773,#1222);
#463=LINE('',#14781,#1223);
#464=LINE('',#14786,#1224);
#465=LINE('',#14790,#1225);
#466=LINE('',#14792,#1226);
#467=LINE('',#14793,#1227);
#468=LINE('',#14797,#1228);
#469=LINE('',#14805,#1229);
#470=LINE('',#14810,#1230);
#471=LINE('',#14814,#1231);
#472=LINE('',#14816,#1232);
#473=LINE('',#14817,#1233);
#474=LINE('',#14821,#1234);
#475=LINE('',#14829,#1235);
#476=LINE('',#14834,#1236);
#477=LINE('',#14838,#1237);
#478=LINE('',#14840,#1238);
#479=LINE('',#14841,#1239);
#480=LINE('',#14845,#1240);
#481=LINE('',#14853,#1241);
#482=LINE('',#14858,#1242);
#483=LINE('',#14862,#1243);
#484=LINE('',#14864,#1244);
#485=LINE('',#14865,#1245);
#486=LINE('',#14869,#1246);
#487=LINE('',#14877,#1247);
#488=LINE('',#14882,#1248);
#489=LINE('',#14886,#1249);
#490=LINE('',#14888,#1250);
#491=LINE('',#14889,#1251);
#492=LINE('',#14893,#1252);
#493=LINE('',#14901,#1253);
#494=LINE('',#14906,#1254);
#495=LINE('',#14910,#1255);
#496=LINE('',#14912,#1256);
#497=LINE('',#14913,#1257);
#498=LINE('',#14917,#1258);
#499=LINE('',#14925,#1259);
#500=LINE('',#14930,#1260);
#501=LINE('',#14934,#1261);
#502=LINE('',#14936,#1262);
#503=LINE('',#14937,#1263);
#504=LINE('',#14941,#1264);
#505=LINE('',#14949,#1265);
#506=LINE('',#14954,#1266);
#507=LINE('',#14958,#1267);
#508=LINE('',#14960,#1268);
#509=LINE('',#14961,#1269);
#510=LINE('',#14965,#1270);
#511=LINE('',#14973,#1271);
#512=LINE('',#14978,#1272);
#513=LINE('',#14982,#1273);
#514=LINE('',#14984,#1274);
#515=LINE('',#14985,#1275);
#516=LINE('',#14989,#1276);
#517=LINE('',#14997,#1277);
#518=LINE('',#15002,#1278);
#519=LINE('',#15006,#1279);
#520=LINE('',#15008,#1280);
#521=LINE('',#15009,#1281);
#522=LINE('',#15013,#1282);
#523=LINE('',#15021,#1283);
#524=LINE('',#15026,#1284);
#525=LINE('',#15030,#1285);
#526=LINE('',#15032,#1286);
#527=LINE('',#15033,#1287);
#528=LINE('',#15037,#1288);
#529=LINE('',#15045,#1289);
#530=LINE('',#15050,#1290);
#531=LINE('',#15054,#1291);
#532=LINE('',#15056,#1292);
#533=LINE('',#15057,#1293);
#534=LINE('',#15061,#1294);
#535=LINE('',#15069,#1295);
#536=LINE('',#15074,#1296);
#537=LINE('',#15078,#1297);
#538=LINE('',#15080,#1298);
#539=LINE('',#15081,#1299);
#540=LINE('',#15085,#1300);
#541=LINE('',#15093,#1301);
#542=LINE('',#15098,#1302);
#543=LINE('',#15102,#1303);
#544=LINE('',#15104,#1304);
#545=LINE('',#15105,#1305);
#546=LINE('',#15109,#1306);
#547=LINE('',#15117,#1307);
#548=LINE('',#15122,#1308);
#549=LINE('',#15126,#1309);
#550=LINE('',#15128,#1310);
#551=LINE('',#15129,#1311);
#552=LINE('',#15133,#1312);
#553=LINE('',#15141,#1313);
#554=LINE('',#15146,#1314);
#555=LINE('',#15150,#1315);
#556=LINE('',#15152,#1316);
#557=LINE('',#15153,#1317);
#558=LINE('',#15157,#1318);
#559=LINE('',#15165,#1319);
#560=LINE('',#15170,#1320);
#561=LINE('',#15174,#1321);
#562=LINE('',#15176,#1322);
#563=LINE('',#15177,#1323);
#564=LINE('',#15181,#1324);
#565=LINE('',#15189,#1325);
#566=LINE('',#15194,#1326);
#567=LINE('',#15198,#1327);
#568=LINE('',#15200,#1328);
#569=LINE('',#15201,#1329);
#570=LINE('',#15205,#1330);
#571=LINE('',#15213,#1331);
#572=LINE('',#15218,#1332);
#573=LINE('',#15222,#1333);
#574=LINE('',#15224,#1334);
#575=LINE('',#15225,#1335);
#576=LINE('',#15229,#1336);
#577=LINE('',#15237,#1337);
#578=LINE('',#15242,#1338);
#579=LINE('',#15246,#1339);
#580=LINE('',#15248,#1340);
#581=LINE('',#15249,#1341);
#582=LINE('',#15253,#1342);
#583=LINE('',#15261,#1343);
#584=LINE('',#15266,#1344);
#585=LINE('',#15270,#1345);
#586=LINE('',#15272,#1346);
#587=LINE('',#15273,#1347);
#588=LINE('',#15277,#1348);
#589=LINE('',#15285,#1349);
#590=LINE('',#15290,#1350);
#591=LINE('',#15294,#1351);
#592=LINE('',#15296,#1352);
#593=LINE('',#15297,#1353);
#594=LINE('',#15301,#1354);
#595=LINE('',#15309,#1355);
#596=LINE('',#15314,#1356);
#597=LINE('',#15318,#1357);
#598=LINE('',#15320,#1358);
#599=LINE('',#15321,#1359);
#600=LINE('',#15325,#1360);
#601=LINE('',#15333,#1361);
#602=LINE('',#15338,#1362);
#603=LINE('',#15342,#1363);
#604=LINE('',#15344,#1364);
#605=LINE('',#15345,#1365);
#606=LINE('',#15349,#1366);
#607=LINE('',#15357,#1367);
#608=LINE('',#15362,#1368);
#609=LINE('',#15366,#1369);
#610=LINE('',#15368,#1370);
#611=LINE('',#15369,#1371);
#612=LINE('',#15373,#1372);
#613=LINE('',#15381,#1373);
#614=LINE('',#15386,#1374);
#615=LINE('',#15390,#1375);
#616=LINE('',#15392,#1376);
#617=LINE('',#15393,#1377);
#618=LINE('',#15397,#1378);
#619=LINE('',#15405,#1379);
#620=LINE('',#15410,#1380);
#621=LINE('',#15414,#1381);
#622=LINE('',#15416,#1382);
#623=LINE('',#15417,#1383);
#624=LINE('',#15421,#1384);
#625=LINE('',#15429,#1385);
#626=LINE('',#15434,#1386);
#627=LINE('',#15438,#1387);
#628=LINE('',#15440,#1388);
#629=LINE('',#15441,#1389);
#630=LINE('',#15445,#1390);
#631=LINE('',#15453,#1391);
#632=LINE('',#15458,#1392);
#633=LINE('',#15462,#1393);
#634=LINE('',#15464,#1394);
#635=LINE('',#15465,#1395);
#636=LINE('',#15469,#1396);
#637=LINE('',#15477,#1397);
#638=LINE('',#15482,#1398);
#639=LINE('',#15486,#1399);
#640=LINE('',#15488,#1400);
#641=LINE('',#15489,#1401);
#642=LINE('',#15493,#1402);
#643=LINE('',#15501,#1403);
#644=LINE('',#15506,#1404);
#645=LINE('',#15510,#1405);
#646=LINE('',#15512,#1406);
#647=LINE('',#15513,#1407);
#648=LINE('',#15517,#1408);
#649=LINE('',#15525,#1409);
#650=LINE('',#15530,#1410);
#651=LINE('',#15534,#1411);
#652=LINE('',#15536,#1412);
#653=LINE('',#15537,#1413);
#654=LINE('',#15541,#1414);
#655=LINE('',#15549,#1415);
#656=LINE('',#15554,#1416);
#657=LINE('',#15558,#1417);
#658=LINE('',#15560,#1418);
#659=LINE('',#15561,#1419);
#660=LINE('',#15565,#1420);
#661=LINE('',#15573,#1421);
#662=LINE('',#15578,#1422);
#663=LINE('',#15582,#1423);
#664=LINE('',#15584,#1424);
#665=LINE('',#15585,#1425);
#666=LINE('',#15589,#1426);
#667=LINE('',#15597,#1427);
#668=LINE('',#15602,#1428);
#669=LINE('',#15606,#1429);
#670=LINE('',#15608,#1430);
#671=LINE('',#15609,#1431);
#672=LINE('',#15613,#1432);
#673=LINE('',#15621,#1433);
#674=LINE('',#15626,#1434);
#675=LINE('',#15630,#1435);
#676=LINE('',#15632,#1436);
#677=LINE('',#15633,#1437);
#678=LINE('',#15637,#1438);
#679=LINE('',#15645,#1439);
#680=LINE('',#15650,#1440);
#681=LINE('',#15654,#1441);
#682=LINE('',#15656,#1442);
#683=LINE('',#15657,#1443);
#684=LINE('',#15661,#1444);
#685=LINE('',#15669,#1445);
#686=LINE('',#15674,#1446);
#687=LINE('',#15678,#1447);
#688=LINE('',#15680,#1448);
#689=LINE('',#15681,#1449);
#690=LINE('',#15685,#1450);
#691=LINE('',#15693,#1451);
#692=LINE('',#15698,#1452);
#693=LINE('',#15702,#1453);
#694=LINE('',#15704,#1454);
#695=LINE('',#15705,#1455);
#696=LINE('',#15709,#1456);
#697=LINE('',#15717,#1457);
#698=LINE('',#15722,#1458);
#699=LINE('',#15726,#1459);
#700=LINE('',#15728,#1460);
#701=LINE('',#15729,#1461);
#702=LINE('',#15733,#1462);
#703=LINE('',#15741,#1463);
#704=LINE('',#15746,#1464);
#705=LINE('',#15750,#1465);
#706=LINE('',#15752,#1466);
#707=LINE('',#15753,#1467);
#708=LINE('',#15757,#1468);
#709=LINE('',#15765,#1469);
#710=LINE('',#15770,#1470);
#711=LINE('',#15774,#1471);
#712=LINE('',#15776,#1472);
#713=LINE('',#15777,#1473);
#714=LINE('',#15781,#1474);
#715=LINE('',#15789,#1475);
#716=LINE('',#15794,#1476);
#717=LINE('',#15798,#1477);
#718=LINE('',#15800,#1478);
#719=LINE('',#15801,#1479);
#720=LINE('',#15805,#1480);
#721=LINE('',#15813,#1481);
#722=LINE('',#15818,#1482);
#723=LINE('',#15822,#1483);
#724=LINE('',#15824,#1484);
#725=LINE('',#15825,#1485);
#726=LINE('',#15829,#1486);
#727=LINE('',#15837,#1487);
#728=LINE('',#15842,#1488);
#729=LINE('',#15846,#1489);
#730=LINE('',#15848,#1490);
#731=LINE('',#15849,#1491);
#732=LINE('',#15853,#1492);
#733=LINE('',#15861,#1493);
#734=LINE('',#15866,#1494);
#735=LINE('',#15870,#1495);
#736=LINE('',#15872,#1496);
#737=LINE('',#15873,#1497);
#738=LINE('',#15877,#1498);
#739=LINE('',#15885,#1499);
#740=LINE('',#15890,#1500);
#741=LINE('',#15894,#1501);
#742=LINE('',#15896,#1502);
#743=LINE('',#15897,#1503);
#744=LINE('',#15901,#1504);
#745=LINE('',#15909,#1505);
#746=LINE('',#15914,#1506);
#747=LINE('',#15918,#1507);
#748=LINE('',#15920,#1508);
#749=LINE('',#15921,#1509);
#750=LINE('',#15925,#1510);
#751=LINE('',#15933,#1511);
#752=LINE('',#15938,#1512);
#753=LINE('',#15942,#1513);
#754=LINE('',#15944,#1514);
#755=LINE('',#15945,#1515);
#756=LINE('',#15949,#1516);
#757=LINE('',#15957,#1517);
#758=LINE('',#15962,#1518);
#759=LINE('',#15966,#1519);
#760=LINE('',#15968,#1520);
#761=LINE('',#15969,#1521);
#762=LINE('',#15973,#1522);
#763=LINE('',#15981,#1523);
#764=LINE('',#15986,#1524);
#765=LINE('',#15990,#1525);
#766=LINE('',#15992,#1526);
#767=LINE('',#15993,#1527);
#768=LINE('',#15997,#1528);
#769=LINE('',#16005,#1529);
#770=LINE('',#16010,#1530);
#771=LINE('',#16014,#1531);
#772=LINE('',#16016,#1532);
#773=LINE('',#16017,#1533);
#774=LINE('',#16021,#1534);
#775=LINE('',#16029,#1535);
#776=LINE('',#16034,#1536);
#777=LINE('',#16038,#1537);
#778=LINE('',#16040,#1538);
#779=LINE('',#16041,#1539);
#780=LINE('',#16045,#1540);
#781=LINE('',#16053,#1541);
#782=LINE('',#16058,#1542);
#783=LINE('',#16062,#1543);
#784=LINE('',#16064,#1544);
#785=LINE('',#16065,#1545);
#786=LINE('',#16069,#1546);
#787=LINE('',#16077,#1547);
#788=LINE('',#16082,#1548);
#789=LINE('',#16086,#1549);
#790=LINE('',#16088,#1550);
#791=LINE('',#16089,#1551);
#792=LINE('',#16093,#1552);
#793=LINE('',#16101,#1553);
#794=LINE('',#16106,#1554);
#795=LINE('',#16110,#1555);
#796=LINE('',#16112,#1556);
#797=LINE('',#16113,#1557);
#798=LINE('',#16117,#1558);
#799=LINE('',#16125,#1559);
#800=LINE('',#16130,#1560);
#801=LINE('',#16134,#1561);
#802=LINE('',#16136,#1562);
#803=LINE('',#16137,#1563);
#804=LINE('',#16141,#1564);
#805=LINE('',#16149,#1565);
#806=LINE('',#16154,#1566);
#807=LINE('',#16158,#1567);
#808=LINE('',#16160,#1568);
#809=LINE('',#16161,#1569);
#810=LINE('',#16165,#1570);
#811=LINE('',#16173,#1571);
#812=LINE('',#16178,#1572);
#813=LINE('',#16182,#1573);
#814=LINE('',#16184,#1574);
#815=LINE('',#16185,#1575);
#816=LINE('',#16189,#1576);
#817=LINE('',#16197,#1577);
#818=LINE('',#16202,#1578);
#819=LINE('',#16206,#1579);
#820=LINE('',#16208,#1580);
#821=LINE('',#16209,#1581);
#822=LINE('',#16213,#1582);
#823=LINE('',#16221,#1583);
#824=LINE('',#16226,#1584);
#825=LINE('',#16230,#1585);
#826=LINE('',#16232,#1586);
#827=LINE('',#16233,#1587);
#828=LINE('',#16237,#1588);
#829=LINE('',#16245,#1589);
#830=LINE('',#16250,#1590);
#831=LINE('',#16254,#1591);
#832=LINE('',#16256,#1592);
#833=LINE('',#16257,#1593);
#834=LINE('',#16261,#1594);
#835=LINE('',#16269,#1595);
#836=LINE('',#16274,#1596);
#837=LINE('',#16278,#1597);
#838=LINE('',#16280,#1598);
#839=LINE('',#16281,#1599);
#840=LINE('',#16285,#1600);
#841=LINE('',#16293,#1601);
#842=LINE('',#16298,#1602);
#843=LINE('',#16302,#1603);
#844=LINE('',#16304,#1604);
#845=LINE('',#16305,#1605);
#846=LINE('',#16309,#1606);
#847=LINE('',#16317,#1607);
#848=LINE('',#16322,#1608);
#849=LINE('',#16326,#1609);
#850=LINE('',#16328,#1610);
#851=LINE('',#16329,#1611);
#852=LINE('',#16333,#1612);
#853=LINE('',#16341,#1613);
#854=LINE('',#16346,#1614);
#855=LINE('',#16350,#1615);
#856=LINE('',#16352,#1616);
#857=LINE('',#16353,#1617);
#858=LINE('',#16357,#1618);
#859=LINE('',#16365,#1619);
#860=LINE('',#16370,#1620);
#861=LINE('',#16374,#1621);
#862=LINE('',#16376,#1622);
#863=LINE('',#16377,#1623);
#864=LINE('',#16381,#1624);
#865=LINE('',#16389,#1625);
#866=LINE('',#16394,#1626);
#867=LINE('',#16398,#1627);
#868=LINE('',#16400,#1628);
#869=LINE('',#16401,#1629);
#870=LINE('',#16405,#1630);
#871=LINE('',#16413,#1631);
#872=LINE('',#16418,#1632);
#873=LINE('',#16422,#1633);
#874=LINE('',#16424,#1634);
#875=LINE('',#16425,#1635);
#876=LINE('',#16429,#1636);
#877=LINE('',#16437,#1637);
#878=LINE('',#16442,#1638);
#879=LINE('',#16446,#1639);
#880=LINE('',#16448,#1640);
#881=LINE('',#16449,#1641);
#882=LINE('',#16453,#1642);
#883=LINE('',#16461,#1643);
#884=LINE('',#16466,#1644);
#885=LINE('',#16470,#1645);
#886=LINE('',#16472,#1646);
#887=LINE('',#16473,#1647);
#888=LINE('',#16477,#1648);
#889=LINE('',#16485,#1649);
#890=LINE('',#16490,#1650);
#891=LINE('',#16494,#1651);
#892=LINE('',#16496,#1652);
#893=LINE('',#16497,#1653);
#894=LINE('',#16501,#1654);
#895=LINE('',#16509,#1655);
#896=LINE('',#16514,#1656);
#897=LINE('',#16518,#1657);
#898=LINE('',#16520,#1658);
#899=LINE('',#16521,#1659);
#900=LINE('',#16525,#1660);
#901=LINE('',#16533,#1661);
#902=LINE('',#16538,#1662);
#903=LINE('',#16542,#1663);
#904=LINE('',#16544,#1664);
#905=LINE('',#16545,#1665);
#906=LINE('',#16549,#1666);
#907=LINE('',#16557,#1667);
#908=LINE('',#16562,#1668);
#909=LINE('',#16566,#1669);
#910=LINE('',#16568,#1670);
#911=LINE('',#16569,#1671);
#912=LINE('',#16573,#1672);
#913=LINE('',#16581,#1673);
#914=LINE('',#16586,#1674);
#915=LINE('',#16590,#1675);
#916=LINE('',#16592,#1676);
#917=LINE('',#16593,#1677);
#918=LINE('',#16597,#1678);
#919=LINE('',#16605,#1679);
#920=LINE('',#16610,#1680);
#921=LINE('',#16614,#1681);
#922=LINE('',#16616,#1682);
#923=LINE('',#16617,#1683);
#924=LINE('',#16621,#1684);
#925=LINE('',#16629,#1685);
#926=LINE('',#16634,#1686);
#927=LINE('',#16638,#1687);
#928=LINE('',#16640,#1688);
#929=LINE('',#16641,#1689);
#930=LINE('',#16645,#1690);
#931=LINE('',#16653,#1691);
#932=LINE('',#16658,#1692);
#933=LINE('',#16662,#1693);
#934=LINE('',#16664,#1694);
#935=LINE('',#16665,#1695);
#936=LINE('',#16669,#1696);
#937=LINE('',#16677,#1697);
#938=LINE('',#16682,#1698);
#939=LINE('',#16686,#1699);
#940=LINE('',#16688,#1700);
#941=LINE('',#16689,#1701);
#942=LINE('',#16693,#1702);
#943=LINE('',#16701,#1703);
#944=LINE('',#16706,#1704);
#945=LINE('',#16710,#1705);
#946=LINE('',#16712,#1706);
#947=LINE('',#16713,#1707);
#948=LINE('',#16717,#1708);
#949=LINE('',#16725,#1709);
#950=LINE('',#16730,#1710);
#951=LINE('',#16734,#1711);
#952=LINE('',#16736,#1712);
#953=LINE('',#16737,#1713);
#954=LINE('',#16741,#1714);
#955=LINE('',#16749,#1715);
#956=LINE('',#16754,#1716);
#957=LINE('',#16758,#1717);
#958=LINE('',#16760,#1718);
#959=LINE('',#16761,#1719);
#960=LINE('',#16765,#1720);
#961=LINE('',#16773,#1721);
#962=LINE('',#16778,#1722);
#963=LINE('',#16782,#1723);
#964=LINE('',#16784,#1724);
#965=LINE('',#16785,#1725);
#966=LINE('',#16789,#1726);
#967=LINE('',#16797,#1727);
#968=LINE('',#16802,#1728);
#969=LINE('',#16806,#1729);
#970=LINE('',#16808,#1730);
#971=LINE('',#16809,#1731);
#972=LINE('',#16813,#1732);
#973=LINE('',#16821,#1733);
#974=LINE('',#16826,#1734);
#975=LINE('',#16830,#1735);
#976=LINE('',#16832,#1736);
#977=LINE('',#16833,#1737);
#978=LINE('',#16837,#1738);
#979=LINE('',#16845,#1739);
#980=LINE('',#16850,#1740);
#981=LINE('',#16854,#1741);
#982=LINE('',#16856,#1742);
#983=LINE('',#16857,#1743);
#984=LINE('',#16861,#1744);
#985=LINE('',#16869,#1745);
#986=LINE('',#16874,#1746);
#987=LINE('',#16878,#1747);
#988=LINE('',#16880,#1748);
#989=LINE('',#16881,#1749);
#990=LINE('',#16885,#1750);
#991=LINE('',#16893,#1751);
#992=LINE('',#16898,#1752);
#993=LINE('',#16902,#1753);
#994=LINE('',#16904,#1754);
#995=LINE('',#16905,#1755);
#996=LINE('',#16909,#1756);
#997=LINE('',#16917,#1757);
#998=LINE('',#16922,#1758);
#999=LINE('',#16926,#1759);
#1000=LINE('',#16928,#1760);
#1001=LINE('',#16929,#1761);
#1002=LINE('',#16933,#1762);
#1003=LINE('',#16941,#1763);
#1004=LINE('',#16946,#1764);
#1005=LINE('',#16950,#1765);
#1006=LINE('',#16952,#1766);
#1007=LINE('',#16953,#1767);
#1008=LINE('',#16957,#1768);
#1009=LINE('',#16965,#1769);
#1010=LINE('',#16970,#1770);
#1011=LINE('',#16974,#1771);
#1012=LINE('',#16976,#1772);
#1013=LINE('',#16977,#1773);
#1014=LINE('',#16981,#1774);
#1015=LINE('',#16989,#1775);
#1016=LINE('',#16994,#1776);
#1017=LINE('',#16998,#1777);
#1018=LINE('',#17000,#1778);
#1019=LINE('',#17001,#1779);
#1020=LINE('',#17005,#1780);
#1021=LINE('',#17013,#1781);
#1022=LINE('',#17018,#1782);
#1023=LINE('',#17022,#1783);
#1024=LINE('',#17024,#1784);
#1025=LINE('',#17025,#1785);
#1026=LINE('',#17029,#1786);
#1027=LINE('',#17037,#1787);
#1028=LINE('',#17042,#1788);
#1029=LINE('',#17046,#1789);
#1030=LINE('',#17048,#1790);
#1031=LINE('',#17049,#1791);
#1032=LINE('',#17053,#1792);
#1033=LINE('',#17061,#1793);
#1034=LINE('',#17066,#1794);
#1035=LINE('',#17070,#1795);
#1036=LINE('',#17072,#1796);
#1037=LINE('',#17073,#1797);
#1038=LINE('',#17077,#1798);
#1039=LINE('',#17085,#1799);
#1040=LINE('',#17090,#1800);
#1041=LINE('',#17094,#1801);
#1042=LINE('',#17096,#1802);
#1043=LINE('',#17097,#1803);
#1044=LINE('',#17101,#1804);
#1045=LINE('',#17109,#1805);
#1046=LINE('',#17114,#1806);
#1047=LINE('',#17118,#1807);
#1048=LINE('',#17120,#1808);
#1049=LINE('',#17121,#1809);
#1050=LINE('',#17125,#1810);
#1051=LINE('',#17133,#1811);
#1052=LINE('',#17138,#1812);
#1053=LINE('',#17142,#1813);
#1054=LINE('',#17144,#1814);
#1055=LINE('',#17145,#1815);
#1056=LINE('',#17149,#1816);
#1057=LINE('',#17157,#1817);
#1058=LINE('',#17162,#1818);
#1059=LINE('',#17166,#1819);
#1060=LINE('',#17168,#1820);
#1061=LINE('',#17169,#1821);
#1062=LINE('',#17173,#1822);
#1063=LINE('',#17181,#1823);
#1064=LINE('',#17186,#1824);
#1065=LINE('',#17190,#1825);
#1066=LINE('',#17192,#1826);
#1067=LINE('',#17193,#1827);
#1068=LINE('',#17197,#1828);
#1069=LINE('',#17205,#1829);
#1070=LINE('',#17210,#1830);
#1071=LINE('',#17214,#1831);
#1072=LINE('',#17216,#1832);
#1073=LINE('',#17217,#1833);
#1074=LINE('',#17221,#1834);
#1075=LINE('',#17229,#1835);
#1076=LINE('',#17234,#1836);
#1077=LINE('',#17238,#1837);
#1078=LINE('',#17240,#1838);
#1079=LINE('',#17241,#1839);
#1080=LINE('',#17245,#1840);
#1081=LINE('',#17253,#1841);
#1082=LINE('',#17258,#1842);
#1083=LINE('',#17262,#1843);
#1084=LINE('',#17264,#1844);
#1085=LINE('',#17265,#1845);
#1086=LINE('',#17269,#1846);
#1087=LINE('',#17277,#1847);
#1088=LINE('',#17282,#1848);
#1089=LINE('',#17286,#1849);
#1090=LINE('',#17288,#1850);
#1091=LINE('',#17289,#1851);
#1092=LINE('',#17293,#1852);
#1093=LINE('',#17301,#1853);
#1094=LINE('',#17306,#1854);
#1095=LINE('',#17310,#1855);
#1096=LINE('',#17312,#1856);
#1097=LINE('',#17313,#1857);
#1098=LINE('',#17317,#1858);
#1099=LINE('',#17325,#1859);
#1100=LINE('',#17330,#1860);
#1101=LINE('',#17334,#1861);
#1102=LINE('',#17336,#1862);
#1103=LINE('',#17337,#1863);
#1104=LINE('',#17341,#1864);
#1105=LINE('',#17349,#1865);
#1106=LINE('',#17354,#1866);
#1107=LINE('',#17358,#1867);
#1108=LINE('',#17360,#1868);
#1109=LINE('',#17361,#1869);
#1110=LINE('',#17365,#1870);
#1111=LINE('',#17373,#1871);
#1112=LINE('',#17378,#1872);
#1113=LINE('',#17382,#1873);
#1114=LINE('',#17384,#1874);
#1115=LINE('',#17385,#1875);
#1116=LINE('',#17389,#1876);
#1117=LINE('',#17397,#1877);
#1118=LINE('',#17402,#1878);
#1119=LINE('',#17406,#1879);
#1120=LINE('',#17408,#1880);
#1121=LINE('',#17409,#1881);
#1122=LINE('',#17413,#1882);
#1123=LINE('',#17421,#1883);
#1124=LINE('',#17426,#1884);
#1125=LINE('',#17430,#1885);
#1126=LINE('',#17432,#1886);
#1127=LINE('',#17433,#1887);
#1128=LINE('',#17437,#1888);
#1129=LINE('',#17441,#1889);
#1130=LINE('',#17444,#1890);
#1131=LINE('',#17446,#1891);
#1132=LINE('',#17448,#1892);
#1133=LINE('',#17449,#1893);
#1134=LINE('',#17452,#1894);
#1135=LINE('',#17454,#1895);
#1136=LINE('',#17456,#1896);
#1137=LINE('',#17459,#1897);
#1138=LINE('',#17465,#1898);
#1139=LINE('',#17469,#1899);
#1140=LINE('',#17471,#1900);
#1141=LINE('',#17487,#1901);
#1142=LINE('',#17488,#1902);
#1143=LINE('',#17490,#1903);
#1144=LINE('',#17491,#1904);
#1145=LINE('',#17498,#1905);
#1146=LINE('',#17500,#1906);
#1147=LINE('',#17502,#1907);
#1148=LINE('',#17504,#1908);
#1149=LINE('',#17507,#1909);
#1150=LINE('',#17508,#1910);
#1151=LINE('',#17512,#1911);
#1152=LINE('',#17516,#1912);
#1153=LINE('',#17518,#1913);
#1154=LINE('',#17519,#1914);
#1155=LINE('',#17540,#1915);
#1156=LINE('',#17541,#1916);
#1157=LINE('',#17543,#1917);
#1158=LINE('',#17545,#1918);
#1159=VECTOR('',#11231,1.);
#1160=VECTOR('',#11232,1.);
#1161=VECTOR('',#11233,1.);
#1162=VECTOR('',#11236,1.);
#1163=VECTOR('',#11237,1.);
#1164=VECTOR('',#11238,1.);
#1165=VECTOR('',#11239,1.);
#1166=VECTOR('',#11252,1.);
#1167=VECTOR('',#11255,1.);
#1168=VECTOR('',#11256,1.);
#1169=VECTOR('',#11257,1.);
#1170=VECTOR('',#11258,1.);
#1171=VECTOR('',#11259,1.);
#1172=VECTOR('',#11260,1.);
#1173=VECTOR('',#11275,1.);
#1174=VECTOR('',#11278,1.);
#1175=VECTOR('',#11285,1.);
#1176=VECTOR('',#11290,1.);
#1177=VECTOR('',#11293,1.);
#1178=VECTOR('',#11296,1.);
#1179=VECTOR('',#11297,1.);
#1180=VECTOR('',#11302,1.);
#1181=VECTOR('',#11311,1.);
#1182=VECTOR('',#11316,1.);
#1183=VECTOR('',#11319,1.);
#1184=VECTOR('',#11322,1.);
#1185=VECTOR('',#11323,1.);
#1186=VECTOR('',#11328,1.);
#1187=VECTOR('',#11337,1.);
#1188=VECTOR('',#11342,1.);
#1189=VECTOR('',#11345,1.);
#1190=VECTOR('',#11348,1.);
#1191=VECTOR('',#11349,1.);
#1192=VECTOR('',#11354,1.);
#1193=VECTOR('',#11363,1.);
#1194=VECTOR('',#11368,1.);
#1195=VECTOR('',#11371,1.);
#1196=VECTOR('',#11374,1.);
#1197=VECTOR('',#11375,1.);
#1198=VECTOR('',#11380,1.);
#1199=VECTOR('',#11389,1.);
#1200=VECTOR('',#11394,1.);
#1201=VECTOR('',#11397,1.);
#1202=VECTOR('',#11400,1.);
#1203=VECTOR('',#11401,1.);
#1204=VECTOR('',#11406,1.);
#1205=VECTOR('',#11415,1.);
#1206=VECTOR('',#11420,1.);
#1207=VECTOR('',#11423,1.);
#1208=VECTOR('',#11426,1.);
#1209=VECTOR('',#11427,1.);
#1210=VECTOR('',#11432,1.);
#1211=VECTOR('',#11441,1.);
#1212=VECTOR('',#11446,1.);
#1213=VECTOR('',#11449,1.);
#1214=VECTOR('',#11452,1.);
#1215=VECTOR('',#11453,1.);
#1216=VECTOR('',#11458,1.);
#1217=VECTOR('',#11467,1.);
#1218=VECTOR('',#11472,1.);
#1219=VECTOR('',#11475,1.);
#1220=VECTOR('',#11478,1.);
#1221=VECTOR('',#11479,1.);
#1222=VECTOR('',#11484,1.);
#1223=VECTOR('',#11493,1.);
#1224=VECTOR('',#11498,1.);
#1225=VECTOR('',#11501,1.);
#1226=VECTOR('',#11504,1.);
#1227=VECTOR('',#11505,1.);
#1228=VECTOR('',#11510,1.);
#1229=VECTOR('',#11519,1.);
#1230=VECTOR('',#11524,1.);
#1231=VECTOR('',#11527,1.);
#1232=VECTOR('',#11530,1.);
#1233=VECTOR('',#11531,1.);
#1234=VECTOR('',#11536,1.);
#1235=VECTOR('',#11545,1.);
#1236=VECTOR('',#11550,1.);
#1237=VECTOR('',#11553,1.);
#1238=VECTOR('',#11556,1.);
#1239=VECTOR('',#11557,1.);
#1240=VECTOR('',#11562,1.);
#1241=VECTOR('',#11571,1.);
#1242=VECTOR('',#11576,1.);
#1243=VECTOR('',#11579,1.);
#1244=VECTOR('',#11582,1.);
#1245=VECTOR('',#11583,1.);
#1246=VECTOR('',#11588,1.);
#1247=VECTOR('',#11597,1.);
#1248=VECTOR('',#11602,1.);
#1249=VECTOR('',#11605,1.);
#1250=VECTOR('',#11608,1.);
#1251=VECTOR('',#11609,1.);
#1252=VECTOR('',#11614,1.);
#1253=VECTOR('',#11623,1.);
#1254=VECTOR('',#11628,1.);
#1255=VECTOR('',#11631,1.);
#1256=VECTOR('',#11634,1.);
#1257=VECTOR('',#11635,1.);
#1258=VECTOR('',#11640,1.);
#1259=VECTOR('',#11649,1.);
#1260=VECTOR('',#11654,1.);
#1261=VECTOR('',#11657,1.);
#1262=VECTOR('',#11660,1.);
#1263=VECTOR('',#11661,1.);
#1264=VECTOR('',#11666,1.);
#1265=VECTOR('',#11675,1.);
#1266=VECTOR('',#11680,1.);
#1267=VECTOR('',#11683,1.);
#1268=VECTOR('',#11686,1.);
#1269=VECTOR('',#11687,1.);
#1270=VECTOR('',#11692,1.);
#1271=VECTOR('',#11701,1.);
#1272=VECTOR('',#11706,1.);
#1273=VECTOR('',#11709,1.);
#1274=VECTOR('',#11712,1.);
#1275=VECTOR('',#11713,1.);
#1276=VECTOR('',#11718,1.);
#1277=VECTOR('',#11727,1.);
#1278=VECTOR('',#11732,1.);
#1279=VECTOR('',#11735,1.);
#1280=VECTOR('',#11738,1.);
#1281=VECTOR('',#11739,1.);
#1282=VECTOR('',#11744,1.);
#1283=VECTOR('',#11753,1.);
#1284=VECTOR('',#11758,1.);
#1285=VECTOR('',#11761,1.);
#1286=VECTOR('',#11764,1.);
#1287=VECTOR('',#11765,1.);
#1288=VECTOR('',#11770,1.);
#1289=VECTOR('',#11779,1.);
#1290=VECTOR('',#11784,1.);
#1291=VECTOR('',#11787,1.);
#1292=VECTOR('',#11790,1.);
#1293=VECTOR('',#11791,1.);
#1294=VECTOR('',#11796,1.);
#1295=VECTOR('',#11805,1.);
#1296=VECTOR('',#11810,1.);
#1297=VECTOR('',#11813,1.);
#1298=VECTOR('',#11816,1.);
#1299=VECTOR('',#11817,1.);
#1300=VECTOR('',#11822,1.);
#1301=VECTOR('',#11831,1.);
#1302=VECTOR('',#11836,1.);
#1303=VECTOR('',#11839,1.);
#1304=VECTOR('',#11842,1.);
#1305=VECTOR('',#11843,1.);
#1306=VECTOR('',#11848,1.);
#1307=VECTOR('',#11857,1.);
#1308=VECTOR('',#11862,1.);
#1309=VECTOR('',#11865,1.);
#1310=VECTOR('',#11868,1.);
#1311=VECTOR('',#11869,1.);
#1312=VECTOR('',#11874,1.);
#1313=VECTOR('',#11883,1.);
#1314=VECTOR('',#11888,1.);
#1315=VECTOR('',#11891,1.);
#1316=VECTOR('',#11894,1.);
#1317=VECTOR('',#11895,1.);
#1318=VECTOR('',#11900,1.);
#1319=VECTOR('',#11909,1.);
#1320=VECTOR('',#11914,1.);
#1321=VECTOR('',#11917,1.);
#1322=VECTOR('',#11920,1.);
#1323=VECTOR('',#11921,1.);
#1324=VECTOR('',#11926,1.);
#1325=VECTOR('',#11935,1.);
#1326=VECTOR('',#11940,1.);
#1327=VECTOR('',#11943,1.);
#1328=VECTOR('',#11946,1.);
#1329=VECTOR('',#11947,1.);
#1330=VECTOR('',#11952,1.);
#1331=VECTOR('',#11961,1.);
#1332=VECTOR('',#11966,1.);
#1333=VECTOR('',#11969,1.);
#1334=VECTOR('',#11972,1.);
#1335=VECTOR('',#11973,1.);
#1336=VECTOR('',#11978,1.);
#1337=VECTOR('',#11987,1.);
#1338=VECTOR('',#11992,1.);
#1339=VECTOR('',#11995,1.);
#1340=VECTOR('',#11998,1.);
#1341=VECTOR('',#11999,1.);
#1342=VECTOR('',#12004,1.);
#1343=VECTOR('',#12013,1.);
#1344=VECTOR('',#12018,1.);
#1345=VECTOR('',#12021,1.);
#1346=VECTOR('',#12024,1.);
#1347=VECTOR('',#12025,1.);
#1348=VECTOR('',#12030,1.);
#1349=VECTOR('',#12039,1.);
#1350=VECTOR('',#12044,1.);
#1351=VECTOR('',#12047,1.);
#1352=VECTOR('',#12050,1.);
#1353=VECTOR('',#12051,1.);
#1354=VECTOR('',#12056,1.);
#1355=VECTOR('',#12065,1.);
#1356=VECTOR('',#12070,1.);
#1357=VECTOR('',#12073,1.);
#1358=VECTOR('',#12076,1.);
#1359=VECTOR('',#12077,1.);
#1360=VECTOR('',#12082,1.);
#1361=VECTOR('',#12091,1.);
#1362=VECTOR('',#12096,1.);
#1363=VECTOR('',#12099,1.);
#1364=VECTOR('',#12102,1.);
#1365=VECTOR('',#12103,1.);
#1366=VECTOR('',#12108,1.);
#1367=VECTOR('',#12117,1.);
#1368=VECTOR('',#12122,1.);
#1369=VECTOR('',#12125,1.);
#1370=VECTOR('',#12128,1.);
#1371=VECTOR('',#12129,1.);
#1372=VECTOR('',#12134,1.);
#1373=VECTOR('',#12143,1.);
#1374=VECTOR('',#12148,1.);
#1375=VECTOR('',#12151,1.);
#1376=VECTOR('',#12154,1.);
#1377=VECTOR('',#12155,1.);
#1378=VECTOR('',#12160,1.);
#1379=VECTOR('',#12169,1.);
#1380=VECTOR('',#12174,1.);
#1381=VECTOR('',#12177,1.);
#1382=VECTOR('',#12180,1.);
#1383=VECTOR('',#12181,1.);
#1384=VECTOR('',#12186,1.);
#1385=VECTOR('',#12195,1.);
#1386=VECTOR('',#12200,1.);
#1387=VECTOR('',#12203,1.);
#1388=VECTOR('',#12206,1.);
#1389=VECTOR('',#12207,1.);
#1390=VECTOR('',#12212,1.);
#1391=VECTOR('',#12221,1.);
#1392=VECTOR('',#12226,1.);
#1393=VECTOR('',#12229,1.);
#1394=VECTOR('',#12232,1.);
#1395=VECTOR('',#12233,1.);
#1396=VECTOR('',#12238,1.);
#1397=VECTOR('',#12247,1.);
#1398=VECTOR('',#12252,1.);
#1399=VECTOR('',#12255,1.);
#1400=VECTOR('',#12258,1.);
#1401=VECTOR('',#12259,1.);
#1402=VECTOR('',#12264,1.);
#1403=VECTOR('',#12273,1.);
#1404=VECTOR('',#12278,1.);
#1405=VECTOR('',#12281,1.);
#1406=VECTOR('',#12284,1.);
#1407=VECTOR('',#12285,1.);
#1408=VECTOR('',#12290,1.);
#1409=VECTOR('',#12299,1.);
#1410=VECTOR('',#12304,1.);
#1411=VECTOR('',#12307,1.);
#1412=VECTOR('',#12310,1.);
#1413=VECTOR('',#12311,1.);
#1414=VECTOR('',#12316,1.);
#1415=VECTOR('',#12325,1.);
#1416=VECTOR('',#12330,1.);
#1417=VECTOR('',#12333,1.);
#1418=VECTOR('',#12336,1.);
#1419=VECTOR('',#12337,1.);
#1420=VECTOR('',#12342,1.);
#1421=VECTOR('',#12351,1.);
#1422=VECTOR('',#12356,1.);
#1423=VECTOR('',#12359,1.);
#1424=VECTOR('',#12362,1.);
#1425=VECTOR('',#12363,1.);
#1426=VECTOR('',#12368,1.);
#1427=VECTOR('',#12377,1.);
#1428=VECTOR('',#12382,1.);
#1429=VECTOR('',#12385,1.);
#1430=VECTOR('',#12388,1.);
#1431=VECTOR('',#12389,1.);
#1432=VECTOR('',#12394,1.);
#1433=VECTOR('',#12403,1.);
#1434=VECTOR('',#12408,1.);
#1435=VECTOR('',#12411,1.);
#1436=VECTOR('',#12414,1.);
#1437=VECTOR('',#12415,1.);
#1438=VECTOR('',#12420,1.);
#1439=VECTOR('',#12429,1.);
#1440=VECTOR('',#12434,1.);
#1441=VECTOR('',#12437,1.);
#1442=VECTOR('',#12440,1.);
#1443=VECTOR('',#12441,1.);
#1444=VECTOR('',#12446,1.);
#1445=VECTOR('',#12455,1.);
#1446=VECTOR('',#12460,1.);
#1447=VECTOR('',#12463,1.);
#1448=VECTOR('',#12466,1.);
#1449=VECTOR('',#12467,1.);
#1450=VECTOR('',#12472,1.);
#1451=VECTOR('',#12481,1.);
#1452=VECTOR('',#12486,1.);
#1453=VECTOR('',#12489,1.);
#1454=VECTOR('',#12492,1.);
#1455=VECTOR('',#12493,1.);
#1456=VECTOR('',#12498,1.);
#1457=VECTOR('',#12507,1.);
#1458=VECTOR('',#12512,1.);
#1459=VECTOR('',#12515,1.);
#1460=VECTOR('',#12518,1.);
#1461=VECTOR('',#12519,1.);
#1462=VECTOR('',#12524,1.);
#1463=VECTOR('',#12533,1.);
#1464=VECTOR('',#12538,1.);
#1465=VECTOR('',#12541,1.);
#1466=VECTOR('',#12544,1.);
#1467=VECTOR('',#12545,1.);
#1468=VECTOR('',#12550,1.);
#1469=VECTOR('',#12559,1.);
#1470=VECTOR('',#12564,1.);
#1471=VECTOR('',#12567,1.);
#1472=VECTOR('',#12570,1.);
#1473=VECTOR('',#12571,1.);
#1474=VECTOR('',#12576,1.);
#1475=VECTOR('',#12585,1.);
#1476=VECTOR('',#12590,1.);
#1477=VECTOR('',#12593,1.);
#1478=VECTOR('',#12596,1.);
#1479=VECTOR('',#12597,1.);
#1480=VECTOR('',#12602,1.);
#1481=VECTOR('',#12611,1.);
#1482=VECTOR('',#12616,1.);
#1483=VECTOR('',#12619,1.);
#1484=VECTOR('',#12622,1.);
#1485=VECTOR('',#12623,1.);
#1486=VECTOR('',#12628,1.);
#1487=VECTOR('',#12637,1.);
#1488=VECTOR('',#12642,1.);
#1489=VECTOR('',#12645,1.);
#1490=VECTOR('',#12648,1.);
#1491=VECTOR('',#12649,1.);
#1492=VECTOR('',#12654,1.);
#1493=VECTOR('',#12663,1.);
#1494=VECTOR('',#12668,1.);
#1495=VECTOR('',#12671,1.);
#1496=VECTOR('',#12674,1.);
#1497=VECTOR('',#12675,1.);
#1498=VECTOR('',#12680,1.);
#1499=VECTOR('',#12689,1.);
#1500=VECTOR('',#12694,1.);
#1501=VECTOR('',#12697,1.);
#1502=VECTOR('',#12700,1.);
#1503=VECTOR('',#12701,1.);
#1504=VECTOR('',#12706,1.);
#1505=VECTOR('',#12715,1.);
#1506=VECTOR('',#12720,1.);
#1507=VECTOR('',#12723,1.);
#1508=VECTOR('',#12726,1.);
#1509=VECTOR('',#12727,1.);
#1510=VECTOR('',#12732,1.);
#1511=VECTOR('',#12741,1.);
#1512=VECTOR('',#12746,1.);
#1513=VECTOR('',#12749,1.);
#1514=VECTOR('',#12752,1.);
#1515=VECTOR('',#12753,1.);
#1516=VECTOR('',#12758,1.);
#1517=VECTOR('',#12767,1.);
#1518=VECTOR('',#12772,1.);
#1519=VECTOR('',#12775,1.);
#1520=VECTOR('',#12778,1.);
#1521=VECTOR('',#12779,1.);
#1522=VECTOR('',#12784,1.);
#1523=VECTOR('',#12793,1.);
#1524=VECTOR('',#12798,1.);
#1525=VECTOR('',#12801,1.);
#1526=VECTOR('',#12804,1.);
#1527=VECTOR('',#12805,1.);
#1528=VECTOR('',#12810,1.);
#1529=VECTOR('',#12819,1.);
#1530=VECTOR('',#12824,1.);
#1531=VECTOR('',#12827,1.);
#1532=VECTOR('',#12830,1.);
#1533=VECTOR('',#12831,1.);
#1534=VECTOR('',#12836,1.);
#1535=VECTOR('',#12845,1.);
#1536=VECTOR('',#12850,1.);
#1537=VECTOR('',#12853,1.);
#1538=VECTOR('',#12856,1.);
#1539=VECTOR('',#12857,1.);
#1540=VECTOR('',#12862,1.);
#1541=VECTOR('',#12871,1.);
#1542=VECTOR('',#12876,1.);
#1543=VECTOR('',#12879,1.);
#1544=VECTOR('',#12882,1.);
#1545=VECTOR('',#12883,1.);
#1546=VECTOR('',#12888,1.);
#1547=VECTOR('',#12897,1.);
#1548=VECTOR('',#12902,1.);
#1549=VECTOR('',#12905,1.);
#1550=VECTOR('',#12908,1.);
#1551=VECTOR('',#12909,1.);
#1552=VECTOR('',#12914,1.);
#1553=VECTOR('',#12923,1.);
#1554=VECTOR('',#12928,1.);
#1555=VECTOR('',#12931,1.);
#1556=VECTOR('',#12934,1.);
#1557=VECTOR('',#12935,1.);
#1558=VECTOR('',#12940,1.);
#1559=VECTOR('',#12949,1.);
#1560=VECTOR('',#12954,1.);
#1561=VECTOR('',#12957,1.);
#1562=VECTOR('',#12960,1.);
#1563=VECTOR('',#12961,1.);
#1564=VECTOR('',#12966,1.);
#1565=VECTOR('',#12975,1.);
#1566=VECTOR('',#12980,1.);
#1567=VECTOR('',#12983,1.);
#1568=VECTOR('',#12986,1.);
#1569=VECTOR('',#12987,1.);
#1570=VECTOR('',#12992,1.);
#1571=VECTOR('',#13001,1.);
#1572=VECTOR('',#13006,1.);
#1573=VECTOR('',#13009,1.);
#1574=VECTOR('',#13012,1.);
#1575=VECTOR('',#13013,1.);
#1576=VECTOR('',#13018,1.);
#1577=VECTOR('',#13027,1.);
#1578=VECTOR('',#13032,1.);
#1579=VECTOR('',#13035,1.);
#1580=VECTOR('',#13038,1.);
#1581=VECTOR('',#13039,1.);
#1582=VECTOR('',#13044,1.);
#1583=VECTOR('',#13053,1.);
#1584=VECTOR('',#13058,1.);
#1585=VECTOR('',#13061,1.);
#1586=VECTOR('',#13064,1.);
#1587=VECTOR('',#13065,1.);
#1588=VECTOR('',#13070,1.);
#1589=VECTOR('',#13079,1.);
#1590=VECTOR('',#13084,1.);
#1591=VECTOR('',#13087,1.);
#1592=VECTOR('',#13090,1.);
#1593=VECTOR('',#13091,1.);
#1594=VECTOR('',#13096,1.);
#1595=VECTOR('',#13105,1.);
#1596=VECTOR('',#13110,1.);
#1597=VECTOR('',#13113,1.);
#1598=VECTOR('',#13116,1.);
#1599=VECTOR('',#13117,1.);
#1600=VECTOR('',#13122,1.);
#1601=VECTOR('',#13131,1.);
#1602=VECTOR('',#13136,1.);
#1603=VECTOR('',#13139,1.);
#1604=VECTOR('',#13142,1.);
#1605=VECTOR('',#13143,1.);
#1606=VECTOR('',#13148,1.);
#1607=VECTOR('',#13157,1.);
#1608=VECTOR('',#13162,1.);
#1609=VECTOR('',#13165,1.);
#1610=VECTOR('',#13168,1.);
#1611=VECTOR('',#13169,1.);
#1612=VECTOR('',#13174,1.);
#1613=VECTOR('',#13183,1.);
#1614=VECTOR('',#13188,1.);
#1615=VECTOR('',#13191,1.);
#1616=VECTOR('',#13194,1.);
#1617=VECTOR('',#13195,1.);
#1618=VECTOR('',#13200,1.);
#1619=VECTOR('',#13209,1.);
#1620=VECTOR('',#13214,1.);
#1621=VECTOR('',#13217,1.);
#1622=VECTOR('',#13220,1.);
#1623=VECTOR('',#13221,1.);
#1624=VECTOR('',#13226,1.);
#1625=VECTOR('',#13235,1.);
#1626=VECTOR('',#13240,1.);
#1627=VECTOR('',#13243,1.);
#1628=VECTOR('',#13246,1.);
#1629=VECTOR('',#13247,1.);
#1630=VECTOR('',#13252,1.);
#1631=VECTOR('',#13261,1.);
#1632=VECTOR('',#13266,1.);
#1633=VECTOR('',#13269,1.);
#1634=VECTOR('',#13272,1.);
#1635=VECTOR('',#13273,1.);
#1636=VECTOR('',#13278,1.);
#1637=VECTOR('',#13287,1.);
#1638=VECTOR('',#13292,1.);
#1639=VECTOR('',#13295,1.);
#1640=VECTOR('',#13298,1.);
#1641=VECTOR('',#13299,1.);
#1642=VECTOR('',#13304,1.);
#1643=VECTOR('',#13313,1.);
#1644=VECTOR('',#13318,1.);
#1645=VECTOR('',#13321,1.);
#1646=VECTOR('',#13324,1.);
#1647=VECTOR('',#13325,1.);
#1648=VECTOR('',#13330,1.);
#1649=VECTOR('',#13339,1.);
#1650=VECTOR('',#13344,1.);
#1651=VECTOR('',#13347,1.);
#1652=VECTOR('',#13350,1.);
#1653=VECTOR('',#13351,1.);
#1654=VECTOR('',#13356,1.);
#1655=VECTOR('',#13365,1.);
#1656=VECTOR('',#13370,1.);
#1657=VECTOR('',#13373,1.);
#1658=VECTOR('',#13376,1.);
#1659=VECTOR('',#13377,1.);
#1660=VECTOR('',#13382,1.);
#1661=VECTOR('',#13391,1.);
#1662=VECTOR('',#13396,1.);
#1663=VECTOR('',#13399,1.);
#1664=VECTOR('',#13402,1.);
#1665=VECTOR('',#13403,1.);
#1666=VECTOR('',#13408,1.);
#1667=VECTOR('',#13417,1.);
#1668=VECTOR('',#13422,1.);
#1669=VECTOR('',#13425,1.);
#1670=VECTOR('',#13428,1.);
#1671=VECTOR('',#13429,1.);
#1672=VECTOR('',#13434,1.);
#1673=VECTOR('',#13443,1.);
#1674=VECTOR('',#13448,1.);
#1675=VECTOR('',#13451,1.);
#1676=VECTOR('',#13454,1.);
#1677=VECTOR('',#13455,1.);
#1678=VECTOR('',#13460,1.);
#1679=VECTOR('',#13469,1.);
#1680=VECTOR('',#13474,1.);
#1681=VECTOR('',#13477,1.);
#1682=VECTOR('',#13480,1.);
#1683=VECTOR('',#13481,1.);
#1684=VECTOR('',#13486,1.);
#1685=VECTOR('',#13495,1.);
#1686=VECTOR('',#13500,1.);
#1687=VECTOR('',#13503,1.);
#1688=VECTOR('',#13506,1.);
#1689=VECTOR('',#13507,1.);
#1690=VECTOR('',#13512,1.);
#1691=VECTOR('',#13521,1.);
#1692=VECTOR('',#13526,1.);
#1693=VECTOR('',#13529,1.);
#1694=VECTOR('',#13532,1.);
#1695=VECTOR('',#13533,1.);
#1696=VECTOR('',#13538,1.);
#1697=VECTOR('',#13547,1.);
#1698=VECTOR('',#13552,1.);
#1699=VECTOR('',#13555,1.);
#1700=VECTOR('',#13558,1.);
#1701=VECTOR('',#13559,1.);
#1702=VECTOR('',#13564,1.);
#1703=VECTOR('',#13573,1.);
#1704=VECTOR('',#13578,1.);
#1705=VECTOR('',#13581,1.);
#1706=VECTOR('',#13584,1.);
#1707=VECTOR('',#13585,1.);
#1708=VECTOR('',#13590,1.);
#1709=VECTOR('',#13599,1.);
#1710=VECTOR('',#13604,1.);
#1711=VECTOR('',#13607,1.);
#1712=VECTOR('',#13610,1.);
#1713=VECTOR('',#13611,1.);
#1714=VECTOR('',#13616,1.);
#1715=VECTOR('',#13625,1.);
#1716=VECTOR('',#13630,1.);
#1717=VECTOR('',#13633,1.);
#1718=VECTOR('',#13636,1.);
#1719=VECTOR('',#13637,1.);
#1720=VECTOR('',#13642,1.);
#1721=VECTOR('',#13651,1.);
#1722=VECTOR('',#13656,1.);
#1723=VECTOR('',#13659,1.);
#1724=VECTOR('',#13662,1.);
#1725=VECTOR('',#13663,1.);
#1726=VECTOR('',#13668,1.);
#1727=VECTOR('',#13677,1.);
#1728=VECTOR('',#13682,1.);
#1729=VECTOR('',#13685,1.);
#1730=VECTOR('',#13688,1.);
#1731=VECTOR('',#13689,1.);
#1732=VECTOR('',#13694,1.);
#1733=VECTOR('',#13703,1.);
#1734=VECTOR('',#13708,1.);
#1735=VECTOR('',#13711,1.);
#1736=VECTOR('',#13714,1.);
#1737=VECTOR('',#13715,1.);
#1738=VECTOR('',#13720,1.);
#1739=VECTOR('',#13729,1.);
#1740=VECTOR('',#13734,1.);
#1741=VECTOR('',#13737,1.);
#1742=VECTOR('',#13740,1.);
#1743=VECTOR('',#13741,1.);
#1744=VECTOR('',#13746,1.);
#1745=VECTOR('',#13755,1.);
#1746=VECTOR('',#13760,1.);
#1747=VECTOR('',#13763,1.);
#1748=VECTOR('',#13766,1.);
#1749=VECTOR('',#13767,1.);
#1750=VECTOR('',#13772,1.);
#1751=VECTOR('',#13781,1.);
#1752=VECTOR('',#13786,1.);
#1753=VECTOR('',#13789,1.);
#1754=VECTOR('',#13792,1.);
#1755=VECTOR('',#13793,1.);
#1756=VECTOR('',#13798,1.);
#1757=VECTOR('',#13807,1.);
#1758=VECTOR('',#13812,1.);
#1759=VECTOR('',#13815,1.);
#1760=VECTOR('',#13818,1.);
#1761=VECTOR('',#13819,1.);
#1762=VECTOR('',#13824,1.);
#1763=VECTOR('',#13833,1.);
#1764=VECTOR('',#13838,1.);
#1765=VECTOR('',#13841,1.);
#1766=VECTOR('',#13844,1.);
#1767=VECTOR('',#13845,1.);
#1768=VECTOR('',#13850,1.);
#1769=VECTOR('',#13859,1.);
#1770=VECTOR('',#13864,1.);
#1771=VECTOR('',#13867,1.);
#1772=VECTOR('',#13870,1.);
#1773=VECTOR('',#13871,1.);
#1774=VECTOR('',#13876,1.);
#1775=VECTOR('',#13885,1.);
#1776=VECTOR('',#13890,1.);
#1777=VECTOR('',#13893,1.);
#1778=VECTOR('',#13896,1.);
#1779=VECTOR('',#13897,1.);
#1780=VECTOR('',#13902,1.);
#1781=VECTOR('',#13911,1.);
#1782=VECTOR('',#13916,1.);
#1783=VECTOR('',#13919,1.);
#1784=VECTOR('',#13922,1.);
#1785=VECTOR('',#13923,1.);
#1786=VECTOR('',#13928,1.);
#1787=VECTOR('',#13937,1.);
#1788=VECTOR('',#13942,1.);
#1789=VECTOR('',#13945,1.);
#1790=VECTOR('',#13948,1.);
#1791=VECTOR('',#13949,1.);
#1792=VECTOR('',#13954,1.);
#1793=VECTOR('',#13963,1.);
#1794=VECTOR('',#13968,1.);
#1795=VECTOR('',#13971,1.);
#1796=VECTOR('',#13974,1.);
#1797=VECTOR('',#13975,1.);
#1798=VECTOR('',#13980,1.);
#1799=VECTOR('',#13989,1.);
#1800=VECTOR('',#13994,1.);
#1801=VECTOR('',#13997,1.);
#1802=VECTOR('',#14000,1.);
#1803=VECTOR('',#14001,1.);
#1804=VECTOR('',#14006,1.);
#1805=VECTOR('',#14015,1.);
#1806=VECTOR('',#14020,1.);
#1807=VECTOR('',#14023,1.);
#1808=VECTOR('',#14026,1.);
#1809=VECTOR('',#14027,1.);
#1810=VECTOR('',#14032,1.);
#1811=VECTOR('',#14041,1.);
#1812=VECTOR('',#14046,1.);
#1813=VECTOR('',#14049,1.);
#1814=VECTOR('',#14052,1.);
#1815=VECTOR('',#14053,1.);
#1816=VECTOR('',#14058,1.);
#1817=VECTOR('',#14067,1.);
#1818=VECTOR('',#14072,1.);
#1819=VECTOR('',#14075,1.);
#1820=VECTOR('',#14078,1.);
#1821=VECTOR('',#14079,1.);
#1822=VECTOR('',#14084,1.);
#1823=VECTOR('',#14093,1.);
#1824=VECTOR('',#14098,1.);
#1825=VECTOR('',#14101,1.);
#1826=VECTOR('',#14104,1.);
#1827=VECTOR('',#14105,1.);
#1828=VECTOR('',#14110,1.);
#1829=VECTOR('',#14119,1.);
#1830=VECTOR('',#14124,1.);
#1831=VECTOR('',#14127,1.);
#1832=VECTOR('',#14130,1.);
#1833=VECTOR('',#14131,1.);
#1834=VECTOR('',#14136,1.);
#1835=VECTOR('',#14145,1.);
#1836=VECTOR('',#14150,1.);
#1837=VECTOR('',#14153,1.);
#1838=VECTOR('',#14156,1.);
#1839=VECTOR('',#14157,1.);
#1840=VECTOR('',#14162,1.);
#1841=VECTOR('',#14171,1.);
#1842=VECTOR('',#14176,1.);
#1843=VECTOR('',#14179,1.);
#1844=VECTOR('',#14182,1.);
#1845=VECTOR('',#14183,1.);
#1846=VECTOR('',#14188,1.);
#1847=VECTOR('',#14197,1.);
#1848=VECTOR('',#14202,1.);
#1849=VECTOR('',#14205,1.);
#1850=VECTOR('',#14208,1.);
#1851=VECTOR('',#14209,1.);
#1852=VECTOR('',#14214,1.);
#1853=VECTOR('',#14223,1.);
#1854=VECTOR('',#14228,1.);
#1855=VECTOR('',#14231,1.);
#1856=VECTOR('',#14234,1.);
#1857=VECTOR('',#14235,1.);
#1858=VECTOR('',#14240,1.);
#1859=VECTOR('',#14249,1.);
#1860=VECTOR('',#14254,1.);
#1861=VECTOR('',#14257,1.);
#1862=VECTOR('',#14260,1.);
#1863=VECTOR('',#14261,1.);
#1864=VECTOR('',#14266,1.);
#1865=VECTOR('',#14275,1.);
#1866=VECTOR('',#14280,1.);
#1867=VECTOR('',#14283,1.);
#1868=VECTOR('',#14286,1.);
#1869=VECTOR('',#14287,1.);
#1870=VECTOR('',#14292,1.);
#1871=VECTOR('',#14301,1.);
#1872=VECTOR('',#14306,1.);
#1873=VECTOR('',#14309,1.);
#1874=VECTOR('',#14312,1.);
#1875=VECTOR('',#14313,1.);
#1876=VECTOR('',#14318,1.);
#1877=VECTOR('',#14327,1.);
#1878=VECTOR('',#14332,1.);
#1879=VECTOR('',#14335,1.);
#1880=VECTOR('',#14338,1.);
#1881=VECTOR('',#14339,1.);
#1882=VECTOR('',#14344,1.);
#1883=VECTOR('',#14353,1.);
#1884=VECTOR('',#14358,1.);
#1885=VECTOR('',#14361,1.);
#1886=VECTOR('',#14364,1.);
#1887=VECTOR('',#14365,1.);
#1888=VECTOR('',#14370,1.);
#1889=VECTOR('',#14375,1.);
#1890=VECTOR('',#14376,1.);
#1891=VECTOR('',#14377,1.);
#1892=VECTOR('',#14378,1.);
#1893=VECTOR('',#14379,1.);
#1894=VECTOR('',#14380,1.);
#1895=VECTOR('',#14381,1.);
#1896=VECTOR('',#14382,1.);
#1897=VECTOR('',#14385,1.);
#1898=VECTOR('',#14392,1.);
#1899=VECTOR('',#14397,1.);
#1900=VECTOR('',#14400,1.);
#1901=VECTOR('',#14423,1.);
#1902=VECTOR('',#14424,1.);
#1903=VECTOR('',#14427,1.);
#1904=VECTOR('',#14428,1.);
#1905=VECTOR('',#14435,1.);
#1906=VECTOR('',#14436,1.);
#1907=VECTOR('',#14437,1.);
#1908=VECTOR('',#14440,1.);
#1909=VECTOR('',#14441,1.);
#1910=VECTOR('',#14442,1.);
#1911=VECTOR('',#14447,1.);
#1912=VECTOR('',#14450,1.);
#1913=VECTOR('',#14453,1.);
#1914=VECTOR('',#14454,1.);
#1915=VECTOR('',#14495,1.);
#1916=VECTOR('',#14496,1.);
#1917=VECTOR('',#14499,1.);
#1918=VECTOR('',#14502,1.);
#1919=ORIENTED_EDGE('',*,*,#4939,.T.);
#1920=ORIENTED_EDGE('',*,*,#4940,.T.);
#1921=ORIENTED_EDGE('',*,*,#4941,.T.);
#1922=ORIENTED_EDGE('',*,*,#4942,.T.);
#1923=ORIENTED_EDGE('',*,*,#4943,.T.);
#1924=ORIENTED_EDGE('',*,*,#4944,.F.);
#1925=ORIENTED_EDGE('',*,*,#4945,.T.);
#1926=ORIENTED_EDGE('',*,*,#4946,.F.);
#1927=ORIENTED_EDGE('',*,*,#4947,.T.);
#1928=ORIENTED_EDGE('',*,*,#4948,.T.);
#1929=ORIENTED_EDGE('',*,*,#4949,.F.);
#1930=ORIENTED_EDGE('',*,*,#4950,.F.);
#1931=ORIENTED_EDGE('',*,*,#4951,.F.);
#1932=ORIENTED_EDGE('',*,*,#4952,.F.);
#1933=ORIENTED_EDGE('',*,*,#4953,.T.);
#1934=ORIENTED_EDGE('',*,*,#4954,.F.);
#1935=ORIENTED_EDGE('',*,*,#4955,.F.);
#1936=ORIENTED_EDGE('',*,*,#4956,.T.);
#1937=ORIENTED_EDGE('',*,*,#4957,.T.);
#1938=ORIENTED_EDGE('',*,*,#4958,.T.);
#1939=ORIENTED_EDGE('',*,*,#4959,.F.);
#1940=ORIENTED_EDGE('',*,*,#4960,.T.);
#1941=ORIENTED_EDGE('',*,*,#4961,.T.);
#1942=ORIENTED_EDGE('',*,*,#4962,.F.);
#1943=ORIENTED_EDGE('',*,*,#4963,.F.);
#1944=ORIENTED_EDGE('',*,*,#4964,.T.);
#1945=ORIENTED_EDGE('',*,*,#4965,.T.);
#1946=ORIENTED_EDGE('',*,*,#4966,.F.);
#1947=ORIENTED_EDGE('',*,*,#4967,.F.);
#1948=ORIENTED_EDGE('',*,*,#4968,.T.);
#1949=ORIENTED_EDGE('',*,*,#4969,.T.);
#1950=ORIENTED_EDGE('',*,*,#4970,.F.);
#1951=ORIENTED_EDGE('',*,*,#4971,.T.);
#1952=ORIENTED_EDGE('',*,*,#4968,.F.);
#1953=ORIENTED_EDGE('',*,*,#4972,.F.);
#1954=ORIENTED_EDGE('',*,*,#4973,.T.);
#1955=ORIENTED_EDGE('',*,*,#4974,.T.);
#1956=ORIENTED_EDGE('',*,*,#4975,.F.);
#1957=ORIENTED_EDGE('',*,*,#4976,.F.);
#1958=ORIENTED_EDGE('',*,*,#4977,.T.);
#1959=ORIENTED_EDGE('',*,*,#4978,.T.);
#1960=ORIENTED_EDGE('',*,*,#4973,.F.);
#1961=ORIENTED_EDGE('',*,*,#4979,.F.);
#1962=ORIENTED_EDGE('',*,*,#4975,.T.);
#1963=ORIENTED_EDGE('',*,*,#4980,.F.);
#1964=ORIENTED_EDGE('',*,*,#4981,.T.);
#1965=ORIENTED_EDGE('',*,*,#4982,.T.);
#1966=ORIENTED_EDGE('',*,*,#4977,.F.);
#1967=ORIENTED_EDGE('',*,*,#4983,.T.);
#1968=ORIENTED_EDGE('',*,*,#4981,.F.);
#1969=ORIENTED_EDGE('',*,*,#4984,.F.);
#1970=ORIENTED_EDGE('',*,*,#4985,.T.);
#1971=ORIENTED_EDGE('',*,*,#4986,.T.);
#1972=ORIENTED_EDGE('',*,*,#4987,.F.);
#1973=ORIENTED_EDGE('',*,*,#4988,.F.);
#1974=ORIENTED_EDGE('',*,*,#4989,.T.);
#1975=ORIENTED_EDGE('',*,*,#4990,.T.);
#1976=ORIENTED_EDGE('',*,*,#4985,.F.);
#1977=ORIENTED_EDGE('',*,*,#4991,.F.);
#1978=ORIENTED_EDGE('',*,*,#4987,.T.);
#1979=ORIENTED_EDGE('',*,*,#4992,.F.);
#1980=ORIENTED_EDGE('',*,*,#4993,.T.);
#1981=ORIENTED_EDGE('',*,*,#4994,.T.);
#1982=ORIENTED_EDGE('',*,*,#4989,.F.);
#1983=ORIENTED_EDGE('',*,*,#4995,.T.);
#1984=ORIENTED_EDGE('',*,*,#4993,.F.);
#1985=ORIENTED_EDGE('',*,*,#4996,.F.);
#1986=ORIENTED_EDGE('',*,*,#4997,.T.);
#1987=ORIENTED_EDGE('',*,*,#4998,.T.);
#1988=ORIENTED_EDGE('',*,*,#4999,.F.);
#1989=ORIENTED_EDGE('',*,*,#5000,.F.);
#1990=ORIENTED_EDGE('',*,*,#5001,.T.);
#1991=ORIENTED_EDGE('',*,*,#5002,.T.);
#1992=ORIENTED_EDGE('',*,*,#4997,.F.);
#1993=ORIENTED_EDGE('',*,*,#5003,.F.);
#1994=ORIENTED_EDGE('',*,*,#4999,.T.);
#1995=ORIENTED_EDGE('',*,*,#5004,.F.);
#1996=ORIENTED_EDGE('',*,*,#5005,.T.);
#1997=ORIENTED_EDGE('',*,*,#5006,.T.);
#1998=ORIENTED_EDGE('',*,*,#5001,.F.);
#1999=ORIENTED_EDGE('',*,*,#5007,.T.);
#2000=ORIENTED_EDGE('',*,*,#5005,.F.);
#2001=ORIENTED_EDGE('',*,*,#5008,.F.);
#2002=ORIENTED_EDGE('',*,*,#5009,.T.);
#2003=ORIENTED_EDGE('',*,*,#5010,.T.);
#2004=ORIENTED_EDGE('',*,*,#5011,.F.);
#2005=ORIENTED_EDGE('',*,*,#5012,.F.);
#2006=ORIENTED_EDGE('',*,*,#5013,.T.);
#2007=ORIENTED_EDGE('',*,*,#5014,.T.);
#2008=ORIENTED_EDGE('',*,*,#5009,.F.);
#2009=ORIENTED_EDGE('',*,*,#5015,.F.);
#2010=ORIENTED_EDGE('',*,*,#5011,.T.);
#2011=ORIENTED_EDGE('',*,*,#5016,.F.);
#2012=ORIENTED_EDGE('',*,*,#5017,.T.);
#2013=ORIENTED_EDGE('',*,*,#5018,.T.);
#2014=ORIENTED_EDGE('',*,*,#5013,.F.);
#2015=ORIENTED_EDGE('',*,*,#5019,.T.);
#2016=ORIENTED_EDGE('',*,*,#5017,.F.);
#2017=ORIENTED_EDGE('',*,*,#5020,.F.);
#2018=ORIENTED_EDGE('',*,*,#5021,.T.);
#2019=ORIENTED_EDGE('',*,*,#5022,.T.);
#2020=ORIENTED_EDGE('',*,*,#5023,.F.);
#2021=ORIENTED_EDGE('',*,*,#5024,.F.);
#2022=ORIENTED_EDGE('',*,*,#5025,.T.);
#2023=ORIENTED_EDGE('',*,*,#5026,.T.);
#2024=ORIENTED_EDGE('',*,*,#5021,.F.);
#2025=ORIENTED_EDGE('',*,*,#5027,.F.);
#2026=ORIENTED_EDGE('',*,*,#5023,.T.);
#2027=ORIENTED_EDGE('',*,*,#5028,.F.);
#2028=ORIENTED_EDGE('',*,*,#5029,.T.);
#2029=ORIENTED_EDGE('',*,*,#5030,.T.);
#2030=ORIENTED_EDGE('',*,*,#5025,.F.);
#2031=ORIENTED_EDGE('',*,*,#5031,.T.);
#2032=ORIENTED_EDGE('',*,*,#5029,.F.);
#2033=ORIENTED_EDGE('',*,*,#5032,.F.);
#2034=ORIENTED_EDGE('',*,*,#5033,.T.);
#2035=ORIENTED_EDGE('',*,*,#5034,.T.);
#2036=ORIENTED_EDGE('',*,*,#5035,.F.);
#2037=ORIENTED_EDGE('',*,*,#5036,.F.);
#2038=ORIENTED_EDGE('',*,*,#5037,.T.);
#2039=ORIENTED_EDGE('',*,*,#5038,.T.);
#2040=ORIENTED_EDGE('',*,*,#5033,.F.);
#2041=ORIENTED_EDGE('',*,*,#5039,.F.);
#2042=ORIENTED_EDGE('',*,*,#5035,.T.);
#2043=ORIENTED_EDGE('',*,*,#5040,.F.);
#2044=ORIENTED_EDGE('',*,*,#5041,.T.);
#2045=ORIENTED_EDGE('',*,*,#5042,.T.);
#2046=ORIENTED_EDGE('',*,*,#5037,.F.);
#2047=ORIENTED_EDGE('',*,*,#5043,.T.);
#2048=ORIENTED_EDGE('',*,*,#5041,.F.);
#2049=ORIENTED_EDGE('',*,*,#5044,.F.);
#2050=ORIENTED_EDGE('',*,*,#5045,.T.);
#2051=ORIENTED_EDGE('',*,*,#5046,.T.);
#2052=ORIENTED_EDGE('',*,*,#5047,.F.);
#2053=ORIENTED_EDGE('',*,*,#5048,.F.);
#2054=ORIENTED_EDGE('',*,*,#5049,.T.);
#2055=ORIENTED_EDGE('',*,*,#5050,.T.);
#2056=ORIENTED_EDGE('',*,*,#5045,.F.);
#2057=ORIENTED_EDGE('',*,*,#5051,.F.);
#2058=ORIENTED_EDGE('',*,*,#5047,.T.);
#2059=ORIENTED_EDGE('',*,*,#5052,.F.);
#2060=ORIENTED_EDGE('',*,*,#5053,.T.);
#2061=ORIENTED_EDGE('',*,*,#5054,.T.);
#2062=ORIENTED_EDGE('',*,*,#5049,.F.);
#2063=ORIENTED_EDGE('',*,*,#5055,.T.);
#2064=ORIENTED_EDGE('',*,*,#5053,.F.);
#2065=ORIENTED_EDGE('',*,*,#5056,.F.);
#2066=ORIENTED_EDGE('',*,*,#5057,.T.);
#2067=ORIENTED_EDGE('',*,*,#5058,.T.);
#2068=ORIENTED_EDGE('',*,*,#5059,.F.);
#2069=ORIENTED_EDGE('',*,*,#5060,.F.);
#2070=ORIENTED_EDGE('',*,*,#5061,.T.);
#2071=ORIENTED_EDGE('',*,*,#5062,.T.);
#2072=ORIENTED_EDGE('',*,*,#5057,.F.);
#2073=ORIENTED_EDGE('',*,*,#5063,.F.);
#2074=ORIENTED_EDGE('',*,*,#5059,.T.);
#2075=ORIENTED_EDGE('',*,*,#5064,.F.);
#2076=ORIENTED_EDGE('',*,*,#5065,.T.);
#2077=ORIENTED_EDGE('',*,*,#5066,.T.);
#2078=ORIENTED_EDGE('',*,*,#5061,.F.);
#2079=ORIENTED_EDGE('',*,*,#5067,.T.);
#2080=ORIENTED_EDGE('',*,*,#5065,.F.);
#2081=ORIENTED_EDGE('',*,*,#5068,.F.);
#2082=ORIENTED_EDGE('',*,*,#5069,.T.);
#2083=ORIENTED_EDGE('',*,*,#5070,.T.);
#2084=ORIENTED_EDGE('',*,*,#5071,.F.);
#2085=ORIENTED_EDGE('',*,*,#5072,.F.);
#2086=ORIENTED_EDGE('',*,*,#5073,.T.);
#2087=ORIENTED_EDGE('',*,*,#5074,.T.);
#2088=ORIENTED_EDGE('',*,*,#5069,.F.);
#2089=ORIENTED_EDGE('',*,*,#5075,.F.);
#2090=ORIENTED_EDGE('',*,*,#5071,.T.);
#2091=ORIENTED_EDGE('',*,*,#5076,.F.);
#2092=ORIENTED_EDGE('',*,*,#5077,.T.);
#2093=ORIENTED_EDGE('',*,*,#5078,.T.);
#2094=ORIENTED_EDGE('',*,*,#5073,.F.);
#2095=ORIENTED_EDGE('',*,*,#5079,.T.);
#2096=ORIENTED_EDGE('',*,*,#5077,.F.);
#2097=ORIENTED_EDGE('',*,*,#5080,.F.);
#2098=ORIENTED_EDGE('',*,*,#5081,.T.);
#2099=ORIENTED_EDGE('',*,*,#5082,.T.);
#2100=ORIENTED_EDGE('',*,*,#5083,.F.);
#2101=ORIENTED_EDGE('',*,*,#5084,.F.);
#2102=ORIENTED_EDGE('',*,*,#5085,.T.);
#2103=ORIENTED_EDGE('',*,*,#5086,.T.);
#2104=ORIENTED_EDGE('',*,*,#5081,.F.);
#2105=ORIENTED_EDGE('',*,*,#5087,.F.);
#2106=ORIENTED_EDGE('',*,*,#5083,.T.);
#2107=ORIENTED_EDGE('',*,*,#5088,.F.);
#2108=ORIENTED_EDGE('',*,*,#5089,.T.);
#2109=ORIENTED_EDGE('',*,*,#5090,.T.);
#2110=ORIENTED_EDGE('',*,*,#5085,.F.);
#2111=ORIENTED_EDGE('',*,*,#5091,.T.);
#2112=ORIENTED_EDGE('',*,*,#5089,.F.);
#2113=ORIENTED_EDGE('',*,*,#5092,.F.);
#2114=ORIENTED_EDGE('',*,*,#5093,.T.);
#2115=ORIENTED_EDGE('',*,*,#5094,.T.);
#2116=ORIENTED_EDGE('',*,*,#5095,.F.);
#2117=ORIENTED_EDGE('',*,*,#5096,.F.);
#2118=ORIENTED_EDGE('',*,*,#5097,.T.);
#2119=ORIENTED_EDGE('',*,*,#5098,.T.);
#2120=ORIENTED_EDGE('',*,*,#5093,.F.);
#2121=ORIENTED_EDGE('',*,*,#5099,.F.);
#2122=ORIENTED_EDGE('',*,*,#5095,.T.);
#2123=ORIENTED_EDGE('',*,*,#5100,.F.);
#2124=ORIENTED_EDGE('',*,*,#5101,.T.);
#2125=ORIENTED_EDGE('',*,*,#5102,.T.);
#2126=ORIENTED_EDGE('',*,*,#5097,.F.);
#2127=ORIENTED_EDGE('',*,*,#5103,.T.);
#2128=ORIENTED_EDGE('',*,*,#5101,.F.);
#2129=ORIENTED_EDGE('',*,*,#5104,.F.);
#2130=ORIENTED_EDGE('',*,*,#5105,.T.);
#2131=ORIENTED_EDGE('',*,*,#5106,.T.);
#2132=ORIENTED_EDGE('',*,*,#5107,.F.);
#2133=ORIENTED_EDGE('',*,*,#5108,.F.);
#2134=ORIENTED_EDGE('',*,*,#5109,.T.);
#2135=ORIENTED_EDGE('',*,*,#5110,.T.);
#2136=ORIENTED_EDGE('',*,*,#5105,.F.);
#2137=ORIENTED_EDGE('',*,*,#5111,.F.);
#2138=ORIENTED_EDGE('',*,*,#5107,.T.);
#2139=ORIENTED_EDGE('',*,*,#5112,.F.);
#2140=ORIENTED_EDGE('',*,*,#5113,.T.);
#2141=ORIENTED_EDGE('',*,*,#5114,.T.);
#2142=ORIENTED_EDGE('',*,*,#5109,.F.);
#2143=ORIENTED_EDGE('',*,*,#5115,.T.);
#2144=ORIENTED_EDGE('',*,*,#5113,.F.);
#2145=ORIENTED_EDGE('',*,*,#5116,.F.);
#2146=ORIENTED_EDGE('',*,*,#5117,.T.);
#2147=ORIENTED_EDGE('',*,*,#5118,.T.);
#2148=ORIENTED_EDGE('',*,*,#5119,.F.);
#2149=ORIENTED_EDGE('',*,*,#5120,.F.);
#2150=ORIENTED_EDGE('',*,*,#5121,.T.);
#2151=ORIENTED_EDGE('',*,*,#5122,.T.);
#2152=ORIENTED_EDGE('',*,*,#5117,.F.);
#2153=ORIENTED_EDGE('',*,*,#5123,.F.);
#2154=ORIENTED_EDGE('',*,*,#5119,.T.);
#2155=ORIENTED_EDGE('',*,*,#5124,.F.);
#2156=ORIENTED_EDGE('',*,*,#5125,.T.);
#2157=ORIENTED_EDGE('',*,*,#5126,.T.);
#2158=ORIENTED_EDGE('',*,*,#5121,.F.);
#2159=ORIENTED_EDGE('',*,*,#5127,.T.);
#2160=ORIENTED_EDGE('',*,*,#5125,.F.);
#2161=ORIENTED_EDGE('',*,*,#5128,.F.);
#2162=ORIENTED_EDGE('',*,*,#5129,.T.);
#2163=ORIENTED_EDGE('',*,*,#5130,.T.);
#2164=ORIENTED_EDGE('',*,*,#5131,.F.);
#2165=ORIENTED_EDGE('',*,*,#5132,.F.);
#2166=ORIENTED_EDGE('',*,*,#5133,.T.);
#2167=ORIENTED_EDGE('',*,*,#5134,.T.);
#2168=ORIENTED_EDGE('',*,*,#5129,.F.);
#2169=ORIENTED_EDGE('',*,*,#5135,.F.);
#2170=ORIENTED_EDGE('',*,*,#5131,.T.);
#2171=ORIENTED_EDGE('',*,*,#5136,.F.);
#2172=ORIENTED_EDGE('',*,*,#5137,.T.);
#2173=ORIENTED_EDGE('',*,*,#5138,.T.);
#2174=ORIENTED_EDGE('',*,*,#5133,.F.);
#2175=ORIENTED_EDGE('',*,*,#5139,.T.);
#2176=ORIENTED_EDGE('',*,*,#5137,.F.);
#2177=ORIENTED_EDGE('',*,*,#5140,.F.);
#2178=ORIENTED_EDGE('',*,*,#5141,.T.);
#2179=ORIENTED_EDGE('',*,*,#5142,.T.);
#2180=ORIENTED_EDGE('',*,*,#5143,.F.);
#2181=ORIENTED_EDGE('',*,*,#5144,.F.);
#2182=ORIENTED_EDGE('',*,*,#5145,.T.);
#2183=ORIENTED_EDGE('',*,*,#5146,.T.);
#2184=ORIENTED_EDGE('',*,*,#5141,.F.);
#2185=ORIENTED_EDGE('',*,*,#5147,.F.);
#2186=ORIENTED_EDGE('',*,*,#5143,.T.);
#2187=ORIENTED_EDGE('',*,*,#5148,.F.);
#2188=ORIENTED_EDGE('',*,*,#5149,.T.);
#2189=ORIENTED_EDGE('',*,*,#5150,.T.);
#2190=ORIENTED_EDGE('',*,*,#5145,.F.);
#2191=ORIENTED_EDGE('',*,*,#5151,.T.);
#2192=ORIENTED_EDGE('',*,*,#5149,.F.);
#2193=ORIENTED_EDGE('',*,*,#5152,.F.);
#2194=ORIENTED_EDGE('',*,*,#5153,.T.);
#2195=ORIENTED_EDGE('',*,*,#5154,.T.);
#2196=ORIENTED_EDGE('',*,*,#5155,.F.);
#2197=ORIENTED_EDGE('',*,*,#5156,.F.);
#2198=ORIENTED_EDGE('',*,*,#5157,.T.);
#2199=ORIENTED_EDGE('',*,*,#5158,.T.);
#2200=ORIENTED_EDGE('',*,*,#5153,.F.);
#2201=ORIENTED_EDGE('',*,*,#5159,.F.);
#2202=ORIENTED_EDGE('',*,*,#5155,.T.);
#2203=ORIENTED_EDGE('',*,*,#5160,.F.);
#2204=ORIENTED_EDGE('',*,*,#5161,.T.);
#2205=ORIENTED_EDGE('',*,*,#5162,.T.);
#2206=ORIENTED_EDGE('',*,*,#5157,.F.);
#2207=ORIENTED_EDGE('',*,*,#5163,.T.);
#2208=ORIENTED_EDGE('',*,*,#5161,.F.);
#2209=ORIENTED_EDGE('',*,*,#5164,.F.);
#2210=ORIENTED_EDGE('',*,*,#5165,.T.);
#2211=ORIENTED_EDGE('',*,*,#5166,.T.);
#2212=ORIENTED_EDGE('',*,*,#5167,.F.);
#2213=ORIENTED_EDGE('',*,*,#5168,.F.);
#2214=ORIENTED_EDGE('',*,*,#5169,.T.);
#2215=ORIENTED_EDGE('',*,*,#5170,.T.);
#2216=ORIENTED_EDGE('',*,*,#5165,.F.);
#2217=ORIENTED_EDGE('',*,*,#5171,.F.);
#2218=ORIENTED_EDGE('',*,*,#5167,.T.);
#2219=ORIENTED_EDGE('',*,*,#5172,.F.);
#2220=ORIENTED_EDGE('',*,*,#5173,.T.);
#2221=ORIENTED_EDGE('',*,*,#5174,.T.);
#2222=ORIENTED_EDGE('',*,*,#5169,.F.);
#2223=ORIENTED_EDGE('',*,*,#5175,.T.);
#2224=ORIENTED_EDGE('',*,*,#5173,.F.);
#2225=ORIENTED_EDGE('',*,*,#5176,.F.);
#2226=ORIENTED_EDGE('',*,*,#5177,.T.);
#2227=ORIENTED_EDGE('',*,*,#5178,.T.);
#2228=ORIENTED_EDGE('',*,*,#5179,.F.);
#2229=ORIENTED_EDGE('',*,*,#5180,.F.);
#2230=ORIENTED_EDGE('',*,*,#5181,.T.);
#2231=ORIENTED_EDGE('',*,*,#5182,.T.);
#2232=ORIENTED_EDGE('',*,*,#5177,.F.);
#2233=ORIENTED_EDGE('',*,*,#5183,.F.);
#2234=ORIENTED_EDGE('',*,*,#5179,.T.);
#2235=ORIENTED_EDGE('',*,*,#5184,.F.);
#2236=ORIENTED_EDGE('',*,*,#5185,.T.);
#2237=ORIENTED_EDGE('',*,*,#5186,.T.);
#2238=ORIENTED_EDGE('',*,*,#5181,.F.);
#2239=ORIENTED_EDGE('',*,*,#5187,.T.);
#2240=ORIENTED_EDGE('',*,*,#5185,.F.);
#2241=ORIENTED_EDGE('',*,*,#5188,.F.);
#2242=ORIENTED_EDGE('',*,*,#5189,.T.);
#2243=ORIENTED_EDGE('',*,*,#5190,.T.);
#2244=ORIENTED_EDGE('',*,*,#5191,.F.);
#2245=ORIENTED_EDGE('',*,*,#5192,.F.);
#2246=ORIENTED_EDGE('',*,*,#5193,.T.);
#2247=ORIENTED_EDGE('',*,*,#5194,.T.);
#2248=ORIENTED_EDGE('',*,*,#5189,.F.);
#2249=ORIENTED_EDGE('',*,*,#5195,.F.);
#2250=ORIENTED_EDGE('',*,*,#5191,.T.);
#2251=ORIENTED_EDGE('',*,*,#5196,.F.);
#2252=ORIENTED_EDGE('',*,*,#5197,.T.);
#2253=ORIENTED_EDGE('',*,*,#5198,.T.);
#2254=ORIENTED_EDGE('',*,*,#5193,.F.);
#2255=ORIENTED_EDGE('',*,*,#5199,.T.);
#2256=ORIENTED_EDGE('',*,*,#5197,.F.);
#2257=ORIENTED_EDGE('',*,*,#5200,.F.);
#2258=ORIENTED_EDGE('',*,*,#5201,.T.);
#2259=ORIENTED_EDGE('',*,*,#5202,.T.);
#2260=ORIENTED_EDGE('',*,*,#5203,.F.);
#2261=ORIENTED_EDGE('',*,*,#5204,.F.);
#2262=ORIENTED_EDGE('',*,*,#5205,.T.);
#2263=ORIENTED_EDGE('',*,*,#5206,.T.);
#2264=ORIENTED_EDGE('',*,*,#5201,.F.);
#2265=ORIENTED_EDGE('',*,*,#5207,.F.);
#2266=ORIENTED_EDGE('',*,*,#5203,.T.);
#2267=ORIENTED_EDGE('',*,*,#5208,.F.);
#2268=ORIENTED_EDGE('',*,*,#5209,.T.);
#2269=ORIENTED_EDGE('',*,*,#5210,.T.);
#2270=ORIENTED_EDGE('',*,*,#5205,.F.);
#2271=ORIENTED_EDGE('',*,*,#5211,.T.);
#2272=ORIENTED_EDGE('',*,*,#5209,.F.);
#2273=ORIENTED_EDGE('',*,*,#5212,.F.);
#2274=ORIENTED_EDGE('',*,*,#5213,.T.);
#2275=ORIENTED_EDGE('',*,*,#5214,.T.);
#2276=ORIENTED_EDGE('',*,*,#5215,.F.);
#2277=ORIENTED_EDGE('',*,*,#5216,.F.);
#2278=ORIENTED_EDGE('',*,*,#5217,.T.);
#2279=ORIENTED_EDGE('',*,*,#5218,.T.);
#2280=ORIENTED_EDGE('',*,*,#5213,.F.);
#2281=ORIENTED_EDGE('',*,*,#5219,.F.);
#2282=ORIENTED_EDGE('',*,*,#5215,.T.);
#2283=ORIENTED_EDGE('',*,*,#5220,.F.);
#2284=ORIENTED_EDGE('',*,*,#5221,.T.);
#2285=ORIENTED_EDGE('',*,*,#5222,.T.);
#2286=ORIENTED_EDGE('',*,*,#5217,.F.);
#2287=ORIENTED_EDGE('',*,*,#5223,.T.);
#2288=ORIENTED_EDGE('',*,*,#5221,.F.);
#2289=ORIENTED_EDGE('',*,*,#5224,.F.);
#2290=ORIENTED_EDGE('',*,*,#5225,.T.);
#2291=ORIENTED_EDGE('',*,*,#5226,.T.);
#2292=ORIENTED_EDGE('',*,*,#5227,.F.);
#2293=ORIENTED_EDGE('',*,*,#5228,.F.);
#2294=ORIENTED_EDGE('',*,*,#5229,.T.);
#2295=ORIENTED_EDGE('',*,*,#5230,.T.);
#2296=ORIENTED_EDGE('',*,*,#5225,.F.);
#2297=ORIENTED_EDGE('',*,*,#5231,.F.);
#2298=ORIENTED_EDGE('',*,*,#5227,.T.);
#2299=ORIENTED_EDGE('',*,*,#5232,.F.);
#2300=ORIENTED_EDGE('',*,*,#5233,.T.);
#2301=ORIENTED_EDGE('',*,*,#5234,.T.);
#2302=ORIENTED_EDGE('',*,*,#5229,.F.);
#2303=ORIENTED_EDGE('',*,*,#5235,.T.);
#2304=ORIENTED_EDGE('',*,*,#5233,.F.);
#2305=ORIENTED_EDGE('',*,*,#5236,.F.);
#2306=ORIENTED_EDGE('',*,*,#5237,.T.);
#2307=ORIENTED_EDGE('',*,*,#5238,.T.);
#2308=ORIENTED_EDGE('',*,*,#5239,.F.);
#2309=ORIENTED_EDGE('',*,*,#5240,.F.);
#2310=ORIENTED_EDGE('',*,*,#5241,.T.);
#2311=ORIENTED_EDGE('',*,*,#5242,.T.);
#2312=ORIENTED_EDGE('',*,*,#5237,.F.);
#2313=ORIENTED_EDGE('',*,*,#5243,.F.);
#2314=ORIENTED_EDGE('',*,*,#5239,.T.);
#2315=ORIENTED_EDGE('',*,*,#5244,.F.);
#2316=ORIENTED_EDGE('',*,*,#5245,.T.);
#2317=ORIENTED_EDGE('',*,*,#5246,.T.);
#2318=ORIENTED_EDGE('',*,*,#5241,.F.);
#2319=ORIENTED_EDGE('',*,*,#5247,.T.);
#2320=ORIENTED_EDGE('',*,*,#5245,.F.);
#2321=ORIENTED_EDGE('',*,*,#5248,.F.);
#2322=ORIENTED_EDGE('',*,*,#5249,.T.);
#2323=ORIENTED_EDGE('',*,*,#5250,.T.);
#2324=ORIENTED_EDGE('',*,*,#5251,.F.);
#2325=ORIENTED_EDGE('',*,*,#5252,.F.);
#2326=ORIENTED_EDGE('',*,*,#5253,.T.);
#2327=ORIENTED_EDGE('',*,*,#5254,.T.);
#2328=ORIENTED_EDGE('',*,*,#5249,.F.);
#2329=ORIENTED_EDGE('',*,*,#5255,.F.);
#2330=ORIENTED_EDGE('',*,*,#5251,.T.);
#2331=ORIENTED_EDGE('',*,*,#5256,.F.);
#2332=ORIENTED_EDGE('',*,*,#5257,.T.);
#2333=ORIENTED_EDGE('',*,*,#5258,.T.);
#2334=ORIENTED_EDGE('',*,*,#5253,.F.);
#2335=ORIENTED_EDGE('',*,*,#5259,.T.);
#2336=ORIENTED_EDGE('',*,*,#5257,.F.);
#2337=ORIENTED_EDGE('',*,*,#5260,.F.);
#2338=ORIENTED_EDGE('',*,*,#5261,.T.);
#2339=ORIENTED_EDGE('',*,*,#5262,.T.);
#2340=ORIENTED_EDGE('',*,*,#5263,.F.);
#2341=ORIENTED_EDGE('',*,*,#5264,.F.);
#2342=ORIENTED_EDGE('',*,*,#5265,.T.);
#2343=ORIENTED_EDGE('',*,*,#5266,.T.);
#2344=ORIENTED_EDGE('',*,*,#5261,.F.);
#2345=ORIENTED_EDGE('',*,*,#5267,.F.);
#2346=ORIENTED_EDGE('',*,*,#5263,.T.);
#2347=ORIENTED_EDGE('',*,*,#5268,.F.);
#2348=ORIENTED_EDGE('',*,*,#5269,.T.);
#2349=ORIENTED_EDGE('',*,*,#5270,.T.);
#2350=ORIENTED_EDGE('',*,*,#5265,.F.);
#2351=ORIENTED_EDGE('',*,*,#5271,.T.);
#2352=ORIENTED_EDGE('',*,*,#5269,.F.);
#2353=ORIENTED_EDGE('',*,*,#5272,.F.);
#2354=ORIENTED_EDGE('',*,*,#5273,.T.);
#2355=ORIENTED_EDGE('',*,*,#5274,.T.);
#2356=ORIENTED_EDGE('',*,*,#5275,.F.);
#2357=ORIENTED_EDGE('',*,*,#5276,.F.);
#2358=ORIENTED_EDGE('',*,*,#5277,.T.);
#2359=ORIENTED_EDGE('',*,*,#5278,.T.);
#2360=ORIENTED_EDGE('',*,*,#5273,.F.);
#2361=ORIENTED_EDGE('',*,*,#5279,.F.);
#2362=ORIENTED_EDGE('',*,*,#5275,.T.);
#2363=ORIENTED_EDGE('',*,*,#5280,.F.);
#2364=ORIENTED_EDGE('',*,*,#5281,.T.);
#2365=ORIENTED_EDGE('',*,*,#5282,.T.);
#2366=ORIENTED_EDGE('',*,*,#5277,.F.);
#2367=ORIENTED_EDGE('',*,*,#5283,.T.);
#2368=ORIENTED_EDGE('',*,*,#5281,.F.);
#2369=ORIENTED_EDGE('',*,*,#5284,.F.);
#2370=ORIENTED_EDGE('',*,*,#5285,.T.);
#2371=ORIENTED_EDGE('',*,*,#5286,.T.);
#2372=ORIENTED_EDGE('',*,*,#5287,.F.);
#2373=ORIENTED_EDGE('',*,*,#5288,.F.);
#2374=ORIENTED_EDGE('',*,*,#5289,.T.);
#2375=ORIENTED_EDGE('',*,*,#5290,.T.);
#2376=ORIENTED_EDGE('',*,*,#5285,.F.);
#2377=ORIENTED_EDGE('',*,*,#5291,.F.);
#2378=ORIENTED_EDGE('',*,*,#5287,.T.);
#2379=ORIENTED_EDGE('',*,*,#5292,.F.);
#2380=ORIENTED_EDGE('',*,*,#5293,.T.);
#2381=ORIENTED_EDGE('',*,*,#5294,.T.);
#2382=ORIENTED_EDGE('',*,*,#5289,.F.);
#2383=ORIENTED_EDGE('',*,*,#5295,.T.);
#2384=ORIENTED_EDGE('',*,*,#5293,.F.);
#2385=ORIENTED_EDGE('',*,*,#5296,.F.);
#2386=ORIENTED_EDGE('',*,*,#5297,.T.);
#2387=ORIENTED_EDGE('',*,*,#5298,.T.);
#2388=ORIENTED_EDGE('',*,*,#5299,.F.);
#2389=ORIENTED_EDGE('',*,*,#5300,.F.);
#2390=ORIENTED_EDGE('',*,*,#5301,.T.);
#2391=ORIENTED_EDGE('',*,*,#5302,.T.);
#2392=ORIENTED_EDGE('',*,*,#5297,.F.);
#2393=ORIENTED_EDGE('',*,*,#5303,.F.);
#2394=ORIENTED_EDGE('',*,*,#5299,.T.);
#2395=ORIENTED_EDGE('',*,*,#5304,.F.);
#2396=ORIENTED_EDGE('',*,*,#5305,.T.);
#2397=ORIENTED_EDGE('',*,*,#5306,.T.);
#2398=ORIENTED_EDGE('',*,*,#5301,.F.);
#2399=ORIENTED_EDGE('',*,*,#5307,.T.);
#2400=ORIENTED_EDGE('',*,*,#5305,.F.);
#2401=ORIENTED_EDGE('',*,*,#5308,.F.);
#2402=ORIENTED_EDGE('',*,*,#5309,.T.);
#2403=ORIENTED_EDGE('',*,*,#5310,.T.);
#2404=ORIENTED_EDGE('',*,*,#5311,.F.);
#2405=ORIENTED_EDGE('',*,*,#5312,.F.);
#2406=ORIENTED_EDGE('',*,*,#5313,.T.);
#2407=ORIENTED_EDGE('',*,*,#5314,.T.);
#2408=ORIENTED_EDGE('',*,*,#5309,.F.);
#2409=ORIENTED_EDGE('',*,*,#5315,.F.);
#2410=ORIENTED_EDGE('',*,*,#5311,.T.);
#2411=ORIENTED_EDGE('',*,*,#5316,.F.);
#2412=ORIENTED_EDGE('',*,*,#5317,.T.);
#2413=ORIENTED_EDGE('',*,*,#5318,.T.);
#2414=ORIENTED_EDGE('',*,*,#5313,.F.);
#2415=ORIENTED_EDGE('',*,*,#5319,.T.);
#2416=ORIENTED_EDGE('',*,*,#5317,.F.);
#2417=ORIENTED_EDGE('',*,*,#5320,.F.);
#2418=ORIENTED_EDGE('',*,*,#5321,.T.);
#2419=ORIENTED_EDGE('',*,*,#5322,.T.);
#2420=ORIENTED_EDGE('',*,*,#5323,.F.);
#2421=ORIENTED_EDGE('',*,*,#5324,.F.);
#2422=ORIENTED_EDGE('',*,*,#5325,.T.);
#2423=ORIENTED_EDGE('',*,*,#5326,.T.);
#2424=ORIENTED_EDGE('',*,*,#5321,.F.);
#2425=ORIENTED_EDGE('',*,*,#5327,.F.);
#2426=ORIENTED_EDGE('',*,*,#5323,.T.);
#2427=ORIENTED_EDGE('',*,*,#5328,.F.);
#2428=ORIENTED_EDGE('',*,*,#5329,.T.);
#2429=ORIENTED_EDGE('',*,*,#5330,.T.);
#2430=ORIENTED_EDGE('',*,*,#5325,.F.);
#2431=ORIENTED_EDGE('',*,*,#5331,.T.);
#2432=ORIENTED_EDGE('',*,*,#5329,.F.);
#2433=ORIENTED_EDGE('',*,*,#5332,.F.);
#2434=ORIENTED_EDGE('',*,*,#5333,.T.);
#2435=ORIENTED_EDGE('',*,*,#5334,.T.);
#2436=ORIENTED_EDGE('',*,*,#5335,.F.);
#2437=ORIENTED_EDGE('',*,*,#5336,.F.);
#2438=ORIENTED_EDGE('',*,*,#5337,.T.);
#2439=ORIENTED_EDGE('',*,*,#5338,.T.);
#2440=ORIENTED_EDGE('',*,*,#5333,.F.);
#2441=ORIENTED_EDGE('',*,*,#5339,.F.);
#2442=ORIENTED_EDGE('',*,*,#5335,.T.);
#2443=ORIENTED_EDGE('',*,*,#5340,.F.);
#2444=ORIENTED_EDGE('',*,*,#5341,.T.);
#2445=ORIENTED_EDGE('',*,*,#5342,.T.);
#2446=ORIENTED_EDGE('',*,*,#5337,.F.);
#2447=ORIENTED_EDGE('',*,*,#5343,.T.);
#2448=ORIENTED_EDGE('',*,*,#5341,.F.);
#2449=ORIENTED_EDGE('',*,*,#5344,.F.);
#2450=ORIENTED_EDGE('',*,*,#5345,.T.);
#2451=ORIENTED_EDGE('',*,*,#5346,.T.);
#2452=ORIENTED_EDGE('',*,*,#5347,.F.);
#2453=ORIENTED_EDGE('',*,*,#5348,.F.);
#2454=ORIENTED_EDGE('',*,*,#5349,.T.);
#2455=ORIENTED_EDGE('',*,*,#5350,.T.);
#2456=ORIENTED_EDGE('',*,*,#5345,.F.);
#2457=ORIENTED_EDGE('',*,*,#5351,.F.);
#2458=ORIENTED_EDGE('',*,*,#5347,.T.);
#2459=ORIENTED_EDGE('',*,*,#5352,.F.);
#2460=ORIENTED_EDGE('',*,*,#5353,.T.);
#2461=ORIENTED_EDGE('',*,*,#5354,.T.);
#2462=ORIENTED_EDGE('',*,*,#5349,.F.);
#2463=ORIENTED_EDGE('',*,*,#5355,.T.);
#2464=ORIENTED_EDGE('',*,*,#5353,.F.);
#2465=ORIENTED_EDGE('',*,*,#5356,.F.);
#2466=ORIENTED_EDGE('',*,*,#5357,.T.);
#2467=ORIENTED_EDGE('',*,*,#5358,.T.);
#2468=ORIENTED_EDGE('',*,*,#5359,.F.);
#2469=ORIENTED_EDGE('',*,*,#5360,.F.);
#2470=ORIENTED_EDGE('',*,*,#5361,.T.);
#2471=ORIENTED_EDGE('',*,*,#5362,.T.);
#2472=ORIENTED_EDGE('',*,*,#5357,.F.);
#2473=ORIENTED_EDGE('',*,*,#5363,.F.);
#2474=ORIENTED_EDGE('',*,*,#5359,.T.);
#2475=ORIENTED_EDGE('',*,*,#5364,.F.);
#2476=ORIENTED_EDGE('',*,*,#5365,.T.);
#2477=ORIENTED_EDGE('',*,*,#5366,.T.);
#2478=ORIENTED_EDGE('',*,*,#5361,.F.);
#2479=ORIENTED_EDGE('',*,*,#5367,.T.);
#2480=ORIENTED_EDGE('',*,*,#5365,.F.);
#2481=ORIENTED_EDGE('',*,*,#5368,.F.);
#2482=ORIENTED_EDGE('',*,*,#5369,.T.);
#2483=ORIENTED_EDGE('',*,*,#5370,.T.);
#2484=ORIENTED_EDGE('',*,*,#5371,.F.);
#2485=ORIENTED_EDGE('',*,*,#5372,.F.);
#2486=ORIENTED_EDGE('',*,*,#5373,.T.);
#2487=ORIENTED_EDGE('',*,*,#5374,.T.);
#2488=ORIENTED_EDGE('',*,*,#5369,.F.);
#2489=ORIENTED_EDGE('',*,*,#5375,.F.);
#2490=ORIENTED_EDGE('',*,*,#5371,.T.);
#2491=ORIENTED_EDGE('',*,*,#5376,.F.);
#2492=ORIENTED_EDGE('',*,*,#5377,.T.);
#2493=ORIENTED_EDGE('',*,*,#5378,.T.);
#2494=ORIENTED_EDGE('',*,*,#5373,.F.);
#2495=ORIENTED_EDGE('',*,*,#5379,.T.);
#2496=ORIENTED_EDGE('',*,*,#5377,.F.);
#2497=ORIENTED_EDGE('',*,*,#5380,.F.);
#2498=ORIENTED_EDGE('',*,*,#5381,.T.);
#2499=ORIENTED_EDGE('',*,*,#5382,.T.);
#2500=ORIENTED_EDGE('',*,*,#5383,.F.);
#2501=ORIENTED_EDGE('',*,*,#5384,.F.);
#2502=ORIENTED_EDGE('',*,*,#5385,.T.);
#2503=ORIENTED_EDGE('',*,*,#5386,.T.);
#2504=ORIENTED_EDGE('',*,*,#5381,.F.);
#2505=ORIENTED_EDGE('',*,*,#5387,.F.);
#2506=ORIENTED_EDGE('',*,*,#5383,.T.);
#2507=ORIENTED_EDGE('',*,*,#5388,.F.);
#2508=ORIENTED_EDGE('',*,*,#5389,.T.);
#2509=ORIENTED_EDGE('',*,*,#5390,.T.);
#2510=ORIENTED_EDGE('',*,*,#5385,.F.);
#2511=ORIENTED_EDGE('',*,*,#5391,.T.);
#2512=ORIENTED_EDGE('',*,*,#5389,.F.);
#2513=ORIENTED_EDGE('',*,*,#5392,.F.);
#2514=ORIENTED_EDGE('',*,*,#5393,.T.);
#2515=ORIENTED_EDGE('',*,*,#5394,.T.);
#2516=ORIENTED_EDGE('',*,*,#5395,.F.);
#2517=ORIENTED_EDGE('',*,*,#5396,.F.);
#2518=ORIENTED_EDGE('',*,*,#5397,.T.);
#2519=ORIENTED_EDGE('',*,*,#5398,.T.);
#2520=ORIENTED_EDGE('',*,*,#5393,.F.);
#2521=ORIENTED_EDGE('',*,*,#5399,.F.);
#2522=ORIENTED_EDGE('',*,*,#5395,.T.);
#2523=ORIENTED_EDGE('',*,*,#5400,.F.);
#2524=ORIENTED_EDGE('',*,*,#5401,.T.);
#2525=ORIENTED_EDGE('',*,*,#5402,.T.);
#2526=ORIENTED_EDGE('',*,*,#5397,.F.);
#2527=ORIENTED_EDGE('',*,*,#5403,.T.);
#2528=ORIENTED_EDGE('',*,*,#5401,.F.);
#2529=ORIENTED_EDGE('',*,*,#5404,.F.);
#2530=ORIENTED_EDGE('',*,*,#5405,.T.);
#2531=ORIENTED_EDGE('',*,*,#5406,.T.);
#2532=ORIENTED_EDGE('',*,*,#5407,.F.);
#2533=ORIENTED_EDGE('',*,*,#5408,.F.);
#2534=ORIENTED_EDGE('',*,*,#5409,.T.);
#2535=ORIENTED_EDGE('',*,*,#5410,.T.);
#2536=ORIENTED_EDGE('',*,*,#5405,.F.);
#2537=ORIENTED_EDGE('',*,*,#5411,.F.);
#2538=ORIENTED_EDGE('',*,*,#5407,.T.);
#2539=ORIENTED_EDGE('',*,*,#5412,.F.);
#2540=ORIENTED_EDGE('',*,*,#5413,.T.);
#2541=ORIENTED_EDGE('',*,*,#5414,.T.);
#2542=ORIENTED_EDGE('',*,*,#5409,.F.);
#2543=ORIENTED_EDGE('',*,*,#5415,.T.);
#2544=ORIENTED_EDGE('',*,*,#5413,.F.);
#2545=ORIENTED_EDGE('',*,*,#5416,.F.);
#2546=ORIENTED_EDGE('',*,*,#5417,.T.);
#2547=ORIENTED_EDGE('',*,*,#5418,.T.);
#2548=ORIENTED_EDGE('',*,*,#5419,.F.);
#2549=ORIENTED_EDGE('',*,*,#5420,.F.);
#2550=ORIENTED_EDGE('',*,*,#5421,.T.);
#2551=ORIENTED_EDGE('',*,*,#5422,.T.);
#2552=ORIENTED_EDGE('',*,*,#5417,.F.);
#2553=ORIENTED_EDGE('',*,*,#5423,.F.);
#2554=ORIENTED_EDGE('',*,*,#5419,.T.);
#2555=ORIENTED_EDGE('',*,*,#5424,.F.);
#2556=ORIENTED_EDGE('',*,*,#5425,.T.);
#2557=ORIENTED_EDGE('',*,*,#5426,.T.);
#2558=ORIENTED_EDGE('',*,*,#5421,.F.);
#2559=ORIENTED_EDGE('',*,*,#5427,.T.);
#2560=ORIENTED_EDGE('',*,*,#5425,.F.);
#2561=ORIENTED_EDGE('',*,*,#5428,.F.);
#2562=ORIENTED_EDGE('',*,*,#5429,.T.);
#2563=ORIENTED_EDGE('',*,*,#5430,.T.);
#2564=ORIENTED_EDGE('',*,*,#5431,.F.);
#2565=ORIENTED_EDGE('',*,*,#5432,.F.);
#2566=ORIENTED_EDGE('',*,*,#5433,.T.);
#2567=ORIENTED_EDGE('',*,*,#5434,.T.);
#2568=ORIENTED_EDGE('',*,*,#5429,.F.);
#2569=ORIENTED_EDGE('',*,*,#5435,.F.);
#2570=ORIENTED_EDGE('',*,*,#5431,.T.);
#2571=ORIENTED_EDGE('',*,*,#5436,.F.);
#2572=ORIENTED_EDGE('',*,*,#5437,.T.);
#2573=ORIENTED_EDGE('',*,*,#5438,.T.);
#2574=ORIENTED_EDGE('',*,*,#5433,.F.);
#2575=ORIENTED_EDGE('',*,*,#5439,.T.);
#2576=ORIENTED_EDGE('',*,*,#5437,.F.);
#2577=ORIENTED_EDGE('',*,*,#5440,.F.);
#2578=ORIENTED_EDGE('',*,*,#5441,.T.);
#2579=ORIENTED_EDGE('',*,*,#5442,.T.);
#2580=ORIENTED_EDGE('',*,*,#5443,.F.);
#2581=ORIENTED_EDGE('',*,*,#5444,.F.);
#2582=ORIENTED_EDGE('',*,*,#5445,.T.);
#2583=ORIENTED_EDGE('',*,*,#5446,.T.);
#2584=ORIENTED_EDGE('',*,*,#5441,.F.);
#2585=ORIENTED_EDGE('',*,*,#5447,.F.);
#2586=ORIENTED_EDGE('',*,*,#5443,.T.);
#2587=ORIENTED_EDGE('',*,*,#5448,.F.);
#2588=ORIENTED_EDGE('',*,*,#5449,.T.);
#2589=ORIENTED_EDGE('',*,*,#5450,.T.);
#2590=ORIENTED_EDGE('',*,*,#5445,.F.);
#2591=ORIENTED_EDGE('',*,*,#5451,.T.);
#2592=ORIENTED_EDGE('',*,*,#5449,.F.);
#2593=ORIENTED_EDGE('',*,*,#5452,.F.);
#2594=ORIENTED_EDGE('',*,*,#5453,.T.);
#2595=ORIENTED_EDGE('',*,*,#5454,.T.);
#2596=ORIENTED_EDGE('',*,*,#5455,.F.);
#2597=ORIENTED_EDGE('',*,*,#5456,.F.);
#2598=ORIENTED_EDGE('',*,*,#5457,.T.);
#2599=ORIENTED_EDGE('',*,*,#5458,.T.);
#2600=ORIENTED_EDGE('',*,*,#5453,.F.);
#2601=ORIENTED_EDGE('',*,*,#5459,.F.);
#2602=ORIENTED_EDGE('',*,*,#5455,.T.);
#2603=ORIENTED_EDGE('',*,*,#5460,.F.);
#2604=ORIENTED_EDGE('',*,*,#5461,.T.);
#2605=ORIENTED_EDGE('',*,*,#5462,.T.);
#2606=ORIENTED_EDGE('',*,*,#5457,.F.);
#2607=ORIENTED_EDGE('',*,*,#5463,.T.);
#2608=ORIENTED_EDGE('',*,*,#5461,.F.);
#2609=ORIENTED_EDGE('',*,*,#5464,.F.);
#2610=ORIENTED_EDGE('',*,*,#5465,.T.);
#2611=ORIENTED_EDGE('',*,*,#5466,.T.);
#2612=ORIENTED_EDGE('',*,*,#5467,.F.);
#2613=ORIENTED_EDGE('',*,*,#5468,.F.);
#2614=ORIENTED_EDGE('',*,*,#5469,.T.);
#2615=ORIENTED_EDGE('',*,*,#5470,.T.);
#2616=ORIENTED_EDGE('',*,*,#5465,.F.);
#2617=ORIENTED_EDGE('',*,*,#5471,.F.);
#2618=ORIENTED_EDGE('',*,*,#5467,.T.);
#2619=ORIENTED_EDGE('',*,*,#5472,.F.);
#2620=ORIENTED_EDGE('',*,*,#5473,.T.);
#2621=ORIENTED_EDGE('',*,*,#5474,.T.);
#2622=ORIENTED_EDGE('',*,*,#5469,.F.);
#2623=ORIENTED_EDGE('',*,*,#5475,.T.);
#2624=ORIENTED_EDGE('',*,*,#5473,.F.);
#2625=ORIENTED_EDGE('',*,*,#5476,.F.);
#2626=ORIENTED_EDGE('',*,*,#5477,.T.);
#2627=ORIENTED_EDGE('',*,*,#5478,.T.);
#2628=ORIENTED_EDGE('',*,*,#5479,.F.);
#2629=ORIENTED_EDGE('',*,*,#5480,.F.);
#2630=ORIENTED_EDGE('',*,*,#5481,.T.);
#2631=ORIENTED_EDGE('',*,*,#5482,.T.);
#2632=ORIENTED_EDGE('',*,*,#5477,.F.);
#2633=ORIENTED_EDGE('',*,*,#5483,.F.);
#2634=ORIENTED_EDGE('',*,*,#5479,.T.);
#2635=ORIENTED_EDGE('',*,*,#5484,.F.);
#2636=ORIENTED_EDGE('',*,*,#5485,.T.);
#2637=ORIENTED_EDGE('',*,*,#5486,.T.);
#2638=ORIENTED_EDGE('',*,*,#5481,.F.);
#2639=ORIENTED_EDGE('',*,*,#5487,.T.);
#2640=ORIENTED_EDGE('',*,*,#5485,.F.);
#2641=ORIENTED_EDGE('',*,*,#5488,.F.);
#2642=ORIENTED_EDGE('',*,*,#5489,.T.);
#2643=ORIENTED_EDGE('',*,*,#5490,.T.);
#2644=ORIENTED_EDGE('',*,*,#5491,.F.);
#2645=ORIENTED_EDGE('',*,*,#5492,.F.);
#2646=ORIENTED_EDGE('',*,*,#5493,.T.);
#2647=ORIENTED_EDGE('',*,*,#5494,.T.);
#2648=ORIENTED_EDGE('',*,*,#5489,.F.);
#2649=ORIENTED_EDGE('',*,*,#5495,.F.);
#2650=ORIENTED_EDGE('',*,*,#5491,.T.);
#2651=ORIENTED_EDGE('',*,*,#5496,.F.);
#2652=ORIENTED_EDGE('',*,*,#5497,.T.);
#2653=ORIENTED_EDGE('',*,*,#5498,.T.);
#2654=ORIENTED_EDGE('',*,*,#5493,.F.);
#2655=ORIENTED_EDGE('',*,*,#5499,.T.);
#2656=ORIENTED_EDGE('',*,*,#5497,.F.);
#2657=ORIENTED_EDGE('',*,*,#5500,.F.);
#2658=ORIENTED_EDGE('',*,*,#5501,.T.);
#2659=ORIENTED_EDGE('',*,*,#5502,.T.);
#2660=ORIENTED_EDGE('',*,*,#5503,.F.);
#2661=ORIENTED_EDGE('',*,*,#5504,.F.);
#2662=ORIENTED_EDGE('',*,*,#5505,.T.);
#2663=ORIENTED_EDGE('',*,*,#5506,.T.);
#2664=ORIENTED_EDGE('',*,*,#5501,.F.);
#2665=ORIENTED_EDGE('',*,*,#5507,.F.);
#2666=ORIENTED_EDGE('',*,*,#5503,.T.);
#2667=ORIENTED_EDGE('',*,*,#5508,.F.);
#2668=ORIENTED_EDGE('',*,*,#5509,.T.);
#2669=ORIENTED_EDGE('',*,*,#5510,.T.);
#2670=ORIENTED_EDGE('',*,*,#5505,.F.);
#2671=ORIENTED_EDGE('',*,*,#5511,.T.);
#2672=ORIENTED_EDGE('',*,*,#5509,.F.);
#2673=ORIENTED_EDGE('',*,*,#5512,.F.);
#2674=ORIENTED_EDGE('',*,*,#5513,.T.);
#2675=ORIENTED_EDGE('',*,*,#5514,.T.);
#2676=ORIENTED_EDGE('',*,*,#5515,.F.);
#2677=ORIENTED_EDGE('',*,*,#5516,.F.);
#2678=ORIENTED_EDGE('',*,*,#5517,.T.);
#2679=ORIENTED_EDGE('',*,*,#5518,.T.);
#2680=ORIENTED_EDGE('',*,*,#5513,.F.);
#2681=ORIENTED_EDGE('',*,*,#5519,.F.);
#2682=ORIENTED_EDGE('',*,*,#5515,.T.);
#2683=ORIENTED_EDGE('',*,*,#5520,.F.);
#2684=ORIENTED_EDGE('',*,*,#5521,.T.);
#2685=ORIENTED_EDGE('',*,*,#5522,.T.);
#2686=ORIENTED_EDGE('',*,*,#5517,.F.);
#2687=ORIENTED_EDGE('',*,*,#5523,.T.);
#2688=ORIENTED_EDGE('',*,*,#5521,.F.);
#2689=ORIENTED_EDGE('',*,*,#5524,.F.);
#2690=ORIENTED_EDGE('',*,*,#5525,.T.);
#2691=ORIENTED_EDGE('',*,*,#5526,.T.);
#2692=ORIENTED_EDGE('',*,*,#5527,.F.);
#2693=ORIENTED_EDGE('',*,*,#5528,.F.);
#2694=ORIENTED_EDGE('',*,*,#5529,.T.);
#2695=ORIENTED_EDGE('',*,*,#5530,.T.);
#2696=ORIENTED_EDGE('',*,*,#5525,.F.);
#2697=ORIENTED_EDGE('',*,*,#5531,.F.);
#2698=ORIENTED_EDGE('',*,*,#5527,.T.);
#2699=ORIENTED_EDGE('',*,*,#5532,.F.);
#2700=ORIENTED_EDGE('',*,*,#5533,.T.);
#2701=ORIENTED_EDGE('',*,*,#5534,.T.);
#2702=ORIENTED_EDGE('',*,*,#5529,.F.);
#2703=ORIENTED_EDGE('',*,*,#5535,.T.);
#2704=ORIENTED_EDGE('',*,*,#5533,.F.);
#2705=ORIENTED_EDGE('',*,*,#5536,.F.);
#2706=ORIENTED_EDGE('',*,*,#5537,.T.);
#2707=ORIENTED_EDGE('',*,*,#5538,.T.);
#2708=ORIENTED_EDGE('',*,*,#5539,.F.);
#2709=ORIENTED_EDGE('',*,*,#5540,.F.);
#2710=ORIENTED_EDGE('',*,*,#5541,.T.);
#2711=ORIENTED_EDGE('',*,*,#5542,.T.);
#2712=ORIENTED_EDGE('',*,*,#5537,.F.);
#2713=ORIENTED_EDGE('',*,*,#5543,.F.);
#2714=ORIENTED_EDGE('',*,*,#5539,.T.);
#2715=ORIENTED_EDGE('',*,*,#5544,.F.);
#2716=ORIENTED_EDGE('',*,*,#5545,.T.);
#2717=ORIENTED_EDGE('',*,*,#5546,.T.);
#2718=ORIENTED_EDGE('',*,*,#5541,.F.);
#2719=ORIENTED_EDGE('',*,*,#5547,.T.);
#2720=ORIENTED_EDGE('',*,*,#5545,.F.);
#2721=ORIENTED_EDGE('',*,*,#5548,.F.);
#2722=ORIENTED_EDGE('',*,*,#5549,.T.);
#2723=ORIENTED_EDGE('',*,*,#5550,.T.);
#2724=ORIENTED_EDGE('',*,*,#5551,.F.);
#2725=ORIENTED_EDGE('',*,*,#5552,.F.);
#2726=ORIENTED_EDGE('',*,*,#5553,.T.);
#2727=ORIENTED_EDGE('',*,*,#5554,.T.);
#2728=ORIENTED_EDGE('',*,*,#5549,.F.);
#2729=ORIENTED_EDGE('',*,*,#5555,.F.);
#2730=ORIENTED_EDGE('',*,*,#5551,.T.);
#2731=ORIENTED_EDGE('',*,*,#5556,.F.);
#2732=ORIENTED_EDGE('',*,*,#5557,.T.);
#2733=ORIENTED_EDGE('',*,*,#5558,.T.);
#2734=ORIENTED_EDGE('',*,*,#5553,.F.);
#2735=ORIENTED_EDGE('',*,*,#5559,.T.);
#2736=ORIENTED_EDGE('',*,*,#5557,.F.);
#2737=ORIENTED_EDGE('',*,*,#5560,.F.);
#2738=ORIENTED_EDGE('',*,*,#5561,.T.);
#2739=ORIENTED_EDGE('',*,*,#5562,.T.);
#2740=ORIENTED_EDGE('',*,*,#5563,.F.);
#2741=ORIENTED_EDGE('',*,*,#5564,.F.);
#2742=ORIENTED_EDGE('',*,*,#5565,.T.);
#2743=ORIENTED_EDGE('',*,*,#5566,.T.);
#2744=ORIENTED_EDGE('',*,*,#5561,.F.);
#2745=ORIENTED_EDGE('',*,*,#5567,.F.);
#2746=ORIENTED_EDGE('',*,*,#5563,.T.);
#2747=ORIENTED_EDGE('',*,*,#5568,.F.);
#2748=ORIENTED_EDGE('',*,*,#5569,.T.);
#2749=ORIENTED_EDGE('',*,*,#5570,.T.);
#2750=ORIENTED_EDGE('',*,*,#5565,.F.);
#2751=ORIENTED_EDGE('',*,*,#5571,.T.);
#2752=ORIENTED_EDGE('',*,*,#5569,.F.);
#2753=ORIENTED_EDGE('',*,*,#5572,.F.);
#2754=ORIENTED_EDGE('',*,*,#5573,.T.);
#2755=ORIENTED_EDGE('',*,*,#5574,.T.);
#2756=ORIENTED_EDGE('',*,*,#5575,.F.);
#2757=ORIENTED_EDGE('',*,*,#5576,.F.);
#2758=ORIENTED_EDGE('',*,*,#5577,.T.);
#2759=ORIENTED_EDGE('',*,*,#5578,.T.);
#2760=ORIENTED_EDGE('',*,*,#5573,.F.);
#2761=ORIENTED_EDGE('',*,*,#5579,.F.);
#2762=ORIENTED_EDGE('',*,*,#5575,.T.);
#2763=ORIENTED_EDGE('',*,*,#5580,.F.);
#2764=ORIENTED_EDGE('',*,*,#5581,.T.);
#2765=ORIENTED_EDGE('',*,*,#5582,.T.);
#2766=ORIENTED_EDGE('',*,*,#5577,.F.);
#2767=ORIENTED_EDGE('',*,*,#5583,.T.);
#2768=ORIENTED_EDGE('',*,*,#5581,.F.);
#2769=ORIENTED_EDGE('',*,*,#5584,.F.);
#2770=ORIENTED_EDGE('',*,*,#5585,.T.);
#2771=ORIENTED_EDGE('',*,*,#5586,.T.);
#2772=ORIENTED_EDGE('',*,*,#5587,.F.);
#2773=ORIENTED_EDGE('',*,*,#5588,.F.);
#2774=ORIENTED_EDGE('',*,*,#5589,.T.);
#2775=ORIENTED_EDGE('',*,*,#5590,.T.);
#2776=ORIENTED_EDGE('',*,*,#5585,.F.);
#2777=ORIENTED_EDGE('',*,*,#5591,.F.);
#2778=ORIENTED_EDGE('',*,*,#5587,.T.);
#2779=ORIENTED_EDGE('',*,*,#5592,.F.);
#2780=ORIENTED_EDGE('',*,*,#5593,.T.);
#2781=ORIENTED_EDGE('',*,*,#5594,.T.);
#2782=ORIENTED_EDGE('',*,*,#5589,.F.);
#2783=ORIENTED_EDGE('',*,*,#5595,.T.);
#2784=ORIENTED_EDGE('',*,*,#5593,.F.);
#2785=ORIENTED_EDGE('',*,*,#5596,.F.);
#2786=ORIENTED_EDGE('',*,*,#5597,.T.);
#2787=ORIENTED_EDGE('',*,*,#5598,.T.);
#2788=ORIENTED_EDGE('',*,*,#5599,.F.);
#2789=ORIENTED_EDGE('',*,*,#5600,.F.);
#2790=ORIENTED_EDGE('',*,*,#5601,.T.);
#2791=ORIENTED_EDGE('',*,*,#5602,.T.);
#2792=ORIENTED_EDGE('',*,*,#5597,.F.);
#2793=ORIENTED_EDGE('',*,*,#5603,.F.);
#2794=ORIENTED_EDGE('',*,*,#5599,.T.);
#2795=ORIENTED_EDGE('',*,*,#5604,.F.);
#2796=ORIENTED_EDGE('',*,*,#5605,.T.);
#2797=ORIENTED_EDGE('',*,*,#5606,.T.);
#2798=ORIENTED_EDGE('',*,*,#5601,.F.);
#2799=ORIENTED_EDGE('',*,*,#5607,.T.);
#2800=ORIENTED_EDGE('',*,*,#5605,.F.);
#2801=ORIENTED_EDGE('',*,*,#5608,.F.);
#2802=ORIENTED_EDGE('',*,*,#5609,.T.);
#2803=ORIENTED_EDGE('',*,*,#5610,.T.);
#2804=ORIENTED_EDGE('',*,*,#5611,.F.);
#2805=ORIENTED_EDGE('',*,*,#5612,.F.);
#2806=ORIENTED_EDGE('',*,*,#5613,.T.);
#2807=ORIENTED_EDGE('',*,*,#5614,.T.);
#2808=ORIENTED_EDGE('',*,*,#5609,.F.);
#2809=ORIENTED_EDGE('',*,*,#5615,.F.);
#2810=ORIENTED_EDGE('',*,*,#5611,.T.);
#2811=ORIENTED_EDGE('',*,*,#5616,.F.);
#2812=ORIENTED_EDGE('',*,*,#5617,.T.);
#2813=ORIENTED_EDGE('',*,*,#5618,.T.);
#2814=ORIENTED_EDGE('',*,*,#5613,.F.);
#2815=ORIENTED_EDGE('',*,*,#5619,.T.);
#2816=ORIENTED_EDGE('',*,*,#5617,.F.);
#2817=ORIENTED_EDGE('',*,*,#5620,.F.);
#2818=ORIENTED_EDGE('',*,*,#5621,.T.);
#2819=ORIENTED_EDGE('',*,*,#5622,.T.);
#2820=ORIENTED_EDGE('',*,*,#5623,.F.);
#2821=ORIENTED_EDGE('',*,*,#5624,.F.);
#2822=ORIENTED_EDGE('',*,*,#5625,.T.);
#2823=ORIENTED_EDGE('',*,*,#5626,.T.);
#2824=ORIENTED_EDGE('',*,*,#5621,.F.);
#2825=ORIENTED_EDGE('',*,*,#5627,.F.);
#2826=ORIENTED_EDGE('',*,*,#5623,.T.);
#2827=ORIENTED_EDGE('',*,*,#5628,.F.);
#2828=ORIENTED_EDGE('',*,*,#5629,.T.);
#2829=ORIENTED_EDGE('',*,*,#5630,.T.);
#2830=ORIENTED_EDGE('',*,*,#5625,.F.);
#2831=ORIENTED_EDGE('',*,*,#5631,.T.);
#2832=ORIENTED_EDGE('',*,*,#5629,.F.);
#2833=ORIENTED_EDGE('',*,*,#5632,.F.);
#2834=ORIENTED_EDGE('',*,*,#5633,.T.);
#2835=ORIENTED_EDGE('',*,*,#5634,.T.);
#2836=ORIENTED_EDGE('',*,*,#5635,.F.);
#2837=ORIENTED_EDGE('',*,*,#5636,.F.);
#2838=ORIENTED_EDGE('',*,*,#5637,.T.);
#2839=ORIENTED_EDGE('',*,*,#5638,.T.);
#2840=ORIENTED_EDGE('',*,*,#5633,.F.);
#2841=ORIENTED_EDGE('',*,*,#5639,.F.);
#2842=ORIENTED_EDGE('',*,*,#5635,.T.);
#2843=ORIENTED_EDGE('',*,*,#5640,.F.);
#2844=ORIENTED_EDGE('',*,*,#5641,.T.);
#2845=ORIENTED_EDGE('',*,*,#5642,.T.);
#2846=ORIENTED_EDGE('',*,*,#5637,.F.);
#2847=ORIENTED_EDGE('',*,*,#5643,.T.);
#2848=ORIENTED_EDGE('',*,*,#5641,.F.);
#2849=ORIENTED_EDGE('',*,*,#5644,.F.);
#2850=ORIENTED_EDGE('',*,*,#5645,.T.);
#2851=ORIENTED_EDGE('',*,*,#5646,.T.);
#2852=ORIENTED_EDGE('',*,*,#5647,.F.);
#2853=ORIENTED_EDGE('',*,*,#5648,.F.);
#2854=ORIENTED_EDGE('',*,*,#5649,.T.);
#2855=ORIENTED_EDGE('',*,*,#5650,.T.);
#2856=ORIENTED_EDGE('',*,*,#5645,.F.);
#2857=ORIENTED_EDGE('',*,*,#5651,.F.);
#2858=ORIENTED_EDGE('',*,*,#5647,.T.);
#2859=ORIENTED_EDGE('',*,*,#5652,.F.);
#2860=ORIENTED_EDGE('',*,*,#5653,.T.);
#2861=ORIENTED_EDGE('',*,*,#5654,.T.);
#2862=ORIENTED_EDGE('',*,*,#5649,.F.);
#2863=ORIENTED_EDGE('',*,*,#5655,.T.);
#2864=ORIENTED_EDGE('',*,*,#5653,.F.);
#2865=ORIENTED_EDGE('',*,*,#5656,.F.);
#2866=ORIENTED_EDGE('',*,*,#5657,.T.);
#2867=ORIENTED_EDGE('',*,*,#5658,.T.);
#2868=ORIENTED_EDGE('',*,*,#5659,.F.);
#2869=ORIENTED_EDGE('',*,*,#5660,.F.);
#2870=ORIENTED_EDGE('',*,*,#5661,.T.);
#2871=ORIENTED_EDGE('',*,*,#5662,.T.);
#2872=ORIENTED_EDGE('',*,*,#5657,.F.);
#2873=ORIENTED_EDGE('',*,*,#5663,.F.);
#2874=ORIENTED_EDGE('',*,*,#5659,.T.);
#2875=ORIENTED_EDGE('',*,*,#5664,.F.);
#2876=ORIENTED_EDGE('',*,*,#5665,.T.);
#2877=ORIENTED_EDGE('',*,*,#5666,.T.);
#2878=ORIENTED_EDGE('',*,*,#5661,.F.);
#2879=ORIENTED_EDGE('',*,*,#5667,.T.);
#2880=ORIENTED_EDGE('',*,*,#5665,.F.);
#2881=ORIENTED_EDGE('',*,*,#5668,.F.);
#2882=ORIENTED_EDGE('',*,*,#5669,.T.);
#2883=ORIENTED_EDGE('',*,*,#5670,.T.);
#2884=ORIENTED_EDGE('',*,*,#5671,.F.);
#2885=ORIENTED_EDGE('',*,*,#5672,.F.);
#2886=ORIENTED_EDGE('',*,*,#5673,.T.);
#2887=ORIENTED_EDGE('',*,*,#5674,.T.);
#2888=ORIENTED_EDGE('',*,*,#5669,.F.);
#2889=ORIENTED_EDGE('',*,*,#5675,.F.);
#2890=ORIENTED_EDGE('',*,*,#5671,.T.);
#2891=ORIENTED_EDGE('',*,*,#5676,.F.);
#2892=ORIENTED_EDGE('',*,*,#5677,.T.);
#2893=ORIENTED_EDGE('',*,*,#5678,.T.);
#2894=ORIENTED_EDGE('',*,*,#5673,.F.);
#2895=ORIENTED_EDGE('',*,*,#5679,.T.);
#2896=ORIENTED_EDGE('',*,*,#5677,.F.);
#2897=ORIENTED_EDGE('',*,*,#5680,.F.);
#2898=ORIENTED_EDGE('',*,*,#5681,.T.);
#2899=ORIENTED_EDGE('',*,*,#5682,.T.);
#2900=ORIENTED_EDGE('',*,*,#5683,.F.);
#2901=ORIENTED_EDGE('',*,*,#5684,.F.);
#2902=ORIENTED_EDGE('',*,*,#5685,.T.);
#2903=ORIENTED_EDGE('',*,*,#5686,.T.);
#2904=ORIENTED_EDGE('',*,*,#5681,.F.);
#2905=ORIENTED_EDGE('',*,*,#5687,.F.);
#2906=ORIENTED_EDGE('',*,*,#5683,.T.);
#2907=ORIENTED_EDGE('',*,*,#5688,.F.);
#2908=ORIENTED_EDGE('',*,*,#5689,.T.);
#2909=ORIENTED_EDGE('',*,*,#5690,.T.);
#2910=ORIENTED_EDGE('',*,*,#5685,.F.);
#2911=ORIENTED_EDGE('',*,*,#5691,.T.);
#2912=ORIENTED_EDGE('',*,*,#5689,.F.);
#2913=ORIENTED_EDGE('',*,*,#5692,.F.);
#2914=ORIENTED_EDGE('',*,*,#5693,.T.);
#2915=ORIENTED_EDGE('',*,*,#5694,.T.);
#2916=ORIENTED_EDGE('',*,*,#5695,.F.);
#2917=ORIENTED_EDGE('',*,*,#5696,.F.);
#2918=ORIENTED_EDGE('',*,*,#5697,.T.);
#2919=ORIENTED_EDGE('',*,*,#5698,.T.);
#2920=ORIENTED_EDGE('',*,*,#5693,.F.);
#2921=ORIENTED_EDGE('',*,*,#5699,.F.);
#2922=ORIENTED_EDGE('',*,*,#5695,.T.);
#2923=ORIENTED_EDGE('',*,*,#5700,.F.);
#2924=ORIENTED_EDGE('',*,*,#5701,.T.);
#2925=ORIENTED_EDGE('',*,*,#5702,.T.);
#2926=ORIENTED_EDGE('',*,*,#5697,.F.);
#2927=ORIENTED_EDGE('',*,*,#5703,.T.);
#2928=ORIENTED_EDGE('',*,*,#5701,.F.);
#2929=ORIENTED_EDGE('',*,*,#5704,.F.);
#2930=ORIENTED_EDGE('',*,*,#5705,.T.);
#2931=ORIENTED_EDGE('',*,*,#5706,.T.);
#2932=ORIENTED_EDGE('',*,*,#5707,.F.);
#2933=ORIENTED_EDGE('',*,*,#5708,.F.);
#2934=ORIENTED_EDGE('',*,*,#5709,.T.);
#2935=ORIENTED_EDGE('',*,*,#5710,.T.);
#2936=ORIENTED_EDGE('',*,*,#5705,.F.);
#2937=ORIENTED_EDGE('',*,*,#5711,.F.);
#2938=ORIENTED_EDGE('',*,*,#5707,.T.);
#2939=ORIENTED_EDGE('',*,*,#5712,.F.);
#2940=ORIENTED_EDGE('',*,*,#5713,.T.);
#2941=ORIENTED_EDGE('',*,*,#5714,.T.);
#2942=ORIENTED_EDGE('',*,*,#5709,.F.);
#2943=ORIENTED_EDGE('',*,*,#5715,.T.);
#2944=ORIENTED_EDGE('',*,*,#5713,.F.);
#2945=ORIENTED_EDGE('',*,*,#5716,.F.);
#2946=ORIENTED_EDGE('',*,*,#5717,.T.);
#2947=ORIENTED_EDGE('',*,*,#5718,.T.);
#2948=ORIENTED_EDGE('',*,*,#5719,.F.);
#2949=ORIENTED_EDGE('',*,*,#5720,.F.);
#2950=ORIENTED_EDGE('',*,*,#5721,.T.);
#2951=ORIENTED_EDGE('',*,*,#5722,.T.);
#2952=ORIENTED_EDGE('',*,*,#5717,.F.);
#2953=ORIENTED_EDGE('',*,*,#5723,.F.);
#2954=ORIENTED_EDGE('',*,*,#5719,.T.);
#2955=ORIENTED_EDGE('',*,*,#5724,.F.);
#2956=ORIENTED_EDGE('',*,*,#5725,.T.);
#2957=ORIENTED_EDGE('',*,*,#5726,.T.);
#2958=ORIENTED_EDGE('',*,*,#5721,.F.);
#2959=ORIENTED_EDGE('',*,*,#5727,.T.);
#2960=ORIENTED_EDGE('',*,*,#5725,.F.);
#2961=ORIENTED_EDGE('',*,*,#5728,.F.);
#2962=ORIENTED_EDGE('',*,*,#5729,.T.);
#2963=ORIENTED_EDGE('',*,*,#5730,.T.);
#2964=ORIENTED_EDGE('',*,*,#5731,.F.);
#2965=ORIENTED_EDGE('',*,*,#5732,.F.);
#2966=ORIENTED_EDGE('',*,*,#5733,.T.);
#2967=ORIENTED_EDGE('',*,*,#5734,.T.);
#2968=ORIENTED_EDGE('',*,*,#5729,.F.);
#2969=ORIENTED_EDGE('',*,*,#5735,.F.);
#2970=ORIENTED_EDGE('',*,*,#5731,.T.);
#2971=ORIENTED_EDGE('',*,*,#5736,.F.);
#2972=ORIENTED_EDGE('',*,*,#5737,.T.);
#2973=ORIENTED_EDGE('',*,*,#5738,.T.);
#2974=ORIENTED_EDGE('',*,*,#5733,.F.);
#2975=ORIENTED_EDGE('',*,*,#5739,.T.);
#2976=ORIENTED_EDGE('',*,*,#5737,.F.);
#2977=ORIENTED_EDGE('',*,*,#5740,.F.);
#2978=ORIENTED_EDGE('',*,*,#5741,.T.);
#2979=ORIENTED_EDGE('',*,*,#5742,.T.);
#2980=ORIENTED_EDGE('',*,*,#5743,.F.);
#2981=ORIENTED_EDGE('',*,*,#5744,.F.);
#2982=ORIENTED_EDGE('',*,*,#5745,.T.);
#2983=ORIENTED_EDGE('',*,*,#5746,.T.);
#2984=ORIENTED_EDGE('',*,*,#5741,.F.);
#2985=ORIENTED_EDGE('',*,*,#5747,.F.);
#2986=ORIENTED_EDGE('',*,*,#5743,.T.);
#2987=ORIENTED_EDGE('',*,*,#5748,.F.);
#2988=ORIENTED_EDGE('',*,*,#5749,.T.);
#2989=ORIENTED_EDGE('',*,*,#5750,.T.);
#2990=ORIENTED_EDGE('',*,*,#5745,.F.);
#2991=ORIENTED_EDGE('',*,*,#5751,.T.);
#2992=ORIENTED_EDGE('',*,*,#5749,.F.);
#2993=ORIENTED_EDGE('',*,*,#5752,.F.);
#2994=ORIENTED_EDGE('',*,*,#5753,.T.);
#2995=ORIENTED_EDGE('',*,*,#5754,.T.);
#2996=ORIENTED_EDGE('',*,*,#5755,.F.);
#2997=ORIENTED_EDGE('',*,*,#5756,.F.);
#2998=ORIENTED_EDGE('',*,*,#5757,.T.);
#2999=ORIENTED_EDGE('',*,*,#5758,.T.);
#3000=ORIENTED_EDGE('',*,*,#5753,.F.);
#3001=ORIENTED_EDGE('',*,*,#5759,.F.);
#3002=ORIENTED_EDGE('',*,*,#5755,.T.);
#3003=ORIENTED_EDGE('',*,*,#5760,.F.);
#3004=ORIENTED_EDGE('',*,*,#5761,.T.);
#3005=ORIENTED_EDGE('',*,*,#5762,.T.);
#3006=ORIENTED_EDGE('',*,*,#5757,.F.);
#3007=ORIENTED_EDGE('',*,*,#5763,.T.);
#3008=ORIENTED_EDGE('',*,*,#5761,.F.);
#3009=ORIENTED_EDGE('',*,*,#5764,.F.);
#3010=ORIENTED_EDGE('',*,*,#5765,.T.);
#3011=ORIENTED_EDGE('',*,*,#5766,.T.);
#3012=ORIENTED_EDGE('',*,*,#5767,.F.);
#3013=ORIENTED_EDGE('',*,*,#5768,.F.);
#3014=ORIENTED_EDGE('',*,*,#5769,.T.);
#3015=ORIENTED_EDGE('',*,*,#5770,.T.);
#3016=ORIENTED_EDGE('',*,*,#5765,.F.);
#3017=ORIENTED_EDGE('',*,*,#5771,.F.);
#3018=ORIENTED_EDGE('',*,*,#5767,.T.);
#3019=ORIENTED_EDGE('',*,*,#5772,.F.);
#3020=ORIENTED_EDGE('',*,*,#5773,.T.);
#3021=ORIENTED_EDGE('',*,*,#5774,.T.);
#3022=ORIENTED_EDGE('',*,*,#5769,.F.);
#3023=ORIENTED_EDGE('',*,*,#5775,.T.);
#3024=ORIENTED_EDGE('',*,*,#5773,.F.);
#3025=ORIENTED_EDGE('',*,*,#5776,.F.);
#3026=ORIENTED_EDGE('',*,*,#5777,.T.);
#3027=ORIENTED_EDGE('',*,*,#5778,.T.);
#3028=ORIENTED_EDGE('',*,*,#5779,.F.);
#3029=ORIENTED_EDGE('',*,*,#5780,.F.);
#3030=ORIENTED_EDGE('',*,*,#5781,.T.);
#3031=ORIENTED_EDGE('',*,*,#5782,.T.);
#3032=ORIENTED_EDGE('',*,*,#5777,.F.);
#3033=ORIENTED_EDGE('',*,*,#5783,.F.);
#3034=ORIENTED_EDGE('',*,*,#5779,.T.);
#3035=ORIENTED_EDGE('',*,*,#5784,.F.);
#3036=ORIENTED_EDGE('',*,*,#5785,.T.);
#3037=ORIENTED_EDGE('',*,*,#5786,.T.);
#3038=ORIENTED_EDGE('',*,*,#5781,.F.);
#3039=ORIENTED_EDGE('',*,*,#5787,.T.);
#3040=ORIENTED_EDGE('',*,*,#5785,.F.);
#3041=ORIENTED_EDGE('',*,*,#5788,.F.);
#3042=ORIENTED_EDGE('',*,*,#5789,.T.);
#3043=ORIENTED_EDGE('',*,*,#5790,.T.);
#3044=ORIENTED_EDGE('',*,*,#5791,.F.);
#3045=ORIENTED_EDGE('',*,*,#5792,.F.);
#3046=ORIENTED_EDGE('',*,*,#5793,.T.);
#3047=ORIENTED_EDGE('',*,*,#5794,.T.);
#3048=ORIENTED_EDGE('',*,*,#5789,.F.);
#3049=ORIENTED_EDGE('',*,*,#5795,.F.);
#3050=ORIENTED_EDGE('',*,*,#5791,.T.);
#3051=ORIENTED_EDGE('',*,*,#5796,.F.);
#3052=ORIENTED_EDGE('',*,*,#5797,.T.);
#3053=ORIENTED_EDGE('',*,*,#5798,.T.);
#3054=ORIENTED_EDGE('',*,*,#5793,.F.);
#3055=ORIENTED_EDGE('',*,*,#5799,.T.);
#3056=ORIENTED_EDGE('',*,*,#5797,.F.);
#3057=ORIENTED_EDGE('',*,*,#5800,.F.);
#3058=ORIENTED_EDGE('',*,*,#5801,.T.);
#3059=ORIENTED_EDGE('',*,*,#5802,.T.);
#3060=ORIENTED_EDGE('',*,*,#5803,.F.);
#3061=ORIENTED_EDGE('',*,*,#5804,.F.);
#3062=ORIENTED_EDGE('',*,*,#5805,.T.);
#3063=ORIENTED_EDGE('',*,*,#5806,.T.);
#3064=ORIENTED_EDGE('',*,*,#5801,.F.);
#3065=ORIENTED_EDGE('',*,*,#5807,.F.);
#3066=ORIENTED_EDGE('',*,*,#5803,.T.);
#3067=ORIENTED_EDGE('',*,*,#5808,.F.);
#3068=ORIENTED_EDGE('',*,*,#5809,.T.);
#3069=ORIENTED_EDGE('',*,*,#5810,.T.);
#3070=ORIENTED_EDGE('',*,*,#5805,.F.);
#3071=ORIENTED_EDGE('',*,*,#5811,.T.);
#3072=ORIENTED_EDGE('',*,*,#5809,.F.);
#3073=ORIENTED_EDGE('',*,*,#5812,.F.);
#3074=ORIENTED_EDGE('',*,*,#5813,.T.);
#3075=ORIENTED_EDGE('',*,*,#5814,.T.);
#3076=ORIENTED_EDGE('',*,*,#5815,.F.);
#3077=ORIENTED_EDGE('',*,*,#5816,.F.);
#3078=ORIENTED_EDGE('',*,*,#5817,.T.);
#3079=ORIENTED_EDGE('',*,*,#5818,.T.);
#3080=ORIENTED_EDGE('',*,*,#5813,.F.);
#3081=ORIENTED_EDGE('',*,*,#5819,.F.);
#3082=ORIENTED_EDGE('',*,*,#5815,.T.);
#3083=ORIENTED_EDGE('',*,*,#5820,.F.);
#3084=ORIENTED_EDGE('',*,*,#5821,.T.);
#3085=ORIENTED_EDGE('',*,*,#5822,.T.);
#3086=ORIENTED_EDGE('',*,*,#5817,.F.);
#3087=ORIENTED_EDGE('',*,*,#5823,.T.);
#3088=ORIENTED_EDGE('',*,*,#5821,.F.);
#3089=ORIENTED_EDGE('',*,*,#5824,.F.);
#3090=ORIENTED_EDGE('',*,*,#5825,.T.);
#3091=ORIENTED_EDGE('',*,*,#5826,.T.);
#3092=ORIENTED_EDGE('',*,*,#5827,.F.);
#3093=ORIENTED_EDGE('',*,*,#5828,.F.);
#3094=ORIENTED_EDGE('',*,*,#5829,.T.);
#3095=ORIENTED_EDGE('',*,*,#5830,.T.);
#3096=ORIENTED_EDGE('',*,*,#5825,.F.);
#3097=ORIENTED_EDGE('',*,*,#5831,.F.);
#3098=ORIENTED_EDGE('',*,*,#5827,.T.);
#3099=ORIENTED_EDGE('',*,*,#5832,.F.);
#3100=ORIENTED_EDGE('',*,*,#5833,.T.);
#3101=ORIENTED_EDGE('',*,*,#5834,.T.);
#3102=ORIENTED_EDGE('',*,*,#5829,.F.);
#3103=ORIENTED_EDGE('',*,*,#5835,.T.);
#3104=ORIENTED_EDGE('',*,*,#5833,.F.);
#3105=ORIENTED_EDGE('',*,*,#5836,.F.);
#3106=ORIENTED_EDGE('',*,*,#5837,.T.);
#3107=ORIENTED_EDGE('',*,*,#5838,.T.);
#3108=ORIENTED_EDGE('',*,*,#5839,.F.);
#3109=ORIENTED_EDGE('',*,*,#5840,.F.);
#3110=ORIENTED_EDGE('',*,*,#5841,.T.);
#3111=ORIENTED_EDGE('',*,*,#5842,.T.);
#3112=ORIENTED_EDGE('',*,*,#5837,.F.);
#3113=ORIENTED_EDGE('',*,*,#5843,.F.);
#3114=ORIENTED_EDGE('',*,*,#5839,.T.);
#3115=ORIENTED_EDGE('',*,*,#5844,.F.);
#3116=ORIENTED_EDGE('',*,*,#5845,.T.);
#3117=ORIENTED_EDGE('',*,*,#5846,.T.);
#3118=ORIENTED_EDGE('',*,*,#5841,.F.);
#3119=ORIENTED_EDGE('',*,*,#5847,.T.);
#3120=ORIENTED_EDGE('',*,*,#5845,.F.);
#3121=ORIENTED_EDGE('',*,*,#5848,.F.);
#3122=ORIENTED_EDGE('',*,*,#5849,.T.);
#3123=ORIENTED_EDGE('',*,*,#5850,.T.);
#3124=ORIENTED_EDGE('',*,*,#5851,.F.);
#3125=ORIENTED_EDGE('',*,*,#5852,.F.);
#3126=ORIENTED_EDGE('',*,*,#5853,.T.);
#3127=ORIENTED_EDGE('',*,*,#5854,.T.);
#3128=ORIENTED_EDGE('',*,*,#5849,.F.);
#3129=ORIENTED_EDGE('',*,*,#5855,.F.);
#3130=ORIENTED_EDGE('',*,*,#5851,.T.);
#3131=ORIENTED_EDGE('',*,*,#5856,.F.);
#3132=ORIENTED_EDGE('',*,*,#5857,.T.);
#3133=ORIENTED_EDGE('',*,*,#5858,.T.);
#3134=ORIENTED_EDGE('',*,*,#5853,.F.);
#3135=ORIENTED_EDGE('',*,*,#5859,.T.);
#3136=ORIENTED_EDGE('',*,*,#5857,.F.);
#3137=ORIENTED_EDGE('',*,*,#5860,.F.);
#3138=ORIENTED_EDGE('',*,*,#5861,.T.);
#3139=ORIENTED_EDGE('',*,*,#5862,.T.);
#3140=ORIENTED_EDGE('',*,*,#5863,.F.);
#3141=ORIENTED_EDGE('',*,*,#5864,.F.);
#3142=ORIENTED_EDGE('',*,*,#5865,.T.);
#3143=ORIENTED_EDGE('',*,*,#5866,.T.);
#3144=ORIENTED_EDGE('',*,*,#5861,.F.);
#3145=ORIENTED_EDGE('',*,*,#5867,.F.);
#3146=ORIENTED_EDGE('',*,*,#5863,.T.);
#3147=ORIENTED_EDGE('',*,*,#5868,.F.);
#3148=ORIENTED_EDGE('',*,*,#5869,.T.);
#3149=ORIENTED_EDGE('',*,*,#5870,.T.);
#3150=ORIENTED_EDGE('',*,*,#5865,.F.);
#3151=ORIENTED_EDGE('',*,*,#5871,.T.);
#3152=ORIENTED_EDGE('',*,*,#5869,.F.);
#3153=ORIENTED_EDGE('',*,*,#5872,.F.);
#3154=ORIENTED_EDGE('',*,*,#5873,.T.);
#3155=ORIENTED_EDGE('',*,*,#5874,.T.);
#3156=ORIENTED_EDGE('',*,*,#5875,.F.);
#3157=ORIENTED_EDGE('',*,*,#5876,.F.);
#3158=ORIENTED_EDGE('',*,*,#5877,.T.);
#3159=ORIENTED_EDGE('',*,*,#5878,.T.);
#3160=ORIENTED_EDGE('',*,*,#5873,.F.);
#3161=ORIENTED_EDGE('',*,*,#5879,.F.);
#3162=ORIENTED_EDGE('',*,*,#5875,.T.);
#3163=ORIENTED_EDGE('',*,*,#5880,.F.);
#3164=ORIENTED_EDGE('',*,*,#5881,.T.);
#3165=ORIENTED_EDGE('',*,*,#5882,.T.);
#3166=ORIENTED_EDGE('',*,*,#5877,.F.);
#3167=ORIENTED_EDGE('',*,*,#5883,.T.);
#3168=ORIENTED_EDGE('',*,*,#5881,.F.);
#3169=ORIENTED_EDGE('',*,*,#5884,.F.);
#3170=ORIENTED_EDGE('',*,*,#5885,.T.);
#3171=ORIENTED_EDGE('',*,*,#5886,.T.);
#3172=ORIENTED_EDGE('',*,*,#5887,.F.);
#3173=ORIENTED_EDGE('',*,*,#5888,.F.);
#3174=ORIENTED_EDGE('',*,*,#5889,.T.);
#3175=ORIENTED_EDGE('',*,*,#5890,.T.);
#3176=ORIENTED_EDGE('',*,*,#5885,.F.);
#3177=ORIENTED_EDGE('',*,*,#5891,.F.);
#3178=ORIENTED_EDGE('',*,*,#5887,.T.);
#3179=ORIENTED_EDGE('',*,*,#5892,.F.);
#3180=ORIENTED_EDGE('',*,*,#5893,.T.);
#3181=ORIENTED_EDGE('',*,*,#5894,.T.);
#3182=ORIENTED_EDGE('',*,*,#5889,.F.);
#3183=ORIENTED_EDGE('',*,*,#5895,.T.);
#3184=ORIENTED_EDGE('',*,*,#5893,.F.);
#3185=ORIENTED_EDGE('',*,*,#5896,.F.);
#3186=ORIENTED_EDGE('',*,*,#5897,.T.);
#3187=ORIENTED_EDGE('',*,*,#5898,.T.);
#3188=ORIENTED_EDGE('',*,*,#5899,.F.);
#3189=ORIENTED_EDGE('',*,*,#5900,.F.);
#3190=ORIENTED_EDGE('',*,*,#5901,.T.);
#3191=ORIENTED_EDGE('',*,*,#5902,.T.);
#3192=ORIENTED_EDGE('',*,*,#5897,.F.);
#3193=ORIENTED_EDGE('',*,*,#5903,.F.);
#3194=ORIENTED_EDGE('',*,*,#5899,.T.);
#3195=ORIENTED_EDGE('',*,*,#5904,.F.);
#3196=ORIENTED_EDGE('',*,*,#5905,.T.);
#3197=ORIENTED_EDGE('',*,*,#5906,.T.);
#3198=ORIENTED_EDGE('',*,*,#5901,.F.);
#3199=ORIENTED_EDGE('',*,*,#5907,.T.);
#3200=ORIENTED_EDGE('',*,*,#5905,.F.);
#3201=ORIENTED_EDGE('',*,*,#5908,.F.);
#3202=ORIENTED_EDGE('',*,*,#5909,.T.);
#3203=ORIENTED_EDGE('',*,*,#5910,.T.);
#3204=ORIENTED_EDGE('',*,*,#5911,.F.);
#3205=ORIENTED_EDGE('',*,*,#5912,.F.);
#3206=ORIENTED_EDGE('',*,*,#5913,.T.);
#3207=ORIENTED_EDGE('',*,*,#5914,.T.);
#3208=ORIENTED_EDGE('',*,*,#5909,.F.);
#3209=ORIENTED_EDGE('',*,*,#5915,.F.);
#3210=ORIENTED_EDGE('',*,*,#5911,.T.);
#3211=ORIENTED_EDGE('',*,*,#5916,.F.);
#3212=ORIENTED_EDGE('',*,*,#5917,.T.);
#3213=ORIENTED_EDGE('',*,*,#5918,.T.);
#3214=ORIENTED_EDGE('',*,*,#5913,.F.);
#3215=ORIENTED_EDGE('',*,*,#5919,.T.);
#3216=ORIENTED_EDGE('',*,*,#5917,.F.);
#3217=ORIENTED_EDGE('',*,*,#5920,.F.);
#3218=ORIENTED_EDGE('',*,*,#5921,.T.);
#3219=ORIENTED_EDGE('',*,*,#5922,.T.);
#3220=ORIENTED_EDGE('',*,*,#5923,.F.);
#3221=ORIENTED_EDGE('',*,*,#5924,.F.);
#3222=ORIENTED_EDGE('',*,*,#5925,.T.);
#3223=ORIENTED_EDGE('',*,*,#5926,.T.);
#3224=ORIENTED_EDGE('',*,*,#5921,.F.);
#3225=ORIENTED_EDGE('',*,*,#5927,.F.);
#3226=ORIENTED_EDGE('',*,*,#5923,.T.);
#3227=ORIENTED_EDGE('',*,*,#5928,.F.);
#3228=ORIENTED_EDGE('',*,*,#5929,.T.);
#3229=ORIENTED_EDGE('',*,*,#5930,.T.);
#3230=ORIENTED_EDGE('',*,*,#5925,.F.);
#3231=ORIENTED_EDGE('',*,*,#5931,.T.);
#3232=ORIENTED_EDGE('',*,*,#5929,.F.);
#3233=ORIENTED_EDGE('',*,*,#5932,.F.);
#3234=ORIENTED_EDGE('',*,*,#5933,.T.);
#3235=ORIENTED_EDGE('',*,*,#5934,.T.);
#3236=ORIENTED_EDGE('',*,*,#5935,.F.);
#3237=ORIENTED_EDGE('',*,*,#5936,.F.);
#3238=ORIENTED_EDGE('',*,*,#5937,.T.);
#3239=ORIENTED_EDGE('',*,*,#5938,.T.);
#3240=ORIENTED_EDGE('',*,*,#5933,.F.);
#3241=ORIENTED_EDGE('',*,*,#5939,.F.);
#3242=ORIENTED_EDGE('',*,*,#5935,.T.);
#3243=ORIENTED_EDGE('',*,*,#5940,.F.);
#3244=ORIENTED_EDGE('',*,*,#5941,.T.);
#3245=ORIENTED_EDGE('',*,*,#5942,.T.);
#3246=ORIENTED_EDGE('',*,*,#5937,.F.);
#3247=ORIENTED_EDGE('',*,*,#5943,.T.);
#3248=ORIENTED_EDGE('',*,*,#5941,.F.);
#3249=ORIENTED_EDGE('',*,*,#5944,.F.);
#3250=ORIENTED_EDGE('',*,*,#5945,.T.);
#3251=ORIENTED_EDGE('',*,*,#5946,.T.);
#3252=ORIENTED_EDGE('',*,*,#5947,.F.);
#3253=ORIENTED_EDGE('',*,*,#5948,.F.);
#3254=ORIENTED_EDGE('',*,*,#5949,.T.);
#3255=ORIENTED_EDGE('',*,*,#5950,.T.);
#3256=ORIENTED_EDGE('',*,*,#5945,.F.);
#3257=ORIENTED_EDGE('',*,*,#5951,.F.);
#3258=ORIENTED_EDGE('',*,*,#5947,.T.);
#3259=ORIENTED_EDGE('',*,*,#5952,.F.);
#3260=ORIENTED_EDGE('',*,*,#5953,.T.);
#3261=ORIENTED_EDGE('',*,*,#5954,.T.);
#3262=ORIENTED_EDGE('',*,*,#5949,.F.);
#3263=ORIENTED_EDGE('',*,*,#5955,.T.);
#3264=ORIENTED_EDGE('',*,*,#5953,.F.);
#3265=ORIENTED_EDGE('',*,*,#5956,.F.);
#3266=ORIENTED_EDGE('',*,*,#5957,.T.);
#3267=ORIENTED_EDGE('',*,*,#5958,.T.);
#3268=ORIENTED_EDGE('',*,*,#5959,.F.);
#3269=ORIENTED_EDGE('',*,*,#5960,.F.);
#3270=ORIENTED_EDGE('',*,*,#5961,.T.);
#3271=ORIENTED_EDGE('',*,*,#5962,.T.);
#3272=ORIENTED_EDGE('',*,*,#5957,.F.);
#3273=ORIENTED_EDGE('',*,*,#5963,.F.);
#3274=ORIENTED_EDGE('',*,*,#5959,.T.);
#3275=ORIENTED_EDGE('',*,*,#5964,.F.);
#3276=ORIENTED_EDGE('',*,*,#5965,.T.);
#3277=ORIENTED_EDGE('',*,*,#5966,.T.);
#3278=ORIENTED_EDGE('',*,*,#5961,.F.);
#3279=ORIENTED_EDGE('',*,*,#5967,.T.);
#3280=ORIENTED_EDGE('',*,*,#5965,.F.);
#3281=ORIENTED_EDGE('',*,*,#5968,.F.);
#3282=ORIENTED_EDGE('',*,*,#5969,.T.);
#3283=ORIENTED_EDGE('',*,*,#5970,.T.);
#3284=ORIENTED_EDGE('',*,*,#5971,.F.);
#3285=ORIENTED_EDGE('',*,*,#5972,.F.);
#3286=ORIENTED_EDGE('',*,*,#5973,.T.);
#3287=ORIENTED_EDGE('',*,*,#5974,.T.);
#3288=ORIENTED_EDGE('',*,*,#5969,.F.);
#3289=ORIENTED_EDGE('',*,*,#5975,.F.);
#3290=ORIENTED_EDGE('',*,*,#5971,.T.);
#3291=ORIENTED_EDGE('',*,*,#5976,.F.);
#3292=ORIENTED_EDGE('',*,*,#5977,.T.);
#3293=ORIENTED_EDGE('',*,*,#5978,.T.);
#3294=ORIENTED_EDGE('',*,*,#5973,.F.);
#3295=ORIENTED_EDGE('',*,*,#5979,.T.);
#3296=ORIENTED_EDGE('',*,*,#5977,.F.);
#3297=ORIENTED_EDGE('',*,*,#5980,.F.);
#3298=ORIENTED_EDGE('',*,*,#5981,.T.);
#3299=ORIENTED_EDGE('',*,*,#5982,.T.);
#3300=ORIENTED_EDGE('',*,*,#5983,.F.);
#3301=ORIENTED_EDGE('',*,*,#5984,.F.);
#3302=ORIENTED_EDGE('',*,*,#5985,.T.);
#3303=ORIENTED_EDGE('',*,*,#5986,.T.);
#3304=ORIENTED_EDGE('',*,*,#5981,.F.);
#3305=ORIENTED_EDGE('',*,*,#5987,.F.);
#3306=ORIENTED_EDGE('',*,*,#5983,.T.);
#3307=ORIENTED_EDGE('',*,*,#5988,.F.);
#3308=ORIENTED_EDGE('',*,*,#5989,.T.);
#3309=ORIENTED_EDGE('',*,*,#5990,.T.);
#3310=ORIENTED_EDGE('',*,*,#5985,.F.);
#3311=ORIENTED_EDGE('',*,*,#5991,.T.);
#3312=ORIENTED_EDGE('',*,*,#5989,.F.);
#3313=ORIENTED_EDGE('',*,*,#5992,.F.);
#3314=ORIENTED_EDGE('',*,*,#5993,.T.);
#3315=ORIENTED_EDGE('',*,*,#5994,.T.);
#3316=ORIENTED_EDGE('',*,*,#5995,.F.);
#3317=ORIENTED_EDGE('',*,*,#5996,.F.);
#3318=ORIENTED_EDGE('',*,*,#5997,.T.);
#3319=ORIENTED_EDGE('',*,*,#5998,.T.);
#3320=ORIENTED_EDGE('',*,*,#5993,.F.);
#3321=ORIENTED_EDGE('',*,*,#5999,.F.);
#3322=ORIENTED_EDGE('',*,*,#5995,.T.);
#3323=ORIENTED_EDGE('',*,*,#6000,.F.);
#3324=ORIENTED_EDGE('',*,*,#6001,.T.);
#3325=ORIENTED_EDGE('',*,*,#6002,.T.);
#3326=ORIENTED_EDGE('',*,*,#5997,.F.);
#3327=ORIENTED_EDGE('',*,*,#6003,.T.);
#3328=ORIENTED_EDGE('',*,*,#6001,.F.);
#3329=ORIENTED_EDGE('',*,*,#6004,.F.);
#3330=ORIENTED_EDGE('',*,*,#6005,.T.);
#3331=ORIENTED_EDGE('',*,*,#6006,.T.);
#3332=ORIENTED_EDGE('',*,*,#6007,.F.);
#3333=ORIENTED_EDGE('',*,*,#6008,.F.);
#3334=ORIENTED_EDGE('',*,*,#6009,.T.);
#3335=ORIENTED_EDGE('',*,*,#6010,.T.);
#3336=ORIENTED_EDGE('',*,*,#6005,.F.);
#3337=ORIENTED_EDGE('',*,*,#6011,.F.);
#3338=ORIENTED_EDGE('',*,*,#6007,.T.);
#3339=ORIENTED_EDGE('',*,*,#6012,.F.);
#3340=ORIENTED_EDGE('',*,*,#6013,.T.);
#3341=ORIENTED_EDGE('',*,*,#6014,.T.);
#3342=ORIENTED_EDGE('',*,*,#6009,.F.);
#3343=ORIENTED_EDGE('',*,*,#6015,.T.);
#3344=ORIENTED_EDGE('',*,*,#6013,.F.);
#3345=ORIENTED_EDGE('',*,*,#6016,.F.);
#3346=ORIENTED_EDGE('',*,*,#6017,.T.);
#3347=ORIENTED_EDGE('',*,*,#6018,.T.);
#3348=ORIENTED_EDGE('',*,*,#6019,.F.);
#3349=ORIENTED_EDGE('',*,*,#6020,.F.);
#3350=ORIENTED_EDGE('',*,*,#6021,.T.);
#3351=ORIENTED_EDGE('',*,*,#6022,.T.);
#3352=ORIENTED_EDGE('',*,*,#6017,.F.);
#3353=ORIENTED_EDGE('',*,*,#6023,.F.);
#3354=ORIENTED_EDGE('',*,*,#6019,.T.);
#3355=ORIENTED_EDGE('',*,*,#6024,.F.);
#3356=ORIENTED_EDGE('',*,*,#6025,.T.);
#3357=ORIENTED_EDGE('',*,*,#6026,.T.);
#3358=ORIENTED_EDGE('',*,*,#6021,.F.);
#3359=ORIENTED_EDGE('',*,*,#6027,.T.);
#3360=ORIENTED_EDGE('',*,*,#6025,.F.);
#3361=ORIENTED_EDGE('',*,*,#6028,.F.);
#3362=ORIENTED_EDGE('',*,*,#6029,.T.);
#3363=ORIENTED_EDGE('',*,*,#6030,.T.);
#3364=ORIENTED_EDGE('',*,*,#6031,.F.);
#3365=ORIENTED_EDGE('',*,*,#6032,.F.);
#3366=ORIENTED_EDGE('',*,*,#6033,.T.);
#3367=ORIENTED_EDGE('',*,*,#6034,.T.);
#3368=ORIENTED_EDGE('',*,*,#6029,.F.);
#3369=ORIENTED_EDGE('',*,*,#6035,.F.);
#3370=ORIENTED_EDGE('',*,*,#6031,.T.);
#3371=ORIENTED_EDGE('',*,*,#6036,.F.);
#3372=ORIENTED_EDGE('',*,*,#6037,.T.);
#3373=ORIENTED_EDGE('',*,*,#6038,.T.);
#3374=ORIENTED_EDGE('',*,*,#6033,.F.);
#3375=ORIENTED_EDGE('',*,*,#6039,.T.);
#3376=ORIENTED_EDGE('',*,*,#6037,.F.);
#3377=ORIENTED_EDGE('',*,*,#6040,.F.);
#3378=ORIENTED_EDGE('',*,*,#6041,.T.);
#3379=ORIENTED_EDGE('',*,*,#6042,.T.);
#3380=ORIENTED_EDGE('',*,*,#6043,.F.);
#3381=ORIENTED_EDGE('',*,*,#6044,.F.);
#3382=ORIENTED_EDGE('',*,*,#6045,.T.);
#3383=ORIENTED_EDGE('',*,*,#6046,.T.);
#3384=ORIENTED_EDGE('',*,*,#6041,.F.);
#3385=ORIENTED_EDGE('',*,*,#6047,.F.);
#3386=ORIENTED_EDGE('',*,*,#6043,.T.);
#3387=ORIENTED_EDGE('',*,*,#6048,.F.);
#3388=ORIENTED_EDGE('',*,*,#6049,.T.);
#3389=ORIENTED_EDGE('',*,*,#6050,.T.);
#3390=ORIENTED_EDGE('',*,*,#6045,.F.);
#3391=ORIENTED_EDGE('',*,*,#6051,.T.);
#3392=ORIENTED_EDGE('',*,*,#6049,.F.);
#3393=ORIENTED_EDGE('',*,*,#6052,.F.);
#3394=ORIENTED_EDGE('',*,*,#6053,.T.);
#3395=ORIENTED_EDGE('',*,*,#6054,.T.);
#3396=ORIENTED_EDGE('',*,*,#6055,.F.);
#3397=ORIENTED_EDGE('',*,*,#6056,.F.);
#3398=ORIENTED_EDGE('',*,*,#6057,.T.);
#3399=ORIENTED_EDGE('',*,*,#6058,.T.);
#3400=ORIENTED_EDGE('',*,*,#6053,.F.);
#3401=ORIENTED_EDGE('',*,*,#6059,.F.);
#3402=ORIENTED_EDGE('',*,*,#6055,.T.);
#3403=ORIENTED_EDGE('',*,*,#6060,.F.);
#3404=ORIENTED_EDGE('',*,*,#6061,.T.);
#3405=ORIENTED_EDGE('',*,*,#6062,.T.);
#3406=ORIENTED_EDGE('',*,*,#6057,.F.);
#3407=ORIENTED_EDGE('',*,*,#6063,.T.);
#3408=ORIENTED_EDGE('',*,*,#6061,.F.);
#3409=ORIENTED_EDGE('',*,*,#6064,.F.);
#3410=ORIENTED_EDGE('',*,*,#6065,.T.);
#3411=ORIENTED_EDGE('',*,*,#6066,.T.);
#3412=ORIENTED_EDGE('',*,*,#6067,.F.);
#3413=ORIENTED_EDGE('',*,*,#6068,.F.);
#3414=ORIENTED_EDGE('',*,*,#6069,.T.);
#3415=ORIENTED_EDGE('',*,*,#6070,.T.);
#3416=ORIENTED_EDGE('',*,*,#6065,.F.);
#3417=ORIENTED_EDGE('',*,*,#6071,.F.);
#3418=ORIENTED_EDGE('',*,*,#6067,.T.);
#3419=ORIENTED_EDGE('',*,*,#6072,.F.);
#3420=ORIENTED_EDGE('',*,*,#6073,.T.);
#3421=ORIENTED_EDGE('',*,*,#6074,.T.);
#3422=ORIENTED_EDGE('',*,*,#6069,.F.);
#3423=ORIENTED_EDGE('',*,*,#6075,.T.);
#3424=ORIENTED_EDGE('',*,*,#6073,.F.);
#3425=ORIENTED_EDGE('',*,*,#6076,.F.);
#3426=ORIENTED_EDGE('',*,*,#6077,.T.);
#3427=ORIENTED_EDGE('',*,*,#6078,.T.);
#3428=ORIENTED_EDGE('',*,*,#6079,.F.);
#3429=ORIENTED_EDGE('',*,*,#6080,.F.);
#3430=ORIENTED_EDGE('',*,*,#6081,.T.);
#3431=ORIENTED_EDGE('',*,*,#6082,.T.);
#3432=ORIENTED_EDGE('',*,*,#6077,.F.);
#3433=ORIENTED_EDGE('',*,*,#6083,.F.);
#3434=ORIENTED_EDGE('',*,*,#6079,.T.);
#3435=ORIENTED_EDGE('',*,*,#6084,.F.);
#3436=ORIENTED_EDGE('',*,*,#6085,.T.);
#3437=ORIENTED_EDGE('',*,*,#6086,.T.);
#3438=ORIENTED_EDGE('',*,*,#6081,.F.);
#3439=ORIENTED_EDGE('',*,*,#6087,.T.);
#3440=ORIENTED_EDGE('',*,*,#6085,.F.);
#3441=ORIENTED_EDGE('',*,*,#6088,.F.);
#3442=ORIENTED_EDGE('',*,*,#6089,.T.);
#3443=ORIENTED_EDGE('',*,*,#6090,.T.);
#3444=ORIENTED_EDGE('',*,*,#6091,.F.);
#3445=ORIENTED_EDGE('',*,*,#6092,.F.);
#3446=ORIENTED_EDGE('',*,*,#6093,.T.);
#3447=ORIENTED_EDGE('',*,*,#6094,.T.);
#3448=ORIENTED_EDGE('',*,*,#6089,.F.);
#3449=ORIENTED_EDGE('',*,*,#6095,.F.);
#3450=ORIENTED_EDGE('',*,*,#6091,.T.);
#3451=ORIENTED_EDGE('',*,*,#6096,.F.);
#3452=ORIENTED_EDGE('',*,*,#6097,.T.);
#3453=ORIENTED_EDGE('',*,*,#6098,.T.);
#3454=ORIENTED_EDGE('',*,*,#6093,.F.);
#3455=ORIENTED_EDGE('',*,*,#6099,.T.);
#3456=ORIENTED_EDGE('',*,*,#6097,.F.);
#3457=ORIENTED_EDGE('',*,*,#6100,.F.);
#3458=ORIENTED_EDGE('',*,*,#6101,.T.);
#3459=ORIENTED_EDGE('',*,*,#6102,.T.);
#3460=ORIENTED_EDGE('',*,*,#6103,.F.);
#3461=ORIENTED_EDGE('',*,*,#6104,.F.);
#3462=ORIENTED_EDGE('',*,*,#6105,.T.);
#3463=ORIENTED_EDGE('',*,*,#6106,.T.);
#3464=ORIENTED_EDGE('',*,*,#6101,.F.);
#3465=ORIENTED_EDGE('',*,*,#6107,.F.);
#3466=ORIENTED_EDGE('',*,*,#6103,.T.);
#3467=ORIENTED_EDGE('',*,*,#6108,.F.);
#3468=ORIENTED_EDGE('',*,*,#6109,.T.);
#3469=ORIENTED_EDGE('',*,*,#6110,.T.);
#3470=ORIENTED_EDGE('',*,*,#6105,.F.);
#3471=ORIENTED_EDGE('',*,*,#6111,.T.);
#3472=ORIENTED_EDGE('',*,*,#6109,.F.);
#3473=ORIENTED_EDGE('',*,*,#6112,.F.);
#3474=ORIENTED_EDGE('',*,*,#6113,.T.);
#3475=ORIENTED_EDGE('',*,*,#6114,.T.);
#3476=ORIENTED_EDGE('',*,*,#6115,.F.);
#3477=ORIENTED_EDGE('',*,*,#6116,.F.);
#3478=ORIENTED_EDGE('',*,*,#6117,.T.);
#3479=ORIENTED_EDGE('',*,*,#6118,.T.);
#3480=ORIENTED_EDGE('',*,*,#6113,.F.);
#3481=ORIENTED_EDGE('',*,*,#6119,.F.);
#3482=ORIENTED_EDGE('',*,*,#6115,.T.);
#3483=ORIENTED_EDGE('',*,*,#6120,.F.);
#3484=ORIENTED_EDGE('',*,*,#6121,.T.);
#3485=ORIENTED_EDGE('',*,*,#6122,.T.);
#3486=ORIENTED_EDGE('',*,*,#6117,.F.);
#3487=ORIENTED_EDGE('',*,*,#6123,.T.);
#3488=ORIENTED_EDGE('',*,*,#6121,.F.);
#3489=ORIENTED_EDGE('',*,*,#6124,.F.);
#3490=ORIENTED_EDGE('',*,*,#6125,.T.);
#3491=ORIENTED_EDGE('',*,*,#6126,.T.);
#3492=ORIENTED_EDGE('',*,*,#6127,.F.);
#3493=ORIENTED_EDGE('',*,*,#6128,.F.);
#3494=ORIENTED_EDGE('',*,*,#6129,.T.);
#3495=ORIENTED_EDGE('',*,*,#6130,.T.);
#3496=ORIENTED_EDGE('',*,*,#6125,.F.);
#3497=ORIENTED_EDGE('',*,*,#6131,.F.);
#3498=ORIENTED_EDGE('',*,*,#6127,.T.);
#3499=ORIENTED_EDGE('',*,*,#6132,.F.);
#3500=ORIENTED_EDGE('',*,*,#6133,.T.);
#3501=ORIENTED_EDGE('',*,*,#6134,.T.);
#3502=ORIENTED_EDGE('',*,*,#6129,.F.);
#3503=ORIENTED_EDGE('',*,*,#6135,.T.);
#3504=ORIENTED_EDGE('',*,*,#6133,.F.);
#3505=ORIENTED_EDGE('',*,*,#6136,.F.);
#3506=ORIENTED_EDGE('',*,*,#6137,.T.);
#3507=ORIENTED_EDGE('',*,*,#6138,.T.);
#3508=ORIENTED_EDGE('',*,*,#6139,.F.);
#3509=ORIENTED_EDGE('',*,*,#6140,.F.);
#3510=ORIENTED_EDGE('',*,*,#6141,.T.);
#3511=ORIENTED_EDGE('',*,*,#6142,.T.);
#3512=ORIENTED_EDGE('',*,*,#6137,.F.);
#3513=ORIENTED_EDGE('',*,*,#6143,.F.);
#3514=ORIENTED_EDGE('',*,*,#6139,.T.);
#3515=ORIENTED_EDGE('',*,*,#6144,.F.);
#3516=ORIENTED_EDGE('',*,*,#6145,.T.);
#3517=ORIENTED_EDGE('',*,*,#6146,.T.);
#3518=ORIENTED_EDGE('',*,*,#6141,.F.);
#3519=ORIENTED_EDGE('',*,*,#6147,.T.);
#3520=ORIENTED_EDGE('',*,*,#6145,.F.);
#3521=ORIENTED_EDGE('',*,*,#6148,.F.);
#3522=ORIENTED_EDGE('',*,*,#6149,.T.);
#3523=ORIENTED_EDGE('',*,*,#6150,.T.);
#3524=ORIENTED_EDGE('',*,*,#6151,.F.);
#3525=ORIENTED_EDGE('',*,*,#6152,.F.);
#3526=ORIENTED_EDGE('',*,*,#6153,.T.);
#3527=ORIENTED_EDGE('',*,*,#6154,.T.);
#3528=ORIENTED_EDGE('',*,*,#6149,.F.);
#3529=ORIENTED_EDGE('',*,*,#6155,.F.);
#3530=ORIENTED_EDGE('',*,*,#6151,.T.);
#3531=ORIENTED_EDGE('',*,*,#6156,.F.);
#3532=ORIENTED_EDGE('',*,*,#6157,.T.);
#3533=ORIENTED_EDGE('',*,*,#6158,.T.);
#3534=ORIENTED_EDGE('',*,*,#6153,.F.);
#3535=ORIENTED_EDGE('',*,*,#6159,.T.);
#3536=ORIENTED_EDGE('',*,*,#6157,.F.);
#3537=ORIENTED_EDGE('',*,*,#6160,.F.);
#3538=ORIENTED_EDGE('',*,*,#6161,.T.);
#3539=ORIENTED_EDGE('',*,*,#6162,.T.);
#3540=ORIENTED_EDGE('',*,*,#6163,.F.);
#3541=ORIENTED_EDGE('',*,*,#6164,.F.);
#3542=ORIENTED_EDGE('',*,*,#6165,.T.);
#3543=ORIENTED_EDGE('',*,*,#6166,.T.);
#3544=ORIENTED_EDGE('',*,*,#6161,.F.);
#3545=ORIENTED_EDGE('',*,*,#6167,.F.);
#3546=ORIENTED_EDGE('',*,*,#6163,.T.);
#3547=ORIENTED_EDGE('',*,*,#6168,.F.);
#3548=ORIENTED_EDGE('',*,*,#6169,.T.);
#3549=ORIENTED_EDGE('',*,*,#6170,.T.);
#3550=ORIENTED_EDGE('',*,*,#6165,.F.);
#3551=ORIENTED_EDGE('',*,*,#6171,.T.);
#3552=ORIENTED_EDGE('',*,*,#6169,.F.);
#3553=ORIENTED_EDGE('',*,*,#6172,.F.);
#3554=ORIENTED_EDGE('',*,*,#6173,.T.);
#3555=ORIENTED_EDGE('',*,*,#6174,.T.);
#3556=ORIENTED_EDGE('',*,*,#6175,.F.);
#3557=ORIENTED_EDGE('',*,*,#6176,.F.);
#3558=ORIENTED_EDGE('',*,*,#6177,.T.);
#3559=ORIENTED_EDGE('',*,*,#6178,.T.);
#3560=ORIENTED_EDGE('',*,*,#6173,.F.);
#3561=ORIENTED_EDGE('',*,*,#6179,.F.);
#3562=ORIENTED_EDGE('',*,*,#6175,.T.);
#3563=ORIENTED_EDGE('',*,*,#6180,.F.);
#3564=ORIENTED_EDGE('',*,*,#6181,.T.);
#3565=ORIENTED_EDGE('',*,*,#6182,.T.);
#3566=ORIENTED_EDGE('',*,*,#6177,.F.);
#3567=ORIENTED_EDGE('',*,*,#6183,.T.);
#3568=ORIENTED_EDGE('',*,*,#6181,.F.);
#3569=ORIENTED_EDGE('',*,*,#6184,.F.);
#3570=ORIENTED_EDGE('',*,*,#6185,.T.);
#3571=ORIENTED_EDGE('',*,*,#6186,.T.);
#3572=ORIENTED_EDGE('',*,*,#6187,.F.);
#3573=ORIENTED_EDGE('',*,*,#6188,.F.);
#3574=ORIENTED_EDGE('',*,*,#6189,.T.);
#3575=ORIENTED_EDGE('',*,*,#6190,.T.);
#3576=ORIENTED_EDGE('',*,*,#6185,.F.);
#3577=ORIENTED_EDGE('',*,*,#6191,.F.);
#3578=ORIENTED_EDGE('',*,*,#6187,.T.);
#3579=ORIENTED_EDGE('',*,*,#6192,.F.);
#3580=ORIENTED_EDGE('',*,*,#6193,.T.);
#3581=ORIENTED_EDGE('',*,*,#6194,.T.);
#3582=ORIENTED_EDGE('',*,*,#6189,.F.);
#3583=ORIENTED_EDGE('',*,*,#6195,.T.);
#3584=ORIENTED_EDGE('',*,*,#6193,.F.);
#3585=ORIENTED_EDGE('',*,*,#6196,.F.);
#3586=ORIENTED_EDGE('',*,*,#6197,.T.);
#3587=ORIENTED_EDGE('',*,*,#6198,.T.);
#3588=ORIENTED_EDGE('',*,*,#6199,.F.);
#3589=ORIENTED_EDGE('',*,*,#6200,.F.);
#3590=ORIENTED_EDGE('',*,*,#6201,.T.);
#3591=ORIENTED_EDGE('',*,*,#6202,.T.);
#3592=ORIENTED_EDGE('',*,*,#6197,.F.);
#3593=ORIENTED_EDGE('',*,*,#6203,.F.);
#3594=ORIENTED_EDGE('',*,*,#6199,.T.);
#3595=ORIENTED_EDGE('',*,*,#6204,.F.);
#3596=ORIENTED_EDGE('',*,*,#6205,.T.);
#3597=ORIENTED_EDGE('',*,*,#6206,.T.);
#3598=ORIENTED_EDGE('',*,*,#6201,.F.);
#3599=ORIENTED_EDGE('',*,*,#6207,.T.);
#3600=ORIENTED_EDGE('',*,*,#6205,.F.);
#3601=ORIENTED_EDGE('',*,*,#6208,.F.);
#3602=ORIENTED_EDGE('',*,*,#6209,.T.);
#3603=ORIENTED_EDGE('',*,*,#6210,.T.);
#3604=ORIENTED_EDGE('',*,*,#6211,.F.);
#3605=ORIENTED_EDGE('',*,*,#6212,.F.);
#3606=ORIENTED_EDGE('',*,*,#6213,.T.);
#3607=ORIENTED_EDGE('',*,*,#6214,.T.);
#3608=ORIENTED_EDGE('',*,*,#6209,.F.);
#3609=ORIENTED_EDGE('',*,*,#6215,.F.);
#3610=ORIENTED_EDGE('',*,*,#6211,.T.);
#3611=ORIENTED_EDGE('',*,*,#6216,.F.);
#3612=ORIENTED_EDGE('',*,*,#6217,.T.);
#3613=ORIENTED_EDGE('',*,*,#6218,.T.);
#3614=ORIENTED_EDGE('',*,*,#6213,.F.);
#3615=ORIENTED_EDGE('',*,*,#6219,.T.);
#3616=ORIENTED_EDGE('',*,*,#6217,.F.);
#3617=ORIENTED_EDGE('',*,*,#6220,.F.);
#3618=ORIENTED_EDGE('',*,*,#6221,.T.);
#3619=ORIENTED_EDGE('',*,*,#6222,.T.);
#3620=ORIENTED_EDGE('',*,*,#6223,.F.);
#3621=ORIENTED_EDGE('',*,*,#6224,.F.);
#3622=ORIENTED_EDGE('',*,*,#6225,.T.);
#3623=ORIENTED_EDGE('',*,*,#6226,.T.);
#3624=ORIENTED_EDGE('',*,*,#6221,.F.);
#3625=ORIENTED_EDGE('',*,*,#6227,.F.);
#3626=ORIENTED_EDGE('',*,*,#6223,.T.);
#3627=ORIENTED_EDGE('',*,*,#6228,.F.);
#3628=ORIENTED_EDGE('',*,*,#6229,.T.);
#3629=ORIENTED_EDGE('',*,*,#6230,.T.);
#3630=ORIENTED_EDGE('',*,*,#6225,.F.);
#3631=ORIENTED_EDGE('',*,*,#6231,.T.);
#3632=ORIENTED_EDGE('',*,*,#6229,.F.);
#3633=ORIENTED_EDGE('',*,*,#6232,.F.);
#3634=ORIENTED_EDGE('',*,*,#6233,.T.);
#3635=ORIENTED_EDGE('',*,*,#6234,.T.);
#3636=ORIENTED_EDGE('',*,*,#6235,.F.);
#3637=ORIENTED_EDGE('',*,*,#6236,.F.);
#3638=ORIENTED_EDGE('',*,*,#6237,.T.);
#3639=ORIENTED_EDGE('',*,*,#6238,.T.);
#3640=ORIENTED_EDGE('',*,*,#6233,.F.);
#3641=ORIENTED_EDGE('',*,*,#6239,.F.);
#3642=ORIENTED_EDGE('',*,*,#6235,.T.);
#3643=ORIENTED_EDGE('',*,*,#6240,.F.);
#3644=ORIENTED_EDGE('',*,*,#6241,.T.);
#3645=ORIENTED_EDGE('',*,*,#6242,.T.);
#3646=ORIENTED_EDGE('',*,*,#6237,.F.);
#3647=ORIENTED_EDGE('',*,*,#6243,.T.);
#3648=ORIENTED_EDGE('',*,*,#6241,.F.);
#3649=ORIENTED_EDGE('',*,*,#6244,.F.);
#3650=ORIENTED_EDGE('',*,*,#6245,.T.);
#3651=ORIENTED_EDGE('',*,*,#6246,.T.);
#3652=ORIENTED_EDGE('',*,*,#6247,.F.);
#3653=ORIENTED_EDGE('',*,*,#6248,.F.);
#3654=ORIENTED_EDGE('',*,*,#6249,.T.);
#3655=ORIENTED_EDGE('',*,*,#6250,.T.);
#3656=ORIENTED_EDGE('',*,*,#6245,.F.);
#3657=ORIENTED_EDGE('',*,*,#6251,.F.);
#3658=ORIENTED_EDGE('',*,*,#6247,.T.);
#3659=ORIENTED_EDGE('',*,*,#6252,.F.);
#3660=ORIENTED_EDGE('',*,*,#6253,.T.);
#3661=ORIENTED_EDGE('',*,*,#6254,.T.);
#3662=ORIENTED_EDGE('',*,*,#6249,.F.);
#3663=ORIENTED_EDGE('',*,*,#6255,.T.);
#3664=ORIENTED_EDGE('',*,*,#6253,.F.);
#3665=ORIENTED_EDGE('',*,*,#6256,.F.);
#3666=ORIENTED_EDGE('',*,*,#6257,.T.);
#3667=ORIENTED_EDGE('',*,*,#6258,.T.);
#3668=ORIENTED_EDGE('',*,*,#6259,.F.);
#3669=ORIENTED_EDGE('',*,*,#6260,.F.);
#3670=ORIENTED_EDGE('',*,*,#6261,.T.);
#3671=ORIENTED_EDGE('',*,*,#6262,.T.);
#3672=ORIENTED_EDGE('',*,*,#6257,.F.);
#3673=ORIENTED_EDGE('',*,*,#6263,.F.);
#3674=ORIENTED_EDGE('',*,*,#6259,.T.);
#3675=ORIENTED_EDGE('',*,*,#6264,.F.);
#3676=ORIENTED_EDGE('',*,*,#6265,.T.);
#3677=ORIENTED_EDGE('',*,*,#6266,.T.);
#3678=ORIENTED_EDGE('',*,*,#6261,.F.);
#3679=ORIENTED_EDGE('',*,*,#6267,.T.);
#3680=ORIENTED_EDGE('',*,*,#6265,.F.);
#3681=ORIENTED_EDGE('',*,*,#6268,.F.);
#3682=ORIENTED_EDGE('',*,*,#6269,.T.);
#3683=ORIENTED_EDGE('',*,*,#6270,.T.);
#3684=ORIENTED_EDGE('',*,*,#6271,.F.);
#3685=ORIENTED_EDGE('',*,*,#6272,.F.);
#3686=ORIENTED_EDGE('',*,*,#6273,.T.);
#3687=ORIENTED_EDGE('',*,*,#6274,.T.);
#3688=ORIENTED_EDGE('',*,*,#6269,.F.);
#3689=ORIENTED_EDGE('',*,*,#6275,.F.);
#3690=ORIENTED_EDGE('',*,*,#6271,.T.);
#3691=ORIENTED_EDGE('',*,*,#6276,.F.);
#3692=ORIENTED_EDGE('',*,*,#6277,.T.);
#3693=ORIENTED_EDGE('',*,*,#6278,.T.);
#3694=ORIENTED_EDGE('',*,*,#6273,.F.);
#3695=ORIENTED_EDGE('',*,*,#6279,.T.);
#3696=ORIENTED_EDGE('',*,*,#6277,.F.);
#3697=ORIENTED_EDGE('',*,*,#6280,.F.);
#3698=ORIENTED_EDGE('',*,*,#6281,.T.);
#3699=ORIENTED_EDGE('',*,*,#6282,.T.);
#3700=ORIENTED_EDGE('',*,*,#6283,.F.);
#3701=ORIENTED_EDGE('',*,*,#6284,.F.);
#3702=ORIENTED_EDGE('',*,*,#6285,.T.);
#3703=ORIENTED_EDGE('',*,*,#6286,.T.);
#3704=ORIENTED_EDGE('',*,*,#6281,.F.);
#3705=ORIENTED_EDGE('',*,*,#6287,.F.);
#3706=ORIENTED_EDGE('',*,*,#6283,.T.);
#3707=ORIENTED_EDGE('',*,*,#6288,.F.);
#3708=ORIENTED_EDGE('',*,*,#6289,.T.);
#3709=ORIENTED_EDGE('',*,*,#6290,.T.);
#3710=ORIENTED_EDGE('',*,*,#6285,.F.);
#3711=ORIENTED_EDGE('',*,*,#6291,.T.);
#3712=ORIENTED_EDGE('',*,*,#6289,.F.);
#3713=ORIENTED_EDGE('',*,*,#6292,.F.);
#3714=ORIENTED_EDGE('',*,*,#6293,.T.);
#3715=ORIENTED_EDGE('',*,*,#6294,.T.);
#3716=ORIENTED_EDGE('',*,*,#6295,.F.);
#3717=ORIENTED_EDGE('',*,*,#6296,.F.);
#3718=ORIENTED_EDGE('',*,*,#6297,.T.);
#3719=ORIENTED_EDGE('',*,*,#6298,.T.);
#3720=ORIENTED_EDGE('',*,*,#6293,.F.);
#3721=ORIENTED_EDGE('',*,*,#6299,.F.);
#3722=ORIENTED_EDGE('',*,*,#6295,.T.);
#3723=ORIENTED_EDGE('',*,*,#6300,.F.);
#3724=ORIENTED_EDGE('',*,*,#6301,.T.);
#3725=ORIENTED_EDGE('',*,*,#6302,.T.);
#3726=ORIENTED_EDGE('',*,*,#6297,.F.);
#3727=ORIENTED_EDGE('',*,*,#6303,.T.);
#3728=ORIENTED_EDGE('',*,*,#6301,.F.);
#3729=ORIENTED_EDGE('',*,*,#6304,.F.);
#3730=ORIENTED_EDGE('',*,*,#6305,.T.);
#3731=ORIENTED_EDGE('',*,*,#6306,.T.);
#3732=ORIENTED_EDGE('',*,*,#6307,.F.);
#3733=ORIENTED_EDGE('',*,*,#6308,.F.);
#3734=ORIENTED_EDGE('',*,*,#6309,.T.);
#3735=ORIENTED_EDGE('',*,*,#6310,.T.);
#3736=ORIENTED_EDGE('',*,*,#6305,.F.);
#3737=ORIENTED_EDGE('',*,*,#6311,.F.);
#3738=ORIENTED_EDGE('',*,*,#6307,.T.);
#3739=ORIENTED_EDGE('',*,*,#6312,.F.);
#3740=ORIENTED_EDGE('',*,*,#6313,.T.);
#3741=ORIENTED_EDGE('',*,*,#6314,.T.);
#3742=ORIENTED_EDGE('',*,*,#6309,.F.);
#3743=ORIENTED_EDGE('',*,*,#6315,.T.);
#3744=ORIENTED_EDGE('',*,*,#6313,.F.);
#3745=ORIENTED_EDGE('',*,*,#6316,.F.);
#3746=ORIENTED_EDGE('',*,*,#6317,.T.);
#3747=ORIENTED_EDGE('',*,*,#6318,.T.);
#3748=ORIENTED_EDGE('',*,*,#6319,.F.);
#3749=ORIENTED_EDGE('',*,*,#6320,.F.);
#3750=ORIENTED_EDGE('',*,*,#6321,.T.);
#3751=ORIENTED_EDGE('',*,*,#6322,.T.);
#3752=ORIENTED_EDGE('',*,*,#6317,.F.);
#3753=ORIENTED_EDGE('',*,*,#6323,.F.);
#3754=ORIENTED_EDGE('',*,*,#6319,.T.);
#3755=ORIENTED_EDGE('',*,*,#6324,.F.);
#3756=ORIENTED_EDGE('',*,*,#6325,.T.);
#3757=ORIENTED_EDGE('',*,*,#6326,.T.);
#3758=ORIENTED_EDGE('',*,*,#6321,.F.);
#3759=ORIENTED_EDGE('',*,*,#6327,.T.);
#3760=ORIENTED_EDGE('',*,*,#6325,.F.);
#3761=ORIENTED_EDGE('',*,*,#6328,.F.);
#3762=ORIENTED_EDGE('',*,*,#6329,.T.);
#3763=ORIENTED_EDGE('',*,*,#6330,.T.);
#3764=ORIENTED_EDGE('',*,*,#6331,.F.);
#3765=ORIENTED_EDGE('',*,*,#6332,.F.);
#3766=ORIENTED_EDGE('',*,*,#6333,.T.);
#3767=ORIENTED_EDGE('',*,*,#6334,.T.);
#3768=ORIENTED_EDGE('',*,*,#6329,.F.);
#3769=ORIENTED_EDGE('',*,*,#6335,.F.);
#3770=ORIENTED_EDGE('',*,*,#6331,.T.);
#3771=ORIENTED_EDGE('',*,*,#6336,.F.);
#3772=ORIENTED_EDGE('',*,*,#6337,.T.);
#3773=ORIENTED_EDGE('',*,*,#6338,.T.);
#3774=ORIENTED_EDGE('',*,*,#6333,.F.);
#3775=ORIENTED_EDGE('',*,*,#6339,.T.);
#3776=ORIENTED_EDGE('',*,*,#6337,.F.);
#3777=ORIENTED_EDGE('',*,*,#6340,.F.);
#3778=ORIENTED_EDGE('',*,*,#6341,.T.);
#3779=ORIENTED_EDGE('',*,*,#6342,.T.);
#3780=ORIENTED_EDGE('',*,*,#6343,.F.);
#3781=ORIENTED_EDGE('',*,*,#6344,.F.);
#3782=ORIENTED_EDGE('',*,*,#6345,.T.);
#3783=ORIENTED_EDGE('',*,*,#6346,.T.);
#3784=ORIENTED_EDGE('',*,*,#6341,.F.);
#3785=ORIENTED_EDGE('',*,*,#6347,.F.);
#3786=ORIENTED_EDGE('',*,*,#6343,.T.);
#3787=ORIENTED_EDGE('',*,*,#6348,.F.);
#3788=ORIENTED_EDGE('',*,*,#6349,.T.);
#3789=ORIENTED_EDGE('',*,*,#6350,.T.);
#3790=ORIENTED_EDGE('',*,*,#6345,.F.);
#3791=ORIENTED_EDGE('',*,*,#6351,.T.);
#3792=ORIENTED_EDGE('',*,*,#6349,.F.);
#3793=ORIENTED_EDGE('',*,*,#6352,.F.);
#3794=ORIENTED_EDGE('',*,*,#6353,.T.);
#3795=ORIENTED_EDGE('',*,*,#6354,.T.);
#3796=ORIENTED_EDGE('',*,*,#6355,.F.);
#3797=ORIENTED_EDGE('',*,*,#6356,.F.);
#3798=ORIENTED_EDGE('',*,*,#6357,.T.);
#3799=ORIENTED_EDGE('',*,*,#6358,.T.);
#3800=ORIENTED_EDGE('',*,*,#6353,.F.);
#3801=ORIENTED_EDGE('',*,*,#6359,.F.);
#3802=ORIENTED_EDGE('',*,*,#6355,.T.);
#3803=ORIENTED_EDGE('',*,*,#6360,.F.);
#3804=ORIENTED_EDGE('',*,*,#6361,.T.);
#3805=ORIENTED_EDGE('',*,*,#6362,.T.);
#3806=ORIENTED_EDGE('',*,*,#6357,.F.);
#3807=ORIENTED_EDGE('',*,*,#6363,.T.);
#3808=ORIENTED_EDGE('',*,*,#6361,.F.);
#3809=ORIENTED_EDGE('',*,*,#6364,.F.);
#3810=ORIENTED_EDGE('',*,*,#6365,.T.);
#3811=ORIENTED_EDGE('',*,*,#6366,.T.);
#3812=ORIENTED_EDGE('',*,*,#6367,.F.);
#3813=ORIENTED_EDGE('',*,*,#6368,.F.);
#3814=ORIENTED_EDGE('',*,*,#6369,.T.);
#3815=ORIENTED_EDGE('',*,*,#6370,.T.);
#3816=ORIENTED_EDGE('',*,*,#6365,.F.);
#3817=ORIENTED_EDGE('',*,*,#6371,.F.);
#3818=ORIENTED_EDGE('',*,*,#6367,.T.);
#3819=ORIENTED_EDGE('',*,*,#6372,.F.);
#3820=ORIENTED_EDGE('',*,*,#6373,.T.);
#3821=ORIENTED_EDGE('',*,*,#6374,.T.);
#3822=ORIENTED_EDGE('',*,*,#6369,.F.);
#3823=ORIENTED_EDGE('',*,*,#6375,.T.);
#3824=ORIENTED_EDGE('',*,*,#6373,.F.);
#3825=ORIENTED_EDGE('',*,*,#6376,.F.);
#3826=ORIENTED_EDGE('',*,*,#6377,.T.);
#3827=ORIENTED_EDGE('',*,*,#6378,.T.);
#3828=ORIENTED_EDGE('',*,*,#6379,.F.);
#3829=ORIENTED_EDGE('',*,*,#6380,.F.);
#3830=ORIENTED_EDGE('',*,*,#6381,.T.);
#3831=ORIENTED_EDGE('',*,*,#6382,.T.);
#3832=ORIENTED_EDGE('',*,*,#6377,.F.);
#3833=ORIENTED_EDGE('',*,*,#6383,.F.);
#3834=ORIENTED_EDGE('',*,*,#6379,.T.);
#3835=ORIENTED_EDGE('',*,*,#6384,.F.);
#3836=ORIENTED_EDGE('',*,*,#6385,.T.);
#3837=ORIENTED_EDGE('',*,*,#6386,.T.);
#3838=ORIENTED_EDGE('',*,*,#6381,.F.);
#3839=ORIENTED_EDGE('',*,*,#6387,.T.);
#3840=ORIENTED_EDGE('',*,*,#6385,.F.);
#3841=ORIENTED_EDGE('',*,*,#6388,.F.);
#3842=ORIENTED_EDGE('',*,*,#6389,.T.);
#3843=ORIENTED_EDGE('',*,*,#6390,.T.);
#3844=ORIENTED_EDGE('',*,*,#6391,.F.);
#3845=ORIENTED_EDGE('',*,*,#6392,.F.);
#3846=ORIENTED_EDGE('',*,*,#6393,.T.);
#3847=ORIENTED_EDGE('',*,*,#6394,.T.);
#3848=ORIENTED_EDGE('',*,*,#6389,.F.);
#3849=ORIENTED_EDGE('',*,*,#6395,.F.);
#3850=ORIENTED_EDGE('',*,*,#6391,.T.);
#3851=ORIENTED_EDGE('',*,*,#6396,.F.);
#3852=ORIENTED_EDGE('',*,*,#6397,.T.);
#3853=ORIENTED_EDGE('',*,*,#6398,.T.);
#3854=ORIENTED_EDGE('',*,*,#6393,.F.);
#3855=ORIENTED_EDGE('',*,*,#6399,.T.);
#3856=ORIENTED_EDGE('',*,*,#6400,.T.);
#3857=ORIENTED_EDGE('',*,*,#6401,.T.);
#3858=ORIENTED_EDGE('',*,*,#6402,.T.);
#3859=ORIENTED_EDGE('',*,*,#6403,.T.);
#3860=ORIENTED_EDGE('',*,*,#6404,.T.);
#3861=ORIENTED_EDGE('',*,*,#6405,.T.);
#3862=ORIENTED_EDGE('',*,*,#6406,.T.);
#3863=ORIENTED_EDGE('',*,*,#4980,.T.);
#3864=ORIENTED_EDGE('',*,*,#4976,.T.);
#3865=ORIENTED_EDGE('',*,*,#4979,.T.);
#3866=ORIENTED_EDGE('',*,*,#4972,.T.);
#3867=ORIENTED_EDGE('',*,*,#4967,.T.);
#3868=ORIENTED_EDGE('',*,*,#6407,.T.);
#3869=ORIENTED_EDGE('',*,*,#6408,.T.);
#3870=ORIENTED_EDGE('',*,*,#6409,.T.);
#3871=ORIENTED_EDGE('',*,*,#6396,.T.);
#3872=ORIENTED_EDGE('',*,*,#6392,.T.);
#3873=ORIENTED_EDGE('',*,*,#6395,.T.);
#3874=ORIENTED_EDGE('',*,*,#6388,.T.);
#3875=ORIENTED_EDGE('',*,*,#6384,.T.);
#3876=ORIENTED_EDGE('',*,*,#6380,.T.);
#3877=ORIENTED_EDGE('',*,*,#6383,.T.);
#3878=ORIENTED_EDGE('',*,*,#6376,.T.);
#3879=ORIENTED_EDGE('',*,*,#6372,.T.);
#3880=ORIENTED_EDGE('',*,*,#6368,.T.);
#3881=ORIENTED_EDGE('',*,*,#6371,.T.);
#3882=ORIENTED_EDGE('',*,*,#6364,.T.);
#3883=ORIENTED_EDGE('',*,*,#6360,.T.);
#3884=ORIENTED_EDGE('',*,*,#6356,.T.);
#3885=ORIENTED_EDGE('',*,*,#6359,.T.);
#3886=ORIENTED_EDGE('',*,*,#6352,.T.);
#3887=ORIENTED_EDGE('',*,*,#6348,.T.);
#3888=ORIENTED_EDGE('',*,*,#6344,.T.);
#3889=ORIENTED_EDGE('',*,*,#6347,.T.);
#3890=ORIENTED_EDGE('',*,*,#6340,.T.);
#3891=ORIENTED_EDGE('',*,*,#6336,.T.);
#3892=ORIENTED_EDGE('',*,*,#6332,.T.);
#3893=ORIENTED_EDGE('',*,*,#6335,.T.);
#3894=ORIENTED_EDGE('',*,*,#6328,.T.);
#3895=ORIENTED_EDGE('',*,*,#6324,.T.);
#3896=ORIENTED_EDGE('',*,*,#6320,.T.);
#3897=ORIENTED_EDGE('',*,*,#6323,.T.);
#3898=ORIENTED_EDGE('',*,*,#6316,.T.);
#3899=ORIENTED_EDGE('',*,*,#6312,.T.);
#3900=ORIENTED_EDGE('',*,*,#6308,.T.);
#3901=ORIENTED_EDGE('',*,*,#6311,.T.);
#3902=ORIENTED_EDGE('',*,*,#6304,.T.);
#3903=ORIENTED_EDGE('',*,*,#6300,.T.);
#3904=ORIENTED_EDGE('',*,*,#6296,.T.);
#3905=ORIENTED_EDGE('',*,*,#6299,.T.);
#3906=ORIENTED_EDGE('',*,*,#6292,.T.);
#3907=ORIENTED_EDGE('',*,*,#6288,.T.);
#3908=ORIENTED_EDGE('',*,*,#6284,.T.);
#3909=ORIENTED_EDGE('',*,*,#6287,.T.);
#3910=ORIENTED_EDGE('',*,*,#6280,.T.);
#3911=ORIENTED_EDGE('',*,*,#6276,.T.);
#3912=ORIENTED_EDGE('',*,*,#6272,.T.);
#3913=ORIENTED_EDGE('',*,*,#6275,.T.);
#3914=ORIENTED_EDGE('',*,*,#6268,.T.);
#3915=ORIENTED_EDGE('',*,*,#6264,.T.);
#3916=ORIENTED_EDGE('',*,*,#6260,.T.);
#3917=ORIENTED_EDGE('',*,*,#6263,.T.);
#3918=ORIENTED_EDGE('',*,*,#6256,.T.);
#3919=ORIENTED_EDGE('',*,*,#6252,.T.);
#3920=ORIENTED_EDGE('',*,*,#6248,.T.);
#3921=ORIENTED_EDGE('',*,*,#6251,.T.);
#3922=ORIENTED_EDGE('',*,*,#6244,.T.);
#3923=ORIENTED_EDGE('',*,*,#6240,.T.);
#3924=ORIENTED_EDGE('',*,*,#6236,.T.);
#3925=ORIENTED_EDGE('',*,*,#6239,.T.);
#3926=ORIENTED_EDGE('',*,*,#6232,.T.);
#3927=ORIENTED_EDGE('',*,*,#6228,.T.);
#3928=ORIENTED_EDGE('',*,*,#6224,.T.);
#3929=ORIENTED_EDGE('',*,*,#6227,.T.);
#3930=ORIENTED_EDGE('',*,*,#6220,.T.);
#3931=ORIENTED_EDGE('',*,*,#6216,.T.);
#3932=ORIENTED_EDGE('',*,*,#6212,.T.);
#3933=ORIENTED_EDGE('',*,*,#6215,.T.);
#3934=ORIENTED_EDGE('',*,*,#6208,.T.);
#3935=ORIENTED_EDGE('',*,*,#6204,.T.);
#3936=ORIENTED_EDGE('',*,*,#6200,.T.);
#3937=ORIENTED_EDGE('',*,*,#6203,.T.);
#3938=ORIENTED_EDGE('',*,*,#6196,.T.);
#3939=ORIENTED_EDGE('',*,*,#6192,.T.);
#3940=ORIENTED_EDGE('',*,*,#6188,.T.);
#3941=ORIENTED_EDGE('',*,*,#6191,.T.);
#3942=ORIENTED_EDGE('',*,*,#6184,.T.);
#3943=ORIENTED_EDGE('',*,*,#6180,.T.);
#3944=ORIENTED_EDGE('',*,*,#6176,.T.);
#3945=ORIENTED_EDGE('',*,*,#6179,.T.);
#3946=ORIENTED_EDGE('',*,*,#6172,.T.);
#3947=ORIENTED_EDGE('',*,*,#6168,.T.);
#3948=ORIENTED_EDGE('',*,*,#6164,.T.);
#3949=ORIENTED_EDGE('',*,*,#6167,.T.);
#3950=ORIENTED_EDGE('',*,*,#6160,.T.);
#3951=ORIENTED_EDGE('',*,*,#6156,.T.);
#3952=ORIENTED_EDGE('',*,*,#6152,.T.);
#3953=ORIENTED_EDGE('',*,*,#6155,.T.);
#3954=ORIENTED_EDGE('',*,*,#6148,.T.);
#3955=ORIENTED_EDGE('',*,*,#6144,.T.);
#3956=ORIENTED_EDGE('',*,*,#6140,.T.);
#3957=ORIENTED_EDGE('',*,*,#6143,.T.);
#3958=ORIENTED_EDGE('',*,*,#6136,.T.);
#3959=ORIENTED_EDGE('',*,*,#6132,.T.);
#3960=ORIENTED_EDGE('',*,*,#6128,.T.);
#3961=ORIENTED_EDGE('',*,*,#6131,.T.);
#3962=ORIENTED_EDGE('',*,*,#6124,.T.);
#3963=ORIENTED_EDGE('',*,*,#6120,.T.);
#3964=ORIENTED_EDGE('',*,*,#6116,.T.);
#3965=ORIENTED_EDGE('',*,*,#6119,.T.);
#3966=ORIENTED_EDGE('',*,*,#6112,.T.);
#3967=ORIENTED_EDGE('',*,*,#6108,.T.);
#3968=ORIENTED_EDGE('',*,*,#6104,.T.);
#3969=ORIENTED_EDGE('',*,*,#6107,.T.);
#3970=ORIENTED_EDGE('',*,*,#6100,.T.);
#3971=ORIENTED_EDGE('',*,*,#6096,.T.);
#3972=ORIENTED_EDGE('',*,*,#6092,.T.);
#3973=ORIENTED_EDGE('',*,*,#6095,.T.);
#3974=ORIENTED_EDGE('',*,*,#6088,.T.);
#3975=ORIENTED_EDGE('',*,*,#6084,.T.);
#3976=ORIENTED_EDGE('',*,*,#6080,.T.);
#3977=ORIENTED_EDGE('',*,*,#6083,.T.);
#3978=ORIENTED_EDGE('',*,*,#6076,.T.);
#3979=ORIENTED_EDGE('',*,*,#6072,.T.);
#3980=ORIENTED_EDGE('',*,*,#6068,.T.);
#3981=ORIENTED_EDGE('',*,*,#6071,.T.);
#3982=ORIENTED_EDGE('',*,*,#6064,.T.);
#3983=ORIENTED_EDGE('',*,*,#6060,.T.);
#3984=ORIENTED_EDGE('',*,*,#6056,.T.);
#3985=ORIENTED_EDGE('',*,*,#6059,.T.);
#3986=ORIENTED_EDGE('',*,*,#6052,.T.);
#3987=ORIENTED_EDGE('',*,*,#6048,.T.);
#3988=ORIENTED_EDGE('',*,*,#6044,.T.);
#3989=ORIENTED_EDGE('',*,*,#6047,.T.);
#3990=ORIENTED_EDGE('',*,*,#6040,.T.);
#3991=ORIENTED_EDGE('',*,*,#6036,.T.);
#3992=ORIENTED_EDGE('',*,*,#6032,.T.);
#3993=ORIENTED_EDGE('',*,*,#6035,.T.);
#3994=ORIENTED_EDGE('',*,*,#6028,.T.);
#3995=ORIENTED_EDGE('',*,*,#6024,.T.);
#3996=ORIENTED_EDGE('',*,*,#6020,.T.);
#3997=ORIENTED_EDGE('',*,*,#6023,.T.);
#3998=ORIENTED_EDGE('',*,*,#6016,.T.);
#3999=ORIENTED_EDGE('',*,*,#6012,.T.);
#4000=ORIENTED_EDGE('',*,*,#6008,.T.);
#4001=ORIENTED_EDGE('',*,*,#6011,.T.);
#4002=ORIENTED_EDGE('',*,*,#6004,.T.);
#4003=ORIENTED_EDGE('',*,*,#6000,.T.);
#4004=ORIENTED_EDGE('',*,*,#5996,.T.);
#4005=ORIENTED_EDGE('',*,*,#5999,.T.);
#4006=ORIENTED_EDGE('',*,*,#5992,.T.);
#4007=ORIENTED_EDGE('',*,*,#5988,.T.);
#4008=ORIENTED_EDGE('',*,*,#5984,.T.);
#4009=ORIENTED_EDGE('',*,*,#5987,.T.);
#4010=ORIENTED_EDGE('',*,*,#5980,.T.);
#4011=ORIENTED_EDGE('',*,*,#5976,.T.);
#4012=ORIENTED_EDGE('',*,*,#5972,.T.);
#4013=ORIENTED_EDGE('',*,*,#5975,.T.);
#4014=ORIENTED_EDGE('',*,*,#5968,.T.);
#4015=ORIENTED_EDGE('',*,*,#5964,.T.);
#4016=ORIENTED_EDGE('',*,*,#5960,.T.);
#4017=ORIENTED_EDGE('',*,*,#5963,.T.);
#4018=ORIENTED_EDGE('',*,*,#5956,.T.);
#4019=ORIENTED_EDGE('',*,*,#5952,.T.);
#4020=ORIENTED_EDGE('',*,*,#5948,.T.);
#4021=ORIENTED_EDGE('',*,*,#5951,.T.);
#4022=ORIENTED_EDGE('',*,*,#5944,.T.);
#4023=ORIENTED_EDGE('',*,*,#5940,.T.);
#4024=ORIENTED_EDGE('',*,*,#5936,.T.);
#4025=ORIENTED_EDGE('',*,*,#5939,.T.);
#4026=ORIENTED_EDGE('',*,*,#5932,.T.);
#4027=ORIENTED_EDGE('',*,*,#5928,.T.);
#4028=ORIENTED_EDGE('',*,*,#5924,.T.);
#4029=ORIENTED_EDGE('',*,*,#5927,.T.);
#4030=ORIENTED_EDGE('',*,*,#5920,.T.);
#4031=ORIENTED_EDGE('',*,*,#5916,.T.);
#4032=ORIENTED_EDGE('',*,*,#5912,.T.);
#4033=ORIENTED_EDGE('',*,*,#5915,.T.);
#4034=ORIENTED_EDGE('',*,*,#5908,.T.);
#4035=ORIENTED_EDGE('',*,*,#5904,.T.);
#4036=ORIENTED_EDGE('',*,*,#5900,.T.);
#4037=ORIENTED_EDGE('',*,*,#5903,.T.);
#4038=ORIENTED_EDGE('',*,*,#5896,.T.);
#4039=ORIENTED_EDGE('',*,*,#5892,.T.);
#4040=ORIENTED_EDGE('',*,*,#5888,.T.);
#4041=ORIENTED_EDGE('',*,*,#5891,.T.);
#4042=ORIENTED_EDGE('',*,*,#5884,.T.);
#4043=ORIENTED_EDGE('',*,*,#5880,.T.);
#4044=ORIENTED_EDGE('',*,*,#5876,.T.);
#4045=ORIENTED_EDGE('',*,*,#5879,.T.);
#4046=ORIENTED_EDGE('',*,*,#5872,.T.);
#4047=ORIENTED_EDGE('',*,*,#5868,.T.);
#4048=ORIENTED_EDGE('',*,*,#5864,.T.);
#4049=ORIENTED_EDGE('',*,*,#5867,.T.);
#4050=ORIENTED_EDGE('',*,*,#5860,.T.);
#4051=ORIENTED_EDGE('',*,*,#5856,.T.);
#4052=ORIENTED_EDGE('',*,*,#5852,.T.);
#4053=ORIENTED_EDGE('',*,*,#5855,.T.);
#4054=ORIENTED_EDGE('',*,*,#5848,.T.);
#4055=ORIENTED_EDGE('',*,*,#5844,.T.);
#4056=ORIENTED_EDGE('',*,*,#5840,.T.);
#4057=ORIENTED_EDGE('',*,*,#5843,.T.);
#4058=ORIENTED_EDGE('',*,*,#5836,.T.);
#4059=ORIENTED_EDGE('',*,*,#5832,.T.);
#4060=ORIENTED_EDGE('',*,*,#5828,.T.);
#4061=ORIENTED_EDGE('',*,*,#5831,.T.);
#4062=ORIENTED_EDGE('',*,*,#5824,.T.);
#4063=ORIENTED_EDGE('',*,*,#5820,.T.);
#4064=ORIENTED_EDGE('',*,*,#5816,.T.);
#4065=ORIENTED_EDGE('',*,*,#5819,.T.);
#4066=ORIENTED_EDGE('',*,*,#5812,.T.);
#4067=ORIENTED_EDGE('',*,*,#5808,.T.);
#4068=ORIENTED_EDGE('',*,*,#5804,.T.);
#4069=ORIENTED_EDGE('',*,*,#5807,.T.);
#4070=ORIENTED_EDGE('',*,*,#5800,.T.);
#4071=ORIENTED_EDGE('',*,*,#5796,.T.);
#4072=ORIENTED_EDGE('',*,*,#5792,.T.);
#4073=ORIENTED_EDGE('',*,*,#5795,.T.);
#4074=ORIENTED_EDGE('',*,*,#5788,.T.);
#4075=ORIENTED_EDGE('',*,*,#5784,.T.);
#4076=ORIENTED_EDGE('',*,*,#5780,.T.);
#4077=ORIENTED_EDGE('',*,*,#5783,.T.);
#4078=ORIENTED_EDGE('',*,*,#5776,.T.);
#4079=ORIENTED_EDGE('',*,*,#5772,.T.);
#4080=ORIENTED_EDGE('',*,*,#5768,.T.);
#4081=ORIENTED_EDGE('',*,*,#5771,.T.);
#4082=ORIENTED_EDGE('',*,*,#5764,.T.);
#4083=ORIENTED_EDGE('',*,*,#5760,.T.);
#4084=ORIENTED_EDGE('',*,*,#5756,.T.);
#4085=ORIENTED_EDGE('',*,*,#5759,.T.);
#4086=ORIENTED_EDGE('',*,*,#5752,.T.);
#4087=ORIENTED_EDGE('',*,*,#5748,.T.);
#4088=ORIENTED_EDGE('',*,*,#5744,.T.);
#4089=ORIENTED_EDGE('',*,*,#5747,.T.);
#4090=ORIENTED_EDGE('',*,*,#5740,.T.);
#4091=ORIENTED_EDGE('',*,*,#5736,.T.);
#4092=ORIENTED_EDGE('',*,*,#5732,.T.);
#4093=ORIENTED_EDGE('',*,*,#5735,.T.);
#4094=ORIENTED_EDGE('',*,*,#5728,.T.);
#4095=ORIENTED_EDGE('',*,*,#5724,.T.);
#4096=ORIENTED_EDGE('',*,*,#5720,.T.);
#4097=ORIENTED_EDGE('',*,*,#5723,.T.);
#4098=ORIENTED_EDGE('',*,*,#5716,.T.);
#4099=ORIENTED_EDGE('',*,*,#5712,.T.);
#4100=ORIENTED_EDGE('',*,*,#5708,.T.);
#4101=ORIENTED_EDGE('',*,*,#5711,.T.);
#4102=ORIENTED_EDGE('',*,*,#5704,.T.);
#4103=ORIENTED_EDGE('',*,*,#5700,.T.);
#4104=ORIENTED_EDGE('',*,*,#5696,.T.);
#4105=ORIENTED_EDGE('',*,*,#5699,.T.);
#4106=ORIENTED_EDGE('',*,*,#5692,.T.);
#4107=ORIENTED_EDGE('',*,*,#5688,.T.);
#4108=ORIENTED_EDGE('',*,*,#5684,.T.);
#4109=ORIENTED_EDGE('',*,*,#5687,.T.);
#4110=ORIENTED_EDGE('',*,*,#5680,.T.);
#4111=ORIENTED_EDGE('',*,*,#5676,.T.);
#4112=ORIENTED_EDGE('',*,*,#5672,.T.);
#4113=ORIENTED_EDGE('',*,*,#5675,.T.);
#4114=ORIENTED_EDGE('',*,*,#5668,.T.);
#4115=ORIENTED_EDGE('',*,*,#5664,.T.);
#4116=ORIENTED_EDGE('',*,*,#5660,.T.);
#4117=ORIENTED_EDGE('',*,*,#5663,.T.);
#4118=ORIENTED_EDGE('',*,*,#5656,.T.);
#4119=ORIENTED_EDGE('',*,*,#5652,.T.);
#4120=ORIENTED_EDGE('',*,*,#5648,.T.);
#4121=ORIENTED_EDGE('',*,*,#5651,.T.);
#4122=ORIENTED_EDGE('',*,*,#5644,.T.);
#4123=ORIENTED_EDGE('',*,*,#5640,.T.);
#4124=ORIENTED_EDGE('',*,*,#5636,.T.);
#4125=ORIENTED_EDGE('',*,*,#5639,.T.);
#4126=ORIENTED_EDGE('',*,*,#5632,.T.);
#4127=ORIENTED_EDGE('',*,*,#5628,.T.);
#4128=ORIENTED_EDGE('',*,*,#5624,.T.);
#4129=ORIENTED_EDGE('',*,*,#5627,.T.);
#4130=ORIENTED_EDGE('',*,*,#5620,.T.);
#4131=ORIENTED_EDGE('',*,*,#5616,.T.);
#4132=ORIENTED_EDGE('',*,*,#5612,.T.);
#4133=ORIENTED_EDGE('',*,*,#5615,.T.);
#4134=ORIENTED_EDGE('',*,*,#5608,.T.);
#4135=ORIENTED_EDGE('',*,*,#5604,.T.);
#4136=ORIENTED_EDGE('',*,*,#5600,.T.);
#4137=ORIENTED_EDGE('',*,*,#5603,.T.);
#4138=ORIENTED_EDGE('',*,*,#5596,.T.);
#4139=ORIENTED_EDGE('',*,*,#5592,.T.);
#4140=ORIENTED_EDGE('',*,*,#5588,.T.);
#4141=ORIENTED_EDGE('',*,*,#5591,.T.);
#4142=ORIENTED_EDGE('',*,*,#5584,.T.);
#4143=ORIENTED_EDGE('',*,*,#5580,.T.);
#4144=ORIENTED_EDGE('',*,*,#5576,.T.);
#4145=ORIENTED_EDGE('',*,*,#5579,.T.);
#4146=ORIENTED_EDGE('',*,*,#5572,.T.);
#4147=ORIENTED_EDGE('',*,*,#5568,.T.);
#4148=ORIENTED_EDGE('',*,*,#5564,.T.);
#4149=ORIENTED_EDGE('',*,*,#5567,.T.);
#4150=ORIENTED_EDGE('',*,*,#5560,.T.);
#4151=ORIENTED_EDGE('',*,*,#5556,.T.);
#4152=ORIENTED_EDGE('',*,*,#5552,.T.);
#4153=ORIENTED_EDGE('',*,*,#5555,.T.);
#4154=ORIENTED_EDGE('',*,*,#5548,.T.);
#4155=ORIENTED_EDGE('',*,*,#5544,.T.);
#4156=ORIENTED_EDGE('',*,*,#5540,.T.);
#4157=ORIENTED_EDGE('',*,*,#5543,.T.);
#4158=ORIENTED_EDGE('',*,*,#5536,.T.);
#4159=ORIENTED_EDGE('',*,*,#5532,.T.);
#4160=ORIENTED_EDGE('',*,*,#5528,.T.);
#4161=ORIENTED_EDGE('',*,*,#5531,.T.);
#4162=ORIENTED_EDGE('',*,*,#5524,.T.);
#4163=ORIENTED_EDGE('',*,*,#5520,.T.);
#4164=ORIENTED_EDGE('',*,*,#5516,.T.);
#4165=ORIENTED_EDGE('',*,*,#5519,.T.);
#4166=ORIENTED_EDGE('',*,*,#5512,.T.);
#4167=ORIENTED_EDGE('',*,*,#5508,.T.);
#4168=ORIENTED_EDGE('',*,*,#5504,.T.);
#4169=ORIENTED_EDGE('',*,*,#5507,.T.);
#4170=ORIENTED_EDGE('',*,*,#5500,.T.);
#4171=ORIENTED_EDGE('',*,*,#5496,.T.);
#4172=ORIENTED_EDGE('',*,*,#5492,.T.);
#4173=ORIENTED_EDGE('',*,*,#5495,.T.);
#4174=ORIENTED_EDGE('',*,*,#5488,.T.);
#4175=ORIENTED_EDGE('',*,*,#5484,.T.);
#4176=ORIENTED_EDGE('',*,*,#5480,.T.);
#4177=ORIENTED_EDGE('',*,*,#5483,.T.);
#4178=ORIENTED_EDGE('',*,*,#5476,.T.);
#4179=ORIENTED_EDGE('',*,*,#5472,.T.);
#4180=ORIENTED_EDGE('',*,*,#5468,.T.);
#4181=ORIENTED_EDGE('',*,*,#5471,.T.);
#4182=ORIENTED_EDGE('',*,*,#5464,.T.);
#4183=ORIENTED_EDGE('',*,*,#5460,.T.);
#4184=ORIENTED_EDGE('',*,*,#5456,.T.);
#4185=ORIENTED_EDGE('',*,*,#5459,.T.);
#4186=ORIENTED_EDGE('',*,*,#5452,.T.);
#4187=ORIENTED_EDGE('',*,*,#5448,.T.);
#4188=ORIENTED_EDGE('',*,*,#5444,.T.);
#4189=ORIENTED_EDGE('',*,*,#5447,.T.);
#4190=ORIENTED_EDGE('',*,*,#5440,.T.);
#4191=ORIENTED_EDGE('',*,*,#5436,.T.);
#4192=ORIENTED_EDGE('',*,*,#5432,.T.);
#4193=ORIENTED_EDGE('',*,*,#5435,.T.);
#4194=ORIENTED_EDGE('',*,*,#5428,.T.);
#4195=ORIENTED_EDGE('',*,*,#5424,.T.);
#4196=ORIENTED_EDGE('',*,*,#5420,.T.);
#4197=ORIENTED_EDGE('',*,*,#5423,.T.);
#4198=ORIENTED_EDGE('',*,*,#5416,.T.);
#4199=ORIENTED_EDGE('',*,*,#5412,.T.);
#4200=ORIENTED_EDGE('',*,*,#5408,.T.);
#4201=ORIENTED_EDGE('',*,*,#5411,.T.);
#4202=ORIENTED_EDGE('',*,*,#5404,.T.);
#4203=ORIENTED_EDGE('',*,*,#5400,.T.);
#4204=ORIENTED_EDGE('',*,*,#5396,.T.);
#4205=ORIENTED_EDGE('',*,*,#5399,.T.);
#4206=ORIENTED_EDGE('',*,*,#5392,.T.);
#4207=ORIENTED_EDGE('',*,*,#5388,.T.);
#4208=ORIENTED_EDGE('',*,*,#5384,.T.);
#4209=ORIENTED_EDGE('',*,*,#5387,.T.);
#4210=ORIENTED_EDGE('',*,*,#5380,.T.);
#4211=ORIENTED_EDGE('',*,*,#5376,.T.);
#4212=ORIENTED_EDGE('',*,*,#5372,.T.);
#4213=ORIENTED_EDGE('',*,*,#5375,.T.);
#4214=ORIENTED_EDGE('',*,*,#5368,.T.);
#4215=ORIENTED_EDGE('',*,*,#5364,.T.);
#4216=ORIENTED_EDGE('',*,*,#5360,.T.);
#4217=ORIENTED_EDGE('',*,*,#5363,.T.);
#4218=ORIENTED_EDGE('',*,*,#5356,.T.);
#4219=ORIENTED_EDGE('',*,*,#5352,.T.);
#4220=ORIENTED_EDGE('',*,*,#5348,.T.);
#4221=ORIENTED_EDGE('',*,*,#5351,.T.);
#4222=ORIENTED_EDGE('',*,*,#5344,.T.);
#4223=ORIENTED_EDGE('',*,*,#5340,.T.);
#4224=ORIENTED_EDGE('',*,*,#5336,.T.);
#4225=ORIENTED_EDGE('',*,*,#5339,.T.);
#4226=ORIENTED_EDGE('',*,*,#5332,.T.);
#4227=ORIENTED_EDGE('',*,*,#5328,.T.);
#4228=ORIENTED_EDGE('',*,*,#5324,.T.);
#4229=ORIENTED_EDGE('',*,*,#5327,.T.);
#4230=ORIENTED_EDGE('',*,*,#5320,.T.);
#4231=ORIENTED_EDGE('',*,*,#5316,.T.);
#4232=ORIENTED_EDGE('',*,*,#5312,.T.);
#4233=ORIENTED_EDGE('',*,*,#5315,.T.);
#4234=ORIENTED_EDGE('',*,*,#5308,.T.);
#4235=ORIENTED_EDGE('',*,*,#5304,.T.);
#4236=ORIENTED_EDGE('',*,*,#5300,.T.);
#4237=ORIENTED_EDGE('',*,*,#5303,.T.);
#4238=ORIENTED_EDGE('',*,*,#5296,.T.);
#4239=ORIENTED_EDGE('',*,*,#5292,.T.);
#4240=ORIENTED_EDGE('',*,*,#5288,.T.);
#4241=ORIENTED_EDGE('',*,*,#5291,.T.);
#4242=ORIENTED_EDGE('',*,*,#5284,.T.);
#4243=ORIENTED_EDGE('',*,*,#5280,.T.);
#4244=ORIENTED_EDGE('',*,*,#5276,.T.);
#4245=ORIENTED_EDGE('',*,*,#5279,.T.);
#4246=ORIENTED_EDGE('',*,*,#5272,.T.);
#4247=ORIENTED_EDGE('',*,*,#5268,.T.);
#4248=ORIENTED_EDGE('',*,*,#5264,.T.);
#4249=ORIENTED_EDGE('',*,*,#5267,.T.);
#4250=ORIENTED_EDGE('',*,*,#5260,.T.);
#4251=ORIENTED_EDGE('',*,*,#5256,.T.);
#4252=ORIENTED_EDGE('',*,*,#5252,.T.);
#4253=ORIENTED_EDGE('',*,*,#5255,.T.);
#4254=ORIENTED_EDGE('',*,*,#5248,.T.);
#4255=ORIENTED_EDGE('',*,*,#5244,.T.);
#4256=ORIENTED_EDGE('',*,*,#5240,.T.);
#4257=ORIENTED_EDGE('',*,*,#5243,.T.);
#4258=ORIENTED_EDGE('',*,*,#5236,.T.);
#4259=ORIENTED_EDGE('',*,*,#5232,.T.);
#4260=ORIENTED_EDGE('',*,*,#5228,.T.);
#4261=ORIENTED_EDGE('',*,*,#5231,.T.);
#4262=ORIENTED_EDGE('',*,*,#5224,.T.);
#4263=ORIENTED_EDGE('',*,*,#5220,.T.);
#4264=ORIENTED_EDGE('',*,*,#5216,.T.);
#4265=ORIENTED_EDGE('',*,*,#5219,.T.);
#4266=ORIENTED_EDGE('',*,*,#5212,.T.);
#4267=ORIENTED_EDGE('',*,*,#5208,.T.);
#4268=ORIENTED_EDGE('',*,*,#5204,.T.);
#4269=ORIENTED_EDGE('',*,*,#5207,.T.);
#4270=ORIENTED_EDGE('',*,*,#5200,.T.);
#4271=ORIENTED_EDGE('',*,*,#5196,.T.);
#4272=ORIENTED_EDGE('',*,*,#5192,.T.);
#4273=ORIENTED_EDGE('',*,*,#5195,.T.);
#4274=ORIENTED_EDGE('',*,*,#5188,.T.);
#4275=ORIENTED_EDGE('',*,*,#5184,.T.);
#4276=ORIENTED_EDGE('',*,*,#5180,.T.);
#4277=ORIENTED_EDGE('',*,*,#5183,.T.);
#4278=ORIENTED_EDGE('',*,*,#5176,.T.);
#4279=ORIENTED_EDGE('',*,*,#5172,.T.);
#4280=ORIENTED_EDGE('',*,*,#5168,.T.);
#4281=ORIENTED_EDGE('',*,*,#5171,.T.);
#4282=ORIENTED_EDGE('',*,*,#5164,.T.);
#4283=ORIENTED_EDGE('',*,*,#5160,.T.);
#4284=ORIENTED_EDGE('',*,*,#5156,.T.);
#4285=ORIENTED_EDGE('',*,*,#5159,.T.);
#4286=ORIENTED_EDGE('',*,*,#5152,.T.);
#4287=ORIENTED_EDGE('',*,*,#5148,.T.);
#4288=ORIENTED_EDGE('',*,*,#5144,.T.);
#4289=ORIENTED_EDGE('',*,*,#5147,.T.);
#4290=ORIENTED_EDGE('',*,*,#5140,.T.);
#4291=ORIENTED_EDGE('',*,*,#5136,.T.);
#4292=ORIENTED_EDGE('',*,*,#5132,.T.);
#4293=ORIENTED_EDGE('',*,*,#5135,.T.);
#4294=ORIENTED_EDGE('',*,*,#5128,.T.);
#4295=ORIENTED_EDGE('',*,*,#5124,.T.);
#4296=ORIENTED_EDGE('',*,*,#5120,.T.);
#4297=ORIENTED_EDGE('',*,*,#5123,.T.);
#4298=ORIENTED_EDGE('',*,*,#5116,.T.);
#4299=ORIENTED_EDGE('',*,*,#5112,.T.);
#4300=ORIENTED_EDGE('',*,*,#5108,.T.);
#4301=ORIENTED_EDGE('',*,*,#5111,.T.);
#4302=ORIENTED_EDGE('',*,*,#5104,.T.);
#4303=ORIENTED_EDGE('',*,*,#5100,.T.);
#4304=ORIENTED_EDGE('',*,*,#5096,.T.);
#4305=ORIENTED_EDGE('',*,*,#5099,.T.);
#4306=ORIENTED_EDGE('',*,*,#5092,.T.);
#4307=ORIENTED_EDGE('',*,*,#5088,.T.);
#4308=ORIENTED_EDGE('',*,*,#5084,.T.);
#4309=ORIENTED_EDGE('',*,*,#5087,.T.);
#4310=ORIENTED_EDGE('',*,*,#5080,.T.);
#4311=ORIENTED_EDGE('',*,*,#5076,.T.);
#4312=ORIENTED_EDGE('',*,*,#5072,.T.);
#4313=ORIENTED_EDGE('',*,*,#5075,.T.);
#4314=ORIENTED_EDGE('',*,*,#5068,.T.);
#4315=ORIENTED_EDGE('',*,*,#5064,.T.);
#4316=ORIENTED_EDGE('',*,*,#5060,.T.);
#4317=ORIENTED_EDGE('',*,*,#5063,.T.);
#4318=ORIENTED_EDGE('',*,*,#5056,.T.);
#4319=ORIENTED_EDGE('',*,*,#5052,.T.);
#4320=ORIENTED_EDGE('',*,*,#5048,.T.);
#4321=ORIENTED_EDGE('',*,*,#5051,.T.);
#4322=ORIENTED_EDGE('',*,*,#5044,.T.);
#4323=ORIENTED_EDGE('',*,*,#5040,.T.);
#4324=ORIENTED_EDGE('',*,*,#5036,.T.);
#4325=ORIENTED_EDGE('',*,*,#5039,.T.);
#4326=ORIENTED_EDGE('',*,*,#5032,.T.);
#4327=ORIENTED_EDGE('',*,*,#5028,.T.);
#4328=ORIENTED_EDGE('',*,*,#5024,.T.);
#4329=ORIENTED_EDGE('',*,*,#5027,.T.);
#4330=ORIENTED_EDGE('',*,*,#5020,.T.);
#4331=ORIENTED_EDGE('',*,*,#5016,.T.);
#4332=ORIENTED_EDGE('',*,*,#5012,.T.);
#4333=ORIENTED_EDGE('',*,*,#5015,.T.);
#4334=ORIENTED_EDGE('',*,*,#5008,.T.);
#4335=ORIENTED_EDGE('',*,*,#5004,.T.);
#4336=ORIENTED_EDGE('',*,*,#5000,.T.);
#4337=ORIENTED_EDGE('',*,*,#5003,.T.);
#4338=ORIENTED_EDGE('',*,*,#4996,.T.);
#4339=ORIENTED_EDGE('',*,*,#4992,.T.);
#4340=ORIENTED_EDGE('',*,*,#4988,.T.);
#4341=ORIENTED_EDGE('',*,*,#4991,.T.);
#4342=ORIENTED_EDGE('',*,*,#4984,.T.);
#4343=ORIENTED_EDGE('',*,*,#4965,.F.);
#4344=ORIENTED_EDGE('',*,*,#4982,.F.);
#4345=ORIENTED_EDGE('',*,*,#4983,.F.);
#4346=ORIENTED_EDGE('',*,*,#4990,.F.);
#4347=ORIENTED_EDGE('',*,*,#4986,.F.);
#4348=ORIENTED_EDGE('',*,*,#4994,.F.);
#4349=ORIENTED_EDGE('',*,*,#4995,.F.);
#4350=ORIENTED_EDGE('',*,*,#5002,.F.);
#4351=ORIENTED_EDGE('',*,*,#4998,.F.);
#4352=ORIENTED_EDGE('',*,*,#5006,.F.);
#4353=ORIENTED_EDGE('',*,*,#5007,.F.);
#4354=ORIENTED_EDGE('',*,*,#5014,.F.);
#4355=ORIENTED_EDGE('',*,*,#5010,.F.);
#4356=ORIENTED_EDGE('',*,*,#5018,.F.);
#4357=ORIENTED_EDGE('',*,*,#5019,.F.);
#4358=ORIENTED_EDGE('',*,*,#5026,.F.);
#4359=ORIENTED_EDGE('',*,*,#5022,.F.);
#4360=ORIENTED_EDGE('',*,*,#5030,.F.);
#4361=ORIENTED_EDGE('',*,*,#5031,.F.);
#4362=ORIENTED_EDGE('',*,*,#5038,.F.);
#4363=ORIENTED_EDGE('',*,*,#5034,.F.);
#4364=ORIENTED_EDGE('',*,*,#5042,.F.);
#4365=ORIENTED_EDGE('',*,*,#5043,.F.);
#4366=ORIENTED_EDGE('',*,*,#5050,.F.);
#4367=ORIENTED_EDGE('',*,*,#5046,.F.);
#4368=ORIENTED_EDGE('',*,*,#5054,.F.);
#4369=ORIENTED_EDGE('',*,*,#5055,.F.);
#4370=ORIENTED_EDGE('',*,*,#5062,.F.);
#4371=ORIENTED_EDGE('',*,*,#5058,.F.);
#4372=ORIENTED_EDGE('',*,*,#5066,.F.);
#4373=ORIENTED_EDGE('',*,*,#5067,.F.);
#4374=ORIENTED_EDGE('',*,*,#5074,.F.);
#4375=ORIENTED_EDGE('',*,*,#5070,.F.);
#4376=ORIENTED_EDGE('',*,*,#5078,.F.);
#4377=ORIENTED_EDGE('',*,*,#5079,.F.);
#4378=ORIENTED_EDGE('',*,*,#5086,.F.);
#4379=ORIENTED_EDGE('',*,*,#5082,.F.);
#4380=ORIENTED_EDGE('',*,*,#5090,.F.);
#4381=ORIENTED_EDGE('',*,*,#5091,.F.);
#4382=ORIENTED_EDGE('',*,*,#5098,.F.);
#4383=ORIENTED_EDGE('',*,*,#5094,.F.);
#4384=ORIENTED_EDGE('',*,*,#5102,.F.);
#4385=ORIENTED_EDGE('',*,*,#5103,.F.);
#4386=ORIENTED_EDGE('',*,*,#5110,.F.);
#4387=ORIENTED_EDGE('',*,*,#5106,.F.);
#4388=ORIENTED_EDGE('',*,*,#5114,.F.);
#4389=ORIENTED_EDGE('',*,*,#5115,.F.);
#4390=ORIENTED_EDGE('',*,*,#5122,.F.);
#4391=ORIENTED_EDGE('',*,*,#5118,.F.);
#4392=ORIENTED_EDGE('',*,*,#5126,.F.);
#4393=ORIENTED_EDGE('',*,*,#5127,.F.);
#4394=ORIENTED_EDGE('',*,*,#5134,.F.);
#4395=ORIENTED_EDGE('',*,*,#5130,.F.);
#4396=ORIENTED_EDGE('',*,*,#5138,.F.);
#4397=ORIENTED_EDGE('',*,*,#5139,.F.);
#4398=ORIENTED_EDGE('',*,*,#5146,.F.);
#4399=ORIENTED_EDGE('',*,*,#5142,.F.);
#4400=ORIENTED_EDGE('',*,*,#5150,.F.);
#4401=ORIENTED_EDGE('',*,*,#5151,.F.);
#4402=ORIENTED_EDGE('',*,*,#5158,.F.);
#4403=ORIENTED_EDGE('',*,*,#5154,.F.);
#4404=ORIENTED_EDGE('',*,*,#5162,.F.);
#4405=ORIENTED_EDGE('',*,*,#5163,.F.);
#4406=ORIENTED_EDGE('',*,*,#5170,.F.);
#4407=ORIENTED_EDGE('',*,*,#5166,.F.);
#4408=ORIENTED_EDGE('',*,*,#5174,.F.);
#4409=ORIENTED_EDGE('',*,*,#5175,.F.);
#4410=ORIENTED_EDGE('',*,*,#5182,.F.);
#4411=ORIENTED_EDGE('',*,*,#5178,.F.);
#4412=ORIENTED_EDGE('',*,*,#5186,.F.);
#4413=ORIENTED_EDGE('',*,*,#5187,.F.);
#4414=ORIENTED_EDGE('',*,*,#5194,.F.);
#4415=ORIENTED_EDGE('',*,*,#5190,.F.);
#4416=ORIENTED_EDGE('',*,*,#5198,.F.);
#4417=ORIENTED_EDGE('',*,*,#5199,.F.);
#4418=ORIENTED_EDGE('',*,*,#5206,.F.);
#4419=ORIENTED_EDGE('',*,*,#5202,.F.);
#4420=ORIENTED_EDGE('',*,*,#5210,.F.);
#4421=ORIENTED_EDGE('',*,*,#5211,.F.);
#4422=ORIENTED_EDGE('',*,*,#5218,.F.);
#4423=ORIENTED_EDGE('',*,*,#5214,.F.);
#4424=ORIENTED_EDGE('',*,*,#5222,.F.);
#4425=ORIENTED_EDGE('',*,*,#5223,.F.);
#4426=ORIENTED_EDGE('',*,*,#5230,.F.);
#4427=ORIENTED_EDGE('',*,*,#5226,.F.);
#4428=ORIENTED_EDGE('',*,*,#5234,.F.);
#4429=ORIENTED_EDGE('',*,*,#5235,.F.);
#4430=ORIENTED_EDGE('',*,*,#5242,.F.);
#4431=ORIENTED_EDGE('',*,*,#5238,.F.);
#4432=ORIENTED_EDGE('',*,*,#5246,.F.);
#4433=ORIENTED_EDGE('',*,*,#5247,.F.);
#4434=ORIENTED_EDGE('',*,*,#5254,.F.);
#4435=ORIENTED_EDGE('',*,*,#5250,.F.);
#4436=ORIENTED_EDGE('',*,*,#5258,.F.);
#4437=ORIENTED_EDGE('',*,*,#5259,.F.);
#4438=ORIENTED_EDGE('',*,*,#5266,.F.);
#4439=ORIENTED_EDGE('',*,*,#5262,.F.);
#4440=ORIENTED_EDGE('',*,*,#5270,.F.);
#4441=ORIENTED_EDGE('',*,*,#5271,.F.);
#4442=ORIENTED_EDGE('',*,*,#5278,.F.);
#4443=ORIENTED_EDGE('',*,*,#5274,.F.);
#4444=ORIENTED_EDGE('',*,*,#5282,.F.);
#4445=ORIENTED_EDGE('',*,*,#5283,.F.);
#4446=ORIENTED_EDGE('',*,*,#5290,.F.);
#4447=ORIENTED_EDGE('',*,*,#5286,.F.);
#4448=ORIENTED_EDGE('',*,*,#5294,.F.);
#4449=ORIENTED_EDGE('',*,*,#5295,.F.);
#4450=ORIENTED_EDGE('',*,*,#5302,.F.);
#4451=ORIENTED_EDGE('',*,*,#5298,.F.);
#4452=ORIENTED_EDGE('',*,*,#5306,.F.);
#4453=ORIENTED_EDGE('',*,*,#5307,.F.);
#4454=ORIENTED_EDGE('',*,*,#5314,.F.);
#4455=ORIENTED_EDGE('',*,*,#5310,.F.);
#4456=ORIENTED_EDGE('',*,*,#5318,.F.);
#4457=ORIENTED_EDGE('',*,*,#5319,.F.);
#4458=ORIENTED_EDGE('',*,*,#5326,.F.);
#4459=ORIENTED_EDGE('',*,*,#5322,.F.);
#4460=ORIENTED_EDGE('',*,*,#5330,.F.);
#4461=ORIENTED_EDGE('',*,*,#5331,.F.);
#4462=ORIENTED_EDGE('',*,*,#5338,.F.);
#4463=ORIENTED_EDGE('',*,*,#5334,.F.);
#4464=ORIENTED_EDGE('',*,*,#5342,.F.);
#4465=ORIENTED_EDGE('',*,*,#5343,.F.);
#4466=ORIENTED_EDGE('',*,*,#5350,.F.);
#4467=ORIENTED_EDGE('',*,*,#5346,.F.);
#4468=ORIENTED_EDGE('',*,*,#5354,.F.);
#4469=ORIENTED_EDGE('',*,*,#5355,.F.);
#4470=ORIENTED_EDGE('',*,*,#5362,.F.);
#4471=ORIENTED_EDGE('',*,*,#5358,.F.);
#4472=ORIENTED_EDGE('',*,*,#5366,.F.);
#4473=ORIENTED_EDGE('',*,*,#5367,.F.);
#4474=ORIENTED_EDGE('',*,*,#5374,.F.);
#4475=ORIENTED_EDGE('',*,*,#5370,.F.);
#4476=ORIENTED_EDGE('',*,*,#5378,.F.);
#4477=ORIENTED_EDGE('',*,*,#5379,.F.);
#4478=ORIENTED_EDGE('',*,*,#5386,.F.);
#4479=ORIENTED_EDGE('',*,*,#5382,.F.);
#4480=ORIENTED_EDGE('',*,*,#5390,.F.);
#4481=ORIENTED_EDGE('',*,*,#5391,.F.);
#4482=ORIENTED_EDGE('',*,*,#5398,.F.);
#4483=ORIENTED_EDGE('',*,*,#5394,.F.);
#4484=ORIENTED_EDGE('',*,*,#5402,.F.);
#4485=ORIENTED_EDGE('',*,*,#5403,.F.);
#4486=ORIENTED_EDGE('',*,*,#5410,.F.);
#4487=ORIENTED_EDGE('',*,*,#5406,.F.);
#4488=ORIENTED_EDGE('',*,*,#5414,.F.);
#4489=ORIENTED_EDGE('',*,*,#5415,.F.);
#4490=ORIENTED_EDGE('',*,*,#5422,.F.);
#4491=ORIENTED_EDGE('',*,*,#5418,.F.);
#4492=ORIENTED_EDGE('',*,*,#5426,.F.);
#4493=ORIENTED_EDGE('',*,*,#5427,.F.);
#4494=ORIENTED_EDGE('',*,*,#5434,.F.);
#4495=ORIENTED_EDGE('',*,*,#5430,.F.);
#4496=ORIENTED_EDGE('',*,*,#5438,.F.);
#4497=ORIENTED_EDGE('',*,*,#5439,.F.);
#4498=ORIENTED_EDGE('',*,*,#5446,.F.);
#4499=ORIENTED_EDGE('',*,*,#5442,.F.);
#4500=ORIENTED_EDGE('',*,*,#5450,.F.);
#4501=ORIENTED_EDGE('',*,*,#5451,.F.);
#4502=ORIENTED_EDGE('',*,*,#5458,.F.);
#4503=ORIENTED_EDGE('',*,*,#5454,.F.);
#4504=ORIENTED_EDGE('',*,*,#5462,.F.);
#4505=ORIENTED_EDGE('',*,*,#5463,.F.);
#4506=ORIENTED_EDGE('',*,*,#5470,.F.);
#4507=ORIENTED_EDGE('',*,*,#5466,.F.);
#4508=ORIENTED_EDGE('',*,*,#5474,.F.);
#4509=ORIENTED_EDGE('',*,*,#5475,.F.);
#4510=ORIENTED_EDGE('',*,*,#5482,.F.);
#4511=ORIENTED_EDGE('',*,*,#5478,.F.);
#4512=ORIENTED_EDGE('',*,*,#5486,.F.);
#4513=ORIENTED_EDGE('',*,*,#5487,.F.);
#4514=ORIENTED_EDGE('',*,*,#5494,.F.);
#4515=ORIENTED_EDGE('',*,*,#5490,.F.);
#4516=ORIENTED_EDGE('',*,*,#5498,.F.);
#4517=ORIENTED_EDGE('',*,*,#5499,.F.);
#4518=ORIENTED_EDGE('',*,*,#5506,.F.);
#4519=ORIENTED_EDGE('',*,*,#5502,.F.);
#4520=ORIENTED_EDGE('',*,*,#5510,.F.);
#4521=ORIENTED_EDGE('',*,*,#5511,.F.);
#4522=ORIENTED_EDGE('',*,*,#5518,.F.);
#4523=ORIENTED_EDGE('',*,*,#5514,.F.);
#4524=ORIENTED_EDGE('',*,*,#5522,.F.);
#4525=ORIENTED_EDGE('',*,*,#5523,.F.);
#4526=ORIENTED_EDGE('',*,*,#5530,.F.);
#4527=ORIENTED_EDGE('',*,*,#5526,.F.);
#4528=ORIENTED_EDGE('',*,*,#5534,.F.);
#4529=ORIENTED_EDGE('',*,*,#5535,.F.);
#4530=ORIENTED_EDGE('',*,*,#5542,.F.);
#4531=ORIENTED_EDGE('',*,*,#5538,.F.);
#4532=ORIENTED_EDGE('',*,*,#5546,.F.);
#4533=ORIENTED_EDGE('',*,*,#5547,.F.);
#4534=ORIENTED_EDGE('',*,*,#5554,.F.);
#4535=ORIENTED_EDGE('',*,*,#5550,.F.);
#4536=ORIENTED_EDGE('',*,*,#5558,.F.);
#4537=ORIENTED_EDGE('',*,*,#5559,.F.);
#4538=ORIENTED_EDGE('',*,*,#5566,.F.);
#4539=ORIENTED_EDGE('',*,*,#5562,.F.);
#4540=ORIENTED_EDGE('',*,*,#5570,.F.);
#4541=ORIENTED_EDGE('',*,*,#5571,.F.);
#4542=ORIENTED_EDGE('',*,*,#5578,.F.);
#4543=ORIENTED_EDGE('',*,*,#5574,.F.);
#4544=ORIENTED_EDGE('',*,*,#5582,.F.);
#4545=ORIENTED_EDGE('',*,*,#5583,.F.);
#4546=ORIENTED_EDGE('',*,*,#5590,.F.);
#4547=ORIENTED_EDGE('',*,*,#5586,.F.);
#4548=ORIENTED_EDGE('',*,*,#5594,.F.);
#4549=ORIENTED_EDGE('',*,*,#5595,.F.);
#4550=ORIENTED_EDGE('',*,*,#5602,.F.);
#4551=ORIENTED_EDGE('',*,*,#5598,.F.);
#4552=ORIENTED_EDGE('',*,*,#5606,.F.);
#4553=ORIENTED_EDGE('',*,*,#5607,.F.);
#4554=ORIENTED_EDGE('',*,*,#5614,.F.);
#4555=ORIENTED_EDGE('',*,*,#5610,.F.);
#4556=ORIENTED_EDGE('',*,*,#5618,.F.);
#4557=ORIENTED_EDGE('',*,*,#5619,.F.);
#4558=ORIENTED_EDGE('',*,*,#5626,.F.);
#4559=ORIENTED_EDGE('',*,*,#5622,.F.);
#4560=ORIENTED_EDGE('',*,*,#5630,.F.);
#4561=ORIENTED_EDGE('',*,*,#5631,.F.);
#4562=ORIENTED_EDGE('',*,*,#5638,.F.);
#4563=ORIENTED_EDGE('',*,*,#5634,.F.);
#4564=ORIENTED_EDGE('',*,*,#5642,.F.);
#4565=ORIENTED_EDGE('',*,*,#5643,.F.);
#4566=ORIENTED_EDGE('',*,*,#5650,.F.);
#4567=ORIENTED_EDGE('',*,*,#5646,.F.);
#4568=ORIENTED_EDGE('',*,*,#5654,.F.);
#4569=ORIENTED_EDGE('',*,*,#5655,.F.);
#4570=ORIENTED_EDGE('',*,*,#5662,.F.);
#4571=ORIENTED_EDGE('',*,*,#5658,.F.);
#4572=ORIENTED_EDGE('',*,*,#5666,.F.);
#4573=ORIENTED_EDGE('',*,*,#5667,.F.);
#4574=ORIENTED_EDGE('',*,*,#5674,.F.);
#4575=ORIENTED_EDGE('',*,*,#5670,.F.);
#4576=ORIENTED_EDGE('',*,*,#5678,.F.);
#4577=ORIENTED_EDGE('',*,*,#5679,.F.);
#4578=ORIENTED_EDGE('',*,*,#5686,.F.);
#4579=ORIENTED_EDGE('',*,*,#5682,.F.);
#4580=ORIENTED_EDGE('',*,*,#5690,.F.);
#4581=ORIENTED_EDGE('',*,*,#5691,.F.);
#4582=ORIENTED_EDGE('',*,*,#5698,.F.);
#4583=ORIENTED_EDGE('',*,*,#5694,.F.);
#4584=ORIENTED_EDGE('',*,*,#5702,.F.);
#4585=ORIENTED_EDGE('',*,*,#5703,.F.);
#4586=ORIENTED_EDGE('',*,*,#5710,.F.);
#4587=ORIENTED_EDGE('',*,*,#5706,.F.);
#4588=ORIENTED_EDGE('',*,*,#5714,.F.);
#4589=ORIENTED_EDGE('',*,*,#5715,.F.);
#4590=ORIENTED_EDGE('',*,*,#5722,.F.);
#4591=ORIENTED_EDGE('',*,*,#5718,.F.);
#4592=ORIENTED_EDGE('',*,*,#5726,.F.);
#4593=ORIENTED_EDGE('',*,*,#5727,.F.);
#4594=ORIENTED_EDGE('',*,*,#5734,.F.);
#4595=ORIENTED_EDGE('',*,*,#5730,.F.);
#4596=ORIENTED_EDGE('',*,*,#5738,.F.);
#4597=ORIENTED_EDGE('',*,*,#5739,.F.);
#4598=ORIENTED_EDGE('',*,*,#5746,.F.);
#4599=ORIENTED_EDGE('',*,*,#5742,.F.);
#4600=ORIENTED_EDGE('',*,*,#5750,.F.);
#4601=ORIENTED_EDGE('',*,*,#5751,.F.);
#4602=ORIENTED_EDGE('',*,*,#5758,.F.);
#4603=ORIENTED_EDGE('',*,*,#5754,.F.);
#4604=ORIENTED_EDGE('',*,*,#5762,.F.);
#4605=ORIENTED_EDGE('',*,*,#5763,.F.);
#4606=ORIENTED_EDGE('',*,*,#5770,.F.);
#4607=ORIENTED_EDGE('',*,*,#5766,.F.);
#4608=ORIENTED_EDGE('',*,*,#5774,.F.);
#4609=ORIENTED_EDGE('',*,*,#5775,.F.);
#4610=ORIENTED_EDGE('',*,*,#5782,.F.);
#4611=ORIENTED_EDGE('',*,*,#5778,.F.);
#4612=ORIENTED_EDGE('',*,*,#5786,.F.);
#4613=ORIENTED_EDGE('',*,*,#5787,.F.);
#4614=ORIENTED_EDGE('',*,*,#5794,.F.);
#4615=ORIENTED_EDGE('',*,*,#5790,.F.);
#4616=ORIENTED_EDGE('',*,*,#5798,.F.);
#4617=ORIENTED_EDGE('',*,*,#5799,.F.);
#4618=ORIENTED_EDGE('',*,*,#5806,.F.);
#4619=ORIENTED_EDGE('',*,*,#5802,.F.);
#4620=ORIENTED_EDGE('',*,*,#5810,.F.);
#4621=ORIENTED_EDGE('',*,*,#5811,.F.);
#4622=ORIENTED_EDGE('',*,*,#5818,.F.);
#4623=ORIENTED_EDGE('',*,*,#5814,.F.);
#4624=ORIENTED_EDGE('',*,*,#5822,.F.);
#4625=ORIENTED_EDGE('',*,*,#5823,.F.);
#4626=ORIENTED_EDGE('',*,*,#5830,.F.);
#4627=ORIENTED_EDGE('',*,*,#5826,.F.);
#4628=ORIENTED_EDGE('',*,*,#5834,.F.);
#4629=ORIENTED_EDGE('',*,*,#5835,.F.);
#4630=ORIENTED_EDGE('',*,*,#5842,.F.);
#4631=ORIENTED_EDGE('',*,*,#5838,.F.);
#4632=ORIENTED_EDGE('',*,*,#5846,.F.);
#4633=ORIENTED_EDGE('',*,*,#5847,.F.);
#4634=ORIENTED_EDGE('',*,*,#5854,.F.);
#4635=ORIENTED_EDGE('',*,*,#5850,.F.);
#4636=ORIENTED_EDGE('',*,*,#5858,.F.);
#4637=ORIENTED_EDGE('',*,*,#5859,.F.);
#4638=ORIENTED_EDGE('',*,*,#5866,.F.);
#4639=ORIENTED_EDGE('',*,*,#5862,.F.);
#4640=ORIENTED_EDGE('',*,*,#5870,.F.);
#4641=ORIENTED_EDGE('',*,*,#5871,.F.);
#4642=ORIENTED_EDGE('',*,*,#5878,.F.);
#4643=ORIENTED_EDGE('',*,*,#5874,.F.);
#4644=ORIENTED_EDGE('',*,*,#5882,.F.);
#4645=ORIENTED_EDGE('',*,*,#5883,.F.);
#4646=ORIENTED_EDGE('',*,*,#5890,.F.);
#4647=ORIENTED_EDGE('',*,*,#5886,.F.);
#4648=ORIENTED_EDGE('',*,*,#5894,.F.);
#4649=ORIENTED_EDGE('',*,*,#5895,.F.);
#4650=ORIENTED_EDGE('',*,*,#5902,.F.);
#4651=ORIENTED_EDGE('',*,*,#5898,.F.);
#4652=ORIENTED_EDGE('',*,*,#5906,.F.);
#4653=ORIENTED_EDGE('',*,*,#5907,.F.);
#4654=ORIENTED_EDGE('',*,*,#5914,.F.);
#4655=ORIENTED_EDGE('',*,*,#5910,.F.);
#4656=ORIENTED_EDGE('',*,*,#5918,.F.);
#4657=ORIENTED_EDGE('',*,*,#5919,.F.);
#4658=ORIENTED_EDGE('',*,*,#5926,.F.);
#4659=ORIENTED_EDGE('',*,*,#5922,.F.);
#4660=ORIENTED_EDGE('',*,*,#5930,.F.);
#4661=ORIENTED_EDGE('',*,*,#5931,.F.);
#4662=ORIENTED_EDGE('',*,*,#5938,.F.);
#4663=ORIENTED_EDGE('',*,*,#5934,.F.);
#4664=ORIENTED_EDGE('',*,*,#5942,.F.);
#4665=ORIENTED_EDGE('',*,*,#5943,.F.);
#4666=ORIENTED_EDGE('',*,*,#5950,.F.);
#4667=ORIENTED_EDGE('',*,*,#5946,.F.);
#4668=ORIENTED_EDGE('',*,*,#5954,.F.);
#4669=ORIENTED_EDGE('',*,*,#5955,.F.);
#4670=ORIENTED_EDGE('',*,*,#5962,.F.);
#4671=ORIENTED_EDGE('',*,*,#5958,.F.);
#4672=ORIENTED_EDGE('',*,*,#5966,.F.);
#4673=ORIENTED_EDGE('',*,*,#5967,.F.);
#4674=ORIENTED_EDGE('',*,*,#5974,.F.);
#4675=ORIENTED_EDGE('',*,*,#5970,.F.);
#4676=ORIENTED_EDGE('',*,*,#5978,.F.);
#4677=ORIENTED_EDGE('',*,*,#5979,.F.);
#4678=ORIENTED_EDGE('',*,*,#5986,.F.);
#4679=ORIENTED_EDGE('',*,*,#5982,.F.);
#4680=ORIENTED_EDGE('',*,*,#5990,.F.);
#4681=ORIENTED_EDGE('',*,*,#5991,.F.);
#4682=ORIENTED_EDGE('',*,*,#5998,.F.);
#4683=ORIENTED_EDGE('',*,*,#5994,.F.);
#4684=ORIENTED_EDGE('',*,*,#6002,.F.);
#4685=ORIENTED_EDGE('',*,*,#6003,.F.);
#4686=ORIENTED_EDGE('',*,*,#6010,.F.);
#4687=ORIENTED_EDGE('',*,*,#6006,.F.);
#4688=ORIENTED_EDGE('',*,*,#6014,.F.);
#4689=ORIENTED_EDGE('',*,*,#6015,.F.);
#4690=ORIENTED_EDGE('',*,*,#6022,.F.);
#4691=ORIENTED_EDGE('',*,*,#6018,.F.);
#4692=ORIENTED_EDGE('',*,*,#6026,.F.);
#4693=ORIENTED_EDGE('',*,*,#6027,.F.);
#4694=ORIENTED_EDGE('',*,*,#6034,.F.);
#4695=ORIENTED_EDGE('',*,*,#6030,.F.);
#4696=ORIENTED_EDGE('',*,*,#6038,.F.);
#4697=ORIENTED_EDGE('',*,*,#6039,.F.);
#4698=ORIENTED_EDGE('',*,*,#6046,.F.);
#4699=ORIENTED_EDGE('',*,*,#6042,.F.);
#4700=ORIENTED_EDGE('',*,*,#6050,.F.);
#4701=ORIENTED_EDGE('',*,*,#6051,.F.);
#4702=ORIENTED_EDGE('',*,*,#6058,.F.);
#4703=ORIENTED_EDGE('',*,*,#6054,.F.);
#4704=ORIENTED_EDGE('',*,*,#6062,.F.);
#4705=ORIENTED_EDGE('',*,*,#6063,.F.);
#4706=ORIENTED_EDGE('',*,*,#6070,.F.);
#4707=ORIENTED_EDGE('',*,*,#6066,.F.);
#4708=ORIENTED_EDGE('',*,*,#6074,.F.);
#4709=ORIENTED_EDGE('',*,*,#6075,.F.);
#4710=ORIENTED_EDGE('',*,*,#6082,.F.);
#4711=ORIENTED_EDGE('',*,*,#6078,.F.);
#4712=ORIENTED_EDGE('',*,*,#6086,.F.);
#4713=ORIENTED_EDGE('',*,*,#6087,.F.);
#4714=ORIENTED_EDGE('',*,*,#6094,.F.);
#4715=ORIENTED_EDGE('',*,*,#6090,.F.);
#4716=ORIENTED_EDGE('',*,*,#6098,.F.);
#4717=ORIENTED_EDGE('',*,*,#6099,.F.);
#4718=ORIENTED_EDGE('',*,*,#6106,.F.);
#4719=ORIENTED_EDGE('',*,*,#6102,.F.);
#4720=ORIENTED_EDGE('',*,*,#6110,.F.);
#4721=ORIENTED_EDGE('',*,*,#6111,.F.);
#4722=ORIENTED_EDGE('',*,*,#6118,.F.);
#4723=ORIENTED_EDGE('',*,*,#6114,.F.);
#4724=ORIENTED_EDGE('',*,*,#6122,.F.);
#4725=ORIENTED_EDGE('',*,*,#6123,.F.);
#4726=ORIENTED_EDGE('',*,*,#6130,.F.);
#4727=ORIENTED_EDGE('',*,*,#6126,.F.);
#4728=ORIENTED_EDGE('',*,*,#6134,.F.);
#4729=ORIENTED_EDGE('',*,*,#6135,.F.);
#4730=ORIENTED_EDGE('',*,*,#6142,.F.);
#4731=ORIENTED_EDGE('',*,*,#6138,.F.);
#4732=ORIENTED_EDGE('',*,*,#6146,.F.);
#4733=ORIENTED_EDGE('',*,*,#6147,.F.);
#4734=ORIENTED_EDGE('',*,*,#6154,.F.);
#4735=ORIENTED_EDGE('',*,*,#6150,.F.);
#4736=ORIENTED_EDGE('',*,*,#6158,.F.);
#4737=ORIENTED_EDGE('',*,*,#6159,.F.);
#4738=ORIENTED_EDGE('',*,*,#6166,.F.);
#4739=ORIENTED_EDGE('',*,*,#6162,.F.);
#4740=ORIENTED_EDGE('',*,*,#6170,.F.);
#4741=ORIENTED_EDGE('',*,*,#6171,.F.);
#4742=ORIENTED_EDGE('',*,*,#6178,.F.);
#4743=ORIENTED_EDGE('',*,*,#6174,.F.);
#4744=ORIENTED_EDGE('',*,*,#6182,.F.);
#4745=ORIENTED_EDGE('',*,*,#6183,.F.);
#4746=ORIENTED_EDGE('',*,*,#6190,.F.);
#4747=ORIENTED_EDGE('',*,*,#6186,.F.);
#4748=ORIENTED_EDGE('',*,*,#6194,.F.);
#4749=ORIENTED_EDGE('',*,*,#6195,.F.);
#4750=ORIENTED_EDGE('',*,*,#6202,.F.);
#4751=ORIENTED_EDGE('',*,*,#6198,.F.);
#4752=ORIENTED_EDGE('',*,*,#6206,.F.);
#4753=ORIENTED_EDGE('',*,*,#6207,.F.);
#4754=ORIENTED_EDGE('',*,*,#6214,.F.);
#4755=ORIENTED_EDGE('',*,*,#6210,.F.);
#4756=ORIENTED_EDGE('',*,*,#6218,.F.);
#4757=ORIENTED_EDGE('',*,*,#6219,.F.);
#4758=ORIENTED_EDGE('',*,*,#6226,.F.);
#4759=ORIENTED_EDGE('',*,*,#6222,.F.);
#4760=ORIENTED_EDGE('',*,*,#6230,.F.);
#4761=ORIENTED_EDGE('',*,*,#6231,.F.);
#4762=ORIENTED_EDGE('',*,*,#6238,.F.);
#4763=ORIENTED_EDGE('',*,*,#6234,.F.);
#4764=ORIENTED_EDGE('',*,*,#6242,.F.);
#4765=ORIENTED_EDGE('',*,*,#6243,.F.);
#4766=ORIENTED_EDGE('',*,*,#6250,.F.);
#4767=ORIENTED_EDGE('',*,*,#6246,.F.);
#4768=ORIENTED_EDGE('',*,*,#6254,.F.);
#4769=ORIENTED_EDGE('',*,*,#6255,.F.);
#4770=ORIENTED_EDGE('',*,*,#6262,.F.);
#4771=ORIENTED_EDGE('',*,*,#6258,.F.);
#4772=ORIENTED_EDGE('',*,*,#6266,.F.);
#4773=ORIENTED_EDGE('',*,*,#6267,.F.);
#4774=ORIENTED_EDGE('',*,*,#6274,.F.);
#4775=ORIENTED_EDGE('',*,*,#6270,.F.);
#4776=ORIENTED_EDGE('',*,*,#6278,.F.);
#4777=ORIENTED_EDGE('',*,*,#6279,.F.);
#4778=ORIENTED_EDGE('',*,*,#6286,.F.);
#4779=ORIENTED_EDGE('',*,*,#6282,.F.);
#4780=ORIENTED_EDGE('',*,*,#6290,.F.);
#4781=ORIENTED_EDGE('',*,*,#6291,.F.);
#4782=ORIENTED_EDGE('',*,*,#6298,.F.);
#4783=ORIENTED_EDGE('',*,*,#6294,.F.);
#4784=ORIENTED_EDGE('',*,*,#6302,.F.);
#4785=ORIENTED_EDGE('',*,*,#6303,.F.);
#4786=ORIENTED_EDGE('',*,*,#6310,.F.);
#4787=ORIENTED_EDGE('',*,*,#6306,.F.);
#4788=ORIENTED_EDGE('',*,*,#6314,.F.);
#4789=ORIENTED_EDGE('',*,*,#6315,.F.);
#4790=ORIENTED_EDGE('',*,*,#6322,.F.);
#4791=ORIENTED_EDGE('',*,*,#6318,.F.);
#4792=ORIENTED_EDGE('',*,*,#6326,.F.);
#4793=ORIENTED_EDGE('',*,*,#6327,.F.);
#4794=ORIENTED_EDGE('',*,*,#6334,.F.);
#4795=ORIENTED_EDGE('',*,*,#6330,.F.);
#4796=ORIENTED_EDGE('',*,*,#6338,.F.);
#4797=ORIENTED_EDGE('',*,*,#6339,.F.);
#4798=ORIENTED_EDGE('',*,*,#6346,.F.);
#4799=ORIENTED_EDGE('',*,*,#6342,.F.);
#4800=ORIENTED_EDGE('',*,*,#6350,.F.);
#4801=ORIENTED_EDGE('',*,*,#6351,.F.);
#4802=ORIENTED_EDGE('',*,*,#6358,.F.);
#4803=ORIENTED_EDGE('',*,*,#6354,.F.);
#4804=ORIENTED_EDGE('',*,*,#6362,.F.);
#4805=ORIENTED_EDGE('',*,*,#6363,.F.);
#4806=ORIENTED_EDGE('',*,*,#6370,.F.);
#4807=ORIENTED_EDGE('',*,*,#6366,.F.);
#4808=ORIENTED_EDGE('',*,*,#6374,.F.);
#4809=ORIENTED_EDGE('',*,*,#6375,.F.);
#4810=ORIENTED_EDGE('',*,*,#6382,.F.);
#4811=ORIENTED_EDGE('',*,*,#6378,.F.);
#4812=ORIENTED_EDGE('',*,*,#6386,.F.);
#4813=ORIENTED_EDGE('',*,*,#6387,.F.);
#4814=ORIENTED_EDGE('',*,*,#6394,.F.);
#4815=ORIENTED_EDGE('',*,*,#6390,.F.);
#4816=ORIENTED_EDGE('',*,*,#6398,.F.);
#4817=ORIENTED_EDGE('',*,*,#6410,.F.);
#4818=ORIENTED_EDGE('',*,*,#6411,.F.);
#4819=ORIENTED_EDGE('',*,*,#6412,.F.);
#4820=ORIENTED_EDGE('',*,*,#4969,.F.);
#4821=ORIENTED_EDGE('',*,*,#4971,.F.);
#4822=ORIENTED_EDGE('',*,*,#4978,.F.);
#4823=ORIENTED_EDGE('',*,*,#4974,.F.);
#4824=ORIENTED_EDGE('',*,*,#6410,.T.);
#4825=ORIENTED_EDGE('',*,*,#6397,.F.);
#4826=ORIENTED_EDGE('',*,*,#6409,.F.);
#4827=ORIENTED_EDGE('',*,*,#6413,.T.);
#4828=ORIENTED_EDGE('',*,*,#6412,.T.);
#4829=ORIENTED_EDGE('',*,*,#6414,.F.);
#4830=ORIENTED_EDGE('',*,*,#6407,.F.);
#4831=ORIENTED_EDGE('',*,*,#4970,.T.);
#4832=ORIENTED_EDGE('',*,*,#6411,.T.);
#4833=ORIENTED_EDGE('',*,*,#6413,.F.);
#4834=ORIENTED_EDGE('',*,*,#6408,.F.);
#4835=ORIENTED_EDGE('',*,*,#6414,.T.);
#4836=ORIENTED_EDGE('',*,*,#6415,.F.);
#4837=ORIENTED_EDGE('',*,*,#6416,.T.);
#4838=ORIENTED_EDGE('',*,*,#6417,.F.);
#4839=ORIENTED_EDGE('',*,*,#6415,.T.);
#4840=ORIENTED_EDGE('',*,*,#4966,.T.);
#4841=ORIENTED_EDGE('',*,*,#6416,.F.);
#4842=ORIENTED_EDGE('',*,*,#6418,.T.);
#4843=ORIENTED_EDGE('',*,*,#6417,.T.);
#4844=ORIENTED_EDGE('',*,*,#6418,.F.);
#4845=ORIENTED_EDGE('',*,*,#4942,.F.);
#4846=ORIENTED_EDGE('',*,*,#6419,.T.);
#4847=ORIENTED_EDGE('',*,*,#4955,.T.);
#4848=ORIENTED_EDGE('',*,*,#6420,.T.);
#4849=ORIENTED_EDGE('',*,*,#4957,.F.);
#4850=ORIENTED_EDGE('',*,*,#6421,.T.);
#4851=ORIENTED_EDGE('',*,*,#4944,.T.);
#4852=ORIENTED_EDGE('',*,*,#6422,.T.);
#4853=ORIENTED_EDGE('',*,*,#6423,.F.);
#4854=ORIENTED_EDGE('',*,*,#6424,.T.);
#4855=ORIENTED_EDGE('',*,*,#6425,.T.);
#4856=ORIENTED_EDGE('',*,*,#6426,.T.);
#4857=ORIENTED_EDGE('',*,*,#6427,.F.);
#4858=ORIENTED_EDGE('',*,*,#6428,.F.);
#4859=ORIENTED_EDGE('',*,*,#6429,.T.);
#4860=ORIENTED_EDGE('',*,*,#6427,.T.);
#4861=ORIENTED_EDGE('',*,*,#6430,.T.);
#4862=ORIENTED_EDGE('',*,*,#6431,.T.);
#4863=ORIENTED_EDGE('',*,*,#6432,.F.);
#4864=ORIENTED_EDGE('',*,*,#6433,.T.);
#4865=ORIENTED_EDGE('',*,*,#6428,.T.);
#4866=ORIENTED_EDGE('',*,*,#6434,.T.);
#4867=ORIENTED_EDGE('',*,*,#6425,.F.);
#4868=ORIENTED_EDGE('',*,*,#6435,.T.);
#4869=ORIENTED_EDGE('',*,*,#6432,.T.);
#4870=ORIENTED_EDGE('',*,*,#6436,.T.);
#4871=ORIENTED_EDGE('',*,*,#6437,.F.);
#4872=ORIENTED_EDGE('',*,*,#6402,.F.);
#4873=ORIENTED_EDGE('',*,*,#6438,.F.);
#4874=ORIENTED_EDGE('',*,*,#6426,.F.);
#4875=ORIENTED_EDGE('',*,*,#6438,.T.);
#4876=ORIENTED_EDGE('',*,*,#6401,.F.);
#4877=ORIENTED_EDGE('',*,*,#6439,.F.);
#4878=ORIENTED_EDGE('',*,*,#6430,.F.);
#4879=ORIENTED_EDGE('',*,*,#6437,.T.);
#4880=ORIENTED_EDGE('',*,*,#6436,.F.);
#4881=ORIENTED_EDGE('',*,*,#6440,.F.);
#4882=ORIENTED_EDGE('',*,*,#6399,.F.);
#4883=ORIENTED_EDGE('',*,*,#6439,.T.);
#4884=ORIENTED_EDGE('',*,*,#6400,.F.);
#4885=ORIENTED_EDGE('',*,*,#6440,.T.);
#4886=ORIENTED_EDGE('',*,*,#6434,.F.);
#4887=ORIENTED_EDGE('',*,*,#6441,.F.);
#4888=ORIENTED_EDGE('',*,*,#6405,.F.);
#4889=ORIENTED_EDGE('',*,*,#6442,.F.);
#4890=ORIENTED_EDGE('',*,*,#6420,.F.);
#4891=ORIENTED_EDGE('',*,*,#6442,.T.);
#4892=ORIENTED_EDGE('',*,*,#6404,.F.);
#4893=ORIENTED_EDGE('',*,*,#6443,.F.);
#4894=ORIENTED_EDGE('',*,*,#4943,.F.);
#4895=ORIENTED_EDGE('',*,*,#6441,.T.);
#4896=ORIENTED_EDGE('',*,*,#4958,.F.);
#4897=ORIENTED_EDGE('',*,*,#6444,.F.);
#4898=ORIENTED_EDGE('',*,*,#6406,.F.);
#4899=ORIENTED_EDGE('',*,*,#6443,.T.);
#4900=ORIENTED_EDGE('',*,*,#6403,.F.);
#4901=ORIENTED_EDGE('',*,*,#6444,.T.);
#4902=ORIENTED_EDGE('',*,*,#6422,.F.);
#4903=ORIENTED_EDGE('',*,*,#6433,.F.);
#4904=ORIENTED_EDGE('',*,*,#6435,.F.);
#4905=ORIENTED_EDGE('',*,*,#6424,.F.);
#4906=ORIENTED_EDGE('',*,*,#6429,.F.);
#4907=ORIENTED_EDGE('',*,*,#4956,.F.);
#4908=ORIENTED_EDGE('',*,*,#6419,.F.);
#4909=ORIENTED_EDGE('',*,*,#4941,.F.);
#4910=ORIENTED_EDGE('',*,*,#6421,.F.);
#4911=ORIENTED_EDGE('',*,*,#4954,.T.);
#4912=ORIENTED_EDGE('',*,*,#4945,.F.);
#4913=ORIENTED_EDGE('',*,*,#4946,.T.);
#4914=ORIENTED_EDGE('',*,*,#6445,.T.);
#4915=ORIENTED_EDGE('',*,*,#4960,.F.);
#4916=ORIENTED_EDGE('',*,*,#6446,.F.);
#4917=ORIENTED_EDGE('',*,*,#6446,.T.);
#4918=ORIENTED_EDGE('',*,*,#4959,.T.);
#4919=ORIENTED_EDGE('',*,*,#6447,.F.);
#4920=ORIENTED_EDGE('',*,*,#4947,.F.);
#4921=ORIENTED_EDGE('',*,*,#6447,.T.);
#4922=ORIENTED_EDGE('',*,*,#4962,.T.);
#4923=ORIENTED_EDGE('',*,*,#6448,.F.);
#4924=ORIENTED_EDGE('',*,*,#4948,.F.);
#4925=ORIENTED_EDGE('',*,*,#4949,.T.);
#4926=ORIENTED_EDGE('',*,*,#6448,.T.);
#4927=ORIENTED_EDGE('',*,*,#4961,.F.);
#4928=ORIENTED_EDGE('',*,*,#6445,.F.);
#4929=ORIENTED_EDGE('',*,*,#4953,.F.);
#4930=ORIENTED_EDGE('',*,*,#4950,.T.);
#4931=ORIENTED_EDGE('',*,*,#4963,.T.);
#4932=ORIENTED_EDGE('',*,*,#4940,.F.);
#4933=ORIENTED_EDGE('',*,*,#4964,.F.);
#4934=ORIENTED_EDGE('',*,*,#4951,.T.);
#4935=ORIENTED_EDGE('',*,*,#4952,.T.);
#4936=ORIENTED_EDGE('',*,*,#4939,.F.);
#4937=ORIENTED_EDGE('',*,*,#6423,.T.);
#4938=ORIENTED_EDGE('',*,*,#6431,.F.);
#4939=EDGE_CURVE('',#6449,#6449,#7459,.T.);
#4940=EDGE_CURVE('',#6450,#6450,#7460,.T.);
#4941=EDGE_CURVE('',#6451,#6452,#7461,.F.);
#4942=EDGE_CURVE('',#6452,#6453,#399,.T.);
#4943=EDGE_CURVE('',#6453,#6454,#400,.T.);
#4944=EDGE_CURVE('',#6451,#6454,#401,.T.);
#4945=EDGE_CURVE('',#6455,#6455,#7462,.T.);
#4946=EDGE_CURVE('',#6456,#6457,#402,.T.);
#4947=EDGE_CURVE('',#6456,#6458,#403,.T.);
#4948=EDGE_CURVE('',#6458,#6459,#404,.T.);
#4949=EDGE_CURVE('',#6457,#6459,#405,.T.);
#4950=EDGE_CURVE('',#6460,#6460,#7463,.F.);
#4951=EDGE_CURVE('',#6461,#6461,#7464,.F.);
#4952=EDGE_CURVE('',#6462,#6462,#7465,.T.);
#4953=EDGE_CURVE('',#6463,#6463,#7466,.T.);
#4954=EDGE_CURVE('',#6464,#6464,#7467,.T.);
#4955=EDGE_CURVE('',#6465,#6466,#406,.T.);
#4956=EDGE_CURVE('',#6465,#6467,#7468,.T.);
#4957=EDGE_CURVE('',#6467,#6468,#407,.T.);
#4958=EDGE_CURVE('',#6468,#6466,#408,.F.);
#4959=EDGE_CURVE('',#6469,#6470,#409,.T.);
#4960=EDGE_CURVE('',#6469,#6471,#410,.T.);
#4961=EDGE_CURVE('',#6471,#6472,#411,.T.);
#4962=EDGE_CURVE('',#6470,#6472,#412,.T.);
#4963=EDGE_CURVE('',#6473,#6473,#7469,.T.);
#4964=EDGE_CURVE('',#6474,#6474,#7470,.T.);
#4965=EDGE_CURVE('',#6475,#6475,#7471,.F.);
#4966=EDGE_CURVE('',#6476,#6476,#7472,.T.);
#4967=EDGE_CURVE('',#6477,#6478,#7473,.T.);
#4968=EDGE_CURVE('',#6477,#6479,#413,.T.);
#4969=EDGE_CURVE('',#6479,#6480,#7474,.T.);
#4970=EDGE_CURVE('',#6478,#6480,#414,.T.);
#4971=EDGE_CURVE('',#6481,#6479,#7475,.F.);
#4972=EDGE_CURVE('',#6482,#6477,#7476,.F.);
#4973=EDGE_CURVE('',#6482,#6481,#415,.T.);
#4974=EDGE_CURVE('',#6483,#6484,#7477,.F.);
#4975=EDGE_CURVE('',#6485,#6484,#416,.T.);
#4976=EDGE_CURVE('',#6486,#6485,#7478,.F.);
#4977=EDGE_CURVE('',#6486,#6483,#417,.T.);
#4978=EDGE_CURVE('',#6484,#6481,#418,.T.);
#4979=EDGE_CURVE('',#6485,#6482,#419,.T.);
#4980=EDGE_CURVE('',#6487,#6486,#7479,.T.);
#4981=EDGE_CURVE('',#6487,#6488,#420,.T.);
#4982=EDGE_CURVE('',#6488,#6483,#7480,.T.);
#4983=EDGE_CURVE('',#6489,#6488,#7481,.F.);
#4984=EDGE_CURVE('',#6490,#6487,#7482,.F.);
#4985=EDGE_CURVE('',#6490,#6489,#421,.T.);
#4986=EDGE_CURVE('',#6491,#6492,#7483,.F.);
#4987=EDGE_CURVE('',#6493,#6492,#422,.T.);
#4988=EDGE_CURVE('',#6494,#6493,#7484,.F.);
#4989=EDGE_CURVE('',#6494,#6491,#423,.T.);
#4990=EDGE_CURVE('',#6492,#6489,#424,.T.);
#4991=EDGE_CURVE('',#6493,#6490,#425,.T.);
#4992=EDGE_CURVE('',#6495,#6494,#7485,.T.);
#4993=EDGE_CURVE('',#6495,#6496,#426,.T.);
#4994=EDGE_CURVE('',#6496,#6491,#7486,.T.);
#4995=EDGE_CURVE('',#6497,#6496,#7487,.F.);
#4996=EDGE_CURVE('',#6498,#6495,#7488,.F.);
#4997=EDGE_CURVE('',#6498,#6497,#427,.T.);
#4998=EDGE_CURVE('',#6499,#6500,#7489,.F.);
#4999=EDGE_CURVE('',#6501,#6500,#428,.T.);
#5000=EDGE_CURVE('',#6502,#6501,#7490,.F.);
#5001=EDGE_CURVE('',#6502,#6499,#429,.T.);
#5002=EDGE_CURVE('',#6500,#6497,#430,.T.);
#5003=EDGE_CURVE('',#6501,#6498,#431,.T.);
#5004=EDGE_CURVE('',#6503,#6502,#7491,.T.);
#5005=EDGE_CURVE('',#6503,#6504,#432,.T.);
#5006=EDGE_CURVE('',#6504,#6499,#7492,.T.);
#5007=EDGE_CURVE('',#6505,#6504,#7493,.F.);
#5008=EDGE_CURVE('',#6506,#6503,#7494,.F.);
#5009=EDGE_CURVE('',#6506,#6505,#433,.T.);
#5010=EDGE_CURVE('',#6507,#6508,#7495,.F.);
#5011=EDGE_CURVE('',#6509,#6508,#434,.T.);
#5012=EDGE_CURVE('',#6510,#6509,#7496,.F.);
#5013=EDGE_CURVE('',#6510,#6507,#435,.T.);
#5014=EDGE_CURVE('',#6508,#6505,#436,.T.);
#5015=EDGE_CURVE('',#6509,#6506,#437,.T.);
#5016=EDGE_CURVE('',#6511,#6510,#7497,.T.);
#5017=EDGE_CURVE('',#6511,#6512,#438,.T.);
#5018=EDGE_CURVE('',#6512,#6507,#7498,.T.);
#5019=EDGE_CURVE('',#6513,#6512,#7499,.F.);
#5020=EDGE_CURVE('',#6514,#6511,#7500,.F.);
#5021=EDGE_CURVE('',#6514,#6513,#439,.T.);
#5022=EDGE_CURVE('',#6515,#6516,#7501,.F.);
#5023=EDGE_CURVE('',#6517,#6516,#440,.T.);
#5024=EDGE_CURVE('',#6518,#6517,#7502,.F.);
#5025=EDGE_CURVE('',#6518,#6515,#441,.T.);
#5026=EDGE_CURVE('',#6516,#6513,#442,.T.);
#5027=EDGE_CURVE('',#6517,#6514,#443,.T.);
#5028=EDGE_CURVE('',#6519,#6518,#7503,.T.);
#5029=EDGE_CURVE('',#6519,#6520,#444,.T.);
#5030=EDGE_CURVE('',#6520,#6515,#7504,.T.);
#5031=EDGE_CURVE('',#6521,#6520,#7505,.F.);
#5032=EDGE_CURVE('',#6522,#6519,#7506,.F.);
#5033=EDGE_CURVE('',#6522,#6521,#445,.T.);
#5034=EDGE_CURVE('',#6523,#6524,#7507,.F.);
#5035=EDGE_CURVE('',#6525,#6524,#446,.T.);
#5036=EDGE_CURVE('',#6526,#6525,#7508,.F.);
#5037=EDGE_CURVE('',#6526,#6523,#447,.T.);
#5038=EDGE_CURVE('',#6524,#6521,#448,.T.);
#5039=EDGE_CURVE('',#6525,#6522,#449,.T.);
#5040=EDGE_CURVE('',#6527,#6526,#7509,.T.);
#5041=EDGE_CURVE('',#6527,#6528,#450,.T.);
#5042=EDGE_CURVE('',#6528,#6523,#7510,.T.);
#5043=EDGE_CURVE('',#6529,#6528,#7511,.F.);
#5044=EDGE_CURVE('',#6530,#6527,#7512,.F.);
#5045=EDGE_CURVE('',#6530,#6529,#451,.T.);
#5046=EDGE_CURVE('',#6531,#6532,#7513,.F.);
#5047=EDGE_CURVE('',#6533,#6532,#452,.T.);
#5048=EDGE_CURVE('',#6534,#6533,#7514,.F.);
#5049=EDGE_CURVE('',#6534,#6531,#453,.T.);
#5050=EDGE_CURVE('',#6532,#6529,#454,.T.);
#5051=EDGE_CURVE('',#6533,#6530,#455,.T.);
#5052=EDGE_CURVE('',#6535,#6534,#7515,.T.);
#5053=EDGE_CURVE('',#6535,#6536,#456,.T.);
#5054=EDGE_CURVE('',#6536,#6531,#7516,.T.);
#5055=EDGE_CURVE('',#6537,#6536,#7517,.F.);
#5056=EDGE_CURVE('',#6538,#6535,#7518,.F.);
#5057=EDGE_CURVE('',#6538,#6537,#457,.T.);
#5058=EDGE_CURVE('',#6539,#6540,#7519,.F.);
#5059=EDGE_CURVE('',#6541,#6540,#458,.T.);
#5060=EDGE_CURVE('',#6542,#6541,#7520,.F.);
#5061=EDGE_CURVE('',#6542,#6539,#459,.T.);
#5062=EDGE_CURVE('',#6540,#6537,#460,.T.);
#5063=EDGE_CURVE('',#6541,#6538,#461,.T.);
#5064=EDGE_CURVE('',#6543,#6542,#7521,.T.);
#5065=EDGE_CURVE('',#6543,#6544,#462,.T.);
#5066=EDGE_CURVE('',#6544,#6539,#7522,.T.);
#5067=EDGE_CURVE('',#6545,#6544,#7523,.F.);
#5068=EDGE_CURVE('',#6546,#6543,#7524,.F.);
#5069=EDGE_CURVE('',#6546,#6545,#463,.T.);
#5070=EDGE_CURVE('',#6547,#6548,#7525,.F.);
#5071=EDGE_CURVE('',#6549,#6548,#464,.T.);
#5072=EDGE_CURVE('',#6550,#6549,#7526,.F.);
#5073=EDGE_CURVE('',#6550,#6547,#465,.T.);
#5074=EDGE_CURVE('',#6548,#6545,#466,.T.);
#5075=EDGE_CURVE('',#6549,#6546,#467,.T.);
#5076=EDGE_CURVE('',#6551,#6550,#7527,.T.);
#5077=EDGE_CURVE('',#6551,#6552,#468,.T.);
#5078=EDGE_CURVE('',#6552,#6547,#7528,.T.);
#5079=EDGE_CURVE('',#6553,#6552,#7529,.F.);
#5080=EDGE_CURVE('',#6554,#6551,#7530,.F.);
#5081=EDGE_CURVE('',#6554,#6553,#469,.T.);
#5082=EDGE_CURVE('',#6555,#6556,#7531,.F.);
#5083=EDGE_CURVE('',#6557,#6556,#470,.T.);
#5084=EDGE_CURVE('',#6558,#6557,#7532,.F.);
#5085=EDGE_CURVE('',#6558,#6555,#471,.T.);
#5086=EDGE_CURVE('',#6556,#6553,#472,.T.);
#5087=EDGE_CURVE('',#6557,#6554,#473,.T.);
#5088=EDGE_CURVE('',#6559,#6558,#7533,.T.);
#5089=EDGE_CURVE('',#6559,#6560,#474,.T.);
#5090=EDGE_CURVE('',#6560,#6555,#7534,.T.);
#5091=EDGE_CURVE('',#6561,#6560,#7535,.F.);
#5092=EDGE_CURVE('',#6562,#6559,#7536,.F.);
#5093=EDGE_CURVE('',#6562,#6561,#475,.T.);
#5094=EDGE_CURVE('',#6563,#6564,#7537,.F.);
#5095=EDGE_CURVE('',#6565,#6564,#476,.T.);
#5096=EDGE_CURVE('',#6566,#6565,#7538,.F.);
#5097=EDGE_CURVE('',#6566,#6563,#477,.T.);
#5098=EDGE_CURVE('',#6564,#6561,#478,.T.);
#5099=EDGE_CURVE('',#6565,#6562,#479,.T.);
#5100=EDGE_CURVE('',#6567,#6566,#7539,.T.);
#5101=EDGE_CURVE('',#6567,#6568,#480,.T.);
#5102=EDGE_CURVE('',#6568,#6563,#7540,.T.);
#5103=EDGE_CURVE('',#6569,#6568,#7541,.F.);
#5104=EDGE_CURVE('',#6570,#6567,#7542,.F.);
#5105=EDGE_CURVE('',#6570,#6569,#481,.T.);
#5106=EDGE_CURVE('',#6571,#6572,#7543,.F.);
#5107=EDGE_CURVE('',#6573,#6572,#482,.T.);
#5108=EDGE_CURVE('',#6574,#6573,#7544,.F.);
#5109=EDGE_CURVE('',#6574,#6571,#483,.T.);
#5110=EDGE_CURVE('',#6572,#6569,#484,.T.);
#5111=EDGE_CURVE('',#6573,#6570,#485,.T.);
#5112=EDGE_CURVE('',#6575,#6574,#7545,.T.);
#5113=EDGE_CURVE('',#6575,#6576,#486,.T.);
#5114=EDGE_CURVE('',#6576,#6571,#7546,.T.);
#5115=EDGE_CURVE('',#6577,#6576,#7547,.F.);
#5116=EDGE_CURVE('',#6578,#6575,#7548,.F.);
#5117=EDGE_CURVE('',#6578,#6577,#487,.T.);
#5118=EDGE_CURVE('',#6579,#6580,#7549,.F.);
#5119=EDGE_CURVE('',#6581,#6580,#488,.T.);
#5120=EDGE_CURVE('',#6582,#6581,#7550,.F.);
#5121=EDGE_CURVE('',#6582,#6579,#489,.T.);
#5122=EDGE_CURVE('',#6580,#6577,#490,.T.);
#5123=EDGE_CURVE('',#6581,#6578,#491,.T.);
#5124=EDGE_CURVE('',#6583,#6582,#7551,.T.);
#5125=EDGE_CURVE('',#6583,#6584,#492,.T.);
#5126=EDGE_CURVE('',#6584,#6579,#7552,.T.);
#5127=EDGE_CURVE('',#6585,#6584,#7553,.F.);
#5128=EDGE_CURVE('',#6586,#6583,#7554,.F.);
#5129=EDGE_CURVE('',#6586,#6585,#493,.T.);
#5130=EDGE_CURVE('',#6587,#6588,#7555,.F.);
#5131=EDGE_CURVE('',#6589,#6588,#494,.T.);
#5132=EDGE_CURVE('',#6590,#6589,#7556,.F.);
#5133=EDGE_CURVE('',#6590,#6587,#495,.T.);
#5134=EDGE_CURVE('',#6588,#6585,#496,.T.);
#5135=EDGE_CURVE('',#6589,#6586,#497,.T.);
#5136=EDGE_CURVE('',#6591,#6590,#7557,.T.);
#5137=EDGE_CURVE('',#6591,#6592,#498,.T.);
#5138=EDGE_CURVE('',#6592,#6587,#7558,.T.);
#5139=EDGE_CURVE('',#6593,#6592,#7559,.F.);
#5140=EDGE_CURVE('',#6594,#6591,#7560,.F.);
#5141=EDGE_CURVE('',#6594,#6593,#499,.T.);
#5142=EDGE_CURVE('',#6595,#6596,#7561,.F.);
#5143=EDGE_CURVE('',#6597,#6596,#500,.T.);
#5144=EDGE_CURVE('',#6598,#6597,#7562,.F.);
#5145=EDGE_CURVE('',#6598,#6595,#501,.T.);
#5146=EDGE_CURVE('',#6596,#6593,#502,.T.);
#5147=EDGE_CURVE('',#6597,#6594,#503,.T.);
#5148=EDGE_CURVE('',#6599,#6598,#7563,.T.);
#5149=EDGE_CURVE('',#6599,#6600,#504,.T.);
#5150=EDGE_CURVE('',#6600,#6595,#7564,.T.);
#5151=EDGE_CURVE('',#6601,#6600,#7565,.F.);
#5152=EDGE_CURVE('',#6602,#6599,#7566,.F.);
#5153=EDGE_CURVE('',#6602,#6601,#505,.T.);
#5154=EDGE_CURVE('',#6603,#6604,#7567,.F.);
#5155=EDGE_CURVE('',#6605,#6604,#506,.T.);
#5156=EDGE_CURVE('',#6606,#6605,#7568,.F.);
#5157=EDGE_CURVE('',#6606,#6603,#507,.T.);
#5158=EDGE_CURVE('',#6604,#6601,#508,.T.);
#5159=EDGE_CURVE('',#6605,#6602,#509,.T.);
#5160=EDGE_CURVE('',#6607,#6606,#7569,.T.);
#5161=EDGE_CURVE('',#6607,#6608,#510,.T.);
#5162=EDGE_CURVE('',#6608,#6603,#7570,.T.);
#5163=EDGE_CURVE('',#6609,#6608,#7571,.F.);
#5164=EDGE_CURVE('',#6610,#6607,#7572,.F.);
#5165=EDGE_CURVE('',#6610,#6609,#511,.T.);
#5166=EDGE_CURVE('',#6611,#6612,#7573,.F.);
#5167=EDGE_CURVE('',#6613,#6612,#512,.T.);
#5168=EDGE_CURVE('',#6614,#6613,#7574,.F.);
#5169=EDGE_CURVE('',#6614,#6611,#513,.T.);
#5170=EDGE_CURVE('',#6612,#6609,#514,.T.);
#5171=EDGE_CURVE('',#6613,#6610,#515,.T.);
#5172=EDGE_CURVE('',#6615,#6614,#7575,.T.);
#5173=EDGE_CURVE('',#6615,#6616,#516,.T.);
#5174=EDGE_CURVE('',#6616,#6611,#7576,.T.);
#5175=EDGE_CURVE('',#6617,#6616,#7577,.F.);
#5176=EDGE_CURVE('',#6618,#6615,#7578,.F.);
#5177=EDGE_CURVE('',#6618,#6617,#517,.T.);
#5178=EDGE_CURVE('',#6619,#6620,#7579,.F.);
#5179=EDGE_CURVE('',#6621,#6620,#518,.T.);
#5180=EDGE_CURVE('',#6622,#6621,#7580,.F.);
#5181=EDGE_CURVE('',#6622,#6619,#519,.T.);
#5182=EDGE_CURVE('',#6620,#6617,#520,.T.);
#5183=EDGE_CURVE('',#6621,#6618,#521,.T.);
#5184=EDGE_CURVE('',#6623,#6622,#7581,.T.);
#5185=EDGE_CURVE('',#6623,#6624,#522,.T.);
#5186=EDGE_CURVE('',#6624,#6619,#7582,.T.);
#5187=EDGE_CURVE('',#6625,#6624,#7583,.F.);
#5188=EDGE_CURVE('',#6626,#6623,#7584,.F.);
#5189=EDGE_CURVE('',#6626,#6625,#523,.T.);
#5190=EDGE_CURVE('',#6627,#6628,#7585,.F.);
#5191=EDGE_CURVE('',#6629,#6628,#524,.T.);
#5192=EDGE_CURVE('',#6630,#6629,#7586,.F.);
#5193=EDGE_CURVE('',#6630,#6627,#525,.T.);
#5194=EDGE_CURVE('',#6628,#6625,#526,.T.);
#5195=EDGE_CURVE('',#6629,#6626,#527,.T.);
#5196=EDGE_CURVE('',#6631,#6630,#7587,.T.);
#5197=EDGE_CURVE('',#6631,#6632,#528,.T.);
#5198=EDGE_CURVE('',#6632,#6627,#7588,.T.);
#5199=EDGE_CURVE('',#6633,#6632,#7589,.F.);
#5200=EDGE_CURVE('',#6634,#6631,#7590,.F.);
#5201=EDGE_CURVE('',#6634,#6633,#529,.T.);
#5202=EDGE_CURVE('',#6635,#6636,#7591,.F.);
#5203=EDGE_CURVE('',#6637,#6636,#530,.T.);
#5204=EDGE_CURVE('',#6638,#6637,#7592,.F.);
#5205=EDGE_CURVE('',#6638,#6635,#531,.T.);
#5206=EDGE_CURVE('',#6636,#6633,#532,.T.);
#5207=EDGE_CURVE('',#6637,#6634,#533,.T.);
#5208=EDGE_CURVE('',#6639,#6638,#7593,.T.);
#5209=EDGE_CURVE('',#6639,#6640,#534,.T.);
#5210=EDGE_CURVE('',#6640,#6635,#7594,.T.);
#5211=EDGE_CURVE('',#6641,#6640,#7595,.F.);
#5212=EDGE_CURVE('',#6642,#6639,#7596,.F.);
#5213=EDGE_CURVE('',#6642,#6641,#535,.T.);
#5214=EDGE_CURVE('',#6643,#6644,#7597,.F.);
#5215=EDGE_CURVE('',#6645,#6644,#536,.T.);
#5216=EDGE_CURVE('',#6646,#6645,#7598,.F.);
#5217=EDGE_CURVE('',#6646,#6643,#537,.T.);
#5218=EDGE_CURVE('',#6644,#6641,#538,.T.);
#5219=EDGE_CURVE('',#6645,#6642,#539,.T.);
#5220=EDGE_CURVE('',#6647,#6646,#7599,.T.);
#5221=EDGE_CURVE('',#6647,#6648,#540,.T.);
#5222=EDGE_CURVE('',#6648,#6643,#7600,.T.);
#5223=EDGE_CURVE('',#6649,#6648,#7601,.F.);
#5224=EDGE_CURVE('',#6650,#6647,#7602,.F.);
#5225=EDGE_CURVE('',#6650,#6649,#541,.T.);
#5226=EDGE_CURVE('',#6651,#6652,#7603,.F.);
#5227=EDGE_CURVE('',#6653,#6652,#542,.T.);
#5228=EDGE_CURVE('',#6654,#6653,#7604,.F.);
#5229=EDGE_CURVE('',#6654,#6651,#543,.T.);
#5230=EDGE_CURVE('',#6652,#6649,#544,.T.);
#5231=EDGE_CURVE('',#6653,#6650,#545,.T.);
#5232=EDGE_CURVE('',#6655,#6654,#7605,.T.);
#5233=EDGE_CURVE('',#6655,#6656,#546,.T.);
#5234=EDGE_CURVE('',#6656,#6651,#7606,.T.);
#5235=EDGE_CURVE('',#6657,#6656,#7607,.F.);
#5236=EDGE_CURVE('',#6658,#6655,#7608,.F.);
#5237=EDGE_CURVE('',#6658,#6657,#547,.T.);
#5238=EDGE_CURVE('',#6659,#6660,#7609,.F.);
#5239=EDGE_CURVE('',#6661,#6660,#548,.T.);
#5240=EDGE_CURVE('',#6662,#6661,#7610,.F.);
#5241=EDGE_CURVE('',#6662,#6659,#549,.T.);
#5242=EDGE_CURVE('',#6660,#6657,#550,.T.);
#5243=EDGE_CURVE('',#6661,#6658,#551,.T.);
#5244=EDGE_CURVE('',#6663,#6662,#7611,.T.);
#5245=EDGE_CURVE('',#6663,#6664,#552,.T.);
#5246=EDGE_CURVE('',#6664,#6659,#7612,.T.);
#5247=EDGE_CURVE('',#6665,#6664,#7613,.F.);
#5248=EDGE_CURVE('',#6666,#6663,#7614,.F.);
#5249=EDGE_CURVE('',#6666,#6665,#553,.T.);
#5250=EDGE_CURVE('',#6667,#6668,#7615,.F.);
#5251=EDGE_CURVE('',#6669,#6668,#554,.T.);
#5252=EDGE_CURVE('',#6670,#6669,#7616,.F.);
#5253=EDGE_CURVE('',#6670,#6667,#555,.T.);
#5254=EDGE_CURVE('',#6668,#6665,#556,.T.);
#5255=EDGE_CURVE('',#6669,#6666,#557,.T.);
#5256=EDGE_CURVE('',#6671,#6670,#7617,.T.);
#5257=EDGE_CURVE('',#6671,#6672,#558,.T.);
#5258=EDGE_CURVE('',#6672,#6667,#7618,.T.);
#5259=EDGE_CURVE('',#6673,#6672,#7619,.F.);
#5260=EDGE_CURVE('',#6674,#6671,#7620,.F.);
#5261=EDGE_CURVE('',#6674,#6673,#559,.T.);
#5262=EDGE_CURVE('',#6675,#6676,#7621,.F.);
#5263=EDGE_CURVE('',#6677,#6676,#560,.T.);
#5264=EDGE_CURVE('',#6678,#6677,#7622,.F.);
#5265=EDGE_CURVE('',#6678,#6675,#561,.T.);
#5266=EDGE_CURVE('',#6676,#6673,#562,.T.);
#5267=EDGE_CURVE('',#6677,#6674,#563,.T.);
#5268=EDGE_CURVE('',#6679,#6678,#7623,.T.);
#5269=EDGE_CURVE('',#6679,#6680,#564,.T.);
#5270=EDGE_CURVE('',#6680,#6675,#7624,.T.);
#5271=EDGE_CURVE('',#6681,#6680,#7625,.F.);
#5272=EDGE_CURVE('',#6682,#6679,#7626,.F.);
#5273=EDGE_CURVE('',#6682,#6681,#565,.T.);
#5274=EDGE_CURVE('',#6683,#6684,#7627,.F.);
#5275=EDGE_CURVE('',#6685,#6684,#566,.T.);
#5276=EDGE_CURVE('',#6686,#6685,#7628,.F.);
#5277=EDGE_CURVE('',#6686,#6683,#567,.T.);
#5278=EDGE_CURVE('',#6684,#6681,#568,.T.);
#5279=EDGE_CURVE('',#6685,#6682,#569,.T.);
#5280=EDGE_CURVE('',#6687,#6686,#7629,.T.);
#5281=EDGE_CURVE('',#6687,#6688,#570,.T.);
#5282=EDGE_CURVE('',#6688,#6683,#7630,.T.);
#5283=EDGE_CURVE('',#6689,#6688,#7631,.F.);
#5284=EDGE_CURVE('',#6690,#6687,#7632,.F.);
#5285=EDGE_CURVE('',#6690,#6689,#571,.T.);
#5286=EDGE_CURVE('',#6691,#6692,#7633,.F.);
#5287=EDGE_CURVE('',#6693,#6692,#572,.T.);
#5288=EDGE_CURVE('',#6694,#6693,#7634,.F.);
#5289=EDGE_CURVE('',#6694,#6691,#573,.T.);
#5290=EDGE_CURVE('',#6692,#6689,#574,.T.);
#5291=EDGE_CURVE('',#6693,#6690,#575,.T.);
#5292=EDGE_CURVE('',#6695,#6694,#7635,.T.);
#5293=EDGE_CURVE('',#6695,#6696,#576,.T.);
#5294=EDGE_CURVE('',#6696,#6691,#7636,.T.);
#5295=EDGE_CURVE('',#6697,#6696,#7637,.F.);
#5296=EDGE_CURVE('',#6698,#6695,#7638,.F.);
#5297=EDGE_CURVE('',#6698,#6697,#577,.T.);
#5298=EDGE_CURVE('',#6699,#6700,#7639,.F.);
#5299=EDGE_CURVE('',#6701,#6700,#578,.T.);
#5300=EDGE_CURVE('',#6702,#6701,#7640,.F.);
#5301=EDGE_CURVE('',#6702,#6699,#579,.T.);
#5302=EDGE_CURVE('',#6700,#6697,#580,.T.);
#5303=EDGE_CURVE('',#6701,#6698,#581,.T.);
#5304=EDGE_CURVE('',#6703,#6702,#7641,.T.);
#5305=EDGE_CURVE('',#6703,#6704,#582,.T.);
#5306=EDGE_CURVE('',#6704,#6699,#7642,.T.);
#5307=EDGE_CURVE('',#6705,#6704,#7643,.F.);
#5308=EDGE_CURVE('',#6706,#6703,#7644,.F.);
#5309=EDGE_CURVE('',#6706,#6705,#583,.T.);
#5310=EDGE_CURVE('',#6707,#6708,#7645,.F.);
#5311=EDGE_CURVE('',#6709,#6708,#584,.T.);
#5312=EDGE_CURVE('',#6710,#6709,#7646,.F.);
#5313=EDGE_CURVE('',#6710,#6707,#585,.T.);
#5314=EDGE_CURVE('',#6708,#6705,#586,.T.);
#5315=EDGE_CURVE('',#6709,#6706,#587,.T.);
#5316=EDGE_CURVE('',#6711,#6710,#7647,.T.);
#5317=EDGE_CURVE('',#6711,#6712,#588,.T.);
#5318=EDGE_CURVE('',#6712,#6707,#7648,.T.);
#5319=EDGE_CURVE('',#6713,#6712,#7649,.F.);
#5320=EDGE_CURVE('',#6714,#6711,#7650,.F.);
#5321=EDGE_CURVE('',#6714,#6713,#589,.T.);
#5322=EDGE_CURVE('',#6715,#6716,#7651,.F.);
#5323=EDGE_CURVE('',#6717,#6716,#590,.T.);
#5324=EDGE_CURVE('',#6718,#6717,#7652,.F.);
#5325=EDGE_CURVE('',#6718,#6715,#591,.T.);
#5326=EDGE_CURVE('',#6716,#6713,#592,.T.);
#5327=EDGE_CURVE('',#6717,#6714,#593,.T.);
#5328=EDGE_CURVE('',#6719,#6718,#7653,.T.);
#5329=EDGE_CURVE('',#6719,#6720,#594,.T.);
#5330=EDGE_CURVE('',#6720,#6715,#7654,.T.);
#5331=EDGE_CURVE('',#6721,#6720,#7655,.F.);
#5332=EDGE_CURVE('',#6722,#6719,#7656,.F.);
#5333=EDGE_CURVE('',#6722,#6721,#595,.T.);
#5334=EDGE_CURVE('',#6723,#6724,#7657,.F.);
#5335=EDGE_CURVE('',#6725,#6724,#596,.T.);
#5336=EDGE_CURVE('',#6726,#6725,#7658,.F.);
#5337=EDGE_CURVE('',#6726,#6723,#597,.T.);
#5338=EDGE_CURVE('',#6724,#6721,#598,.T.);
#5339=EDGE_CURVE('',#6725,#6722,#599,.T.);
#5340=EDGE_CURVE('',#6727,#6726,#7659,.T.);
#5341=EDGE_CURVE('',#6727,#6728,#600,.T.);
#5342=EDGE_CURVE('',#6728,#6723,#7660,.T.);
#5343=EDGE_CURVE('',#6729,#6728,#7661,.F.);
#5344=EDGE_CURVE('',#6730,#6727,#7662,.F.);
#5345=EDGE_CURVE('',#6730,#6729,#601,.T.);
#5346=EDGE_CURVE('',#6731,#6732,#7663,.F.);
#5347=EDGE_CURVE('',#6733,#6732,#602,.T.);
#5348=EDGE_CURVE('',#6734,#6733,#7664,.F.);
#5349=EDGE_CURVE('',#6734,#6731,#603,.T.);
#5350=EDGE_CURVE('',#6732,#6729,#604,.T.);
#5351=EDGE_CURVE('',#6733,#6730,#605,.T.);
#5352=EDGE_CURVE('',#6735,#6734,#7665,.T.);
#5353=EDGE_CURVE('',#6735,#6736,#606,.T.);
#5354=EDGE_CURVE('',#6736,#6731,#7666,.T.);
#5355=EDGE_CURVE('',#6737,#6736,#7667,.F.);
#5356=EDGE_CURVE('',#6738,#6735,#7668,.F.);
#5357=EDGE_CURVE('',#6738,#6737,#607,.T.);
#5358=EDGE_CURVE('',#6739,#6740,#7669,.F.);
#5359=EDGE_CURVE('',#6741,#6740,#608,.T.);
#5360=EDGE_CURVE('',#6742,#6741,#7670,.F.);
#5361=EDGE_CURVE('',#6742,#6739,#609,.T.);
#5362=EDGE_CURVE('',#6740,#6737,#610,.T.);
#5363=EDGE_CURVE('',#6741,#6738,#611,.T.);
#5364=EDGE_CURVE('',#6743,#6742,#7671,.T.);
#5365=EDGE_CURVE('',#6743,#6744,#612,.T.);
#5366=EDGE_CURVE('',#6744,#6739,#7672,.T.);
#5367=EDGE_CURVE('',#6745,#6744,#7673,.F.);
#5368=EDGE_CURVE('',#6746,#6743,#7674,.F.);
#5369=EDGE_CURVE('',#6746,#6745,#613,.T.);
#5370=EDGE_CURVE('',#6747,#6748,#7675,.F.);
#5371=EDGE_CURVE('',#6749,#6748,#614,.T.);
#5372=EDGE_CURVE('',#6750,#6749,#7676,.F.);
#5373=EDGE_CURVE('',#6750,#6747,#615,.T.);
#5374=EDGE_CURVE('',#6748,#6745,#616,.T.);
#5375=EDGE_CURVE('',#6749,#6746,#617,.T.);
#5376=EDGE_CURVE('',#6751,#6750,#7677,.T.);
#5377=EDGE_CURVE('',#6751,#6752,#618,.T.);
#5378=EDGE_CURVE('',#6752,#6747,#7678,.T.);
#5379=EDGE_CURVE('',#6753,#6752,#7679,.F.);
#5380=EDGE_CURVE('',#6754,#6751,#7680,.F.);
#5381=EDGE_CURVE('',#6754,#6753,#619,.T.);
#5382=EDGE_CURVE('',#6755,#6756,#7681,.F.);
#5383=EDGE_CURVE('',#6757,#6756,#620,.T.);
#5384=EDGE_CURVE('',#6758,#6757,#7682,.F.);
#5385=EDGE_CURVE('',#6758,#6755,#621,.T.);
#5386=EDGE_CURVE('',#6756,#6753,#622,.T.);
#5387=EDGE_CURVE('',#6757,#6754,#623,.T.);
#5388=EDGE_CURVE('',#6759,#6758,#7683,.T.);
#5389=EDGE_CURVE('',#6759,#6760,#624,.T.);
#5390=EDGE_CURVE('',#6760,#6755,#7684,.T.);
#5391=EDGE_CURVE('',#6761,#6760,#7685,.F.);
#5392=EDGE_CURVE('',#6762,#6759,#7686,.F.);
#5393=EDGE_CURVE('',#6762,#6761,#625,.T.);
#5394=EDGE_CURVE('',#6763,#6764,#7687,.F.);
#5395=EDGE_CURVE('',#6765,#6764,#626,.T.);
#5396=EDGE_CURVE('',#6766,#6765,#7688,.F.);
#5397=EDGE_CURVE('',#6766,#6763,#627,.T.);
#5398=EDGE_CURVE('',#6764,#6761,#628,.T.);
#5399=EDGE_CURVE('',#6765,#6762,#629,.T.);
#5400=EDGE_CURVE('',#6767,#6766,#7689,.T.);
#5401=EDGE_CURVE('',#6767,#6768,#630,.T.);
#5402=EDGE_CURVE('',#6768,#6763,#7690,.T.);
#5403=EDGE_CURVE('',#6769,#6768,#7691,.F.);
#5404=EDGE_CURVE('',#6770,#6767,#7692,.F.);
#5405=EDGE_CURVE('',#6770,#6769,#631,.T.);
#5406=EDGE_CURVE('',#6771,#6772,#7693,.F.);
#5407=EDGE_CURVE('',#6773,#6772,#632,.T.);
#5408=EDGE_CURVE('',#6774,#6773,#7694,.F.);
#5409=EDGE_CURVE('',#6774,#6771,#633,.T.);
#5410=EDGE_CURVE('',#6772,#6769,#634,.T.);
#5411=EDGE_CURVE('',#6773,#6770,#635,.T.);
#5412=EDGE_CURVE('',#6775,#6774,#7695,.T.);
#5413=EDGE_CURVE('',#6775,#6776,#636,.T.);
#5414=EDGE_CURVE('',#6776,#6771,#7696,.T.);
#5415=EDGE_CURVE('',#6777,#6776,#7697,.F.);
#5416=EDGE_CURVE('',#6778,#6775,#7698,.F.);
#5417=EDGE_CURVE('',#6778,#6777,#637,.T.);
#5418=EDGE_CURVE('',#6779,#6780,#7699,.F.);
#5419=EDGE_CURVE('',#6781,#6780,#638,.T.);
#5420=EDGE_CURVE('',#6782,#6781,#7700,.F.);
#5421=EDGE_CURVE('',#6782,#6779,#639,.T.);
#5422=EDGE_CURVE('',#6780,#6777,#640,.T.);
#5423=EDGE_CURVE('',#6781,#6778,#641,.T.);
#5424=EDGE_CURVE('',#6783,#6782,#7701,.T.);
#5425=EDGE_CURVE('',#6783,#6784,#642,.T.);
#5426=EDGE_CURVE('',#6784,#6779,#7702,.T.);
#5427=EDGE_CURVE('',#6785,#6784,#7703,.F.);
#5428=EDGE_CURVE('',#6786,#6783,#7704,.F.);
#5429=EDGE_CURVE('',#6786,#6785,#643,.T.);
#5430=EDGE_CURVE('',#6787,#6788,#7705,.F.);
#5431=EDGE_CURVE('',#6789,#6788,#644,.T.);
#5432=EDGE_CURVE('',#6790,#6789,#7706,.F.);
#5433=EDGE_CURVE('',#6790,#6787,#645,.T.);
#5434=EDGE_CURVE('',#6788,#6785,#646,.T.);
#5435=EDGE_CURVE('',#6789,#6786,#647,.T.);
#5436=EDGE_CURVE('',#6791,#6790,#7707,.T.);
#5437=EDGE_CURVE('',#6791,#6792,#648,.T.);
#5438=EDGE_CURVE('',#6792,#6787,#7708,.T.);
#5439=EDGE_CURVE('',#6793,#6792,#7709,.F.);
#5440=EDGE_CURVE('',#6794,#6791,#7710,.F.);
#5441=EDGE_CURVE('',#6794,#6793,#649,.T.);
#5442=EDGE_CURVE('',#6795,#6796,#7711,.F.);
#5443=EDGE_CURVE('',#6797,#6796,#650,.T.);
#5444=EDGE_CURVE('',#6798,#6797,#7712,.F.);
#5445=EDGE_CURVE('',#6798,#6795,#651,.T.);
#5446=EDGE_CURVE('',#6796,#6793,#652,.T.);
#5447=EDGE_CURVE('',#6797,#6794,#653,.T.);
#5448=EDGE_CURVE('',#6799,#6798,#7713,.T.);
#5449=EDGE_CURVE('',#6799,#6800,#654,.T.);
#5450=EDGE_CURVE('',#6800,#6795,#7714,.T.);
#5451=EDGE_CURVE('',#6801,#6800,#7715,.F.);
#5452=EDGE_CURVE('',#6802,#6799,#7716,.F.);
#5453=EDGE_CURVE('',#6802,#6801,#655,.T.);
#5454=EDGE_CURVE('',#6803,#6804,#7717,.F.);
#5455=EDGE_CURVE('',#6805,#6804,#656,.T.);
#5456=EDGE_CURVE('',#6806,#6805,#7718,.F.);
#5457=EDGE_CURVE('',#6806,#6803,#657,.T.);
#5458=EDGE_CURVE('',#6804,#6801,#658,.T.);
#5459=EDGE_CURVE('',#6805,#6802,#659,.T.);
#5460=EDGE_CURVE('',#6807,#6806,#7719,.T.);
#5461=EDGE_CURVE('',#6807,#6808,#660,.T.);
#5462=EDGE_CURVE('',#6808,#6803,#7720,.T.);
#5463=EDGE_CURVE('',#6809,#6808,#7721,.F.);
#5464=EDGE_CURVE('',#6810,#6807,#7722,.F.);
#5465=EDGE_CURVE('',#6810,#6809,#661,.T.);
#5466=EDGE_CURVE('',#6811,#6812,#7723,.F.);
#5467=EDGE_CURVE('',#6813,#6812,#662,.T.);
#5468=EDGE_CURVE('',#6814,#6813,#7724,.F.);
#5469=EDGE_CURVE('',#6814,#6811,#663,.T.);
#5470=EDGE_CURVE('',#6812,#6809,#664,.T.);
#5471=EDGE_CURVE('',#6813,#6810,#665,.T.);
#5472=EDGE_CURVE('',#6815,#6814,#7725,.T.);
#5473=EDGE_CURVE('',#6815,#6816,#666,.T.);
#5474=EDGE_CURVE('',#6816,#6811,#7726,.T.);
#5475=EDGE_CURVE('',#6817,#6816,#7727,.F.);
#5476=EDGE_CURVE('',#6818,#6815,#7728,.F.);
#5477=EDGE_CURVE('',#6818,#6817,#667,.T.);
#5478=EDGE_CURVE('',#6819,#6820,#7729,.F.);
#5479=EDGE_CURVE('',#6821,#6820,#668,.T.);
#5480=EDGE_CURVE('',#6822,#6821,#7730,.F.);
#5481=EDGE_CURVE('',#6822,#6819,#669,.T.);
#5482=EDGE_CURVE('',#6820,#6817,#670,.T.);
#5483=EDGE_CURVE('',#6821,#6818,#671,.T.);
#5484=EDGE_CURVE('',#6823,#6822,#7731,.T.);
#5485=EDGE_CURVE('',#6823,#6824,#672,.T.);
#5486=EDGE_CURVE('',#6824,#6819,#7732,.T.);
#5487=EDGE_CURVE('',#6825,#6824,#7733,.F.);
#5488=EDGE_CURVE('',#6826,#6823,#7734,.F.);
#5489=EDGE_CURVE('',#6826,#6825,#673,.T.);
#5490=EDGE_CURVE('',#6827,#6828,#7735,.F.);
#5491=EDGE_CURVE('',#6829,#6828,#674,.T.);
#5492=EDGE_CURVE('',#6830,#6829,#7736,.F.);
#5493=EDGE_CURVE('',#6830,#6827,#675,.T.);
#5494=EDGE_CURVE('',#6828,#6825,#676,.T.);
#5495=EDGE_CURVE('',#6829,#6826,#677,.T.);
#5496=EDGE_CURVE('',#6831,#6830,#7737,.T.);
#5497=EDGE_CURVE('',#6831,#6832,#678,.T.);
#5498=EDGE_CURVE('',#6832,#6827,#7738,.T.);
#5499=EDGE_CURVE('',#6833,#6832,#7739,.F.);
#5500=EDGE_CURVE('',#6834,#6831,#7740,.F.);
#5501=EDGE_CURVE('',#6834,#6833,#679,.T.);
#5502=EDGE_CURVE('',#6835,#6836,#7741,.F.);
#5503=EDGE_CURVE('',#6837,#6836,#680,.T.);
#5504=EDGE_CURVE('',#6838,#6837,#7742,.F.);
#5505=EDGE_CURVE('',#6838,#6835,#681,.T.);
#5506=EDGE_CURVE('',#6836,#6833,#682,.T.);
#5507=EDGE_CURVE('',#6837,#6834,#683,.T.);
#5508=EDGE_CURVE('',#6839,#6838,#7743,.T.);
#5509=EDGE_CURVE('',#6839,#6840,#684,.T.);
#5510=EDGE_CURVE('',#6840,#6835,#7744,.T.);
#5511=EDGE_CURVE('',#6841,#6840,#7745,.F.);
#5512=EDGE_CURVE('',#6842,#6839,#7746,.F.);
#5513=EDGE_CURVE('',#6842,#6841,#685,.T.);
#5514=EDGE_CURVE('',#6843,#6844,#7747,.F.);
#5515=EDGE_CURVE('',#6845,#6844,#686,.T.);
#5516=EDGE_CURVE('',#6846,#6845,#7748,.F.);
#5517=EDGE_CURVE('',#6846,#6843,#687,.T.);
#5518=EDGE_CURVE('',#6844,#6841,#688,.T.);
#5519=EDGE_CURVE('',#6845,#6842,#689,.T.);
#5520=EDGE_CURVE('',#6847,#6846,#7749,.T.);
#5521=EDGE_CURVE('',#6847,#6848,#690,.T.);
#5522=EDGE_CURVE('',#6848,#6843,#7750,.T.);
#5523=EDGE_CURVE('',#6849,#6848,#7751,.F.);
#5524=EDGE_CURVE('',#6850,#6847,#7752,.F.);
#5525=EDGE_CURVE('',#6850,#6849,#691,.T.);
#5526=EDGE_CURVE('',#6851,#6852,#7753,.F.);
#5527=EDGE_CURVE('',#6853,#6852,#692,.T.);
#5528=EDGE_CURVE('',#6854,#6853,#7754,.F.);
#5529=EDGE_CURVE('',#6854,#6851,#693,.T.);
#5530=EDGE_CURVE('',#6852,#6849,#694,.T.);
#5531=EDGE_CURVE('',#6853,#6850,#695,.T.);
#5532=EDGE_CURVE('',#6855,#6854,#7755,.T.);
#5533=EDGE_CURVE('',#6855,#6856,#696,.T.);
#5534=EDGE_CURVE('',#6856,#6851,#7756,.T.);
#5535=EDGE_CURVE('',#6857,#6856,#7757,.F.);
#5536=EDGE_CURVE('',#6858,#6855,#7758,.F.);
#5537=EDGE_CURVE('',#6858,#6857,#697,.T.);
#5538=EDGE_CURVE('',#6859,#6860,#7759,.F.);
#5539=EDGE_CURVE('',#6861,#6860,#698,.T.);
#5540=EDGE_CURVE('',#6862,#6861,#7760,.F.);
#5541=EDGE_CURVE('',#6862,#6859,#699,.T.);
#5542=EDGE_CURVE('',#6860,#6857,#700,.T.);
#5543=EDGE_CURVE('',#6861,#6858,#701,.T.);
#5544=EDGE_CURVE('',#6863,#6862,#7761,.T.);
#5545=EDGE_CURVE('',#6863,#6864,#702,.T.);
#5546=EDGE_CURVE('',#6864,#6859,#7762,.T.);
#5547=EDGE_CURVE('',#6865,#6864,#7763,.F.);
#5548=EDGE_CURVE('',#6866,#6863,#7764,.F.);
#5549=EDGE_CURVE('',#6866,#6865,#703,.T.);
#5550=EDGE_CURVE('',#6867,#6868,#7765,.F.);
#5551=EDGE_CURVE('',#6869,#6868,#704,.T.);
#5552=EDGE_CURVE('',#6870,#6869,#7766,.F.);
#5553=EDGE_CURVE('',#6870,#6867,#705,.T.);
#5554=EDGE_CURVE('',#6868,#6865,#706,.T.);
#5555=EDGE_CURVE('',#6869,#6866,#707,.T.);
#5556=EDGE_CURVE('',#6871,#6870,#7767,.T.);
#5557=EDGE_CURVE('',#6871,#6872,#708,.T.);
#5558=EDGE_CURVE('',#6872,#6867,#7768,.T.);
#5559=EDGE_CURVE('',#6873,#6872,#7769,.F.);
#5560=EDGE_CURVE('',#6874,#6871,#7770,.F.);
#5561=EDGE_CURVE('',#6874,#6873,#709,.T.);
#5562=EDGE_CURVE('',#6875,#6876,#7771,.F.);
#5563=EDGE_CURVE('',#6877,#6876,#710,.T.);
#5564=EDGE_CURVE('',#6878,#6877,#7772,.F.);
#5565=EDGE_CURVE('',#6878,#6875,#711,.T.);
#5566=EDGE_CURVE('',#6876,#6873,#712,.T.);
#5567=EDGE_CURVE('',#6877,#6874,#713,.T.);
#5568=EDGE_CURVE('',#6879,#6878,#7773,.T.);
#5569=EDGE_CURVE('',#6879,#6880,#714,.T.);
#5570=EDGE_CURVE('',#6880,#6875,#7774,.T.);
#5571=EDGE_CURVE('',#6881,#6880,#7775,.F.);
#5572=EDGE_CURVE('',#6882,#6879,#7776,.F.);
#5573=EDGE_CURVE('',#6882,#6881,#715,.T.);
#5574=EDGE_CURVE('',#6883,#6884,#7777,.F.);
#5575=EDGE_CURVE('',#6885,#6884,#716,.T.);
#5576=EDGE_CURVE('',#6886,#6885,#7778,.F.);
#5577=EDGE_CURVE('',#6886,#6883,#717,.T.);
#5578=EDGE_CURVE('',#6884,#6881,#718,.T.);
#5579=EDGE_CURVE('',#6885,#6882,#719,.T.);
#5580=EDGE_CURVE('',#6887,#6886,#7779,.T.);
#5581=EDGE_CURVE('',#6887,#6888,#720,.T.);
#5582=EDGE_CURVE('',#6888,#6883,#7780,.T.);
#5583=EDGE_CURVE('',#6889,#6888,#7781,.F.);
#5584=EDGE_CURVE('',#6890,#6887,#7782,.F.);
#5585=EDGE_CURVE('',#6890,#6889,#721,.T.);
#5586=EDGE_CURVE('',#6891,#6892,#7783,.F.);
#5587=EDGE_CURVE('',#6893,#6892,#722,.T.);
#5588=EDGE_CURVE('',#6894,#6893,#7784,.F.);
#5589=EDGE_CURVE('',#6894,#6891,#723,.T.);
#5590=EDGE_CURVE('',#6892,#6889,#724,.T.);
#5591=EDGE_CURVE('',#6893,#6890,#725,.T.);
#5592=EDGE_CURVE('',#6895,#6894,#7785,.T.);
#5593=EDGE_CURVE('',#6895,#6896,#726,.T.);
#5594=EDGE_CURVE('',#6896,#6891,#7786,.T.);
#5595=EDGE_CURVE('',#6897,#6896,#7787,.F.);
#5596=EDGE_CURVE('',#6898,#6895,#7788,.F.);
#5597=EDGE_CURVE('',#6898,#6897,#727,.T.);
#5598=EDGE_CURVE('',#6899,#6900,#7789,.F.);
#5599=EDGE_CURVE('',#6901,#6900,#728,.T.);
#5600=EDGE_CURVE('',#6902,#6901,#7790,.F.);
#5601=EDGE_CURVE('',#6902,#6899,#729,.T.);
#5602=EDGE_CURVE('',#6900,#6897,#730,.T.);
#5603=EDGE_CURVE('',#6901,#6898,#731,.T.);
#5604=EDGE_CURVE('',#6903,#6902,#7791,.T.);
#5605=EDGE_CURVE('',#6903,#6904,#732,.T.);
#5606=EDGE_CURVE('',#6904,#6899,#7792,.T.);
#5607=EDGE_CURVE('',#6905,#6904,#7793,.F.);
#5608=EDGE_CURVE('',#6906,#6903,#7794,.F.);
#5609=EDGE_CURVE('',#6906,#6905,#733,.T.);
#5610=EDGE_CURVE('',#6907,#6908,#7795,.F.);
#5611=EDGE_CURVE('',#6909,#6908,#734,.T.);
#5612=EDGE_CURVE('',#6910,#6909,#7796,.F.);
#5613=EDGE_CURVE('',#6910,#6907,#735,.T.);
#5614=EDGE_CURVE('',#6908,#6905,#736,.T.);
#5615=EDGE_CURVE('',#6909,#6906,#737,.T.);
#5616=EDGE_CURVE('',#6911,#6910,#7797,.T.);
#5617=EDGE_CURVE('',#6911,#6912,#738,.T.);
#5618=EDGE_CURVE('',#6912,#6907,#7798,.T.);
#5619=EDGE_CURVE('',#6913,#6912,#7799,.F.);
#5620=EDGE_CURVE('',#6914,#6911,#7800,.F.);
#5621=EDGE_CURVE('',#6914,#6913,#739,.T.);
#5622=EDGE_CURVE('',#6915,#6916,#7801,.F.);
#5623=EDGE_CURVE('',#6917,#6916,#740,.T.);
#5624=EDGE_CURVE('',#6918,#6917,#7802,.F.);
#5625=EDGE_CURVE('',#6918,#6915,#741,.T.);
#5626=EDGE_CURVE('',#6916,#6913,#742,.T.);
#5627=EDGE_CURVE('',#6917,#6914,#743,.T.);
#5628=EDGE_CURVE('',#6919,#6918,#7803,.T.);
#5629=EDGE_CURVE('',#6919,#6920,#744,.T.);
#5630=EDGE_CURVE('',#6920,#6915,#7804,.T.);
#5631=EDGE_CURVE('',#6921,#6920,#7805,.F.);
#5632=EDGE_CURVE('',#6922,#6919,#7806,.F.);
#5633=EDGE_CURVE('',#6922,#6921,#745,.T.);
#5634=EDGE_CURVE('',#6923,#6924,#7807,.F.);
#5635=EDGE_CURVE('',#6925,#6924,#746,.T.);
#5636=EDGE_CURVE('',#6926,#6925,#7808,.F.);
#5637=EDGE_CURVE('',#6926,#6923,#747,.T.);
#5638=EDGE_CURVE('',#6924,#6921,#748,.T.);
#5639=EDGE_CURVE('',#6925,#6922,#749,.T.);
#5640=EDGE_CURVE('',#6927,#6926,#7809,.T.);
#5641=EDGE_CURVE('',#6927,#6928,#750,.T.);
#5642=EDGE_CURVE('',#6928,#6923,#7810,.T.);
#5643=EDGE_CURVE('',#6929,#6928,#7811,.F.);
#5644=EDGE_CURVE('',#6930,#6927,#7812,.F.);
#5645=EDGE_CURVE('',#6930,#6929,#751,.T.);
#5646=EDGE_CURVE('',#6931,#6932,#7813,.F.);
#5647=EDGE_CURVE('',#6933,#6932,#752,.T.);
#5648=EDGE_CURVE('',#6934,#6933,#7814,.F.);
#5649=EDGE_CURVE('',#6934,#6931,#753,.T.);
#5650=EDGE_CURVE('',#6932,#6929,#754,.T.);
#5651=EDGE_CURVE('',#6933,#6930,#755,.T.);
#5652=EDGE_CURVE('',#6935,#6934,#7815,.T.);
#5653=EDGE_CURVE('',#6935,#6936,#756,.T.);
#5654=EDGE_CURVE('',#6936,#6931,#7816,.T.);
#5655=EDGE_CURVE('',#6937,#6936,#7817,.F.);
#5656=EDGE_CURVE('',#6938,#6935,#7818,.F.);
#5657=EDGE_CURVE('',#6938,#6937,#757,.T.);
#5658=EDGE_CURVE('',#6939,#6940,#7819,.F.);
#5659=EDGE_CURVE('',#6941,#6940,#758,.T.);
#5660=EDGE_CURVE('',#6942,#6941,#7820,.F.);
#5661=EDGE_CURVE('',#6942,#6939,#759,.T.);
#5662=EDGE_CURVE('',#6940,#6937,#760,.T.);
#5663=EDGE_CURVE('',#6941,#6938,#761,.T.);
#5664=EDGE_CURVE('',#6943,#6942,#7821,.T.);
#5665=EDGE_CURVE('',#6943,#6944,#762,.T.);
#5666=EDGE_CURVE('',#6944,#6939,#7822,.T.);
#5667=EDGE_CURVE('',#6945,#6944,#7823,.F.);
#5668=EDGE_CURVE('',#6946,#6943,#7824,.F.);
#5669=EDGE_CURVE('',#6946,#6945,#763,.T.);
#5670=EDGE_CURVE('',#6947,#6948,#7825,.F.);
#5671=EDGE_CURVE('',#6949,#6948,#764,.T.);
#5672=EDGE_CURVE('',#6950,#6949,#7826,.F.);
#5673=EDGE_CURVE('',#6950,#6947,#765,.T.);
#5674=EDGE_CURVE('',#6948,#6945,#766,.T.);
#5675=EDGE_CURVE('',#6949,#6946,#767,.T.);
#5676=EDGE_CURVE('',#6951,#6950,#7827,.T.);
#5677=EDGE_CURVE('',#6951,#6952,#768,.T.);
#5678=EDGE_CURVE('',#6952,#6947,#7828,.T.);
#5679=EDGE_CURVE('',#6953,#6952,#7829,.F.);
#5680=EDGE_CURVE('',#6954,#6951,#7830,.F.);
#5681=EDGE_CURVE('',#6954,#6953,#769,.T.);
#5682=EDGE_CURVE('',#6955,#6956,#7831,.F.);
#5683=EDGE_CURVE('',#6957,#6956,#770,.T.);
#5684=EDGE_CURVE('',#6958,#6957,#7832,.F.);
#5685=EDGE_CURVE('',#6958,#6955,#771,.T.);
#5686=EDGE_CURVE('',#6956,#6953,#772,.T.);
#5687=EDGE_CURVE('',#6957,#6954,#773,.T.);
#5688=EDGE_CURVE('',#6959,#6958,#7833,.T.);
#5689=EDGE_CURVE('',#6959,#6960,#774,.T.);
#5690=EDGE_CURVE('',#6960,#6955,#7834,.T.);
#5691=EDGE_CURVE('',#6961,#6960,#7835,.F.);
#5692=EDGE_CURVE('',#6962,#6959,#7836,.F.);
#5693=EDGE_CURVE('',#6962,#6961,#775,.T.);
#5694=EDGE_CURVE('',#6963,#6964,#7837,.F.);
#5695=EDGE_CURVE('',#6965,#6964,#776,.T.);
#5696=EDGE_CURVE('',#6966,#6965,#7838,.F.);
#5697=EDGE_CURVE('',#6966,#6963,#777,.T.);
#5698=EDGE_CURVE('',#6964,#6961,#778,.T.);
#5699=EDGE_CURVE('',#6965,#6962,#779,.T.);
#5700=EDGE_CURVE('',#6967,#6966,#7839,.T.);
#5701=EDGE_CURVE('',#6967,#6968,#780,.T.);
#5702=EDGE_CURVE('',#6968,#6963,#7840,.T.);
#5703=EDGE_CURVE('',#6969,#6968,#7841,.F.);
#5704=EDGE_CURVE('',#6970,#6967,#7842,.F.);
#5705=EDGE_CURVE('',#6970,#6969,#781,.T.);
#5706=EDGE_CURVE('',#6971,#6972,#7843,.F.);
#5707=EDGE_CURVE('',#6973,#6972,#782,.T.);
#5708=EDGE_CURVE('',#6974,#6973,#7844,.F.);
#5709=EDGE_CURVE('',#6974,#6971,#783,.T.);
#5710=EDGE_CURVE('',#6972,#6969,#784,.T.);
#5711=EDGE_CURVE('',#6973,#6970,#785,.T.);
#5712=EDGE_CURVE('',#6975,#6974,#7845,.T.);
#5713=EDGE_CURVE('',#6975,#6976,#786,.T.);
#5714=EDGE_CURVE('',#6976,#6971,#7846,.T.);
#5715=EDGE_CURVE('',#6977,#6976,#7847,.F.);
#5716=EDGE_CURVE('',#6978,#6975,#7848,.F.);
#5717=EDGE_CURVE('',#6978,#6977,#787,.T.);
#5718=EDGE_CURVE('',#6979,#6980,#7849,.F.);
#5719=EDGE_CURVE('',#6981,#6980,#788,.T.);
#5720=EDGE_CURVE('',#6982,#6981,#7850,.F.);
#5721=EDGE_CURVE('',#6982,#6979,#789,.T.);
#5722=EDGE_CURVE('',#6980,#6977,#790,.T.);
#5723=EDGE_CURVE('',#6981,#6978,#791,.T.);
#5724=EDGE_CURVE('',#6983,#6982,#7851,.T.);
#5725=EDGE_CURVE('',#6983,#6984,#792,.T.);
#5726=EDGE_CURVE('',#6984,#6979,#7852,.T.);
#5727=EDGE_CURVE('',#6985,#6984,#7853,.F.);
#5728=EDGE_CURVE('',#6986,#6983,#7854,.F.);
#5729=EDGE_CURVE('',#6986,#6985,#793,.T.);
#5730=EDGE_CURVE('',#6987,#6988,#7855,.F.);
#5731=EDGE_CURVE('',#6989,#6988,#794,.T.);
#5732=EDGE_CURVE('',#6990,#6989,#7856,.F.);
#5733=EDGE_CURVE('',#6990,#6987,#795,.T.);
#5734=EDGE_CURVE('',#6988,#6985,#796,.T.);
#5735=EDGE_CURVE('',#6989,#6986,#797,.T.);
#5736=EDGE_CURVE('',#6991,#6990,#7857,.T.);
#5737=EDGE_CURVE('',#6991,#6992,#798,.T.);
#5738=EDGE_CURVE('',#6992,#6987,#7858,.T.);
#5739=EDGE_CURVE('',#6993,#6992,#7859,.F.);
#5740=EDGE_CURVE('',#6994,#6991,#7860,.F.);
#5741=EDGE_CURVE('',#6994,#6993,#799,.T.);
#5742=EDGE_CURVE('',#6995,#6996,#7861,.F.);
#5743=EDGE_CURVE('',#6997,#6996,#800,.T.);
#5744=EDGE_CURVE('',#6998,#6997,#7862,.F.);
#5745=EDGE_CURVE('',#6998,#6995,#801,.T.);
#5746=EDGE_CURVE('',#6996,#6993,#802,.T.);
#5747=EDGE_CURVE('',#6997,#6994,#803,.T.);
#5748=EDGE_CURVE('',#6999,#6998,#7863,.T.);
#5749=EDGE_CURVE('',#6999,#7000,#804,.T.);
#5750=EDGE_CURVE('',#7000,#6995,#7864,.T.);
#5751=EDGE_CURVE('',#7001,#7000,#7865,.F.);
#5752=EDGE_CURVE('',#7002,#6999,#7866,.F.);
#5753=EDGE_CURVE('',#7002,#7001,#805,.T.);
#5754=EDGE_CURVE('',#7003,#7004,#7867,.F.);
#5755=EDGE_CURVE('',#7005,#7004,#806,.T.);
#5756=EDGE_CURVE('',#7006,#7005,#7868,.F.);
#5757=EDGE_CURVE('',#7006,#7003,#807,.T.);
#5758=EDGE_CURVE('',#7004,#7001,#808,.T.);
#5759=EDGE_CURVE('',#7005,#7002,#809,.T.);
#5760=EDGE_CURVE('',#7007,#7006,#7869,.T.);
#5761=EDGE_CURVE('',#7007,#7008,#810,.T.);
#5762=EDGE_CURVE('',#7008,#7003,#7870,.T.);
#5763=EDGE_CURVE('',#7009,#7008,#7871,.F.);
#5764=EDGE_CURVE('',#7010,#7007,#7872,.F.);
#5765=EDGE_CURVE('',#7010,#7009,#811,.T.);
#5766=EDGE_CURVE('',#7011,#7012,#7873,.F.);
#5767=EDGE_CURVE('',#7013,#7012,#812,.T.);
#5768=EDGE_CURVE('',#7014,#7013,#7874,.F.);
#5769=EDGE_CURVE('',#7014,#7011,#813,.T.);
#5770=EDGE_CURVE('',#7012,#7009,#814,.T.);
#5771=EDGE_CURVE('',#7013,#7010,#815,.T.);
#5772=EDGE_CURVE('',#7015,#7014,#7875,.T.);
#5773=EDGE_CURVE('',#7015,#7016,#816,.T.);
#5774=EDGE_CURVE('',#7016,#7011,#7876,.T.);
#5775=EDGE_CURVE('',#7017,#7016,#7877,.F.);
#5776=EDGE_CURVE('',#7018,#7015,#7878,.F.);
#5777=EDGE_CURVE('',#7018,#7017,#817,.T.);
#5778=EDGE_CURVE('',#7019,#7020,#7879,.F.);
#5779=EDGE_CURVE('',#7021,#7020,#818,.T.);
#5780=EDGE_CURVE('',#7022,#7021,#7880,.F.);
#5781=EDGE_CURVE('',#7022,#7019,#819,.T.);
#5782=EDGE_CURVE('',#7020,#7017,#820,.T.);
#5783=EDGE_CURVE('',#7021,#7018,#821,.T.);
#5784=EDGE_CURVE('',#7023,#7022,#7881,.T.);
#5785=EDGE_CURVE('',#7023,#7024,#822,.T.);
#5786=EDGE_CURVE('',#7024,#7019,#7882,.T.);
#5787=EDGE_CURVE('',#7025,#7024,#7883,.F.);
#5788=EDGE_CURVE('',#7026,#7023,#7884,.F.);
#5789=EDGE_CURVE('',#7026,#7025,#823,.T.);
#5790=EDGE_CURVE('',#7027,#7028,#7885,.F.);
#5791=EDGE_CURVE('',#7029,#7028,#824,.T.);
#5792=EDGE_CURVE('',#7030,#7029,#7886,.F.);
#5793=EDGE_CURVE('',#7030,#7027,#825,.T.);
#5794=EDGE_CURVE('',#7028,#7025,#826,.T.);
#5795=EDGE_CURVE('',#7029,#7026,#827,.T.);
#5796=EDGE_CURVE('',#7031,#7030,#7887,.T.);
#5797=EDGE_CURVE('',#7031,#7032,#828,.T.);
#5798=EDGE_CURVE('',#7032,#7027,#7888,.T.);
#5799=EDGE_CURVE('',#7033,#7032,#7889,.F.);
#5800=EDGE_CURVE('',#7034,#7031,#7890,.F.);
#5801=EDGE_CURVE('',#7034,#7033,#829,.T.);
#5802=EDGE_CURVE('',#7035,#7036,#7891,.F.);
#5803=EDGE_CURVE('',#7037,#7036,#830,.T.);
#5804=EDGE_CURVE('',#7038,#7037,#7892,.F.);
#5805=EDGE_CURVE('',#7038,#7035,#831,.T.);
#5806=EDGE_CURVE('',#7036,#7033,#832,.T.);
#5807=EDGE_CURVE('',#7037,#7034,#833,.T.);
#5808=EDGE_CURVE('',#7039,#7038,#7893,.T.);
#5809=EDGE_CURVE('',#7039,#7040,#834,.T.);
#5810=EDGE_CURVE('',#7040,#7035,#7894,.T.);
#5811=EDGE_CURVE('',#7041,#7040,#7895,.F.);
#5812=EDGE_CURVE('',#7042,#7039,#7896,.F.);
#5813=EDGE_CURVE('',#7042,#7041,#835,.T.);
#5814=EDGE_CURVE('',#7043,#7044,#7897,.F.);
#5815=EDGE_CURVE('',#7045,#7044,#836,.T.);
#5816=EDGE_CURVE('',#7046,#7045,#7898,.F.);
#5817=EDGE_CURVE('',#7046,#7043,#837,.T.);
#5818=EDGE_CURVE('',#7044,#7041,#838,.T.);
#5819=EDGE_CURVE('',#7045,#7042,#839,.T.);
#5820=EDGE_CURVE('',#7047,#7046,#7899,.T.);
#5821=EDGE_CURVE('',#7047,#7048,#840,.T.);
#5822=EDGE_CURVE('',#7048,#7043,#7900,.T.);
#5823=EDGE_CURVE('',#7049,#7048,#7901,.F.);
#5824=EDGE_CURVE('',#7050,#7047,#7902,.F.);
#5825=EDGE_CURVE('',#7050,#7049,#841,.T.);
#5826=EDGE_CURVE('',#7051,#7052,#7903,.F.);
#5827=EDGE_CURVE('',#7053,#7052,#842,.T.);
#5828=EDGE_CURVE('',#7054,#7053,#7904,.F.);
#5829=EDGE_CURVE('',#7054,#7051,#843,.T.);
#5830=EDGE_CURVE('',#7052,#7049,#844,.T.);
#5831=EDGE_CURVE('',#7053,#7050,#845,.T.);
#5832=EDGE_CURVE('',#7055,#7054,#7905,.T.);
#5833=EDGE_CURVE('',#7055,#7056,#846,.T.);
#5834=EDGE_CURVE('',#7056,#7051,#7906,.T.);
#5835=EDGE_CURVE('',#7057,#7056,#7907,.F.);
#5836=EDGE_CURVE('',#7058,#7055,#7908,.F.);
#5837=EDGE_CURVE('',#7058,#7057,#847,.T.);
#5838=EDGE_CURVE('',#7059,#7060,#7909,.F.);
#5839=EDGE_CURVE('',#7061,#7060,#848,.T.);
#5840=EDGE_CURVE('',#7062,#7061,#7910,.F.);
#5841=EDGE_CURVE('',#7062,#7059,#849,.T.);
#5842=EDGE_CURVE('',#7060,#7057,#850,.T.);
#5843=EDGE_CURVE('',#7061,#7058,#851,.T.);
#5844=EDGE_CURVE('',#7063,#7062,#7911,.T.);
#5845=EDGE_CURVE('',#7063,#7064,#852,.T.);
#5846=EDGE_CURVE('',#7064,#7059,#7912,.T.);
#5847=EDGE_CURVE('',#7065,#7064,#7913,.F.);
#5848=EDGE_CURVE('',#7066,#7063,#7914,.F.);
#5849=EDGE_CURVE('',#7066,#7065,#853,.T.);
#5850=EDGE_CURVE('',#7067,#7068,#7915,.F.);
#5851=EDGE_CURVE('',#7069,#7068,#854,.T.);
#5852=EDGE_CURVE('',#7070,#7069,#7916,.F.);
#5853=EDGE_CURVE('',#7070,#7067,#855,.T.);
#5854=EDGE_CURVE('',#7068,#7065,#856,.T.);
#5855=EDGE_CURVE('',#7069,#7066,#857,.T.);
#5856=EDGE_CURVE('',#7071,#7070,#7917,.T.);
#5857=EDGE_CURVE('',#7071,#7072,#858,.T.);
#5858=EDGE_CURVE('',#7072,#7067,#7918,.T.);
#5859=EDGE_CURVE('',#7073,#7072,#7919,.F.);
#5860=EDGE_CURVE('',#7074,#7071,#7920,.F.);
#5861=EDGE_CURVE('',#7074,#7073,#859,.T.);
#5862=EDGE_CURVE('',#7075,#7076,#7921,.F.);
#5863=EDGE_CURVE('',#7077,#7076,#860,.T.);
#5864=EDGE_CURVE('',#7078,#7077,#7922,.F.);
#5865=EDGE_CURVE('',#7078,#7075,#861,.T.);
#5866=EDGE_CURVE('',#7076,#7073,#862,.T.);
#5867=EDGE_CURVE('',#7077,#7074,#863,.T.);
#5868=EDGE_CURVE('',#7079,#7078,#7923,.T.);
#5869=EDGE_CURVE('',#7079,#7080,#864,.T.);
#5870=EDGE_CURVE('',#7080,#7075,#7924,.T.);
#5871=EDGE_CURVE('',#7081,#7080,#7925,.F.);
#5872=EDGE_CURVE('',#7082,#7079,#7926,.F.);
#5873=EDGE_CURVE('',#7082,#7081,#865,.T.);
#5874=EDGE_CURVE('',#7083,#7084,#7927,.F.);
#5875=EDGE_CURVE('',#7085,#7084,#866,.T.);
#5876=EDGE_CURVE('',#7086,#7085,#7928,.F.);
#5877=EDGE_CURVE('',#7086,#7083,#867,.T.);
#5878=EDGE_CURVE('',#7084,#7081,#868,.T.);
#5879=EDGE_CURVE('',#7085,#7082,#869,.T.);
#5880=EDGE_CURVE('',#7087,#7086,#7929,.T.);
#5881=EDGE_CURVE('',#7087,#7088,#870,.T.);
#5882=EDGE_CURVE('',#7088,#7083,#7930,.T.);
#5883=EDGE_CURVE('',#7089,#7088,#7931,.F.);
#5884=EDGE_CURVE('',#7090,#7087,#7932,.F.);
#5885=EDGE_CURVE('',#7090,#7089,#871,.T.);
#5886=EDGE_CURVE('',#7091,#7092,#7933,.F.);
#5887=EDGE_CURVE('',#7093,#7092,#872,.T.);
#5888=EDGE_CURVE('',#7094,#7093,#7934,.F.);
#5889=EDGE_CURVE('',#7094,#7091,#873,.T.);
#5890=EDGE_CURVE('',#7092,#7089,#874,.T.);
#5891=EDGE_CURVE('',#7093,#7090,#875,.T.);
#5892=EDGE_CURVE('',#7095,#7094,#7935,.T.);
#5893=EDGE_CURVE('',#7095,#7096,#876,.T.);
#5894=EDGE_CURVE('',#7096,#7091,#7936,.T.);
#5895=EDGE_CURVE('',#7097,#7096,#7937,.F.);
#5896=EDGE_CURVE('',#7098,#7095,#7938,.F.);
#5897=EDGE_CURVE('',#7098,#7097,#877,.T.);
#5898=EDGE_CURVE('',#7099,#7100,#7939,.F.);
#5899=EDGE_CURVE('',#7101,#7100,#878,.T.);
#5900=EDGE_CURVE('',#7102,#7101,#7940,.F.);
#5901=EDGE_CURVE('',#7102,#7099,#879,.T.);
#5902=EDGE_CURVE('',#7100,#7097,#880,.T.);
#5903=EDGE_CURVE('',#7101,#7098,#881,.T.);
#5904=EDGE_CURVE('',#7103,#7102,#7941,.T.);
#5905=EDGE_CURVE('',#7103,#7104,#882,.T.);
#5906=EDGE_CURVE('',#7104,#7099,#7942,.T.);
#5907=EDGE_CURVE('',#7105,#7104,#7943,.F.);
#5908=EDGE_CURVE('',#7106,#7103,#7944,.F.);
#5909=EDGE_CURVE('',#7106,#7105,#883,.T.);
#5910=EDGE_CURVE('',#7107,#7108,#7945,.F.);
#5911=EDGE_CURVE('',#7109,#7108,#884,.T.);
#5912=EDGE_CURVE('',#7110,#7109,#7946,.F.);
#5913=EDGE_CURVE('',#7110,#7107,#885,.T.);
#5914=EDGE_CURVE('',#7108,#7105,#886,.T.);
#5915=EDGE_CURVE('',#7109,#7106,#887,.T.);
#5916=EDGE_CURVE('',#7111,#7110,#7947,.T.);
#5917=EDGE_CURVE('',#7111,#7112,#888,.T.);
#5918=EDGE_CURVE('',#7112,#7107,#7948,.T.);
#5919=EDGE_CURVE('',#7113,#7112,#7949,.F.);
#5920=EDGE_CURVE('',#7114,#7111,#7950,.F.);
#5921=EDGE_CURVE('',#7114,#7113,#889,.T.);
#5922=EDGE_CURVE('',#7115,#7116,#7951,.F.);
#5923=EDGE_CURVE('',#7117,#7116,#890,.T.);
#5924=EDGE_CURVE('',#7118,#7117,#7952,.F.);
#5925=EDGE_CURVE('',#7118,#7115,#891,.T.);
#5926=EDGE_CURVE('',#7116,#7113,#892,.T.);
#5927=EDGE_CURVE('',#7117,#7114,#893,.T.);
#5928=EDGE_CURVE('',#7119,#7118,#7953,.T.);
#5929=EDGE_CURVE('',#7119,#7120,#894,.T.);
#5930=EDGE_CURVE('',#7120,#7115,#7954,.T.);
#5931=EDGE_CURVE('',#7121,#7120,#7955,.F.);
#5932=EDGE_CURVE('',#7122,#7119,#7956,.F.);
#5933=EDGE_CURVE('',#7122,#7121,#895,.T.);
#5934=EDGE_CURVE('',#7123,#7124,#7957,.F.);
#5935=EDGE_CURVE('',#7125,#7124,#896,.T.);
#5936=EDGE_CURVE('',#7126,#7125,#7958,.F.);
#5937=EDGE_CURVE('',#7126,#7123,#897,.T.);
#5938=EDGE_CURVE('',#7124,#7121,#898,.T.);
#5939=EDGE_CURVE('',#7125,#7122,#899,.T.);
#5940=EDGE_CURVE('',#7127,#7126,#7959,.T.);
#5941=EDGE_CURVE('',#7127,#7128,#900,.T.);
#5942=EDGE_CURVE('',#7128,#7123,#7960,.T.);
#5943=EDGE_CURVE('',#7129,#7128,#7961,.F.);
#5944=EDGE_CURVE('',#7130,#7127,#7962,.F.);
#5945=EDGE_CURVE('',#7130,#7129,#901,.T.);
#5946=EDGE_CURVE('',#7131,#7132,#7963,.F.);
#5947=EDGE_CURVE('',#7133,#7132,#902,.T.);
#5948=EDGE_CURVE('',#7134,#7133,#7964,.F.);
#5949=EDGE_CURVE('',#7134,#7131,#903,.T.);
#5950=EDGE_CURVE('',#7132,#7129,#904,.T.);
#5951=EDGE_CURVE('',#7133,#7130,#905,.T.);
#5952=EDGE_CURVE('',#7135,#7134,#7965,.T.);
#5953=EDGE_CURVE('',#7135,#7136,#906,.T.);
#5954=EDGE_CURVE('',#7136,#7131,#7966,.T.);
#5955=EDGE_CURVE('',#7137,#7136,#7967,.F.);
#5956=EDGE_CURVE('',#7138,#7135,#7968,.F.);
#5957=EDGE_CURVE('',#7138,#7137,#907,.T.);
#5958=EDGE_CURVE('',#7139,#7140,#7969,.F.);
#5959=EDGE_CURVE('',#7141,#7140,#908,.T.);
#5960=EDGE_CURVE('',#7142,#7141,#7970,.F.);
#5961=EDGE_CURVE('',#7142,#7139,#909,.T.);
#5962=EDGE_CURVE('',#7140,#7137,#910,.T.);
#5963=EDGE_CURVE('',#7141,#7138,#911,.T.);
#5964=EDGE_CURVE('',#7143,#7142,#7971,.T.);
#5965=EDGE_CURVE('',#7143,#7144,#912,.T.);
#5966=EDGE_CURVE('',#7144,#7139,#7972,.T.);
#5967=EDGE_CURVE('',#7145,#7144,#7973,.F.);
#5968=EDGE_CURVE('',#7146,#7143,#7974,.F.);
#5969=EDGE_CURVE('',#7146,#7145,#913,.T.);
#5970=EDGE_CURVE('',#7147,#7148,#7975,.F.);
#5971=EDGE_CURVE('',#7149,#7148,#914,.T.);
#5972=EDGE_CURVE('',#7150,#7149,#7976,.F.);
#5973=EDGE_CURVE('',#7150,#7147,#915,.T.);
#5974=EDGE_CURVE('',#7148,#7145,#916,.T.);
#5975=EDGE_CURVE('',#7149,#7146,#917,.T.);
#5976=EDGE_CURVE('',#7151,#7150,#7977,.T.);
#5977=EDGE_CURVE('',#7151,#7152,#918,.T.);
#5978=EDGE_CURVE('',#7152,#7147,#7978,.T.);
#5979=EDGE_CURVE('',#7153,#7152,#7979,.F.);
#5980=EDGE_CURVE('',#7154,#7151,#7980,.F.);
#5981=EDGE_CURVE('',#7154,#7153,#919,.T.);
#5982=EDGE_CURVE('',#7155,#7156,#7981,.F.);
#5983=EDGE_CURVE('',#7157,#7156,#920,.T.);
#5984=EDGE_CURVE('',#7158,#7157,#7982,.F.);
#5985=EDGE_CURVE('',#7158,#7155,#921,.T.);
#5986=EDGE_CURVE('',#7156,#7153,#922,.T.);
#5987=EDGE_CURVE('',#7157,#7154,#923,.T.);
#5988=EDGE_CURVE('',#7159,#7158,#7983,.T.);
#5989=EDGE_CURVE('',#7159,#7160,#924,.T.);
#5990=EDGE_CURVE('',#7160,#7155,#7984,.T.);
#5991=EDGE_CURVE('',#7161,#7160,#7985,.F.);
#5992=EDGE_CURVE('',#7162,#7159,#7986,.F.);
#5993=EDGE_CURVE('',#7162,#7161,#925,.T.);
#5994=EDGE_CURVE('',#7163,#7164,#7987,.F.);
#5995=EDGE_CURVE('',#7165,#7164,#926,.T.);
#5996=EDGE_CURVE('',#7166,#7165,#7988,.F.);
#5997=EDGE_CURVE('',#7166,#7163,#927,.T.);
#5998=EDGE_CURVE('',#7164,#7161,#928,.T.);
#5999=EDGE_CURVE('',#7165,#7162,#929,.T.);
#6000=EDGE_CURVE('',#7167,#7166,#7989,.T.);
#6001=EDGE_CURVE('',#7167,#7168,#930,.T.);
#6002=EDGE_CURVE('',#7168,#7163,#7990,.T.);
#6003=EDGE_CURVE('',#7169,#7168,#7991,.F.);
#6004=EDGE_CURVE('',#7170,#7167,#7992,.F.);
#6005=EDGE_CURVE('',#7170,#7169,#931,.T.);
#6006=EDGE_CURVE('',#7171,#7172,#7993,.F.);
#6007=EDGE_CURVE('',#7173,#7172,#932,.T.);
#6008=EDGE_CURVE('',#7174,#7173,#7994,.F.);
#6009=EDGE_CURVE('',#7174,#7171,#933,.T.);
#6010=EDGE_CURVE('',#7172,#7169,#934,.T.);
#6011=EDGE_CURVE('',#7173,#7170,#935,.T.);
#6012=EDGE_CURVE('',#7175,#7174,#7995,.T.);
#6013=EDGE_CURVE('',#7175,#7176,#936,.T.);
#6014=EDGE_CURVE('',#7176,#7171,#7996,.T.);
#6015=EDGE_CURVE('',#7177,#7176,#7997,.F.);
#6016=EDGE_CURVE('',#7178,#7175,#7998,.F.);
#6017=EDGE_CURVE('',#7178,#7177,#937,.T.);
#6018=EDGE_CURVE('',#7179,#7180,#7999,.F.);
#6019=EDGE_CURVE('',#7181,#7180,#938,.T.);
#6020=EDGE_CURVE('',#7182,#7181,#8000,.F.);
#6021=EDGE_CURVE('',#7182,#7179,#939,.T.);
#6022=EDGE_CURVE('',#7180,#7177,#940,.T.);
#6023=EDGE_CURVE('',#7181,#7178,#941,.T.);
#6024=EDGE_CURVE('',#7183,#7182,#8001,.T.);
#6025=EDGE_CURVE('',#7183,#7184,#942,.T.);
#6026=EDGE_CURVE('',#7184,#7179,#8002,.T.);
#6027=EDGE_CURVE('',#7185,#7184,#8003,.F.);
#6028=EDGE_CURVE('',#7186,#7183,#8004,.F.);
#6029=EDGE_CURVE('',#7186,#7185,#943,.T.);
#6030=EDGE_CURVE('',#7187,#7188,#8005,.F.);
#6031=EDGE_CURVE('',#7189,#7188,#944,.T.);
#6032=EDGE_CURVE('',#7190,#7189,#8006,.F.);
#6033=EDGE_CURVE('',#7190,#7187,#945,.T.);
#6034=EDGE_CURVE('',#7188,#7185,#946,.T.);
#6035=EDGE_CURVE('',#7189,#7186,#947,.T.);
#6036=EDGE_CURVE('',#7191,#7190,#8007,.T.);
#6037=EDGE_CURVE('',#7191,#7192,#948,.T.);
#6038=EDGE_CURVE('',#7192,#7187,#8008,.T.);
#6039=EDGE_CURVE('',#7193,#7192,#8009,.F.);
#6040=EDGE_CURVE('',#7194,#7191,#8010,.F.);
#6041=EDGE_CURVE('',#7194,#7193,#949,.T.);
#6042=EDGE_CURVE('',#7195,#7196,#8011,.F.);
#6043=EDGE_CURVE('',#7197,#7196,#950,.T.);
#6044=EDGE_CURVE('',#7198,#7197,#8012,.F.);
#6045=EDGE_CURVE('',#7198,#7195,#951,.T.);
#6046=EDGE_CURVE('',#7196,#7193,#952,.T.);
#6047=EDGE_CURVE('',#7197,#7194,#953,.T.);
#6048=EDGE_CURVE('',#7199,#7198,#8013,.T.);
#6049=EDGE_CURVE('',#7199,#7200,#954,.T.);
#6050=EDGE_CURVE('',#7200,#7195,#8014,.T.);
#6051=EDGE_CURVE('',#7201,#7200,#8015,.F.);
#6052=EDGE_CURVE('',#7202,#7199,#8016,.F.);
#6053=EDGE_CURVE('',#7202,#7201,#955,.T.);
#6054=EDGE_CURVE('',#7203,#7204,#8017,.F.);
#6055=EDGE_CURVE('',#7205,#7204,#956,.T.);
#6056=EDGE_CURVE('',#7206,#7205,#8018,.F.);
#6057=EDGE_CURVE('',#7206,#7203,#957,.T.);
#6058=EDGE_CURVE('',#7204,#7201,#958,.T.);
#6059=EDGE_CURVE('',#7205,#7202,#959,.T.);
#6060=EDGE_CURVE('',#7207,#7206,#8019,.T.);
#6061=EDGE_CURVE('',#7207,#7208,#960,.T.);
#6062=EDGE_CURVE('',#7208,#7203,#8020,.T.);
#6063=EDGE_CURVE('',#7209,#7208,#8021,.F.);
#6064=EDGE_CURVE('',#7210,#7207,#8022,.F.);
#6065=EDGE_CURVE('',#7210,#7209,#961,.T.);
#6066=EDGE_CURVE('',#7211,#7212,#8023,.F.);
#6067=EDGE_CURVE('',#7213,#7212,#962,.T.);
#6068=EDGE_CURVE('',#7214,#7213,#8024,.F.);
#6069=EDGE_CURVE('',#7214,#7211,#963,.T.);
#6070=EDGE_CURVE('',#7212,#7209,#964,.T.);
#6071=EDGE_CURVE('',#7213,#7210,#965,.T.);
#6072=EDGE_CURVE('',#7215,#7214,#8025,.T.);
#6073=EDGE_CURVE('',#7215,#7216,#966,.T.);
#6074=EDGE_CURVE('',#7216,#7211,#8026,.T.);
#6075=EDGE_CURVE('',#7217,#7216,#8027,.F.);
#6076=EDGE_CURVE('',#7218,#7215,#8028,.F.);
#6077=EDGE_CURVE('',#7218,#7217,#967,.T.);
#6078=EDGE_CURVE('',#7219,#7220,#8029,.F.);
#6079=EDGE_CURVE('',#7221,#7220,#968,.T.);
#6080=EDGE_CURVE('',#7222,#7221,#8030,.F.);
#6081=EDGE_CURVE('',#7222,#7219,#969,.T.);
#6082=EDGE_CURVE('',#7220,#7217,#970,.T.);
#6083=EDGE_CURVE('',#7221,#7218,#971,.T.);
#6084=EDGE_CURVE('',#7223,#7222,#8031,.T.);
#6085=EDGE_CURVE('',#7223,#7224,#972,.T.);
#6086=EDGE_CURVE('',#7224,#7219,#8032,.T.);
#6087=EDGE_CURVE('',#7225,#7224,#8033,.F.);
#6088=EDGE_CURVE('',#7226,#7223,#8034,.F.);
#6089=EDGE_CURVE('',#7226,#7225,#973,.T.);
#6090=EDGE_CURVE('',#7227,#7228,#8035,.F.);
#6091=EDGE_CURVE('',#7229,#7228,#974,.T.);
#6092=EDGE_CURVE('',#7230,#7229,#8036,.F.);
#6093=EDGE_CURVE('',#7230,#7227,#975,.T.);
#6094=EDGE_CURVE('',#7228,#7225,#976,.T.);
#6095=EDGE_CURVE('',#7229,#7226,#977,.T.);
#6096=EDGE_CURVE('',#7231,#7230,#8037,.T.);
#6097=EDGE_CURVE('',#7231,#7232,#978,.T.);
#6098=EDGE_CURVE('',#7232,#7227,#8038,.T.);
#6099=EDGE_CURVE('',#7233,#7232,#8039,.F.);
#6100=EDGE_CURVE('',#7234,#7231,#8040,.F.);
#6101=EDGE_CURVE('',#7234,#7233,#979,.T.);
#6102=EDGE_CURVE('',#7235,#7236,#8041,.F.);
#6103=EDGE_CURVE('',#7237,#7236,#980,.T.);
#6104=EDGE_CURVE('',#7238,#7237,#8042,.F.);
#6105=EDGE_CURVE('',#7238,#7235,#981,.T.);
#6106=EDGE_CURVE('',#7236,#7233,#982,.T.);
#6107=EDGE_CURVE('',#7237,#7234,#983,.T.);
#6108=EDGE_CURVE('',#7239,#7238,#8043,.T.);
#6109=EDGE_CURVE('',#7239,#7240,#984,.T.);
#6110=EDGE_CURVE('',#7240,#7235,#8044,.T.);
#6111=EDGE_CURVE('',#7241,#7240,#8045,.F.);
#6112=EDGE_CURVE('',#7242,#7239,#8046,.F.);
#6113=EDGE_CURVE('',#7242,#7241,#985,.T.);
#6114=EDGE_CURVE('',#7243,#7244,#8047,.F.);
#6115=EDGE_CURVE('',#7245,#7244,#986,.T.);
#6116=EDGE_CURVE('',#7246,#7245,#8048,.F.);
#6117=EDGE_CURVE('',#7246,#7243,#987,.T.);
#6118=EDGE_CURVE('',#7244,#7241,#988,.T.);
#6119=EDGE_CURVE('',#7245,#7242,#989,.T.);
#6120=EDGE_CURVE('',#7247,#7246,#8049,.T.);
#6121=EDGE_CURVE('',#7247,#7248,#990,.T.);
#6122=EDGE_CURVE('',#7248,#7243,#8050,.T.);
#6123=EDGE_CURVE('',#7249,#7248,#8051,.F.);
#6124=EDGE_CURVE('',#7250,#7247,#8052,.F.);
#6125=EDGE_CURVE('',#7250,#7249,#991,.T.);
#6126=EDGE_CURVE('',#7251,#7252,#8053,.F.);
#6127=EDGE_CURVE('',#7253,#7252,#992,.T.);
#6128=EDGE_CURVE('',#7254,#7253,#8054,.F.);
#6129=EDGE_CURVE('',#7254,#7251,#993,.T.);
#6130=EDGE_CURVE('',#7252,#7249,#994,.T.);
#6131=EDGE_CURVE('',#7253,#7250,#995,.T.);
#6132=EDGE_CURVE('',#7255,#7254,#8055,.T.);
#6133=EDGE_CURVE('',#7255,#7256,#996,.T.);
#6134=EDGE_CURVE('',#7256,#7251,#8056,.T.);
#6135=EDGE_CURVE('',#7257,#7256,#8057,.F.);
#6136=EDGE_CURVE('',#7258,#7255,#8058,.F.);
#6137=EDGE_CURVE('',#7258,#7257,#997,.T.);
#6138=EDGE_CURVE('',#7259,#7260,#8059,.F.);
#6139=EDGE_CURVE('',#7261,#7260,#998,.T.);
#6140=EDGE_CURVE('',#7262,#7261,#8060,.F.);
#6141=EDGE_CURVE('',#7262,#7259,#999,.T.);
#6142=EDGE_CURVE('',#7260,#7257,#1000,.T.);
#6143=EDGE_CURVE('',#7261,#7258,#1001,.T.);
#6144=EDGE_CURVE('',#7263,#7262,#8061,.T.);
#6145=EDGE_CURVE('',#7263,#7264,#1002,.T.);
#6146=EDGE_CURVE('',#7264,#7259,#8062,.T.);
#6147=EDGE_CURVE('',#7265,#7264,#8063,.F.);
#6148=EDGE_CURVE('',#7266,#7263,#8064,.F.);
#6149=EDGE_CURVE('',#7266,#7265,#1003,.T.);
#6150=EDGE_CURVE('',#7267,#7268,#8065,.F.);
#6151=EDGE_CURVE('',#7269,#7268,#1004,.T.);
#6152=EDGE_CURVE('',#7270,#7269,#8066,.F.);
#6153=EDGE_CURVE('',#7270,#7267,#1005,.T.);
#6154=EDGE_CURVE('',#7268,#7265,#1006,.T.);
#6155=EDGE_CURVE('',#7269,#7266,#1007,.T.);
#6156=EDGE_CURVE('',#7271,#7270,#8067,.T.);
#6157=EDGE_CURVE('',#7271,#7272,#1008,.T.);
#6158=EDGE_CURVE('',#7272,#7267,#8068,.T.);
#6159=EDGE_CURVE('',#7273,#7272,#8069,.F.);
#6160=EDGE_CURVE('',#7274,#7271,#8070,.F.);
#6161=EDGE_CURVE('',#7274,#7273,#1009,.T.);
#6162=EDGE_CURVE('',#7275,#7276,#8071,.F.);
#6163=EDGE_CURVE('',#7277,#7276,#1010,.T.);
#6164=EDGE_CURVE('',#7278,#7277,#8072,.F.);
#6165=EDGE_CURVE('',#7278,#7275,#1011,.T.);
#6166=EDGE_CURVE('',#7276,#7273,#1012,.T.);
#6167=EDGE_CURVE('',#7277,#7274,#1013,.T.);
#6168=EDGE_CURVE('',#7279,#7278,#8073,.T.);
#6169=EDGE_CURVE('',#7279,#7280,#1014,.T.);
#6170=EDGE_CURVE('',#7280,#7275,#8074,.T.);
#6171=EDGE_CURVE('',#7281,#7280,#8075,.F.);
#6172=EDGE_CURVE('',#7282,#7279,#8076,.F.);
#6173=EDGE_CURVE('',#7282,#7281,#1015,.T.);
#6174=EDGE_CURVE('',#7283,#7284,#8077,.F.);
#6175=EDGE_CURVE('',#7285,#7284,#1016,.T.);
#6176=EDGE_CURVE('',#7286,#7285,#8078,.F.);
#6177=EDGE_CURVE('',#7286,#7283,#1017,.T.);
#6178=EDGE_CURVE('',#7284,#7281,#1018,.T.);
#6179=EDGE_CURVE('',#7285,#7282,#1019,.T.);
#6180=EDGE_CURVE('',#7287,#7286,#8079,.T.);
#6181=EDGE_CURVE('',#7287,#7288,#1020,.T.);
#6182=EDGE_CURVE('',#7288,#7283,#8080,.T.);
#6183=EDGE_CURVE('',#7289,#7288,#8081,.F.);
#6184=EDGE_CURVE('',#7290,#7287,#8082,.F.);
#6185=EDGE_CURVE('',#7290,#7289,#1021,.T.);
#6186=EDGE_CURVE('',#7291,#7292,#8083,.F.);
#6187=EDGE_CURVE('',#7293,#7292,#1022,.T.);
#6188=EDGE_CURVE('',#7294,#7293,#8084,.F.);
#6189=EDGE_CURVE('',#7294,#7291,#1023,.T.);
#6190=EDGE_CURVE('',#7292,#7289,#1024,.T.);
#6191=EDGE_CURVE('',#7293,#7290,#1025,.T.);
#6192=EDGE_CURVE('',#7295,#7294,#8085,.T.);
#6193=EDGE_CURVE('',#7295,#7296,#1026,.T.);
#6194=EDGE_CURVE('',#7296,#7291,#8086,.T.);
#6195=EDGE_CURVE('',#7297,#7296,#8087,.F.);
#6196=EDGE_CURVE('',#7298,#7295,#8088,.F.);
#6197=EDGE_CURVE('',#7298,#7297,#1027,.T.);
#6198=EDGE_CURVE('',#7299,#7300,#8089,.F.);
#6199=EDGE_CURVE('',#7301,#7300,#1028,.T.);
#6200=EDGE_CURVE('',#7302,#7301,#8090,.F.);
#6201=EDGE_CURVE('',#7302,#7299,#1029,.T.);
#6202=EDGE_CURVE('',#7300,#7297,#1030,.T.);
#6203=EDGE_CURVE('',#7301,#7298,#1031,.T.);
#6204=EDGE_CURVE('',#7303,#7302,#8091,.T.);
#6205=EDGE_CURVE('',#7303,#7304,#1032,.T.);
#6206=EDGE_CURVE('',#7304,#7299,#8092,.T.);
#6207=EDGE_CURVE('',#7305,#7304,#8093,.F.);
#6208=EDGE_CURVE('',#7306,#7303,#8094,.F.);
#6209=EDGE_CURVE('',#7306,#7305,#1033,.T.);
#6210=EDGE_CURVE('',#7307,#7308,#8095,.F.);
#6211=EDGE_CURVE('',#7309,#7308,#1034,.T.);
#6212=EDGE_CURVE('',#7310,#7309,#8096,.F.);
#6213=EDGE_CURVE('',#7310,#7307,#1035,.T.);
#6214=EDGE_CURVE('',#7308,#7305,#1036,.T.);
#6215=EDGE_CURVE('',#7309,#7306,#1037,.T.);
#6216=EDGE_CURVE('',#7311,#7310,#8097,.T.);
#6217=EDGE_CURVE('',#7311,#7312,#1038,.T.);
#6218=EDGE_CURVE('',#7312,#7307,#8098,.T.);
#6219=EDGE_CURVE('',#7313,#7312,#8099,.F.);
#6220=EDGE_CURVE('',#7314,#7311,#8100,.F.);
#6221=EDGE_CURVE('',#7314,#7313,#1039,.T.);
#6222=EDGE_CURVE('',#7315,#7316,#8101,.F.);
#6223=EDGE_CURVE('',#7317,#7316,#1040,.T.);
#6224=EDGE_CURVE('',#7318,#7317,#8102,.F.);
#6225=EDGE_CURVE('',#7318,#7315,#1041,.T.);
#6226=EDGE_CURVE('',#7316,#7313,#1042,.T.);
#6227=EDGE_CURVE('',#7317,#7314,#1043,.T.);
#6228=EDGE_CURVE('',#7319,#7318,#8103,.T.);
#6229=EDGE_CURVE('',#7319,#7320,#1044,.T.);
#6230=EDGE_CURVE('',#7320,#7315,#8104,.T.);
#6231=EDGE_CURVE('',#7321,#7320,#8105,.F.);
#6232=EDGE_CURVE('',#7322,#7319,#8106,.F.);
#6233=EDGE_CURVE('',#7322,#7321,#1045,.T.);
#6234=EDGE_CURVE('',#7323,#7324,#8107,.F.);
#6235=EDGE_CURVE('',#7325,#7324,#1046,.T.);
#6236=EDGE_CURVE('',#7326,#7325,#8108,.F.);
#6237=EDGE_CURVE('',#7326,#7323,#1047,.T.);
#6238=EDGE_CURVE('',#7324,#7321,#1048,.T.);
#6239=EDGE_CURVE('',#7325,#7322,#1049,.T.);
#6240=EDGE_CURVE('',#7327,#7326,#8109,.T.);
#6241=EDGE_CURVE('',#7327,#7328,#1050,.T.);
#6242=EDGE_CURVE('',#7328,#7323,#8110,.T.);
#6243=EDGE_CURVE('',#7329,#7328,#8111,.F.);
#6244=EDGE_CURVE('',#7330,#7327,#8112,.F.);
#6245=EDGE_CURVE('',#7330,#7329,#1051,.T.);
#6246=EDGE_CURVE('',#7331,#7332,#8113,.F.);
#6247=EDGE_CURVE('',#7333,#7332,#1052,.T.);
#6248=EDGE_CURVE('',#7334,#7333,#8114,.F.);
#6249=EDGE_CURVE('',#7334,#7331,#1053,.T.);
#6250=EDGE_CURVE('',#7332,#7329,#1054,.T.);
#6251=EDGE_CURVE('',#7333,#7330,#1055,.T.);
#6252=EDGE_CURVE('',#7335,#7334,#8115,.T.);
#6253=EDGE_CURVE('',#7335,#7336,#1056,.T.);
#6254=EDGE_CURVE('',#7336,#7331,#8116,.T.);
#6255=EDGE_CURVE('',#7337,#7336,#8117,.F.);
#6256=EDGE_CURVE('',#7338,#7335,#8118,.F.);
#6257=EDGE_CURVE('',#7338,#7337,#1057,.T.);
#6258=EDGE_CURVE('',#7339,#7340,#8119,.F.);
#6259=EDGE_CURVE('',#7341,#7340,#1058,.T.);
#6260=EDGE_CURVE('',#7342,#7341,#8120,.F.);
#6261=EDGE_CURVE('',#7342,#7339,#1059,.T.);
#6262=EDGE_CURVE('',#7340,#7337,#1060,.T.);
#6263=EDGE_CURVE('',#7341,#7338,#1061,.T.);
#6264=EDGE_CURVE('',#7343,#7342,#8121,.T.);
#6265=EDGE_CURVE('',#7343,#7344,#1062,.T.);
#6266=EDGE_CURVE('',#7344,#7339,#8122,.T.);
#6267=EDGE_CURVE('',#7345,#7344,#8123,.F.);
#6268=EDGE_CURVE('',#7346,#7343,#8124,.F.);
#6269=EDGE_CURVE('',#7346,#7345,#1063,.T.);
#6270=EDGE_CURVE('',#7347,#7348,#8125,.F.);
#6271=EDGE_CURVE('',#7349,#7348,#1064,.T.);
#6272=EDGE_CURVE('',#7350,#7349,#8126,.F.);
#6273=EDGE_CURVE('',#7350,#7347,#1065,.T.);
#6274=EDGE_CURVE('',#7348,#7345,#1066,.T.);
#6275=EDGE_CURVE('',#7349,#7346,#1067,.T.);
#6276=EDGE_CURVE('',#7351,#7350,#8127,.T.);
#6277=EDGE_CURVE('',#7351,#7352,#1068,.T.);
#6278=EDGE_CURVE('',#7352,#7347,#8128,.T.);
#6279=EDGE_CURVE('',#7353,#7352,#8129,.F.);
#6280=EDGE_CURVE('',#7354,#7351,#8130,.F.);
#6281=EDGE_CURVE('',#7354,#7353,#1069,.T.);
#6282=EDGE_CURVE('',#7355,#7356,#8131,.F.);
#6283=EDGE_CURVE('',#7357,#7356,#1070,.T.);
#6284=EDGE_CURVE('',#7358,#7357,#8132,.F.);
#6285=EDGE_CURVE('',#7358,#7355,#1071,.T.);
#6286=EDGE_CURVE('',#7356,#7353,#1072,.T.);
#6287=EDGE_CURVE('',#7357,#7354,#1073,.T.);
#6288=EDGE_CURVE('',#7359,#7358,#8133,.T.);
#6289=EDGE_CURVE('',#7359,#7360,#1074,.T.);
#6290=EDGE_CURVE('',#7360,#7355,#8134,.T.);
#6291=EDGE_CURVE('',#7361,#7360,#8135,.F.);
#6292=EDGE_CURVE('',#7362,#7359,#8136,.F.);
#6293=EDGE_CURVE('',#7362,#7361,#1075,.T.);
#6294=EDGE_CURVE('',#7363,#7364,#8137,.F.);
#6295=EDGE_CURVE('',#7365,#7364,#1076,.T.);
#6296=EDGE_CURVE('',#7366,#7365,#8138,.F.);
#6297=EDGE_CURVE('',#7366,#7363,#1077,.T.);
#6298=EDGE_CURVE('',#7364,#7361,#1078,.T.);
#6299=EDGE_CURVE('',#7365,#7362,#1079,.T.);
#6300=EDGE_CURVE('',#7367,#7366,#8139,.T.);
#6301=EDGE_CURVE('',#7367,#7368,#1080,.T.);
#6302=EDGE_CURVE('',#7368,#7363,#8140,.T.);
#6303=EDGE_CURVE('',#7369,#7368,#8141,.F.);
#6304=EDGE_CURVE('',#7370,#7367,#8142,.F.);
#6305=EDGE_CURVE('',#7370,#7369,#1081,.T.);
#6306=EDGE_CURVE('',#7371,#7372,#8143,.F.);
#6307=EDGE_CURVE('',#7373,#7372,#1082,.T.);
#6308=EDGE_CURVE('',#7374,#7373,#8144,.F.);
#6309=EDGE_CURVE('',#7374,#7371,#1083,.T.);
#6310=EDGE_CURVE('',#7372,#7369,#1084,.T.);
#6311=EDGE_CURVE('',#7373,#7370,#1085,.T.);
#6312=EDGE_CURVE('',#7375,#7374,#8145,.T.);
#6313=EDGE_CURVE('',#7375,#7376,#1086,.T.);
#6314=EDGE_CURVE('',#7376,#7371,#8146,.T.);
#6315=EDGE_CURVE('',#7377,#7376,#8147,.F.);
#6316=EDGE_CURVE('',#7378,#7375,#8148,.F.);
#6317=EDGE_CURVE('',#7378,#7377,#1087,.T.);
#6318=EDGE_CURVE('',#7379,#7380,#8149,.F.);
#6319=EDGE_CURVE('',#7381,#7380,#1088,.T.);
#6320=EDGE_CURVE('',#7382,#7381,#8150,.F.);
#6321=EDGE_CURVE('',#7382,#7379,#1089,.T.);
#6322=EDGE_CURVE('',#7380,#7377,#1090,.T.);
#6323=EDGE_CURVE('',#7381,#7378,#1091,.T.);
#6324=EDGE_CURVE('',#7383,#7382,#8151,.T.);
#6325=EDGE_CURVE('',#7383,#7384,#1092,.T.);
#6326=EDGE_CURVE('',#7384,#7379,#8152,.T.);
#6327=EDGE_CURVE('',#7385,#7384,#8153,.F.);
#6328=EDGE_CURVE('',#7386,#7383,#8154,.F.);
#6329=EDGE_CURVE('',#7386,#7385,#1093,.T.);
#6330=EDGE_CURVE('',#7387,#7388,#8155,.F.);
#6331=EDGE_CURVE('',#7389,#7388,#1094,.T.);
#6332=EDGE_CURVE('',#7390,#7389,#8156,.F.);
#6333=EDGE_CURVE('',#7390,#7387,#1095,.T.);
#6334=EDGE_CURVE('',#7388,#7385,#1096,.T.);
#6335=EDGE_CURVE('',#7389,#7386,#1097,.T.);
#6336=EDGE_CURVE('',#7391,#7390,#8157,.T.);
#6337=EDGE_CURVE('',#7391,#7392,#1098,.T.);
#6338=EDGE_CURVE('',#7392,#7387,#8158,.T.);
#6339=EDGE_CURVE('',#7393,#7392,#8159,.F.);
#6340=EDGE_CURVE('',#7394,#7391,#8160,.F.);
#6341=EDGE_CURVE('',#7394,#7393,#1099,.T.);
#6342=EDGE_CURVE('',#7395,#7396,#8161,.F.);
#6343=EDGE_CURVE('',#7397,#7396,#1100,.T.);
#6344=EDGE_CURVE('',#7398,#7397,#8162,.F.);
#6345=EDGE_CURVE('',#7398,#7395,#1101,.T.);
#6346=EDGE_CURVE('',#7396,#7393,#1102,.T.);
#6347=EDGE_CURVE('',#7397,#7394,#1103,.T.);
#6348=EDGE_CURVE('',#7399,#7398,#8163,.T.);
#6349=EDGE_CURVE('',#7399,#7400,#1104,.T.);
#6350=EDGE_CURVE('',#7400,#7395,#8164,.T.);
#6351=EDGE_CURVE('',#7401,#7400,#8165,.F.);
#6352=EDGE_CURVE('',#7402,#7399,#8166,.F.);
#6353=EDGE_CURVE('',#7402,#7401,#1105,.T.);
#6354=EDGE_CURVE('',#7403,#7404,#8167,.F.);
#6355=EDGE_CURVE('',#7405,#7404,#1106,.T.);
#6356=EDGE_CURVE('',#7406,#7405,#8168,.F.);
#6357=EDGE_CURVE('',#7406,#7403,#1107,.T.);
#6358=EDGE_CURVE('',#7404,#7401,#1108,.T.);
#6359=EDGE_CURVE('',#7405,#7402,#1109,.T.);
#6360=EDGE_CURVE('',#7407,#7406,#8169,.T.);
#6361=EDGE_CURVE('',#7407,#7408,#1110,.T.);
#6362=EDGE_CURVE('',#7408,#7403,#8170,.T.);
#6363=EDGE_CURVE('',#7409,#7408,#8171,.F.);
#6364=EDGE_CURVE('',#7410,#7407,#8172,.F.);
#6365=EDGE_CURVE('',#7410,#7409,#1111,.T.);
#6366=EDGE_CURVE('',#7411,#7412,#8173,.F.);
#6367=EDGE_CURVE('',#7413,#7412,#1112,.T.);
#6368=EDGE_CURVE('',#7414,#7413,#8174,.F.);
#6369=EDGE_CURVE('',#7414,#7411,#1113,.T.);
#6370=EDGE_CURVE('',#7412,#7409,#1114,.T.);
#6371=EDGE_CURVE('',#7413,#7410,#1115,.T.);
#6372=EDGE_CURVE('',#7415,#7414,#8175,.T.);
#6373=EDGE_CURVE('',#7415,#7416,#1116,.T.);
#6374=EDGE_CURVE('',#7416,#7411,#8176,.T.);
#6375=EDGE_CURVE('',#7417,#7416,#8177,.F.);
#6376=EDGE_CURVE('',#7418,#7415,#8178,.F.);
#6377=EDGE_CURVE('',#7418,#7417,#1117,.T.);
#6378=EDGE_CURVE('',#7419,#7420,#8179,.F.);
#6379=EDGE_CURVE('',#7421,#7420,#1118,.T.);
#6380=EDGE_CURVE('',#7422,#7421,#8180,.F.);
#6381=EDGE_CURVE('',#7422,#7419,#1119,.T.);
#6382=EDGE_CURVE('',#7420,#7417,#1120,.T.);
#6383=EDGE_CURVE('',#7421,#7418,#1121,.T.);
#6384=EDGE_CURVE('',#7423,#7422,#8181,.T.);
#6385=EDGE_CURVE('',#7423,#7424,#1122,.T.);
#6386=EDGE_CURVE('',#7424,#7419,#8182,.T.);
#6387=EDGE_CURVE('',#7425,#7424,#8183,.F.);
#6388=EDGE_CURVE('',#7426,#7423,#8184,.F.);
#6389=EDGE_CURVE('',#7426,#7425,#1123,.T.);
#6390=EDGE_CURVE('',#7427,#7428,#8185,.F.);
#6391=EDGE_CURVE('',#7429,#7428,#1124,.T.);
#6392=EDGE_CURVE('',#7430,#7429,#8186,.F.);
#6393=EDGE_CURVE('',#7430,#7427,#1125,.T.);
#6394=EDGE_CURVE('',#7428,#7425,#1126,.T.);
#6395=EDGE_CURVE('',#7429,#7426,#1127,.T.);
#6396=EDGE_CURVE('',#7431,#7430,#8187,.T.);
#6397=EDGE_CURVE('',#7431,#7432,#1128,.T.);
#6398=EDGE_CURVE('',#7432,#7427,#8188,.T.);
#6399=EDGE_CURVE('',#7433,#7434,#1129,.T.);
#6400=EDGE_CURVE('',#7434,#7435,#1130,.F.);
#6401=EDGE_CURVE('',#7435,#7436,#1131,.F.);
#6402=EDGE_CURVE('',#7436,#7433,#1132,.T.);
#6403=EDGE_CURVE('',#7437,#7438,#1133,.F.);
#6404=EDGE_CURVE('',#7438,#7439,#1134,.F.);
#6405=EDGE_CURVE('',#7439,#7440,#1135,.T.);
#6406=EDGE_CURVE('',#7440,#7437,#1136,.T.);
#6407=EDGE_CURVE('',#6478,#7441,#8189,.F.);
#6408=EDGE_CURVE('',#7441,#7442,#1137,.T.);
#6409=EDGE_CURVE('',#7442,#7431,#8190,.F.);
#6410=EDGE_CURVE('',#7443,#7432,#8191,.F.);
#6411=EDGE_CURVE('',#7444,#7443,#1138,.T.);
#6412=EDGE_CURVE('',#6480,#7444,#8192,.F.);
#6413=EDGE_CURVE('',#7442,#7443,#1139,.T.);
#6414=EDGE_CURVE('',#7441,#7444,#1140,.T.);
#6415=EDGE_CURVE('',#7445,#7445,#8193,.T.);
#6416=EDGE_CURVE('',#7446,#7446,#8194,.T.);
#6417=EDGE_CURVE('',#7447,#7447,#8195,.F.);
#6418=EDGE_CURVE('',#7448,#7448,#8196,.T.);
#6419=EDGE_CURVE('',#6452,#6465,#1141,.T.);
#6420=EDGE_CURVE('',#6466,#6453,#1142,.F.);
#6421=EDGE_CURVE('',#6467,#6451,#1143,.F.);
#6422=EDGE_CURVE('',#6454,#6468,#1144,.T.);
#6423=EDGE_CURVE('',#7449,#7449,#8197,.T.);
#6424=EDGE_CURVE('',#7450,#7451,#8198,.T.);
#6425=EDGE_CURVE('',#7451,#7452,#1145,.T.);
#6426=EDGE_CURVE('',#7452,#7453,#1146,.F.);
#6427=EDGE_CURVE('',#7450,#7453,#1147,.T.);
#6428=EDGE_CURVE('',#7454,#7455,#1148,.T.);
#6429=EDGE_CURVE('',#7454,#7450,#1149,.F.);
#6430=EDGE_CURVE('',#7453,#7455,#1150,.T.);
#6431=EDGE_CURVE('',#7456,#7456,#8199,.T.);
#6432=EDGE_CURVE('',#7457,#7458,#1151,.T.);
#6433=EDGE_CURVE('',#7457,#7454,#8200,.F.);
#6434=EDGE_CURVE('',#7455,#7458,#1152,.T.);
#6435=EDGE_CURVE('',#7451,#7457,#1153,.T.);
#6436=EDGE_CURVE('',#7458,#7452,#1154,.F.);
#6437=EDGE_CURVE('',#7433,#7452,#12,.T.);
#6438=EDGE_CURVE('',#7453,#7436,#13,.F.);
#6439=EDGE_CURVE('',#7455,#7435,#14,.F.);
#6440=EDGE_CURVE('',#7434,#7458,#15,.T.);
#6441=EDGE_CURVE('',#7440,#6466,#16,.T.);
#6442=EDGE_CURVE('',#6453,#7439,#17,.F.);
#6443=EDGE_CURVE('',#6454,#7438,#18,.F.);
#6444=EDGE_CURVE('',#7437,#6468,#19,.T.);
#6445=EDGE_CURVE('',#6457,#6471,#1155,.T.);
#6446=EDGE_CURVE('',#6456,#6469,#1156,.T.);
#6447=EDGE_CURVE('',#6458,#6470,#1157,.T.);
#6448=EDGE_CURVE('',#6459,#6472,#1158,.T.);
#6449=VERTEX_POINT('',#14518);
#6450=VERTEX_POINT('',#14520);
#6451=VERTEX_POINT('',#14522);
#6452=VERTEX_POINT('',#14523);
#6453=VERTEX_POINT('',#14525);
#6454=VERTEX_POINT('',#14527);
#6455=VERTEX_POINT('',#14530);
#6456=VERTEX_POINT('',#14532);
#6457=VERTEX_POINT('',#14533);
#6458=VERTEX_POINT('',#14535);
#6459=VERTEX_POINT('',#14537);
#6460=VERTEX_POINT('',#14540);
#6461=VERTEX_POINT('',#14542);
#6462=VERTEX_POINT('',#14545);
#6463=VERTEX_POINT('',#14547);
#6464=VERTEX_POINT('',#14549);
#6465=VERTEX_POINT('',#14551);
#6466=VERTEX_POINT('',#14552);
#6467=VERTEX_POINT('',#14554);
#6468=VERTEX_POINT('',#14556);
#6469=VERTEX_POINT('',#14559);
#6470=VERTEX_POINT('',#14560);
#6471=VERTEX_POINT('',#14562);
#6472=VERTEX_POINT('',#14564);
#6473=VERTEX_POINT('',#14567);
#6474=VERTEX_POINT('',#14569);
#6475=VERTEX_POINT('',#14572);
#6476=VERTEX_POINT('',#14574);
#6477=VERTEX_POINT('',#14577);
#6478=VERTEX_POINT('',#14578);
#6479=VERTEX_POINT('',#14580);
#6480=VERTEX_POINT('',#14582);
#6481=VERTEX_POINT('',#14586);
#6482=VERTEX_POINT('',#14588);
#6483=VERTEX_POINT('',#14592);
#6484=VERTEX_POINT('',#14593);
#6485=VERTEX_POINT('',#14595);
#6486=VERTEX_POINT('',#14597);
#6487=VERTEX_POINT('',#14604);
#6488=VERTEX_POINT('',#14606);
#6489=VERTEX_POINT('',#14610);
#6490=VERTEX_POINT('',#14612);
#6491=VERTEX_POINT('',#14616);
#6492=VERTEX_POINT('',#14617);
#6493=VERTEX_POINT('',#14619);
#6494=VERTEX_POINT('',#14621);
#6495=VERTEX_POINT('',#14628);
#6496=VERTEX_POINT('',#14630);
#6497=VERTEX_POINT('',#14634);
#6498=VERTEX_POINT('',#14636);
#6499=VERTEX_POINT('',#14640);
#6500=VERTEX_POINT('',#14641);
#6501=VERTEX_POINT('',#14643);
#6502=VERTEX_POINT('',#14645);
#6503=VERTEX_POINT('',#14652);
#6504=VERTEX_POINT('',#14654);
#6505=VERTEX_POINT('',#14658);
#6506=VERTEX_POINT('',#14660);
#6507=VERTEX_POINT('',#14664);
#6508=VERTEX_POINT('',#14665);
#6509=VERTEX_POINT('',#14667);
#6510=VERTEX_POINT('',#14669);
#6511=VERTEX_POINT('',#14676);
#6512=VERTEX_POINT('',#14678);
#6513=VERTEX_POINT('',#14682);
#6514=VERTEX_POINT('',#14684);
#6515=VERTEX_POINT('',#14688);
#6516=VERTEX_POINT('',#14689);
#6517=VERTEX_POINT('',#14691);
#6518=VERTEX_POINT('',#14693);
#6519=VERTEX_POINT('',#14700);
#6520=VERTEX_POINT('',#14702);
#6521=VERTEX_POINT('',#14706);
#6522=VERTEX_POINT('',#14708);
#6523=VERTEX_POINT('',#14712);
#6524=VERTEX_POINT('',#14713);
#6525=VERTEX_POINT('',#14715);
#6526=VERTEX_POINT('',#14717);
#6527=VERTEX_POINT('',#14724);
#6528=VERTEX_POINT('',#14726);
#6529=VERTEX_POINT('',#14730);
#6530=VERTEX_POINT('',#14732);
#6531=VERTEX_POINT('',#14736);
#6532=VERTEX_POINT('',#14737);
#6533=VERTEX_POINT('',#14739);
#6534=VERTEX_POINT('',#14741);
#6535=VERTEX_POINT('',#14748);
#6536=VERTEX_POINT('',#14750);
#6537=VERTEX_POINT('',#14754);
#6538=VERTEX_POINT('',#14756);
#6539=VERTEX_POINT('',#14760);
#6540=VERTEX_POINT('',#14761);
#6541=VERTEX_POINT('',#14763);
#6542=VERTEX_POINT('',#14765);
#6543=VERTEX_POINT('',#14772);
#6544=VERTEX_POINT('',#14774);
#6545=VERTEX_POINT('',#14778);
#6546=VERTEX_POINT('',#14780);
#6547=VERTEX_POINT('',#14784);
#6548=VERTEX_POINT('',#14785);
#6549=VERTEX_POINT('',#14787);
#6550=VERTEX_POINT('',#14789);
#6551=VERTEX_POINT('',#14796);
#6552=VERTEX_POINT('',#14798);
#6553=VERTEX_POINT('',#14802);
#6554=VERTEX_POINT('',#14804);
#6555=VERTEX_POINT('',#14808);
#6556=VERTEX_POINT('',#14809);
#6557=VERTEX_POINT('',#14811);
#6558=VERTEX_POINT('',#14813);
#6559=VERTEX_POINT('',#14820);
#6560=VERTEX_POINT('',#14822);
#6561=VERTEX_POINT('',#14826);
#6562=VERTEX_POINT('',#14828);
#6563=VERTEX_POINT('',#14832);
#6564=VERTEX_POINT('',#14833);
#6565=VERTEX_POINT('',#14835);
#6566=VERTEX_POINT('',#14837);
#6567=VERTEX_POINT('',#14844);
#6568=VERTEX_POINT('',#14846);
#6569=VERTEX_POINT('',#14850);
#6570=VERTEX_POINT('',#14852);
#6571=VERTEX_POINT('',#14856);
#6572=VERTEX_POINT('',#14857);
#6573=VERTEX_POINT('',#14859);
#6574=VERTEX_POINT('',#14861);
#6575=VERTEX_POINT('',#14868);
#6576=VERTEX_POINT('',#14870);
#6577=VERTEX_POINT('',#14874);
#6578=VERTEX_POINT('',#14876);
#6579=VERTEX_POINT('',#14880);
#6580=VERTEX_POINT('',#14881);
#6581=VERTEX_POINT('',#14883);
#6582=VERTEX_POINT('',#14885);
#6583=VERTEX_POINT('',#14892);
#6584=VERTEX_POINT('',#14894);
#6585=VERTEX_POINT('',#14898);
#6586=VERTEX_POINT('',#14900);
#6587=VERTEX_POINT('',#14904);
#6588=VERTEX_POINT('',#14905);
#6589=VERTEX_POINT('',#14907);
#6590=VERTEX_POINT('',#14909);
#6591=VERTEX_POINT('',#14916);
#6592=VERTEX_POINT('',#14918);
#6593=VERTEX_POINT('',#14922);
#6594=VERTEX_POINT('',#14924);
#6595=VERTEX_POINT('',#14928);
#6596=VERTEX_POINT('',#14929);
#6597=VERTEX_POINT('',#14931);
#6598=VERTEX_POINT('',#14933);
#6599=VERTEX_POINT('',#14940);
#6600=VERTEX_POINT('',#14942);
#6601=VERTEX_POINT('',#14946);
#6602=VERTEX_POINT('',#14948);
#6603=VERTEX_POINT('',#14952);
#6604=VERTEX_POINT('',#14953);
#6605=VERTEX_POINT('',#14955);
#6606=VERTEX_POINT('',#14957);
#6607=VERTEX_POINT('',#14964);
#6608=VERTEX_POINT('',#14966);
#6609=VERTEX_POINT('',#14970);
#6610=VERTEX_POINT('',#14972);
#6611=VERTEX_POINT('',#14976);
#6612=VERTEX_POINT('',#14977);
#6613=VERTEX_POINT('',#14979);
#6614=VERTEX_POINT('',#14981);
#6615=VERTEX_POINT('',#14988);
#6616=VERTEX_POINT('',#14990);
#6617=VERTEX_POINT('',#14994);
#6618=VERTEX_POINT('',#14996);
#6619=VERTEX_POINT('',#15000);
#6620=VERTEX_POINT('',#15001);
#6621=VERTEX_POINT('',#15003);
#6622=VERTEX_POINT('',#15005);
#6623=VERTEX_POINT('',#15012);
#6624=VERTEX_POINT('',#15014);
#6625=VERTEX_POINT('',#15018);
#6626=VERTEX_POINT('',#15020);
#6627=VERTEX_POINT('',#15024);
#6628=VERTEX_POINT('',#15025);
#6629=VERTEX_POINT('',#15027);
#6630=VERTEX_POINT('',#15029);
#6631=VERTEX_POINT('',#15036);
#6632=VERTEX_POINT('',#15038);
#6633=VERTEX_POINT('',#15042);
#6634=VERTEX_POINT('',#15044);
#6635=VERTEX_POINT('',#15048);
#6636=VERTEX_POINT('',#15049);
#6637=VERTEX_POINT('',#15051);
#6638=VERTEX_POINT('',#15053);
#6639=VERTEX_POINT('',#15060);
#6640=VERTEX_POINT('',#15062);
#6641=VERTEX_POINT('',#15066);
#6642=VERTEX_POINT('',#15068);
#6643=VERTEX_POINT('',#15072);
#6644=VERTEX_POINT('',#15073);
#6645=VERTEX_POINT('',#15075);
#6646=VERTEX_POINT('',#15077);
#6647=VERTEX_POINT('',#15084);
#6648=VERTEX_POINT('',#15086);
#6649=VERTEX_POINT('',#15090);
#6650=VERTEX_POINT('',#15092);
#6651=VERTEX_POINT('',#15096);
#6652=VERTEX_POINT('',#15097);
#6653=VERTEX_POINT('',#15099);
#6654=VERTEX_POINT('',#15101);
#6655=VERTEX_POINT('',#15108);
#6656=VERTEX_POINT('',#15110);
#6657=VERTEX_POINT('',#15114);
#6658=VERTEX_POINT('',#15116);
#6659=VERTEX_POINT('',#15120);
#6660=VERTEX_POINT('',#15121);
#6661=VERTEX_POINT('',#15123);
#6662=VERTEX_POINT('',#15125);
#6663=VERTEX_POINT('',#15132);
#6664=VERTEX_POINT('',#15134);
#6665=VERTEX_POINT('',#15138);
#6666=VERTEX_POINT('',#15140);
#6667=VERTEX_POINT('',#15144);
#6668=VERTEX_POINT('',#15145);
#6669=VERTEX_POINT('',#15147);
#6670=VERTEX_POINT('',#15149);
#6671=VERTEX_POINT('',#15156);
#6672=VERTEX_POINT('',#15158);
#6673=VERTEX_POINT('',#15162);
#6674=VERTEX_POINT('',#15164);
#6675=VERTEX_POINT('',#15168);
#6676=VERTEX_POINT('',#15169);
#6677=VERTEX_POINT('',#15171);
#6678=VERTEX_POINT('',#15173);
#6679=VERTEX_POINT('',#15180);
#6680=VERTEX_POINT('',#15182);
#6681=VERTEX_POINT('',#15186);
#6682=VERTEX_POINT('',#15188);
#6683=VERTEX_POINT('',#15192);
#6684=VERTEX_POINT('',#15193);
#6685=VERTEX_POINT('',#15195);
#6686=VERTEX_POINT('',#15197);
#6687=VERTEX_POINT('',#15204);
#6688=VERTEX_POINT('',#15206);
#6689=VERTEX_POINT('',#15210);
#6690=VERTEX_POINT('',#15212);
#6691=VERTEX_POINT('',#15216);
#6692=VERTEX_POINT('',#15217);
#6693=VERTEX_POINT('',#15219);
#6694=VERTEX_POINT('',#15221);
#6695=VERTEX_POINT('',#15228);
#6696=VERTEX_POINT('',#15230);
#6697=VERTEX_POINT('',#15234);
#6698=VERTEX_POINT('',#15236);
#6699=VERTEX_POINT('',#15240);
#6700=VERTEX_POINT('',#15241);
#6701=VERTEX_POINT('',#15243);
#6702=VERTEX_POINT('',#15245);
#6703=VERTEX_POINT('',#15252);
#6704=VERTEX_POINT('',#15254);
#6705=VERTEX_POINT('',#15258);
#6706=VERTEX_POINT('',#15260);
#6707=VERTEX_POINT('',#15264);
#6708=VERTEX_POINT('',#15265);
#6709=VERTEX_POINT('',#15267);
#6710=VERTEX_POINT('',#15269);
#6711=VERTEX_POINT('',#15276);
#6712=VERTEX_POINT('',#15278);
#6713=VERTEX_POINT('',#15282);
#6714=VERTEX_POINT('',#15284);
#6715=VERTEX_POINT('',#15288);
#6716=VERTEX_POINT('',#15289);
#6717=VERTEX_POINT('',#15291);
#6718=VERTEX_POINT('',#15293);
#6719=VERTEX_POINT('',#15300);
#6720=VERTEX_POINT('',#15302);
#6721=VERTEX_POINT('',#15306);
#6722=VERTEX_POINT('',#15308);
#6723=VERTEX_POINT('',#15312);
#6724=VERTEX_POINT('',#15313);
#6725=VERTEX_POINT('',#15315);
#6726=VERTEX_POINT('',#15317);
#6727=VERTEX_POINT('',#15324);
#6728=VERTEX_POINT('',#15326);
#6729=VERTEX_POINT('',#15330);
#6730=VERTEX_POINT('',#15332);
#6731=VERTEX_POINT('',#15336);
#6732=VERTEX_POINT('',#15337);
#6733=VERTEX_POINT('',#15339);
#6734=VERTEX_POINT('',#15341);
#6735=VERTEX_POINT('',#15348);
#6736=VERTEX_POINT('',#15350);
#6737=VERTEX_POINT('',#15354);
#6738=VERTEX_POINT('',#15356);
#6739=VERTEX_POINT('',#15360);
#6740=VERTEX_POINT('',#15361);
#6741=VERTEX_POINT('',#15363);
#6742=VERTEX_POINT('',#15365);
#6743=VERTEX_POINT('',#15372);
#6744=VERTEX_POINT('',#15374);
#6745=VERTEX_POINT('',#15378);
#6746=VERTEX_POINT('',#15380);
#6747=VERTEX_POINT('',#15384);
#6748=VERTEX_POINT('',#15385);
#6749=VERTEX_POINT('',#15387);
#6750=VERTEX_POINT('',#15389);
#6751=VERTEX_POINT('',#15396);
#6752=VERTEX_POINT('',#15398);
#6753=VERTEX_POINT('',#15402);
#6754=VERTEX_POINT('',#15404);
#6755=VERTEX_POINT('',#15408);
#6756=VERTEX_POINT('',#15409);
#6757=VERTEX_POINT('',#15411);
#6758=VERTEX_POINT('',#15413);
#6759=VERTEX_POINT('',#15420);
#6760=VERTEX_POINT('',#15422);
#6761=VERTEX_POINT('',#15426);
#6762=VERTEX_POINT('',#15428);
#6763=VERTEX_POINT('',#15432);
#6764=VERTEX_POINT('',#15433);
#6765=VERTEX_POINT('',#15435);
#6766=VERTEX_POINT('',#15437);
#6767=VERTEX_POINT('',#15444);
#6768=VERTEX_POINT('',#15446);
#6769=VERTEX_POINT('',#15450);
#6770=VERTEX_POINT('',#15452);
#6771=VERTEX_POINT('',#15456);
#6772=VERTEX_POINT('',#15457);
#6773=VERTEX_POINT('',#15459);
#6774=VERTEX_POINT('',#15461);
#6775=VERTEX_POINT('',#15468);
#6776=VERTEX_POINT('',#15470);
#6777=VERTEX_POINT('',#15474);
#6778=VERTEX_POINT('',#15476);
#6779=VERTEX_POINT('',#15480);
#6780=VERTEX_POINT('',#15481);
#6781=VERTEX_POINT('',#15483);
#6782=VERTEX_POINT('',#15485);
#6783=VERTEX_POINT('',#15492);
#6784=VERTEX_POINT('',#15494);
#6785=VERTEX_POINT('',#15498);
#6786=VERTEX_POINT('',#15500);
#6787=VERTEX_POINT('',#15504);
#6788=VERTEX_POINT('',#15505);
#6789=VERTEX_POINT('',#15507);
#6790=VERTEX_POINT('',#15509);
#6791=VERTEX_POINT('',#15516);
#6792=VERTEX_POINT('',#15518);
#6793=VERTEX_POINT('',#15522);
#6794=VERTEX_POINT('',#15524);
#6795=VERTEX_POINT('',#15528);
#6796=VERTEX_POINT('',#15529);
#6797=VERTEX_POINT('',#15531);
#6798=VERTEX_POINT('',#15533);
#6799=VERTEX_POINT('',#15540);
#6800=VERTEX_POINT('',#15542);
#6801=VERTEX_POINT('',#15546);
#6802=VERTEX_POINT('',#15548);
#6803=VERTEX_POINT('',#15552);
#6804=VERTEX_POINT('',#15553);
#6805=VERTEX_POINT('',#15555);
#6806=VERTEX_POINT('',#15557);
#6807=VERTEX_POINT('',#15564);
#6808=VERTEX_POINT('',#15566);
#6809=VERTEX_POINT('',#15570);
#6810=VERTEX_POINT('',#15572);
#6811=VERTEX_POINT('',#15576);
#6812=VERTEX_POINT('',#15577);
#6813=VERTEX_POINT('',#15579);
#6814=VERTEX_POINT('',#15581);
#6815=VERTEX_POINT('',#15588);
#6816=VERTEX_POINT('',#15590);
#6817=VERTEX_POINT('',#15594);
#6818=VERTEX_POINT('',#15596);
#6819=VERTEX_POINT('',#15600);
#6820=VERTEX_POINT('',#15601);
#6821=VERTEX_POINT('',#15603);
#6822=VERTEX_POINT('',#15605);
#6823=VERTEX_POINT('',#15612);
#6824=VERTEX_POINT('',#15614);
#6825=VERTEX_POINT('',#15618);
#6826=VERTEX_POINT('',#15620);
#6827=VERTEX_POINT('',#15624);
#6828=VERTEX_POINT('',#15625);
#6829=VERTEX_POINT('',#15627);
#6830=VERTEX_POINT('',#15629);
#6831=VERTEX_POINT('',#15636);
#6832=VERTEX_POINT('',#15638);
#6833=VERTEX_POINT('',#15642);
#6834=VERTEX_POINT('',#15644);
#6835=VERTEX_POINT('',#15648);
#6836=VERTEX_POINT('',#15649);
#6837=VERTEX_POINT('',#15651);
#6838=VERTEX_POINT('',#15653);
#6839=VERTEX_POINT('',#15660);
#6840=VERTEX_POINT('',#15662);
#6841=VERTEX_POINT('',#15666);
#6842=VERTEX_POINT('',#15668);
#6843=VERTEX_POINT('',#15672);
#6844=VERTEX_POINT('',#15673);
#6845=VERTEX_POINT('',#15675);
#6846=VERTEX_POINT('',#15677);
#6847=VERTEX_POINT('',#15684);
#6848=VERTEX_POINT('',#15686);
#6849=VERTEX_POINT('',#15690);
#6850=VERTEX_POINT('',#15692);
#6851=VERTEX_POINT('',#15696);
#6852=VERTEX_POINT('',#15697);
#6853=VERTEX_POINT('',#15699);
#6854=VERTEX_POINT('',#15701);
#6855=VERTEX_POINT('',#15708);
#6856=VERTEX_POINT('',#15710);
#6857=VERTEX_POINT('',#15714);
#6858=VERTEX_POINT('',#15716);
#6859=VERTEX_POINT('',#15720);
#6860=VERTEX_POINT('',#15721);
#6861=VERTEX_POINT('',#15723);
#6862=VERTEX_POINT('',#15725);
#6863=VERTEX_POINT('',#15732);
#6864=VERTEX_POINT('',#15734);
#6865=VERTEX_POINT('',#15738);
#6866=VERTEX_POINT('',#15740);
#6867=VERTEX_POINT('',#15744);
#6868=VERTEX_POINT('',#15745);
#6869=VERTEX_POINT('',#15747);
#6870=VERTEX_POINT('',#15749);
#6871=VERTEX_POINT('',#15756);
#6872=VERTEX_POINT('',#15758);
#6873=VERTEX_POINT('',#15762);
#6874=VERTEX_POINT('',#15764);
#6875=VERTEX_POINT('',#15768);
#6876=VERTEX_POINT('',#15769);
#6877=VERTEX_POINT('',#15771);
#6878=VERTEX_POINT('',#15773);
#6879=VERTEX_POINT('',#15780);
#6880=VERTEX_POINT('',#15782);
#6881=VERTEX_POINT('',#15786);
#6882=VERTEX_POINT('',#15788);
#6883=VERTEX_POINT('',#15792);
#6884=VERTEX_POINT('',#15793);
#6885=VERTEX_POINT('',#15795);
#6886=VERTEX_POINT('',#15797);
#6887=VERTEX_POINT('',#15804);
#6888=VERTEX_POINT('',#15806);
#6889=VERTEX_POINT('',#15810);
#6890=VERTEX_POINT('',#15812);
#6891=VERTEX_POINT('',#15816);
#6892=VERTEX_POINT('',#15817);
#6893=VERTEX_POINT('',#15819);
#6894=VERTEX_POINT('',#15821);
#6895=VERTEX_POINT('',#15828);
#6896=VERTEX_POINT('',#15830);
#6897=VERTEX_POINT('',#15834);
#6898=VERTEX_POINT('',#15836);
#6899=VERTEX_POINT('',#15840);
#6900=VERTEX_POINT('',#15841);
#6901=VERTEX_POINT('',#15843);
#6902=VERTEX_POINT('',#15845);
#6903=VERTEX_POINT('',#15852);
#6904=VERTEX_POINT('',#15854);
#6905=VERTEX_POINT('',#15858);
#6906=VERTEX_POINT('',#15860);
#6907=VERTEX_POINT('',#15864);
#6908=VERTEX_POINT('',#15865);
#6909=VERTEX_POINT('',#15867);
#6910=VERTEX_POINT('',#15869);
#6911=VERTEX_POINT('',#15876);
#6912=VERTEX_POINT('',#15878);
#6913=VERTEX_POINT('',#15882);
#6914=VERTEX_POINT('',#15884);
#6915=VERTEX_POINT('',#15888);
#6916=VERTEX_POINT('',#15889);
#6917=VERTEX_POINT('',#15891);
#6918=VERTEX_POINT('',#15893);
#6919=VERTEX_POINT('',#15900);
#6920=VERTEX_POINT('',#15902);
#6921=VERTEX_POINT('',#15906);
#6922=VERTEX_POINT('',#15908);
#6923=VERTEX_POINT('',#15912);
#6924=VERTEX_POINT('',#15913);
#6925=VERTEX_POINT('',#15915);
#6926=VERTEX_POINT('',#15917);
#6927=VERTEX_POINT('',#15924);
#6928=VERTEX_POINT('',#15926);
#6929=VERTEX_POINT('',#15930);
#6930=VERTEX_POINT('',#15932);
#6931=VERTEX_POINT('',#15936);
#6932=VERTEX_POINT('',#15937);
#6933=VERTEX_POINT('',#15939);
#6934=VERTEX_POINT('',#15941);
#6935=VERTEX_POINT('',#15948);
#6936=VERTEX_POINT('',#15950);
#6937=VERTEX_POINT('',#15954);
#6938=VERTEX_POINT('',#15956);
#6939=VERTEX_POINT('',#15960);
#6940=VERTEX_POINT('',#15961);
#6941=VERTEX_POINT('',#15963);
#6942=VERTEX_POINT('',#15965);
#6943=VERTEX_POINT('',#15972);
#6944=VERTEX_POINT('',#15974);
#6945=VERTEX_POINT('',#15978);
#6946=VERTEX_POINT('',#15980);
#6947=VERTEX_POINT('',#15984);
#6948=VERTEX_POINT('',#15985);
#6949=VERTEX_POINT('',#15987);
#6950=VERTEX_POINT('',#15989);
#6951=VERTEX_POINT('',#15996);
#6952=VERTEX_POINT('',#15998);
#6953=VERTEX_POINT('',#16002);
#6954=VERTEX_POINT('',#16004);
#6955=VERTEX_POINT('',#16008);
#6956=VERTEX_POINT('',#16009);
#6957=VERTEX_POINT('',#16011);
#6958=VERTEX_POINT('',#16013);
#6959=VERTEX_POINT('',#16020);
#6960=VERTEX_POINT('',#16022);
#6961=VERTEX_POINT('',#16026);
#6962=VERTEX_POINT('',#16028);
#6963=VERTEX_POINT('',#16032);
#6964=VERTEX_POINT('',#16033);
#6965=VERTEX_POINT('',#16035);
#6966=VERTEX_POINT('',#16037);
#6967=VERTEX_POINT('',#16044);
#6968=VERTEX_POINT('',#16046);
#6969=VERTEX_POINT('',#16050);
#6970=VERTEX_POINT('',#16052);
#6971=VERTEX_POINT('',#16056);
#6972=VERTEX_POINT('',#16057);
#6973=VERTEX_POINT('',#16059);
#6974=VERTEX_POINT('',#16061);
#6975=VERTEX_POINT('',#16068);
#6976=VERTEX_POINT('',#16070);
#6977=VERTEX_POINT('',#16074);
#6978=VERTEX_POINT('',#16076);
#6979=VERTEX_POINT('',#16080);
#6980=VERTEX_POINT('',#16081);
#6981=VERTEX_POINT('',#16083);
#6982=VERTEX_POINT('',#16085);
#6983=VERTEX_POINT('',#16092);
#6984=VERTEX_POINT('',#16094);
#6985=VERTEX_POINT('',#16098);
#6986=VERTEX_POINT('',#16100);
#6987=VERTEX_POINT('',#16104);
#6988=VERTEX_POINT('',#16105);
#6989=VERTEX_POINT('',#16107);
#6990=VERTEX_POINT('',#16109);
#6991=VERTEX_POINT('',#16116);
#6992=VERTEX_POINT('',#16118);
#6993=VERTEX_POINT('',#16122);
#6994=VERTEX_POINT('',#16124);
#6995=VERTEX_POINT('',#16128);
#6996=VERTEX_POINT('',#16129);
#6997=VERTEX_POINT('',#16131);
#6998=VERTEX_POINT('',#16133);
#6999=VERTEX_POINT('',#16140);
#7000=VERTEX_POINT('',#16142);
#7001=VERTEX_POINT('',#16146);
#7002=VERTEX_POINT('',#16148);
#7003=VERTEX_POINT('',#16152);
#7004=VERTEX_POINT('',#16153);
#7005=VERTEX_POINT('',#16155);
#7006=VERTEX_POINT('',#16157);
#7007=VERTEX_POINT('',#16164);
#7008=VERTEX_POINT('',#16166);
#7009=VERTEX_POINT('',#16170);
#7010=VERTEX_POINT('',#16172);
#7011=VERTEX_POINT('',#16176);
#7012=VERTEX_POINT('',#16177);
#7013=VERTEX_POINT('',#16179);
#7014=VERTEX_POINT('',#16181);
#7015=VERTEX_POINT('',#16188);
#7016=VERTEX_POINT('',#16190);
#7017=VERTEX_POINT('',#16194);
#7018=VERTEX_POINT('',#16196);
#7019=VERTEX_POINT('',#16200);
#7020=VERTEX_POINT('',#16201);
#7021=VERTEX_POINT('',#16203);
#7022=VERTEX_POINT('',#16205);
#7023=VERTEX_POINT('',#16212);
#7024=VERTEX_POINT('',#16214);
#7025=VERTEX_POINT('',#16218);
#7026=VERTEX_POINT('',#16220);
#7027=VERTEX_POINT('',#16224);
#7028=VERTEX_POINT('',#16225);
#7029=VERTEX_POINT('',#16227);
#7030=VERTEX_POINT('',#16229);
#7031=VERTEX_POINT('',#16236);
#7032=VERTEX_POINT('',#16238);
#7033=VERTEX_POINT('',#16242);
#7034=VERTEX_POINT('',#16244);
#7035=VERTEX_POINT('',#16248);
#7036=VERTEX_POINT('',#16249);
#7037=VERTEX_POINT('',#16251);
#7038=VERTEX_POINT('',#16253);
#7039=VERTEX_POINT('',#16260);
#7040=VERTEX_POINT('',#16262);
#7041=VERTEX_POINT('',#16266);
#7042=VERTEX_POINT('',#16268);
#7043=VERTEX_POINT('',#16272);
#7044=VERTEX_POINT('',#16273);
#7045=VERTEX_POINT('',#16275);
#7046=VERTEX_POINT('',#16277);
#7047=VERTEX_POINT('',#16284);
#7048=VERTEX_POINT('',#16286);
#7049=VERTEX_POINT('',#16290);
#7050=VERTEX_POINT('',#16292);
#7051=VERTEX_POINT('',#16296);
#7052=VERTEX_POINT('',#16297);
#7053=VERTEX_POINT('',#16299);
#7054=VERTEX_POINT('',#16301);
#7055=VERTEX_POINT('',#16308);
#7056=VERTEX_POINT('',#16310);
#7057=VERTEX_POINT('',#16314);
#7058=VERTEX_POINT('',#16316);
#7059=VERTEX_POINT('',#16320);
#7060=VERTEX_POINT('',#16321);
#7061=VERTEX_POINT('',#16323);
#7062=VERTEX_POINT('',#16325);
#7063=VERTEX_POINT('',#16332);
#7064=VERTEX_POINT('',#16334);
#7065=VERTEX_POINT('',#16338);
#7066=VERTEX_POINT('',#16340);
#7067=VERTEX_POINT('',#16344);
#7068=VERTEX_POINT('',#16345);
#7069=VERTEX_POINT('',#16347);
#7070=VERTEX_POINT('',#16349);
#7071=VERTEX_POINT('',#16356);
#7072=VERTEX_POINT('',#16358);
#7073=VERTEX_POINT('',#16362);
#7074=VERTEX_POINT('',#16364);
#7075=VERTEX_POINT('',#16368);
#7076=VERTEX_POINT('',#16369);
#7077=VERTEX_POINT('',#16371);
#7078=VERTEX_POINT('',#16373);
#7079=VERTEX_POINT('',#16380);
#7080=VERTEX_POINT('',#16382);
#7081=VERTEX_POINT('',#16386);
#7082=VERTEX_POINT('',#16388);
#7083=VERTEX_POINT('',#16392);
#7084=VERTEX_POINT('',#16393);
#7085=VERTEX_POINT('',#16395);
#7086=VERTEX_POINT('',#16397);
#7087=VERTEX_POINT('',#16404);
#7088=VERTEX_POINT('',#16406);
#7089=VERTEX_POINT('',#16410);
#7090=VERTEX_POINT('',#16412);
#7091=VERTEX_POINT('',#16416);
#7092=VERTEX_POINT('',#16417);
#7093=VERTEX_POINT('',#16419);
#7094=VERTEX_POINT('',#16421);
#7095=VERTEX_POINT('',#16428);
#7096=VERTEX_POINT('',#16430);
#7097=VERTEX_POINT('',#16434);
#7098=VERTEX_POINT('',#16436);
#7099=VERTEX_POINT('',#16440);
#7100=VERTEX_POINT('',#16441);
#7101=VERTEX_POINT('',#16443);
#7102=VERTEX_POINT('',#16445);
#7103=VERTEX_POINT('',#16452);
#7104=VERTEX_POINT('',#16454);
#7105=VERTEX_POINT('',#16458);
#7106=VERTEX_POINT('',#16460);
#7107=VERTEX_POINT('',#16464);
#7108=VERTEX_POINT('',#16465);
#7109=VERTEX_POINT('',#16467);
#7110=VERTEX_POINT('',#16469);
#7111=VERTEX_POINT('',#16476);
#7112=VERTEX_POINT('',#16478);
#7113=VERTEX_POINT('',#16482);
#7114=VERTEX_POINT('',#16484);
#7115=VERTEX_POINT('',#16488);
#7116=VERTEX_POINT('',#16489);
#7117=VERTEX_POINT('',#16491);
#7118=VERTEX_POINT('',#16493);
#7119=VERTEX_POINT('',#16500);
#7120=VERTEX_POINT('',#16502);
#7121=VERTEX_POINT('',#16506);
#7122=VERTEX_POINT('',#16508);
#7123=VERTEX_POINT('',#16512);
#7124=VERTEX_POINT('',#16513);
#7125=VERTEX_POINT('',#16515);
#7126=VERTEX_POINT('',#16517);
#7127=VERTEX_POINT('',#16524);
#7128=VERTEX_POINT('',#16526);
#7129=VERTEX_POINT('',#16530);
#7130=VERTEX_POINT('',#16532);
#7131=VERTEX_POINT('',#16536);
#7132=VERTEX_POINT('',#16537);
#7133=VERTEX_POINT('',#16539);
#7134=VERTEX_POINT('',#16541);
#7135=VERTEX_POINT('',#16548);
#7136=VERTEX_POINT('',#16550);
#7137=VERTEX_POINT('',#16554);
#7138=VERTEX_POINT('',#16556);
#7139=VERTEX_POINT('',#16560);
#7140=VERTEX_POINT('',#16561);
#7141=VERTEX_POINT('',#16563);
#7142=VERTEX_POINT('',#16565);
#7143=VERTEX_POINT('',#16572);
#7144=VERTEX_POINT('',#16574);
#7145=VERTEX_POINT('',#16578);
#7146=VERTEX_POINT('',#16580);
#7147=VERTEX_POINT('',#16584);
#7148=VERTEX_POINT('',#16585);
#7149=VERTEX_POINT('',#16587);
#7150=VERTEX_POINT('',#16589);
#7151=VERTEX_POINT('',#16596);
#7152=VERTEX_POINT('',#16598);
#7153=VERTEX_POINT('',#16602);
#7154=VERTEX_POINT('',#16604);
#7155=VERTEX_POINT('',#16608);
#7156=VERTEX_POINT('',#16609);
#7157=VERTEX_POINT('',#16611);
#7158=VERTEX_POINT('',#16613);
#7159=VERTEX_POINT('',#16620);
#7160=VERTEX_POINT('',#16622);
#7161=VERTEX_POINT('',#16626);
#7162=VERTEX_POINT('',#16628);
#7163=VERTEX_POINT('',#16632);
#7164=VERTEX_POINT('',#16633);
#7165=VERTEX_POINT('',#16635);
#7166=VERTEX_POINT('',#16637);
#7167=VERTEX_POINT('',#16644);
#7168=VERTEX_POINT('',#16646);
#7169=VERTEX_POINT('',#16650);
#7170=VERTEX_POINT('',#16652);
#7171=VERTEX_POINT('',#16656);
#7172=VERTEX_POINT('',#16657);
#7173=VERTEX_POINT('',#16659);
#7174=VERTEX_POINT('',#16661);
#7175=VERTEX_POINT('',#16668);
#7176=VERTEX_POINT('',#16670);
#7177=VERTEX_POINT('',#16674);
#7178=VERTEX_POINT('',#16676);
#7179=VERTEX_POINT('',#16680);
#7180=VERTEX_POINT('',#16681);
#7181=VERTEX_POINT('',#16683);
#7182=VERTEX_POINT('',#16685);
#7183=VERTEX_POINT('',#16692);
#7184=VERTEX_POINT('',#16694);
#7185=VERTEX_POINT('',#16698);
#7186=VERTEX_POINT('',#16700);
#7187=VERTEX_POINT('',#16704);
#7188=VERTEX_POINT('',#16705);
#7189=VERTEX_POINT('',#16707);
#7190=VERTEX_POINT('',#16709);
#7191=VERTEX_POINT('',#16716);
#7192=VERTEX_POINT('',#16718);
#7193=VERTEX_POINT('',#16722);
#7194=VERTEX_POINT('',#16724);
#7195=VERTEX_POINT('',#16728);
#7196=VERTEX_POINT('',#16729);
#7197=VERTEX_POINT('',#16731);
#7198=VERTEX_POINT('',#16733);
#7199=VERTEX_POINT('',#16740);
#7200=VERTEX_POINT('',#16742);
#7201=VERTEX_POINT('',#16746);
#7202=VERTEX_POINT('',#16748);
#7203=VERTEX_POINT('',#16752);
#7204=VERTEX_POINT('',#16753);
#7205=VERTEX_POINT('',#16755);
#7206=VERTEX_POINT('',#16757);
#7207=VERTEX_POINT('',#16764);
#7208=VERTEX_POINT('',#16766);
#7209=VERTEX_POINT('',#16770);
#7210=VERTEX_POINT('',#16772);
#7211=VERTEX_POINT('',#16776);
#7212=VERTEX_POINT('',#16777);
#7213=VERTEX_POINT('',#16779);
#7214=VERTEX_POINT('',#16781);
#7215=VERTEX_POINT('',#16788);
#7216=VERTEX_POINT('',#16790);
#7217=VERTEX_POINT('',#16794);
#7218=VERTEX_POINT('',#16796);
#7219=VERTEX_POINT('',#16800);
#7220=VERTEX_POINT('',#16801);
#7221=VERTEX_POINT('',#16803);
#7222=VERTEX_POINT('',#16805);
#7223=VERTEX_POINT('',#16812);
#7224=VERTEX_POINT('',#16814);
#7225=VERTEX_POINT('',#16818);
#7226=VERTEX_POINT('',#16820);
#7227=VERTEX_POINT('',#16824);
#7228=VERTEX_POINT('',#16825);
#7229=VERTEX_POINT('',#16827);
#7230=VERTEX_POINT('',#16829);
#7231=VERTEX_POINT('',#16836);
#7232=VERTEX_POINT('',#16838);
#7233=VERTEX_POINT('',#16842);
#7234=VERTEX_POINT('',#16844);
#7235=VERTEX_POINT('',#16848);
#7236=VERTEX_POINT('',#16849);
#7237=VERTEX_POINT('',#16851);
#7238=VERTEX_POINT('',#16853);
#7239=VERTEX_POINT('',#16860);
#7240=VERTEX_POINT('',#16862);
#7241=VERTEX_POINT('',#16866);
#7242=VERTEX_POINT('',#16868);
#7243=VERTEX_POINT('',#16872);
#7244=VERTEX_POINT('',#16873);
#7245=VERTEX_POINT('',#16875);
#7246=VERTEX_POINT('',#16877);
#7247=VERTEX_POINT('',#16884);
#7248=VERTEX_POINT('',#16886);
#7249=VERTEX_POINT('',#16890);
#7250=VERTEX_POINT('',#16892);
#7251=VERTEX_POINT('',#16896);
#7252=VERTEX_POINT('',#16897);
#7253=VERTEX_POINT('',#16899);
#7254=VERTEX_POINT('',#16901);
#7255=VERTEX_POINT('',#16908);
#7256=VERTEX_POINT('',#16910);
#7257=VERTEX_POINT('',#16914);
#7258=VERTEX_POINT('',#16916);
#7259=VERTEX_POINT('',#16920);
#7260=VERTEX_POINT('',#16921);
#7261=VERTEX_POINT('',#16923);
#7262=VERTEX_POINT('',#16925);
#7263=VERTEX_POINT('',#16932);
#7264=VERTEX_POINT('',#16934);
#7265=VERTEX_POINT('',#16938);
#7266=VERTEX_POINT('',#16940);
#7267=VERTEX_POINT('',#16944);
#7268=VERTEX_POINT('',#16945);
#7269=VERTEX_POINT('',#16947);
#7270=VERTEX_POINT('',#16949);
#7271=VERTEX_POINT('',#16956);
#7272=VERTEX_POINT('',#16958);
#7273=VERTEX_POINT('',#16962);
#7274=VERTEX_POINT('',#16964);
#7275=VERTEX_POINT('',#16968);
#7276=VERTEX_POINT('',#16969);
#7277=VERTEX_POINT('',#16971);
#7278=VERTEX_POINT('',#16973);
#7279=VERTEX_POINT('',#16980);
#7280=VERTEX_POINT('',#16982);
#7281=VERTEX_POINT('',#16986);
#7282=VERTEX_POINT('',#16988);
#7283=VERTEX_POINT('',#16992);
#7284=VERTEX_POINT('',#16993);
#7285=VERTEX_POINT('',#16995);
#7286=VERTEX_POINT('',#16997);
#7287=VERTEX_POINT('',#17004);
#7288=VERTEX_POINT('',#17006);
#7289=VERTEX_POINT('',#17010);
#7290=VERTEX_POINT('',#17012);
#7291=VERTEX_POINT('',#17016);
#7292=VERTEX_POINT('',#17017);
#7293=VERTEX_POINT('',#17019);
#7294=VERTEX_POINT('',#17021);
#7295=VERTEX_POINT('',#17028);
#7296=VERTEX_POINT('',#17030);
#7297=VERTEX_POINT('',#17034);
#7298=VERTEX_POINT('',#17036);
#7299=VERTEX_POINT('',#17040);
#7300=VERTEX_POINT('',#17041);
#7301=VERTEX_POINT('',#17043);
#7302=VERTEX_POINT('',#17045);
#7303=VERTEX_POINT('',#17052);
#7304=VERTEX_POINT('',#17054);
#7305=VERTEX_POINT('',#17058);
#7306=VERTEX_POINT('',#17060);
#7307=VERTEX_POINT('',#17064);
#7308=VERTEX_POINT('',#17065);
#7309=VERTEX_POINT('',#17067);
#7310=VERTEX_POINT('',#17069);
#7311=VERTEX_POINT('',#17076);
#7312=VERTEX_POINT('',#17078);
#7313=VERTEX_POINT('',#17082);
#7314=VERTEX_POINT('',#17084);
#7315=VERTEX_POINT('',#17088);
#7316=VERTEX_POINT('',#17089);
#7317=VERTEX_POINT('',#17091);
#7318=VERTEX_POINT('',#17093);
#7319=VERTEX_POINT('',#17100);
#7320=VERTEX_POINT('',#17102);
#7321=VERTEX_POINT('',#17106);
#7322=VERTEX_POINT('',#17108);
#7323=VERTEX_POINT('',#17112);
#7324=VERTEX_POINT('',#17113);
#7325=VERTEX_POINT('',#17115);
#7326=VERTEX_POINT('',#17117);
#7327=VERTEX_POINT('',#17124);
#7328=VERTEX_POINT('',#17126);
#7329=VERTEX_POINT('',#17130);
#7330=VERTEX_POINT('',#17132);
#7331=VERTEX_POINT('',#17136);
#7332=VERTEX_POINT('',#17137);
#7333=VERTEX_POINT('',#17139);
#7334=VERTEX_POINT('',#17141);
#7335=VERTEX_POINT('',#17148);
#7336=VERTEX_POINT('',#17150);
#7337=VERTEX_POINT('',#17154);
#7338=VERTEX_POINT('',#17156);
#7339=VERTEX_POINT('',#17160);
#7340=VERTEX_POINT('',#17161);
#7341=VERTEX_POINT('',#17163);
#7342=VERTEX_POINT('',#17165);
#7343=VERTEX_POINT('',#17172);
#7344=VERTEX_POINT('',#17174);
#7345=VERTEX_POINT('',#17178);
#7346=VERTEX_POINT('',#17180);
#7347=VERTEX_POINT('',#17184);
#7348=VERTEX_POINT('',#17185);
#7349=VERTEX_POINT('',#17187);
#7350=VERTEX_POINT('',#17189);
#7351=VERTEX_POINT('',#17196);
#7352=VERTEX_POINT('',#17198);
#7353=VERTEX_POINT('',#17202);
#7354=VERTEX_POINT('',#17204);
#7355=VERTEX_POINT('',#17208);
#7356=VERTEX_POINT('',#17209);
#7357=VERTEX_POINT('',#17211);
#7358=VERTEX_POINT('',#17213);
#7359=VERTEX_POINT('',#17220);
#7360=VERTEX_POINT('',#17222);
#7361=VERTEX_POINT('',#17226);
#7362=VERTEX_POINT('',#17228);
#7363=VERTEX_POINT('',#17232);
#7364=VERTEX_POINT('',#17233);
#7365=VERTEX_POINT('',#17235);
#7366=VERTEX_POINT('',#17237);
#7367=VERTEX_POINT('',#17244);
#7368=VERTEX_POINT('',#17246);
#7369=VERTEX_POINT('',#17250);
#7370=VERTEX_POINT('',#17252);
#7371=VERTEX_POINT('',#17256);
#7372=VERTEX_POINT('',#17257);
#7373=VERTEX_POINT('',#17259);
#7374=VERTEX_POINT('',#17261);
#7375=VERTEX_POINT('',#17268);
#7376=VERTEX_POINT('',#17270);
#7377=VERTEX_POINT('',#17274);
#7378=VERTEX_POINT('',#17276);
#7379=VERTEX_POINT('',#17280);
#7380=VERTEX_POINT('',#17281);
#7381=VERTEX_POINT('',#17283);
#7382=VERTEX_POINT('',#17285);
#7383=VERTEX_POINT('',#17292);
#7384=VERTEX_POINT('',#17294);
#7385=VERTEX_POINT('',#17298);
#7386=VERTEX_POINT('',#17300);
#7387=VERTEX_POINT('',#17304);
#7388=VERTEX_POINT('',#17305);
#7389=VERTEX_POINT('',#17307);
#7390=VERTEX_POINT('',#17309);
#7391=VERTEX_POINT('',#17316);
#7392=VERTEX_POINT('',#17318);
#7393=VERTEX_POINT('',#17322);
#7394=VERTEX_POINT('',#17324);
#7395=VERTEX_POINT('',#17328);
#7396=VERTEX_POINT('',#17329);
#7397=VERTEX_POINT('',#17331);
#7398=VERTEX_POINT('',#17333);
#7399=VERTEX_POINT('',#17340);
#7400=VERTEX_POINT('',#17342);
#7401=VERTEX_POINT('',#17346);
#7402=VERTEX_POINT('',#17348);
#7403=VERTEX_POINT('',#17352);
#7404=VERTEX_POINT('',#17353);
#7405=VERTEX_POINT('',#17355);
#7406=VERTEX_POINT('',#17357);
#7407=VERTEX_POINT('',#17364);
#7408=VERTEX_POINT('',#17366);
#7409=VERTEX_POINT('',#17370);
#7410=VERTEX_POINT('',#17372);
#7411=VERTEX_POINT('',#17376);
#7412=VERTEX_POINT('',#17377);
#7413=VERTEX_POINT('',#17379);
#7414=VERTEX_POINT('',#17381);
#7415=VERTEX_POINT('',#17388);
#7416=VERTEX_POINT('',#17390);
#7417=VERTEX_POINT('',#17394);
#7418=VERTEX_POINT('',#17396);
#7419=VERTEX_POINT('',#17400);
#7420=VERTEX_POINT('',#17401);
#7421=VERTEX_POINT('',#17403);
#7422=VERTEX_POINT('',#17405);
#7423=VERTEX_POINT('',#17412);
#7424=VERTEX_POINT('',#17414);
#7425=VERTEX_POINT('',#17418);
#7426=VERTEX_POINT('',#17420);
#7427=VERTEX_POINT('',#17424);
#7428=VERTEX_POINT('',#17425);
#7429=VERTEX_POINT('',#17427);
#7430=VERTEX_POINT('',#17429);
#7431=VERTEX_POINT('',#17436);
#7432=VERTEX_POINT('',#17438);
#7433=VERTEX_POINT('',#17442);
#7434=VERTEX_POINT('',#17443);
#7435=VERTEX_POINT('',#17445);
#7436=VERTEX_POINT('',#17447);
#7437=VERTEX_POINT('',#17450);
#7438=VERTEX_POINT('',#17451);
#7439=VERTEX_POINT('',#17453);
#7440=VERTEX_POINT('',#17455);
#7441=VERTEX_POINT('',#17458);
#7442=VERTEX_POINT('',#17460);
#7443=VERTEX_POINT('',#17464);
#7444=VERTEX_POINT('',#17466);
#7445=VERTEX_POINT('',#17475);
#7446=VERTEX_POINT('',#17477);
#7447=VERTEX_POINT('',#17480);
#7448=VERTEX_POINT('',#17484);
#7449=VERTEX_POINT('',#17494);
#7450=VERTEX_POINT('',#17496);
#7451=VERTEX_POINT('',#17497);
#7452=VERTEX_POINT('',#17499);
#7453=VERTEX_POINT('',#17501);
#7454=VERTEX_POINT('',#17505);
#7455=VERTEX_POINT('',#17506);
#7456=VERTEX_POINT('',#17511);
#7457=VERTEX_POINT('',#17513);
#7458=VERTEX_POINT('',#17514);
#7459=CIRCLE('',#9956,0.0081);
#7460=CIRCLE('',#9957,0.00225);
#7461=CIRCLE('',#9958,0.015);
#7462=CIRCLE('',#9959,0.00225);
#7463=CIRCLE('',#9960,0.00225);
#7464=CIRCLE('',#9961,0.00225);
#7465=CIRCLE('',#9963,0.0081);
#7466=CIRCLE('',#9964,0.00225);
#7467=CIRCLE('',#9965,0.00225);
#7468=CIRCLE('',#9966,0.015);
#7469=CIRCLE('',#9967,0.00225);
#7470=CIRCLE('',#9968,0.00225);
#7471=CIRCLE('',#9970,0.00405);
#7472=CIRCLE('',#9971,0.00405);
#7473=CIRCLE('',#9973,0.05875);
#7474=CIRCLE('',#9974,0.05875);
#7475=CIRCLE('',#9976,0.0200457222858252);
#7476=CIRCLE('',#9977,0.0200457222858252);
#7477=CIRCLE('',#9979,0.0200457222858315);
#7478=CIRCLE('',#9980,0.0200457222858315);
#7479=CIRCLE('',#9983,0.05875);
#7480=CIRCLE('',#9984,0.05875);
#7481=CIRCLE('',#9986,0.0200457222858198);
#7482=CIRCLE('',#9987,0.0200457222858198);
#7483=CIRCLE('',#9989,0.0200457222858315);
#7484=CIRCLE('',#9990,0.0200457222858315);
#7485=CIRCLE('',#9993,0.05875);
#7486=CIRCLE('',#9994,0.05875);
#7487=CIRCLE('',#9996,0.0200457222858275);
#7488=CIRCLE('',#9997,0.0200457222858275);
#7489=CIRCLE('',#9999,0.0200457222858306);
#7490=CIRCLE('',#10000,0.0200457222858306);
#7491=CIRCLE('',#10003,0.05875);
#7492=CIRCLE('',#10004,0.05875);
#7493=CIRCLE('',#10006,0.0200457222858384);
#7494=CIRCLE('',#10007,0.0200457222858384);
#7495=CIRCLE('',#10009,0.0200457222858305);
#7496=CIRCLE('',#10010,0.0200457222858305);
#7497=CIRCLE('',#10013,0.05875);
#7498=CIRCLE('',#10014,0.05875);
#7499=CIRCLE('',#10016,0.020045722285828);
#7500=CIRCLE('',#10017,0.020045722285828);
#7501=CIRCLE('',#10019,0.0200457222858266);
#7502=CIRCLE('',#10020,0.0200457222858266);
#7503=CIRCLE('',#10023,0.05875);
#7504=CIRCLE('',#10024,0.05875);
#7505=CIRCLE('',#10026,0.0200457222858404);
#7506=CIRCLE('',#10027,0.0200457222858404);
#7507=CIRCLE('',#10029,0.0200457222858203);
#7508=CIRCLE('',#10030,0.0200457222858203);
#7509=CIRCLE('',#10033,0.05875);
#7510=CIRCLE('',#10034,0.05875);
#7511=CIRCLE('',#10036,0.0200457222858197);
#7512=CIRCLE('',#10037,0.0200457222858197);
#7513=CIRCLE('',#10039,0.0200457222858221);
#7514=CIRCLE('',#10040,0.0200457222858221);
#7515=CIRCLE('',#10043,0.05875);
#7516=CIRCLE('',#10044,0.05875);
#7517=CIRCLE('',#10046,0.0200457222858464);
#7518=CIRCLE('',#10047,0.0200457222858464);
#7519=CIRCLE('',#10049,0.0200457222858142);
#7520=CIRCLE('',#10050,0.0200457222858142);
#7521=CIRCLE('',#10053,0.05875);
#7522=CIRCLE('',#10054,0.05875);
#7523=CIRCLE('',#10056,0.0200457222858186);
#7524=CIRCLE('',#10057,0.0200457222858186);
#7525=CIRCLE('',#10059,0.0200457222858318);
#7526=CIRCLE('',#10060,0.0200457222858318);
#7527=CIRCLE('',#10063,0.05875);
#7528=CIRCLE('',#10064,0.05875);
#7529=CIRCLE('',#10066,0.0200457222858221);
#7530=CIRCLE('',#10067,0.0200457222858221);
#7531=CIRCLE('',#10069,0.0200457222267101);
#7532=CIRCLE('',#10070,0.0200457222267101);
#7533=CIRCLE('',#10073,0.05875);
#7534=CIRCLE('',#10074,0.05875);
#7535=CIRCLE('',#10076,0.0200457222858197);
#7536=CIRCLE('',#10077,0.0200457222858197);
#7537=CIRCLE('',#10079,0.0200457222858392);
#7538=CIRCLE('',#10080,0.0200457222858392);
#7539=CIRCLE('',#10083,0.05875);
#7540=CIRCLE('',#10084,0.05875);
#7541=CIRCLE('',#10086,0.0200457222858281);
#7542=CIRCLE('',#10087,0.0200457222858281);
#7543=CIRCLE('',#10089,0.0200457222858267);
#7544=CIRCLE('',#10090,0.0200457222858267);
#7545=CIRCLE('',#10093,0.05875);
#7546=CIRCLE('',#10094,0.05875);
#7547=CIRCLE('',#10096,0.0200457222858254);
#7548=CIRCLE('',#10097,0.0200457222858254);
#7549=CIRCLE('',#10099,0.0200457222858268);
#7550=CIRCLE('',#10100,0.0200457222858268);
#7551=CIRCLE('',#10103,0.05875);
#7552=CIRCLE('',#10104,0.05875);
#7553=CIRCLE('',#10106,0.0200457222858302);
#7554=CIRCLE('',#10107,0.0200457222858302);
#7555=CIRCLE('',#10109,0.0200457222858132);
#7556=CIRCLE('',#10110,0.0200457222858132);
#7557=CIRCLE('',#10113,0.05875);
#7558=CIRCLE('',#10114,0.05875);
#7559=CIRCLE('',#10116,0.0200457222858248);
#7560=CIRCLE('',#10117,0.0200457222858248);
#7561=CIRCLE('',#10119,0.0200457222858196);
#7562=CIRCLE('',#10120,0.0200457222858196);
#7563=CIRCLE('',#10123,0.05875);
#7564=CIRCLE('',#10124,0.05875);
#7565=CIRCLE('',#10126,0.0200457222858171);
#7566=CIRCLE('',#10127,0.0200457222858171);
#7567=CIRCLE('',#10129,0.020045722277893);
#7568=CIRCLE('',#10130,0.020045722277893);
#7569=CIRCLE('',#10133,0.05875);
#7570=CIRCLE('',#10134,0.05875);
#7571=CIRCLE('',#10136,0.0200457222712684);
#7572=CIRCLE('',#10137,0.0200457222712684);
#7573=CIRCLE('',#10139,0.0200457221890625);
#7574=CIRCLE('',#10140,0.0200457221890625);
#7575=CIRCLE('',#10143,0.05875);
#7576=CIRCLE('',#10144,0.05875);
#7577=CIRCLE('',#10146,0.0200457222858366);
#7578=CIRCLE('',#10147,0.0200457222858366);
#7579=CIRCLE('',#10149,0.0200457222858235);
#7580=CIRCLE('',#10150,0.0200457222858235);
#7581=CIRCLE('',#10153,0.05875);
#7582=CIRCLE('',#10154,0.05875);
#7583=CIRCLE('',#10156,0.0200457222858227);
#7584=CIRCLE('',#10157,0.0200457222858227);
#7585=CIRCLE('',#10159,0.0200457222858176);
#7586=CIRCLE('',#10160,0.0200457222858176);
#7587=CIRCLE('',#10163,0.05875);
#7588=CIRCLE('',#10164,0.05875);
#7589=CIRCLE('',#10166,0.0200457222858367);
#7590=CIRCLE('',#10167,0.0200457222858367);
#7591=CIRCLE('',#10169,0.0200457222858329);
#7592=CIRCLE('',#10170,0.0200457222858329);
#7593=CIRCLE('',#10173,0.05875);
#7594=CIRCLE('',#10174,0.05875);
#7595=CIRCLE('',#10176,0.0200457222858171);
#7596=CIRCLE('',#10177,0.0200457222858171);
#7597=CIRCLE('',#10179,0.0200457222858444);
#7598=CIRCLE('',#10180,0.0200457222858444);
#7599=CIRCLE('',#10183,0.05875);
#7600=CIRCLE('',#10184,0.05875);
#7601=CIRCLE('',#10186,0.0200457222324782);
#7602=CIRCLE('',#10187,0.0200457222324782);
#7603=CIRCLE('',#10189,0.0200457222858338);
#7604=CIRCLE('',#10190,0.0200457222858338);
#7605=CIRCLE('',#10193,0.05875);
#7606=CIRCLE('',#10194,0.05875);
#7607=CIRCLE('',#10196,0.0200457222858262);
#7608=CIRCLE('',#10197,0.0200457222858262);
#7609=CIRCLE('',#10199,0.0200457222858264);
#7610=CIRCLE('',#10200,0.0200457222858264);
#7611=CIRCLE('',#10203,0.05875);
#7612=CIRCLE('',#10204,0.05875);
#7613=CIRCLE('',#10206,0.0200457222858359);
#7614=CIRCLE('',#10207,0.0200457222858359);
#7615=CIRCLE('',#10209,0.0200457222858276);
#7616=CIRCLE('',#10210,0.0200457222858276);
#7617=CIRCLE('',#10213,0.05875);
#7618=CIRCLE('',#10214,0.05875);
#7619=CIRCLE('',#10216,0.0200457222858327);
#7620=CIRCLE('',#10217,0.0200457222858327);
#7621=CIRCLE('',#10219,0.0200457222858308);
#7622=CIRCLE('',#10220,0.0200457222858308);
#7623=CIRCLE('',#10223,0.05875);
#7624=CIRCLE('',#10224,0.05875);
#7625=CIRCLE('',#10226,0.0200457222858254);
#7626=CIRCLE('',#10227,0.0200457222858254);
#7627=CIRCLE('',#10229,0.0200457222555204);
#7628=CIRCLE('',#10230,0.0200457222555204);
#7629=CIRCLE('',#10233,0.05875);
#7630=CIRCLE('',#10234,0.05875);
#7631=CIRCLE('',#10236,0.0200457221938429);
#7632=CIRCLE('',#10237,0.0200457221938429);
#7633=CIRCLE('',#10239,0.0200457222858266);
#7634=CIRCLE('',#10240,0.0200457222858266);
#7635=CIRCLE('',#10243,0.05875);
#7636=CIRCLE('',#10244,0.05875);
#7637=CIRCLE('',#10246,0.0200457222858289);
#7638=CIRCLE('',#10247,0.0200457222858289);
#7639=CIRCLE('',#10249,0.0200457222858213);
#7640=CIRCLE('',#10250,0.0200457222858213);
#7641=CIRCLE('',#10253,0.05875);
#7642=CIRCLE('',#10254,0.05875);
#7643=CIRCLE('',#10256,0.0200457222858311);
#7644=CIRCLE('',#10257,0.0200457222858311);
#7645=CIRCLE('',#10259,0.0200457222858253);
#7646=CIRCLE('',#10260,0.0200457222858253);
#7647=CIRCLE('',#10263,0.05875);
#7648=CIRCLE('',#10264,0.05875);
#7649=CIRCLE('',#10266,0.0200457222858299);
#7650=CIRCLE('',#10267,0.0200457222858299);
#7651=CIRCLE('',#10269,0.0200457222858296);
#7652=CIRCLE('',#10270,0.0200457222858296);
#7653=CIRCLE('',#10273,0.05875);
#7654=CIRCLE('',#10274,0.05875);
#7655=CIRCLE('',#10276,0.0200457222858244);
#7656=CIRCLE('',#10277,0.0200457222858244);
#7657=CIRCLE('',#10279,0.0200457222858292);
#7658=CIRCLE('',#10280,0.0200457222858292);
#7659=CIRCLE('',#10283,0.05875);
#7660=CIRCLE('',#10284,0.05875);
#7661=CIRCLE('',#10286,0.0200457222858166);
#7662=CIRCLE('',#10287,0.0200457222858166);
#7663=CIRCLE('',#10289,0.0200457222858275);
#7664=CIRCLE('',#10290,0.0200457222858275);
#7665=CIRCLE('',#10293,0.05875);
#7666=CIRCLE('',#10294,0.05875);
#7667=CIRCLE('',#10296,0.0200457222858287);
#7668=CIRCLE('',#10297,0.0200457222858287);
#7669=CIRCLE('',#10299,0.0200457222858281);
#7670=CIRCLE('',#10300,0.0200457222858281);
#7671=CIRCLE('',#10303,0.05875);
#7672=CIRCLE('',#10304,0.05875);
#7673=CIRCLE('',#10306,0.0200457222858342);
#7674=CIRCLE('',#10307,0.0200457222858342);
#7675=CIRCLE('',#10309,0.0200457222858249);
#7676=CIRCLE('',#10310,0.0200457222858249);
#7677=CIRCLE('',#10313,0.05875);
#7678=CIRCLE('',#10314,0.05875);
#7679=CIRCLE('',#10316,0.020045722285825);
#7680=CIRCLE('',#10317,0.020045722285825);
#7681=CIRCLE('',#10319,0.0200457222858304);
#7682=CIRCLE('',#10320,0.0200457222858304);
#7683=CIRCLE('',#10323,0.05875);
#7684=CIRCLE('',#10324,0.05875);
#7685=CIRCLE('',#10326,0.020045722285834);
#7686=CIRCLE('',#10327,0.020045722285834);
#7687=CIRCLE('',#10329,0.020045722209835);
#7688=CIRCLE('',#10330,0.020045722209835);
#7689=CIRCLE('',#10333,0.05875);
#7690=CIRCLE('',#10334,0.05875);
#7691=CIRCLE('',#10336,0.0200457222858304);
#7692=CIRCLE('',#10337,0.0200457222858304);
#7693=CIRCLE('',#10339,0.0200457222858211);
#7694=CIRCLE('',#10340,0.0200457222858211);
#7695=CIRCLE('',#10343,0.05875);
#7696=CIRCLE('',#10344,0.05875);
#7697=CIRCLE('',#10346,0.0200457222360704);
#7698=CIRCLE('',#10347,0.0200457222360704);
#7699=CIRCLE('',#10349,0.0200457222858121);
#7700=CIRCLE('',#10350,0.0200457222858121);
#7701=CIRCLE('',#10353,0.05875);
#7702=CIRCLE('',#10354,0.05875);
#7703=CIRCLE('',#10356,0.0200457222858246);
#7704=CIRCLE('',#10357,0.0200457222858246);
#7705=CIRCLE('',#10359,0.0200457222858341);
#7706=CIRCLE('',#10360,0.0200457222858341);
#7707=CIRCLE('',#10363,0.05875);
#7708=CIRCLE('',#10364,0.05875);
#7709=CIRCLE('',#10366,0.020045722285831);
#7710=CIRCLE('',#10367,0.020045722285831);
#7711=CIRCLE('',#10369,0.0200457222858344);
#7712=CIRCLE('',#10370,0.0200457222858344);
#7713=CIRCLE('',#10373,0.05875);
#7714=CIRCLE('',#10374,0.05875);
#7715=CIRCLE('',#10376,0.0200457222858178);
#7716=CIRCLE('',#10377,0.0200457222858178);
#7717=CIRCLE('',#10379,0.0200457222858388);
#7718=CIRCLE('',#10380,0.0200457222858388);
#7719=CIRCLE('',#10383,0.05875);
#7720=CIRCLE('',#10384,0.05875);
#7721=CIRCLE('',#10386,0.0200457222858322);
#7722=CIRCLE('',#10387,0.0200457222858322);
#7723=CIRCLE('',#10389,0.02004572228583);
#7724=CIRCLE('',#10390,0.02004572228583);
#7725=CIRCLE('',#10393,0.05875);
#7726=CIRCLE('',#10394,0.05875);
#7727=CIRCLE('',#10396,0.0200457222858256);
#7728=CIRCLE('',#10397,0.0200457222858256);
#7729=CIRCLE('',#10399,0.0200457222858266);
#7730=CIRCLE('',#10400,0.0200457222858266);
#7731=CIRCLE('',#10403,0.05875);
#7732=CIRCLE('',#10404,0.05875);
#7733=CIRCLE('',#10406,0.0200457222858301);
#7734=CIRCLE('',#10407,0.0200457222858301);
#7735=CIRCLE('',#10409,0.020045722285816);
#7736=CIRCLE('',#10410,0.020045722285816);
#7737=CIRCLE('',#10413,0.05875);
#7738=CIRCLE('',#10414,0.05875);
#7739=CIRCLE('',#10416,0.0200457222858234);
#7740=CIRCLE('',#10417,0.0200457222858234);
#7741=CIRCLE('',#10419,0.0200457222858234);
#7742=CIRCLE('',#10420,0.0200457222858234);
#7743=CIRCLE('',#10423,0.05875);
#7744=CIRCLE('',#10424,0.05875);
#7745=CIRCLE('',#10426,0.0200457222858157);
#7746=CIRCLE('',#10427,0.0200457222858157);
#7747=CIRCLE('',#10429,0.020045722285839);
#7748=CIRCLE('',#10430,0.020045722285839);
#7749=CIRCLE('',#10433,0.05875);
#7750=CIRCLE('',#10434,0.05875);
#7751=CIRCLE('',#10436,0.0200457222858291);
#7752=CIRCLE('',#10437,0.0200457222858291);
#7753=CIRCLE('',#10439,0.0200457222858292);
#7754=CIRCLE('',#10440,0.0200457222858292);
#7755=CIRCLE('',#10443,0.05875);
#7756=CIRCLE('',#10444,0.05875);
#7757=CIRCLE('',#10446,0.0200457222858325);
#7758=CIRCLE('',#10447,0.0200457222858325);
#7759=CIRCLE('',#10449,0.0200457222858248);
#7760=CIRCLE('',#10450,0.0200457222858248);
#7761=CIRCLE('',#10453,0.05875);
#7762=CIRCLE('',#10454,0.05875);
#7763=CIRCLE('',#10456,0.0200457222858254);
#7764=CIRCLE('',#10457,0.0200457222858254);
#7765=CIRCLE('',#10459,0.0200457222858222);
#7766=CIRCLE('',#10460,0.0200457222858222);
#7767=CIRCLE('',#10463,0.05875);
#7768=CIRCLE('',#10464,0.05875);
#7769=CIRCLE('',#10466,0.0200457222858231);
#7770=CIRCLE('',#10467,0.0200457222858231);
#7771=CIRCLE('',#10469,0.0200457222858099);
#7772=CIRCLE('',#10470,0.0200457222858099);
#7773=CIRCLE('',#10473,0.05875);
#7774=CIRCLE('',#10474,0.05875);
#7775=CIRCLE('',#10476,0.0200457222858292);
#7776=CIRCLE('',#10477,0.0200457222858292);
#7777=CIRCLE('',#10479,0.0200457222858439);
#7778=CIRCLE('',#10480,0.0200457222858439);
#7779=CIRCLE('',#10483,0.05875);
#7780=CIRCLE('',#10484,0.05875);
#7781=CIRCLE('',#10486,0.0200457222858151);
#7782=CIRCLE('',#10487,0.0200457222858151);
#7783=CIRCLE('',#10489,0.0200457222858468);
#7784=CIRCLE('',#10490,0.0200457222858468);
#7785=CIRCLE('',#10493,0.05875);
#7786=CIRCLE('',#10494,0.05875);
#7787=CIRCLE('',#10496,0.0200457222007443);
#7788=CIRCLE('',#10497,0.0200457222007443);
#7789=CIRCLE('',#10499,0.0200457222858207);
#7790=CIRCLE('',#10500,0.0200457222858207);
#7791=CIRCLE('',#10503,0.05875);
#7792=CIRCLE('',#10504,0.05875);
#7793=CIRCLE('',#10506,0.020045722285837);
#7794=CIRCLE('',#10507,0.020045722285837);
#7795=CIRCLE('',#10509,0.0200457222858284);
#7796=CIRCLE('',#10510,0.0200457222858284);
#7797=CIRCLE('',#10513,0.05875);
#7798=CIRCLE('',#10514,0.05875);
#7799=CIRCLE('',#10516,0.0200457222858277);
#7800=CIRCLE('',#10517,0.0200457222858277);
#7801=CIRCLE('',#10519,0.0200457222858204);
#7802=CIRCLE('',#10520,0.0200457222858204);
#7803=CIRCLE('',#10523,0.05875);
#7804=CIRCLE('',#10524,0.05875);
#7805=CIRCLE('',#10526,0.020045722285835);
#7806=CIRCLE('',#10527,0.020045722285835);
#7807=CIRCLE('',#10529,0.0200457222858284);
#7808=CIRCLE('',#10530,0.0200457222858284);
#7809=CIRCLE('',#10533,0.05875);
#7810=CIRCLE('',#10534,0.05875);
#7811=CIRCLE('',#10536,0.0200457222858283);
#7812=CIRCLE('',#10537,0.0200457222858283);
#7813=CIRCLE('',#10539,0.020045722235744);
#7814=CIRCLE('',#10540,0.020045722235744);
#7815=CIRCLE('',#10543,0.05875);
#7816=CIRCLE('',#10544,0.05875);
#7817=CIRCLE('',#10546,0.0200457222858236);
#7818=CIRCLE('',#10547,0.0200457222858236);
#7819=CIRCLE('',#10549,0.0200457221890618);
#7820=CIRCLE('',#10550,0.0200457221890618);
#7821=CIRCLE('',#10553,0.05875);
#7822=CIRCLE('',#10554,0.05875);
#7823=CIRCLE('',#10556,0.0200457222858307);
#7824=CIRCLE('',#10557,0.0200457222858307);
#7825=CIRCLE('',#10559,0.0200457222858233);
#7826=CIRCLE('',#10560,0.0200457222858233);
#7827=CIRCLE('',#10563,0.05875);
#7828=CIRCLE('',#10564,0.05875);
#7829=CIRCLE('',#10566,0.0200457222107368);
#7830=CIRCLE('',#10567,0.0200457222107368);
#7831=CIRCLE('',#10569,0.0200457222858295);
#7832=CIRCLE('',#10570,0.0200457222858295);
#7833=CIRCLE('',#10573,0.05875);
#7834=CIRCLE('',#10574,0.05875);
#7835=CIRCLE('',#10576,0.0200457222672426);
#7836=CIRCLE('',#10577,0.0200457222672426);
#7837=CIRCLE('',#10579,0.0200457222858326);
#7838=CIRCLE('',#10580,0.0200457222858326);
#7839=CIRCLE('',#10583,0.05875);
#7840=CIRCLE('',#10584,0.05875);
#7841=CIRCLE('',#10586,0.0200457222858199);
#7842=CIRCLE('',#10587,0.0200457222858199);
#7843=CIRCLE('',#10589,0.0200457222858294);
#7844=CIRCLE('',#10590,0.0200457222858294);
#7845=CIRCLE('',#10593,0.05875);
#7846=CIRCLE('',#10594,0.05875);
#7847=CIRCLE('',#10596,0.0200457222858271);
#7848=CIRCLE('',#10597,0.0200457222858271);
#7849=CIRCLE('',#10599,0.0200457222858364);
#7850=CIRCLE('',#10600,0.0200457222858364);
#7851=CIRCLE('',#10603,0.05875);
#7852=CIRCLE('',#10604,0.05875);
#7853=CIRCLE('',#10606,0.0200457222858377);
#7854=CIRCLE('',#10607,0.0200457222858377);
#7855=CIRCLE('',#10609,0.020045722285835);
#7856=CIRCLE('',#10610,0.020045722285835);
#7857=CIRCLE('',#10613,0.05875);
#7858=CIRCLE('',#10614,0.05875);
#7859=CIRCLE('',#10616,0.0200457222858259);
#7860=CIRCLE('',#10617,0.0200457222858259);
#7861=CIRCLE('',#10619,0.0200457222858305);
#7862=CIRCLE('',#10620,0.0200457222858305);
#7863=CIRCLE('',#10623,0.05875);
#7864=CIRCLE('',#10624,0.05875);
#7865=CIRCLE('',#10626,0.0200457222858316);
#7866=CIRCLE('',#10627,0.0200457222858316);
#7867=CIRCLE('',#10629,0.0200457222858176);
#7868=CIRCLE('',#10630,0.0200457222858176);
#7869=CIRCLE('',#10633,0.05875);
#7870=CIRCLE('',#10634,0.05875);
#7871=CIRCLE('',#10636,0.020045722285835);
#7872=CIRCLE('',#10637,0.020045722285835);
#7873=CIRCLE('',#10639,0.020045722285829);
#7874=CIRCLE('',#10640,0.020045722285829);
#7875=CIRCLE('',#10643,0.05875);
#7876=CIRCLE('',#10644,0.05875);
#7877=CIRCLE('',#10646,0.0200457222858425);
#7878=CIRCLE('',#10647,0.0200457222858425);
#7879=CIRCLE('',#10649,0.02004572228582);
#7880=CIRCLE('',#10650,0.02004572228582);
#7881=CIRCLE('',#10653,0.05875);
#7882=CIRCLE('',#10654,0.05875);
#7883=CIRCLE('',#10656,0.0200457222858252);
#7884=CIRCLE('',#10657,0.0200457222858252);
#7885=CIRCLE('',#10659,0.02004572228583);
#7886=CIRCLE('',#10660,0.02004572228583);
#7887=CIRCLE('',#10663,0.05875);
#7888=CIRCLE('',#10664,0.05875);
#7889=CIRCLE('',#10666,0.0200457222858359);
#7890=CIRCLE('',#10667,0.0200457222858359);
#7891=CIRCLE('',#10669,0.0200457222858176);
#7892=CIRCLE('',#10670,0.0200457222858176);
#7893=CIRCLE('',#10673,0.05875);
#7894=CIRCLE('',#10674,0.05875);
#7895=CIRCLE('',#10676,0.0200457222858185);
#7896=CIRCLE('',#10677,0.0200457222858185);
#7897=CIRCLE('',#10679,0.0200457222858254);
#7898=CIRCLE('',#10680,0.0200457222858254);
#7899=CIRCLE('',#10683,0.05875);
#7900=CIRCLE('',#10684,0.05875);
#7901=CIRCLE('',#10686,0.0200457222858326);
#7902=CIRCLE('',#10687,0.0200457222858326);
#7903=CIRCLE('',#10689,0.0200457222858313);
#7904=CIRCLE('',#10690,0.0200457222858313);
#7905=CIRCLE('',#10693,0.05875);
#7906=CIRCLE('',#10694,0.05875);
#7907=CIRCLE('',#10696,0.0200457222858337);
#7908=CIRCLE('',#10697,0.0200457222858337);
#7909=CIRCLE('',#10699,0.0200457222858343);
#7910=CIRCLE('',#10700,0.0200457222858343);
#7911=CIRCLE('',#10703,0.05875);
#7912=CIRCLE('',#10704,0.05875);
#7913=CIRCLE('',#10706,0.0200457222858282);
#7914=CIRCLE('',#10707,0.0200457222858282);
#7915=CIRCLE('',#10709,0.0200457222858173);
#7916=CIRCLE('',#10710,0.0200457222858173);
#7917=CIRCLE('',#10713,0.05875);
#7918=CIRCLE('',#10714,0.05875);
#7919=CIRCLE('',#10716,0.0200457222858197);
#7920=CIRCLE('',#10717,0.0200457222858197);
#7921=CIRCLE('',#10719,0.0200457222605482);
#7922=CIRCLE('',#10720,0.0200457222605482);
#7923=CIRCLE('',#10723,0.05875);
#7924=CIRCLE('',#10724,0.05875);
#7925=CIRCLE('',#10726,0.0200457221891419);
#7926=CIRCLE('',#10727,0.0200457221891419);
#7927=CIRCLE('',#10729,0.0200457222858376);
#7928=CIRCLE('',#10730,0.0200457222858376);
#7929=CIRCLE('',#10733,0.05875);
#7930=CIRCLE('',#10734,0.05875);
#7931=CIRCLE('',#10736,0.0200457222858281);
#7932=CIRCLE('',#10737,0.0200457222858281);
#7933=CIRCLE('',#10739,0.0200457222858297);
#7934=CIRCLE('',#10740,0.0200457222858297);
#7935=CIRCLE('',#10743,0.05875);
#7936=CIRCLE('',#10744,0.05875);
#7937=CIRCLE('',#10746,0.0200457222858296);
#7938=CIRCLE('',#10747,0.0200457222858296);
#7939=CIRCLE('',#10749,0.020045722285824);
#7940=CIRCLE('',#10750,0.020045722285824);
#7941=CIRCLE('',#10753,0.05875);
#7942=CIRCLE('',#10754,0.05875);
#7943=CIRCLE('',#10756,0.0200457222858195);
#7944=CIRCLE('',#10757,0.0200457222858195);
#7945=CIRCLE('',#10759,0.0200457222858227);
#7946=CIRCLE('',#10760,0.0200457222858227);
#7947=CIRCLE('',#10763,0.05875);
#7948=CIRCLE('',#10764,0.05875);
#7949=CIRCLE('',#10766,0.0200457222858247);
#7950=CIRCLE('',#10767,0.0200457222858247);
#7951=CIRCLE('',#10769,0.0200457222289288);
#7952=CIRCLE('',#10770,0.0200457222289288);
#7953=CIRCLE('',#10773,0.05875);
#7954=CIRCLE('',#10774,0.05875);
#7955=CIRCLE('',#10776,0.0200457222858289);
#7956=CIRCLE('',#10777,0.0200457222858289);
#7957=CIRCLE('',#10779,0.0200457222858444);
#7958=CIRCLE('',#10780,0.0200457222858444);
#7959=CIRCLE('',#10783,0.05875);
#7960=CIRCLE('',#10784,0.05875);
#7961=CIRCLE('',#10786,0.0200457222858177);
#7962=CIRCLE('',#10787,0.0200457222858177);
#7963=CIRCLE('',#10789,0.020045722285852);
#7964=CIRCLE('',#10790,0.020045722285852);
#7965=CIRCLE('',#10793,0.05875);
#7966=CIRCLE('',#10794,0.05875);
#7967=CIRCLE('',#10796,0.0200457222858319);
#7968=CIRCLE('',#10797,0.0200457222858319);
#7969=CIRCLE('',#10799,0.0200457222858351);
#7970=CIRCLE('',#10800,0.0200457222858351);
#7971=CIRCLE('',#10803,0.05875);
#7972=CIRCLE('',#10804,0.05875);
#7973=CIRCLE('',#10806,0.0200457221890806);
#7974=CIRCLE('',#10807,0.0200457221890806);
#7975=CIRCLE('',#10809,0.0200457222858269);
#7976=CIRCLE('',#10810,0.0200457222858269);
#7977=CIRCLE('',#10813,0.05875);
#7978=CIRCLE('',#10814,0.05875);
#7979=CIRCLE('',#10816,0.0200457222497465);
#7980=CIRCLE('',#10817,0.0200457222497465);
#7981=CIRCLE('',#10819,0.0200457222858262);
#7982=CIRCLE('',#10820,0.0200457222858262);
#7983=CIRCLE('',#10823,0.05875);
#7984=CIRCLE('',#10824,0.05875);
#7985=CIRCLE('',#10826,0.0200457222858325);
#7986=CIRCLE('',#10827,0.0200457222858325);
#7987=CIRCLE('',#10829,0.0200457222858306);
#7988=CIRCLE('',#10830,0.0200457222858306);
#7989=CIRCLE('',#10833,0.05875);
#7990=CIRCLE('',#10834,0.05875);
#7991=CIRCLE('',#10836,0.0200457222858318);
#7992=CIRCLE('',#10837,0.0200457222858318);
#7993=CIRCLE('',#10839,0.0200457222858296);
#7994=CIRCLE('',#10840,0.0200457222858296);
#7995=CIRCLE('',#10843,0.05875);
#7996=CIRCLE('',#10844,0.05875);
#7997=CIRCLE('',#10846,0.0200457222858272);
#7998=CIRCLE('',#10847,0.0200457222858272);
#7999=CIRCLE('',#10849,0.0200457222858205);
#8000=CIRCLE('',#10850,0.0200457222858205);
#8001=CIRCLE('',#10853,0.05875);
#8002=CIRCLE('',#10854,0.05875);
#8003=CIRCLE('',#10856,0.0200457222621203);
#8004=CIRCLE('',#10857,0.0200457222621203);
#8005=CIRCLE('',#10859,0.020045722285825);
#8006=CIRCLE('',#10860,0.020045722285825);
#8007=CIRCLE('',#10863,0.05875);
#8008=CIRCLE('',#10864,0.05875);
#8009=CIRCLE('',#10866,0.0200457222858301);
#8010=CIRCLE('',#10867,0.0200457222858301);
#8011=CIRCLE('',#10869,0.02004572228583);
#8012=CIRCLE('',#10870,0.02004572228583);
#8013=CIRCLE('',#10873,0.05875);
#8014=CIRCLE('',#10874,0.05875);
#8015=CIRCLE('',#10876,0.0200457222858258);
#8016=CIRCLE('',#10877,0.0200457222858258);
#8017=CIRCLE('',#10879,0.0200457222858332);
#8018=CIRCLE('',#10880,0.0200457222858332);
#8019=CIRCLE('',#10883,0.05875);
#8020=CIRCLE('',#10884,0.05875);
#8021=CIRCLE('',#10886,0.0200457222374928);
#8022=CIRCLE('',#10887,0.0200457222374928);
#8023=CIRCLE('',#10889,0.0200457222858347);
#8024=CIRCLE('',#10890,0.0200457222858347);
#8025=CIRCLE('',#10893,0.05875);
#8026=CIRCLE('',#10894,0.05875);
#8027=CIRCLE('',#10896,0.0200457222858264);
#8028=CIRCLE('',#10897,0.0200457222858264);
#8029=CIRCLE('',#10899,0.020045722285833);
#8030=CIRCLE('',#10900,0.020045722285833);
#8031=CIRCLE('',#10903,0.05875);
#8032=CIRCLE('',#10904,0.05875);
#8033=CIRCLE('',#10906,0.0200457222858426);
#8034=CIRCLE('',#10907,0.0200457222858426);
#8035=CIRCLE('',#10909,0.0200457222858327);
#8036=CIRCLE('',#10910,0.0200457222858327);
#8037=CIRCLE('',#10913,0.05875);
#8038=CIRCLE('',#10914,0.05875);
#8039=CIRCLE('',#10916,0.0200457222858217);
#8040=CIRCLE('',#10917,0.0200457222858217);
#8041=CIRCLE('',#10919,0.0200457222858278);
#8042=CIRCLE('',#10920,0.0200457222858278);
#8043=CIRCLE('',#10923,0.05875);
#8044=CIRCLE('',#10924,0.05875);
#8045=CIRCLE('',#10926,0.0200457222858256);
#8046=CIRCLE('',#10927,0.0200457222858256);
#8047=CIRCLE('',#10929,0.0200457222858283);
#8048=CIRCLE('',#10930,0.0200457222858283);
#8049=CIRCLE('',#10933,0.05875);
#8050=CIRCLE('',#10934,0.05875);
#8051=CIRCLE('',#10936,0.0200457222858366);
#8052=CIRCLE('',#10937,0.0200457222858366);
#8053=CIRCLE('',#10939,0.0200457222858293);
#8054=CIRCLE('',#10940,0.0200457222858293);
#8055=CIRCLE('',#10943,0.05875);
#8056=CIRCLE('',#10944,0.05875);
#8057=CIRCLE('',#10946,0.0200457222858515);
#8058=CIRCLE('',#10947,0.0200457222858515);
#8059=CIRCLE('',#10949,0.020045722285813);
#8060=CIRCLE('',#10950,0.020045722285813);
#8061=CIRCLE('',#10953,0.05875);
#8062=CIRCLE('',#10954,0.05875);
#8063=CIRCLE('',#10956,0.0200457222858245);
#8064=CIRCLE('',#10957,0.0200457222858245);
#8065=CIRCLE('',#10959,0.0200457222858318);
#8066=CIRCLE('',#10960,0.0200457222858318);
#8067=CIRCLE('',#10963,0.05875);
#8068=CIRCLE('',#10964,0.05875);
#8069=CIRCLE('',#10966,0.0200457222858329);
#8070=CIRCLE('',#10967,0.0200457222858329);
#8071=CIRCLE('',#10969,0.0200457222858404);
#8072=CIRCLE('',#10970,0.0200457222858404);
#8073=CIRCLE('',#10973,0.05875);
#8074=CIRCLE('',#10974,0.05875);
#8075=CIRCLE('',#10976,0.0200457222858178);
#8076=CIRCLE('',#10977,0.0200457222858178);
#8077=CIRCLE('',#10979,0.0200457222858322);
#8078=CIRCLE('',#10980,0.0200457222858322);
#8079=CIRCLE('',#10983,0.05875);
#8080=CIRCLE('',#10984,0.05875);
#8081=CIRCLE('',#10986,0.0200457222858299);
#8082=CIRCLE('',#10987,0.0200457222858299);
#8083=CIRCLE('',#10989,0.0200457222858276);
#8084=CIRCLE('',#10990,0.0200457222858276);
#8085=CIRCLE('',#10993,0.05875);
#8086=CIRCLE('',#10994,0.05875);
#8087=CIRCLE('',#10996,0.0200457222858371);
#8088=CIRCLE('',#10997,0.0200457222858371);
#8089=CIRCLE('',#10999,0.0200457222858395);
#8090=CIRCLE('',#11000,0.0200457222858395);
#8091=CIRCLE('',#11003,0.05875);
#8092=CIRCLE('',#11004,0.05875);
#8093=CIRCLE('',#11006,0.0200457222858288);
#8094=CIRCLE('',#11007,0.0200457222858288);
#8095=CIRCLE('',#11009,0.0200457222858196);
#8096=CIRCLE('',#11010,0.0200457222858196);
#8097=CIRCLE('',#11013,0.05875);
#8098=CIRCLE('',#11014,0.05875);
#8099=CIRCLE('',#11016,0.0200457222858188);
#8100=CIRCLE('',#11017,0.0200457222858188);
#8101=CIRCLE('',#11019,0.0200457222858221);
#8102=CIRCLE('',#11020,0.0200457222858221);
#8103=CIRCLE('',#11023,0.05875);
#8104=CIRCLE('',#11024,0.05875);
#8105=CIRCLE('',#11026,0.0200457222858146);
#8106=CIRCLE('',#11027,0.0200457222858146);
#8107=CIRCLE('',#11029,0.0200457222858403);
#8108=CIRCLE('',#11030,0.0200457222858403);
#8109=CIRCLE('',#11033,0.05875);
#8110=CIRCLE('',#11034,0.05875);
#8111=CIRCLE('',#11036,0.0200457222858356);
#8112=CIRCLE('',#11037,0.0200457222858356);
#8113=CIRCLE('',#11039,0.0200457222858354);
#8114=CIRCLE('',#11040,0.0200457222858354);
#8115=CIRCLE('',#11043,0.05875);
#8116=CIRCLE('',#11044,0.05875);
#8117=CIRCLE('',#11046,0.0200457222858225);
#8118=CIRCLE('',#11047,0.0200457222858225);
#8119=CIRCLE('',#11049,0.0200457222858273);
#8120=CIRCLE('',#11050,0.0200457222858273);
#8121=CIRCLE('',#11053,0.05875);
#8122=CIRCLE('',#11054,0.05875);
#8123=CIRCLE('',#11056,0.0200457222858262);
#8124=CIRCLE('',#11057,0.0200457222858262);
#8125=CIRCLE('',#11059,0.0200457222858239);
#8126=CIRCLE('',#11060,0.0200457222858239);
#8127=CIRCLE('',#11063,0.05875);
#8128=CIRCLE('',#11064,0.05875);
#8129=CIRCLE('',#11066,0.0200457222858179);
#8130=CIRCLE('',#11067,0.0200457222858179);
#8131=CIRCLE('',#11069,0.0200457222057763);
#8132=CIRCLE('',#11070,0.0200457222057763);
#8133=CIRCLE('',#11073,0.05875);
#8134=CIRCLE('',#11074,0.05875);
#8135=CIRCLE('',#11076,0.0200457222714831);
#8136=CIRCLE('',#11077,0.0200457222714831);
#8137=CIRCLE('',#11079,0.0200457222858462);
#8138=CIRCLE('',#11080,0.0200457222858462);
#8139=CIRCLE('',#11083,0.05875);
#8140=CIRCLE('',#11084,0.05875);
#8141=CIRCLE('',#11086,0.0200457222858132);
#8142=CIRCLE('',#11087,0.0200457222858132);
#8143=CIRCLE('',#11089,0.0200457222858443);
#8144=CIRCLE('',#11090,0.0200457222858443);
#8145=CIRCLE('',#11093,0.05875);
#8146=CIRCLE('',#11094,0.05875);
#8147=CIRCLE('',#11096,0.02004572228583);
#8148=CIRCLE('',#11097,0.02004572228583);
#8149=CIRCLE('',#11099,0.0200457222858348);
#8150=CIRCLE('',#11100,0.0200457222858348);
#8151=CIRCLE('',#11103,0.05875);
#8152=CIRCLE('',#11104,0.05875);
#8153=CIRCLE('',#11106,0.0200457222858328);
#8154=CIRCLE('',#11107,0.0200457222858328);
#8155=CIRCLE('',#11109,0.0200457222858336);
#8156=CIRCLE('',#11110,0.0200457222858336);
#8157=CIRCLE('',#11113,0.05875);
#8158=CIRCLE('',#11114,0.05875);
#8159=CIRCLE('',#11116,0.0200457222858262);
#8160=CIRCLE('',#11117,0.0200457222858262);
#8161=CIRCLE('',#11119,0.02004572228582);
#8162=CIRCLE('',#11120,0.02004572228582);
#8163=CIRCLE('',#11123,0.05875);
#8164=CIRCLE('',#11124,0.05875);
#8165=CIRCLE('',#11126,0.0200457222858333);
#8166=CIRCLE('',#11127,0.0200457222858333);
#8167=CIRCLE('',#11129,0.020045722285831);
#8168=CIRCLE('',#11130,0.020045722285831);
#8169=CIRCLE('',#11133,0.05875);
#8170=CIRCLE('',#11134,0.05875);
#8171=CIRCLE('',#11136,0.0200457222858316);
#8172=CIRCLE('',#11137,0.0200457222858316);
#8173=CIRCLE('',#11139,0.0200457222858314);
#8174=CIRCLE('',#11140,0.0200457222858314);
#8175=CIRCLE('',#11143,0.05875);
#8176=CIRCLE('',#11144,0.05875);
#8177=CIRCLE('',#11146,0.0200457222858284);
#8178=CIRCLE('',#11147,0.0200457222858284);
#8179=CIRCLE('',#11149,0.0200457221891044);
#8180=CIRCLE('',#11150,0.0200457221891044);
#8181=CIRCLE('',#11153,0.05875);
#8182=CIRCLE('',#11154,0.05875);
#8183=CIRCLE('',#11156,0.0200457222858336);
#8184=CIRCLE('',#11157,0.0200457222858336);
#8185=CIRCLE('',#11159,0.0200457222858236);
#8186=CIRCLE('',#11160,0.0200457222858236);
#8187=CIRCLE('',#11163,0.05875);
#8188=CIRCLE('',#11164,0.05875);
#8189=CIRCLE('',#11166,0.0200457222858287);
#8190=CIRCLE('',#11167,0.0200457222858287);
#8191=CIRCLE('',#11169,0.0200457222858287);
#8192=CIRCLE('',#11170,0.0200457222858287);
#8193=CIRCLE('',#11175,0.005);
#8194=CIRCLE('',#11176,0.005);
#8195=CIRCLE('',#11178,0.00405);
#8196=CIRCLE('',#11181,0.00405);
#8197=CIRCLE('',#11186,0.0081);
#8198=CIRCLE('',#11187,0.015);
#8199=CIRCLE('',#11190,0.0081);
#8200=CIRCLE('',#11191,0.015);
#8201=EDGE_LOOP('',(#1919));
#8202=EDGE_LOOP('',(#1920));
#8203=EDGE_LOOP('',(#1921,#1922,#1923,#1924));
#8204=EDGE_LOOP('',(#1925));
#8205=EDGE_LOOP('',(#1926,#1927,#1928,#1929));
#8206=EDGE_LOOP('',(#1930));
#8207=EDGE_LOOP('',(#1931));
#8208=EDGE_LOOP('',(#1932));
#8209=EDGE_LOOP('',(#1933));
#8210=EDGE_LOOP('',(#1934));
#8211=EDGE_LOOP('',(#1935,#1936,#1937,#1938));
#8212=EDGE_LOOP('',(#1939,#1940,#1941,#1942));
#8213=EDGE_LOOP('',(#1943));
#8214=EDGE_LOOP('',(#1944));
#8215=EDGE_LOOP('',(#1945));
#8216=EDGE_LOOP('',(#1946));
#8217=EDGE_LOOP('',(#1947,#1948,#1949,#1950));
#8218=EDGE_LOOP('',(#1951,#1952,#1953,#1954));
#8219=EDGE_LOOP('',(#1955,#1956,#1957,#1958));
#8220=EDGE_LOOP('',(#1959,#1960,#1961,#1962));
#8221=EDGE_LOOP('',(#1963,#1964,#1965,#1966));
#8222=EDGE_LOOP('',(#1967,#1968,#1969,#1970));
#8223=EDGE_LOOP('',(#1971,#1972,#1973,#1974));
#8224=EDGE_LOOP('',(#1975,#1976,#1977,#1978));
#8225=EDGE_LOOP('',(#1979,#1980,#1981,#1982));
#8226=EDGE_LOOP('',(#1983,#1984,#1985,#1986));
#8227=EDGE_LOOP('',(#1987,#1988,#1989,#1990));
#8228=EDGE_LOOP('',(#1991,#1992,#1993,#1994));
#8229=EDGE_LOOP('',(#1995,#1996,#1997,#1998));
#8230=EDGE_LOOP('',(#1999,#2000,#2001,#2002));
#8231=EDGE_LOOP('',(#2003,#2004,#2005,#2006));
#8232=EDGE_LOOP('',(#2007,#2008,#2009,#2010));
#8233=EDGE_LOOP('',(#2011,#2012,#2013,#2014));
#8234=EDGE_LOOP('',(#2015,#2016,#2017,#2018));
#8235=EDGE_LOOP('',(#2019,#2020,#2021,#2022));
#8236=EDGE_LOOP('',(#2023,#2024,#2025,#2026));
#8237=EDGE_LOOP('',(#2027,#2028,#2029,#2030));
#8238=EDGE_LOOP('',(#2031,#2032,#2033,#2034));
#8239=EDGE_LOOP('',(#2035,#2036,#2037,#2038));
#8240=EDGE_LOOP('',(#2039,#2040,#2041,#2042));
#8241=EDGE_LOOP('',(#2043,#2044,#2045,#2046));
#8242=EDGE_LOOP('',(#2047,#2048,#2049,#2050));
#8243=EDGE_LOOP('',(#2051,#2052,#2053,#2054));
#8244=EDGE_LOOP('',(#2055,#2056,#2057,#2058));
#8245=EDGE_LOOP('',(#2059,#2060,#2061,#2062));
#8246=EDGE_LOOP('',(#2063,#2064,#2065,#2066));
#8247=EDGE_LOOP('',(#2067,#2068,#2069,#2070));
#8248=EDGE_LOOP('',(#2071,#2072,#2073,#2074));
#8249=EDGE_LOOP('',(#2075,#2076,#2077,#2078));
#8250=EDGE_LOOP('',(#2079,#2080,#2081,#2082));
#8251=EDGE_LOOP('',(#2083,#2084,#2085,#2086));
#8252=EDGE_LOOP('',(#2087,#2088,#2089,#2090));
#8253=EDGE_LOOP('',(#2091,#2092,#2093,#2094));
#8254=EDGE_LOOP('',(#2095,#2096,#2097,#2098));
#8255=EDGE_LOOP('',(#2099,#2100,#2101,#2102));
#8256=EDGE_LOOP('',(#2103,#2104,#2105,#2106));
#8257=EDGE_LOOP('',(#2107,#2108,#2109,#2110));
#8258=EDGE_LOOP('',(#2111,#2112,#2113,#2114));
#8259=EDGE_LOOP('',(#2115,#2116,#2117,#2118));
#8260=EDGE_LOOP('',(#2119,#2120,#2121,#2122));
#8261=EDGE_LOOP('',(#2123,#2124,#2125,#2126));
#8262=EDGE_LOOP('',(#2127,#2128,#2129,#2130));
#8263=EDGE_LOOP('',(#2131,#2132,#2133,#2134));
#8264=EDGE_LOOP('',(#2135,#2136,#2137,#2138));
#8265=EDGE_LOOP('',(#2139,#2140,#2141,#2142));
#8266=EDGE_LOOP('',(#2143,#2144,#2145,#2146));
#8267=EDGE_LOOP('',(#2147,#2148,#2149,#2150));
#8268=EDGE_LOOP('',(#2151,#2152,#2153,#2154));
#8269=EDGE_LOOP('',(#2155,#2156,#2157,#2158));
#8270=EDGE_LOOP('',(#2159,#2160,#2161,#2162));
#8271=EDGE_LOOP('',(#2163,#2164,#2165,#2166));
#8272=EDGE_LOOP('',(#2167,#2168,#2169,#2170));
#8273=EDGE_LOOP('',(#2171,#2172,#2173,#2174));
#8274=EDGE_LOOP('',(#2175,#2176,#2177,#2178));
#8275=EDGE_LOOP('',(#2179,#2180,#2181,#2182));
#8276=EDGE_LOOP('',(#2183,#2184,#2185,#2186));
#8277=EDGE_LOOP('',(#2187,#2188,#2189,#2190));
#8278=EDGE_LOOP('',(#2191,#2192,#2193,#2194));
#8279=EDGE_LOOP('',(#2195,#2196,#2197,#2198));
#8280=EDGE_LOOP('',(#2199,#2200,#2201,#2202));
#8281=EDGE_LOOP('',(#2203,#2204,#2205,#2206));
#8282=EDGE_LOOP('',(#2207,#2208,#2209,#2210));
#8283=EDGE_LOOP('',(#2211,#2212,#2213,#2214));
#8284=EDGE_LOOP('',(#2215,#2216,#2217,#2218));
#8285=EDGE_LOOP('',(#2219,#2220,#2221,#2222));
#8286=EDGE_LOOP('',(#2223,#2224,#2225,#2226));
#8287=EDGE_LOOP('',(#2227,#2228,#2229,#2230));
#8288=EDGE_LOOP('',(#2231,#2232,#2233,#2234));
#8289=EDGE_LOOP('',(#2235,#2236,#2237,#2238));
#8290=EDGE_LOOP('',(#2239,#2240,#2241,#2242));
#8291=EDGE_LOOP('',(#2243,#2244,#2245,#2246));
#8292=EDGE_LOOP('',(#2247,#2248,#2249,#2250));
#8293=EDGE_LOOP('',(#2251,#2252,#2253,#2254));
#8294=EDGE_LOOP('',(#2255,#2256,#2257,#2258));
#8295=EDGE_LOOP('',(#2259,#2260,#2261,#2262));
#8296=EDGE_LOOP('',(#2263,#2264,#2265,#2266));
#8297=EDGE_LOOP('',(#2267,#2268,#2269,#2270));
#8298=EDGE_LOOP('',(#2271,#2272,#2273,#2274));
#8299=EDGE_LOOP('',(#2275,#2276,#2277,#2278));
#8300=EDGE_LOOP('',(#2279,#2280,#2281,#2282));
#8301=EDGE_LOOP('',(#2283,#2284,#2285,#2286));
#8302=EDGE_LOOP('',(#2287,#2288,#2289,#2290));
#8303=EDGE_LOOP('',(#2291,#2292,#2293,#2294));
#8304=EDGE_LOOP('',(#2295,#2296,#2297,#2298));
#8305=EDGE_LOOP('',(#2299,#2300,#2301,#2302));
#8306=EDGE_LOOP('',(#2303,#2304,#2305,#2306));
#8307=EDGE_LOOP('',(#2307,#2308,#2309,#2310));
#8308=EDGE_LOOP('',(#2311,#2312,#2313,#2314));
#8309=EDGE_LOOP('',(#2315,#2316,#2317,#2318));
#8310=EDGE_LOOP('',(#2319,#2320,#2321,#2322));
#8311=EDGE_LOOP('',(#2323,#2324,#2325,#2326));
#8312=EDGE_LOOP('',(#2327,#2328,#2329,#2330));
#8313=EDGE_LOOP('',(#2331,#2332,#2333,#2334));
#8314=EDGE_LOOP('',(#2335,#2336,#2337,#2338));
#8315=EDGE_LOOP('',(#2339,#2340,#2341,#2342));
#8316=EDGE_LOOP('',(#2343,#2344,#2345,#2346));
#8317=EDGE_LOOP('',(#2347,#2348,#2349,#2350));
#8318=EDGE_LOOP('',(#2351,#2352,#2353,#2354));
#8319=EDGE_LOOP('',(#2355,#2356,#2357,#2358));
#8320=EDGE_LOOP('',(#2359,#2360,#2361,#2362));
#8321=EDGE_LOOP('',(#2363,#2364,#2365,#2366));
#8322=EDGE_LOOP('',(#2367,#2368,#2369,#2370));
#8323=EDGE_LOOP('',(#2371,#2372,#2373,#2374));
#8324=EDGE_LOOP('',(#2375,#2376,#2377,#2378));
#8325=EDGE_LOOP('',(#2379,#2380,#2381,#2382));
#8326=EDGE_LOOP('',(#2383,#2384,#2385,#2386));
#8327=EDGE_LOOP('',(#2387,#2388,#2389,#2390));
#8328=EDGE_LOOP('',(#2391,#2392,#2393,#2394));
#8329=EDGE_LOOP('',(#2395,#2396,#2397,#2398));
#8330=EDGE_LOOP('',(#2399,#2400,#2401,#2402));
#8331=EDGE_LOOP('',(#2403,#2404,#2405,#2406));
#8332=EDGE_LOOP('',(#2407,#2408,#2409,#2410));
#8333=EDGE_LOOP('',(#2411,#2412,#2413,#2414));
#8334=EDGE_LOOP('',(#2415,#2416,#2417,#2418));
#8335=EDGE_LOOP('',(#2419,#2420,#2421,#2422));
#8336=EDGE_LOOP('',(#2423,#2424,#2425,#2426));
#8337=EDGE_LOOP('',(#2427,#2428,#2429,#2430));
#8338=EDGE_LOOP('',(#2431,#2432,#2433,#2434));
#8339=EDGE_LOOP('',(#2435,#2436,#2437,#2438));
#8340=EDGE_LOOP('',(#2439,#2440,#2441,#2442));
#8341=EDGE_LOOP('',(#2443,#2444,#2445,#2446));
#8342=EDGE_LOOP('',(#2447,#2448,#2449,#2450));
#8343=EDGE_LOOP('',(#2451,#2452,#2453,#2454));
#8344=EDGE_LOOP('',(#2455,#2456,#2457,#2458));
#8345=EDGE_LOOP('',(#2459,#2460,#2461,#2462));
#8346=EDGE_LOOP('',(#2463,#2464,#2465,#2466));
#8347=EDGE_LOOP('',(#2467,#2468,#2469,#2470));
#8348=EDGE_LOOP('',(#2471,#2472,#2473,#2474));
#8349=EDGE_LOOP('',(#2475,#2476,#2477,#2478));
#8350=EDGE_LOOP('',(#2479,#2480,#2481,#2482));
#8351=EDGE_LOOP('',(#2483,#2484,#2485,#2486));
#8352=EDGE_LOOP('',(#2487,#2488,#2489,#2490));
#8353=EDGE_LOOP('',(#2491,#2492,#2493,#2494));
#8354=EDGE_LOOP('',(#2495,#2496,#2497,#2498));
#8355=EDGE_LOOP('',(#2499,#2500,#2501,#2502));
#8356=EDGE_LOOP('',(#2503,#2504,#2505,#2506));
#8357=EDGE_LOOP('',(#2507,#2508,#2509,#2510));
#8358=EDGE_LOOP('',(#2511,#2512,#2513,#2514));
#8359=EDGE_LOOP('',(#2515,#2516,#2517,#2518));
#8360=EDGE_LOOP('',(#2519,#2520,#2521,#2522));
#8361=EDGE_LOOP('',(#2523,#2524,#2525,#2526));
#8362=EDGE_LOOP('',(#2527,#2528,#2529,#2530));
#8363=EDGE_LOOP('',(#2531,#2532,#2533,#2534));
#8364=EDGE_LOOP('',(#2535,#2536,#2537,#2538));
#8365=EDGE_LOOP('',(#2539,#2540,#2541,#2542));
#8366=EDGE_LOOP('',(#2543,#2544,#2545,#2546));
#8367=EDGE_LOOP('',(#2547,#2548,#2549,#2550));
#8368=EDGE_LOOP('',(#2551,#2552,#2553,#2554));
#8369=EDGE_LOOP('',(#2555,#2556,#2557,#2558));
#8370=EDGE_LOOP('',(#2559,#2560,#2561,#2562));
#8371=EDGE_LOOP('',(#2563,#2564,#2565,#2566));
#8372=EDGE_LOOP('',(#2567,#2568,#2569,#2570));
#8373=EDGE_LOOP('',(#2571,#2572,#2573,#2574));
#8374=EDGE_LOOP('',(#2575,#2576,#2577,#2578));
#8375=EDGE_LOOP('',(#2579,#2580,#2581,#2582));
#8376=EDGE_LOOP('',(#2583,#2584,#2585,#2586));
#8377=EDGE_LOOP('',(#2587,#2588,#2589,#2590));
#8378=EDGE_LOOP('',(#2591,#2592,#2593,#2594));
#8379=EDGE_LOOP('',(#2595,#2596,#2597,#2598));
#8380=EDGE_LOOP('',(#2599,#2600,#2601,#2602));
#8381=EDGE_LOOP('',(#2603,#2604,#2605,#2606));
#8382=EDGE_LOOP('',(#2607,#2608,#2609,#2610));
#8383=EDGE_LOOP('',(#2611,#2612,#2613,#2614));
#8384=EDGE_LOOP('',(#2615,#2616,#2617,#2618));
#8385=EDGE_LOOP('',(#2619,#2620,#2621,#2622));
#8386=EDGE_LOOP('',(#2623,#2624,#2625,#2626));
#8387=EDGE_LOOP('',(#2627,#2628,#2629,#2630));
#8388=EDGE_LOOP('',(#2631,#2632,#2633,#2634));
#8389=EDGE_LOOP('',(#2635,#2636,#2637,#2638));
#8390=EDGE_LOOP('',(#2639,#2640,#2641,#2642));
#8391=EDGE_LOOP('',(#2643,#2644,#2645,#2646));
#8392=EDGE_LOOP('',(#2647,#2648,#2649,#2650));
#8393=EDGE_LOOP('',(#2651,#2652,#2653,#2654));
#8394=EDGE_LOOP('',(#2655,#2656,#2657,#2658));
#8395=EDGE_LOOP('',(#2659,#2660,#2661,#2662));
#8396=EDGE_LOOP('',(#2663,#2664,#2665,#2666));
#8397=EDGE_LOOP('',(#2667,#2668,#2669,#2670));
#8398=EDGE_LOOP('',(#2671,#2672,#2673,#2674));
#8399=EDGE_LOOP('',(#2675,#2676,#2677,#2678));
#8400=EDGE_LOOP('',(#2679,#2680,#2681,#2682));
#8401=EDGE_LOOP('',(#2683,#2684,#2685,#2686));
#8402=EDGE_LOOP('',(#2687,#2688,#2689,#2690));
#8403=EDGE_LOOP('',(#2691,#2692,#2693,#2694));
#8404=EDGE_LOOP('',(#2695,#2696,#2697,#2698));
#8405=EDGE_LOOP('',(#2699,#2700,#2701,#2702));
#8406=EDGE_LOOP('',(#2703,#2704,#2705,#2706));
#8407=EDGE_LOOP('',(#2707,#2708,#2709,#2710));
#8408=EDGE_LOOP('',(#2711,#2712,#2713,#2714));
#8409=EDGE_LOOP('',(#2715,#2716,#2717,#2718));
#8410=EDGE_LOOP('',(#2719,#2720,#2721,#2722));
#8411=EDGE_LOOP('',(#2723,#2724,#2725,#2726));
#8412=EDGE_LOOP('',(#2727,#2728,#2729,#2730));
#8413=EDGE_LOOP('',(#2731,#2732,#2733,#2734));
#8414=EDGE_LOOP('',(#2735,#2736,#2737,#2738));
#8415=EDGE_LOOP('',(#2739,#2740,#2741,#2742));
#8416=EDGE_LOOP('',(#2743,#2744,#2745,#2746));
#8417=EDGE_LOOP('',(#2747,#2748,#2749,#2750));
#8418=EDGE_LOOP('',(#2751,#2752,#2753,#2754));
#8419=EDGE_LOOP('',(#2755,#2756,#2757,#2758));
#8420=EDGE_LOOP('',(#2759,#2760,#2761,#2762));
#8421=EDGE_LOOP('',(#2763,#2764,#2765,#2766));
#8422=EDGE_LOOP('',(#2767,#2768,#2769,#2770));
#8423=EDGE_LOOP('',(#2771,#2772,#2773,#2774));
#8424=EDGE_LOOP('',(#2775,#2776,#2777,#2778));
#8425=EDGE_LOOP('',(#2779,#2780,#2781,#2782));
#8426=EDGE_LOOP('',(#2783,#2784,#2785,#2786));
#8427=EDGE_LOOP('',(#2787,#2788,#2789,#2790));
#8428=EDGE_LOOP('',(#2791,#2792,#2793,#2794));
#8429=EDGE_LOOP('',(#2795,#2796,#2797,#2798));
#8430=EDGE_LOOP('',(#2799,#2800,#2801,#2802));
#8431=EDGE_LOOP('',(#2803,#2804,#2805,#2806));
#8432=EDGE_LOOP('',(#2807,#2808,#2809,#2810));
#8433=EDGE_LOOP('',(#2811,#2812,#2813,#2814));
#8434=EDGE_LOOP('',(#2815,#2816,#2817,#2818));
#8435=EDGE_LOOP('',(#2819,#2820,#2821,#2822));
#8436=EDGE_LOOP('',(#2823,#2824,#2825,#2826));
#8437=EDGE_LOOP('',(#2827,#2828,#2829,#2830));
#8438=EDGE_LOOP('',(#2831,#2832,#2833,#2834));
#8439=EDGE_LOOP('',(#2835,#2836,#2837,#2838));
#8440=EDGE_LOOP('',(#2839,#2840,#2841,#2842));
#8441=EDGE_LOOP('',(#2843,#2844,#2845,#2846));
#8442=EDGE_LOOP('',(#2847,#2848,#2849,#2850));
#8443=EDGE_LOOP('',(#2851,#2852,#2853,#2854));
#8444=EDGE_LOOP('',(#2855,#2856,#2857,#2858));
#8445=EDGE_LOOP('',(#2859,#2860,#2861,#2862));
#8446=EDGE_LOOP('',(#2863,#2864,#2865,#2866));
#8447=EDGE_LOOP('',(#2867,#2868,#2869,#2870));
#8448=EDGE_LOOP('',(#2871,#2872,#2873,#2874));
#8449=EDGE_LOOP('',(#2875,#2876,#2877,#2878));
#8450=EDGE_LOOP('',(#2879,#2880,#2881,#2882));
#8451=EDGE_LOOP('',(#2883,#2884,#2885,#2886));
#8452=EDGE_LOOP('',(#2887,#2888,#2889,#2890));
#8453=EDGE_LOOP('',(#2891,#2892,#2893,#2894));
#8454=EDGE_LOOP('',(#2895,#2896,#2897,#2898));
#8455=EDGE_LOOP('',(#2899,#2900,#2901,#2902));
#8456=EDGE_LOOP('',(#2903,#2904,#2905,#2906));
#8457=EDGE_LOOP('',(#2907,#2908,#2909,#2910));
#8458=EDGE_LOOP('',(#2911,#2912,#2913,#2914));
#8459=EDGE_LOOP('',(#2915,#2916,#2917,#2918));
#8460=EDGE_LOOP('',(#2919,#2920,#2921,#2922));
#8461=EDGE_LOOP('',(#2923,#2924,#2925,#2926));
#8462=EDGE_LOOP('',(#2927,#2928,#2929,#2930));
#8463=EDGE_LOOP('',(#2931,#2932,#2933,#2934));
#8464=EDGE_LOOP('',(#2935,#2936,#2937,#2938));
#8465=EDGE_LOOP('',(#2939,#2940,#2941,#2942));
#8466=EDGE_LOOP('',(#2943,#2944,#2945,#2946));
#8467=EDGE_LOOP('',(#2947,#2948,#2949,#2950));
#8468=EDGE_LOOP('',(#2951,#2952,#2953,#2954));
#8469=EDGE_LOOP('',(#2955,#2956,#2957,#2958));
#8470=EDGE_LOOP('',(#2959,#2960,#2961,#2962));
#8471=EDGE_LOOP('',(#2963,#2964,#2965,#2966));
#8472=EDGE_LOOP('',(#2967,#2968,#2969,#2970));
#8473=EDGE_LOOP('',(#2971,#2972,#2973,#2974));
#8474=EDGE_LOOP('',(#2975,#2976,#2977,#2978));
#8475=EDGE_LOOP('',(#2979,#2980,#2981,#2982));
#8476=EDGE_LOOP('',(#2983,#2984,#2985,#2986));
#8477=EDGE_LOOP('',(#2987,#2988,#2989,#2990));
#8478=EDGE_LOOP('',(#2991,#2992,#2993,#2994));
#8479=EDGE_LOOP('',(#2995,#2996,#2997,#2998));
#8480=EDGE_LOOP('',(#2999,#3000,#3001,#3002));
#8481=EDGE_LOOP('',(#3003,#3004,#3005,#3006));
#8482=EDGE_LOOP('',(#3007,#3008,#3009,#3010));
#8483=EDGE_LOOP('',(#3011,#3012,#3013,#3014));
#8484=EDGE_LOOP('',(#3015,#3016,#3017,#3018));
#8485=EDGE_LOOP('',(#3019,#3020,#3021,#3022));
#8486=EDGE_LOOP('',(#3023,#3024,#3025,#3026));
#8487=EDGE_LOOP('',(#3027,#3028,#3029,#3030));
#8488=EDGE_LOOP('',(#3031,#3032,#3033,#3034));
#8489=EDGE_LOOP('',(#3035,#3036,#3037,#3038));
#8490=EDGE_LOOP('',(#3039,#3040,#3041,#3042));
#8491=EDGE_LOOP('',(#3043,#3044,#3045,#3046));
#8492=EDGE_LOOP('',(#3047,#3048,#3049,#3050));
#8493=EDGE_LOOP('',(#3051,#3052,#3053,#3054));
#8494=EDGE_LOOP('',(#3055,#3056,#3057,#3058));
#8495=EDGE_LOOP('',(#3059,#3060,#3061,#3062));
#8496=EDGE_LOOP('',(#3063,#3064,#3065,#3066));
#8497=EDGE_LOOP('',(#3067,#3068,#3069,#3070));
#8498=EDGE_LOOP('',(#3071,#3072,#3073,#3074));
#8499=EDGE_LOOP('',(#3075,#3076,#3077,#3078));
#8500=EDGE_LOOP('',(#3079,#3080,#3081,#3082));
#8501=EDGE_LOOP('',(#3083,#3084,#3085,#3086));
#8502=EDGE_LOOP('',(#3087,#3088,#3089,#3090));
#8503=EDGE_LOOP('',(#3091,#3092,#3093,#3094));
#8504=EDGE_LOOP('',(#3095,#3096,#3097,#3098));
#8505=EDGE_LOOP('',(#3099,#3100,#3101,#3102));
#8506=EDGE_LOOP('',(#3103,#3104,#3105,#3106));
#8507=EDGE_LOOP('',(#3107,#3108,#3109,#3110));
#8508=EDGE_LOOP('',(#3111,#3112,#3113,#3114));
#8509=EDGE_LOOP('',(#3115,#3116,#3117,#3118));
#8510=EDGE_LOOP('',(#3119,#3120,#3121,#3122));
#8511=EDGE_LOOP('',(#3123,#3124,#3125,#3126));
#8512=EDGE_LOOP('',(#3127,#3128,#3129,#3130));
#8513=EDGE_LOOP('',(#3131,#3132,#3133,#3134));
#8514=EDGE_LOOP('',(#3135,#3136,#3137,#3138));
#8515=EDGE_LOOP('',(#3139,#3140,#3141,#3142));
#8516=EDGE_LOOP('',(#3143,#3144,#3145,#3146));
#8517=EDGE_LOOP('',(#3147,#3148,#3149,#3150));
#8518=EDGE_LOOP('',(#3151,#3152,#3153,#3154));
#8519=EDGE_LOOP('',(#3155,#3156,#3157,#3158));
#8520=EDGE_LOOP('',(#3159,#3160,#3161,#3162));
#8521=EDGE_LOOP('',(#3163,#3164,#3165,#3166));
#8522=EDGE_LOOP('',(#3167,#3168,#3169,#3170));
#8523=EDGE_LOOP('',(#3171,#3172,#3173,#3174));
#8524=EDGE_LOOP('',(#3175,#3176,#3177,#3178));
#8525=EDGE_LOOP('',(#3179,#3180,#3181,#3182));
#8526=EDGE_LOOP('',(#3183,#3184,#3185,#3186));
#8527=EDGE_LOOP('',(#3187,#3188,#3189,#3190));
#8528=EDGE_LOOP('',(#3191,#3192,#3193,#3194));
#8529=EDGE_LOOP('',(#3195,#3196,#3197,#3198));
#8530=EDGE_LOOP('',(#3199,#3200,#3201,#3202));
#8531=EDGE_LOOP('',(#3203,#3204,#3205,#3206));
#8532=EDGE_LOOP('',(#3207,#3208,#3209,#3210));
#8533=EDGE_LOOP('',(#3211,#3212,#3213,#3214));
#8534=EDGE_LOOP('',(#3215,#3216,#3217,#3218));
#8535=EDGE_LOOP('',(#3219,#3220,#3221,#3222));
#8536=EDGE_LOOP('',(#3223,#3224,#3225,#3226));
#8537=EDGE_LOOP('',(#3227,#3228,#3229,#3230));
#8538=EDGE_LOOP('',(#3231,#3232,#3233,#3234));
#8539=EDGE_LOOP('',(#3235,#3236,#3237,#3238));
#8540=EDGE_LOOP('',(#3239,#3240,#3241,#3242));
#8541=EDGE_LOOP('',(#3243,#3244,#3245,#3246));
#8542=EDGE_LOOP('',(#3247,#3248,#3249,#3250));
#8543=EDGE_LOOP('',(#3251,#3252,#3253,#3254));
#8544=EDGE_LOOP('',(#3255,#3256,#3257,#3258));
#8545=EDGE_LOOP('',(#3259,#3260,#3261,#3262));
#8546=EDGE_LOOP('',(#3263,#3264,#3265,#3266));
#8547=EDGE_LOOP('',(#3267,#3268,#3269,#3270));
#8548=EDGE_LOOP('',(#3271,#3272,#3273,#3274));
#8549=EDGE_LOOP('',(#3275,#3276,#3277,#3278));
#8550=EDGE_LOOP('',(#3279,#3280,#3281,#3282));
#8551=EDGE_LOOP('',(#3283,#3284,#3285,#3286));
#8552=EDGE_LOOP('',(#3287,#3288,#3289,#3290));
#8553=EDGE_LOOP('',(#3291,#3292,#3293,#3294));
#8554=EDGE_LOOP('',(#3295,#3296,#3297,#3298));
#8555=EDGE_LOOP('',(#3299,#3300,#3301,#3302));
#8556=EDGE_LOOP('',(#3303,#3304,#3305,#3306));
#8557=EDGE_LOOP('',(#3307,#3308,#3309,#3310));
#8558=EDGE_LOOP('',(#3311,#3312,#3313,#3314));
#8559=EDGE_LOOP('',(#3315,#3316,#3317,#3318));
#8560=EDGE_LOOP('',(#3319,#3320,#3321,#3322));
#8561=EDGE_LOOP('',(#3323,#3324,#3325,#3326));
#8562=EDGE_LOOP('',(#3327,#3328,#3329,#3330));
#8563=EDGE_LOOP('',(#3331,#3332,#3333,#3334));
#8564=EDGE_LOOP('',(#3335,#3336,#3337,#3338));
#8565=EDGE_LOOP('',(#3339,#3340,#3341,#3342));
#8566=EDGE_LOOP('',(#3343,#3344,#3345,#3346));
#8567=EDGE_LOOP('',(#3347,#3348,#3349,#3350));
#8568=EDGE_LOOP('',(#3351,#3352,#3353,#3354));
#8569=EDGE_LOOP('',(#3355,#3356,#3357,#3358));
#8570=EDGE_LOOP('',(#3359,#3360,#3361,#3362));
#8571=EDGE_LOOP('',(#3363,#3364,#3365,#3366));
#8572=EDGE_LOOP('',(#3367,#3368,#3369,#3370));
#8573=EDGE_LOOP('',(#3371,#3372,#3373,#3374));
#8574=EDGE_LOOP('',(#3375,#3376,#3377,#3378));
#8575=EDGE_LOOP('',(#3379,#3380,#3381,#3382));
#8576=EDGE_LOOP('',(#3383,#3384,#3385,#3386));
#8577=EDGE_LOOP('',(#3387,#3388,#3389,#3390));
#8578=EDGE_LOOP('',(#3391,#3392,#3393,#3394));
#8579=EDGE_LOOP('',(#3395,#3396,#3397,#3398));
#8580=EDGE_LOOP('',(#3399,#3400,#3401,#3402));
#8581=EDGE_LOOP('',(#3403,#3404,#3405,#3406));
#8582=EDGE_LOOP('',(#3407,#3408,#3409,#3410));
#8583=EDGE_LOOP('',(#3411,#3412,#3413,#3414));
#8584=EDGE_LOOP('',(#3415,#3416,#3417,#3418));
#8585=EDGE_LOOP('',(#3419,#3420,#3421,#3422));
#8586=EDGE_LOOP('',(#3423,#3424,#3425,#3426));
#8587=EDGE_LOOP('',(#3427,#3428,#3429,#3430));
#8588=EDGE_LOOP('',(#3431,#3432,#3433,#3434));
#8589=EDGE_LOOP('',(#3435,#3436,#3437,#3438));
#8590=EDGE_LOOP('',(#3439,#3440,#3441,#3442));
#8591=EDGE_LOOP('',(#3443,#3444,#3445,#3446));
#8592=EDGE_LOOP('',(#3447,#3448,#3449,#3450));
#8593=EDGE_LOOP('',(#3451,#3452,#3453,#3454));
#8594=EDGE_LOOP('',(#3455,#3456,#3457,#3458));
#8595=EDGE_LOOP('',(#3459,#3460,#3461,#3462));
#8596=EDGE_LOOP('',(#3463,#3464,#3465,#3466));
#8597=EDGE_LOOP('',(#3467,#3468,#3469,#3470));
#8598=EDGE_LOOP('',(#3471,#3472,#3473,#3474));
#8599=EDGE_LOOP('',(#3475,#3476,#3477,#3478));
#8600=EDGE_LOOP('',(#3479,#3480,#3481,#3482));
#8601=EDGE_LOOP('',(#3483,#3484,#3485,#3486));
#8602=EDGE_LOOP('',(#3487,#3488,#3489,#3490));
#8603=EDGE_LOOP('',(#3491,#3492,#3493,#3494));
#8604=EDGE_LOOP('',(#3495,#3496,#3497,#3498));
#8605=EDGE_LOOP('',(#3499,#3500,#3501,#3502));
#8606=EDGE_LOOP('',(#3503,#3504,#3505,#3506));
#8607=EDGE_LOOP('',(#3507,#3508,#3509,#3510));
#8608=EDGE_LOOP('',(#3511,#3512,#3513,#3514));
#8609=EDGE_LOOP('',(#3515,#3516,#3517,#3518));
#8610=EDGE_LOOP('',(#3519,#3520,#3521,#3522));
#8611=EDGE_LOOP('',(#3523,#3524,#3525,#3526));
#8612=EDGE_LOOP('',(#3527,#3528,#3529,#3530));
#8613=EDGE_LOOP('',(#3531,#3532,#3533,#3534));
#8614=EDGE_LOOP('',(#3535,#3536,#3537,#3538));
#8615=EDGE_LOOP('',(#3539,#3540,#3541,#3542));
#8616=EDGE_LOOP('',(#3543,#3544,#3545,#3546));
#8617=EDGE_LOOP('',(#3547,#3548,#3549,#3550));
#8618=EDGE_LOOP('',(#3551,#3552,#3553,#3554));
#8619=EDGE_LOOP('',(#3555,#3556,#3557,#3558));
#8620=EDGE_LOOP('',(#3559,#3560,#3561,#3562));
#8621=EDGE_LOOP('',(#3563,#3564,#3565,#3566));
#8622=EDGE_LOOP('',(#3567,#3568,#3569,#3570));
#8623=EDGE_LOOP('',(#3571,#3572,#3573,#3574));
#8624=EDGE_LOOP('',(#3575,#3576,#3577,#3578));
#8625=EDGE_LOOP('',(#3579,#3580,#3581,#3582));
#8626=EDGE_LOOP('',(#3583,#3584,#3585,#3586));
#8627=EDGE_LOOP('',(#3587,#3588,#3589,#3590));
#8628=EDGE_LOOP('',(#3591,#3592,#3593,#3594));
#8629=EDGE_LOOP('',(#3595,#3596,#3597,#3598));
#8630=EDGE_LOOP('',(#3599,#3600,#3601,#3602));
#8631=EDGE_LOOP('',(#3603,#3604,#3605,#3606));
#8632=EDGE_LOOP('',(#3607,#3608,#3609,#3610));
#8633=EDGE_LOOP('',(#3611,#3612,#3613,#3614));
#8634=EDGE_LOOP('',(#3615,#3616,#3617,#3618));
#8635=EDGE_LOOP('',(#3619,#3620,#3621,#3622));
#8636=EDGE_LOOP('',(#3623,#3624,#3625,#3626));
#8637=EDGE_LOOP('',(#3627,#3628,#3629,#3630));
#8638=EDGE_LOOP('',(#3631,#3632,#3633,#3634));
#8639=EDGE_LOOP('',(#3635,#3636,#3637,#3638));
#8640=EDGE_LOOP('',(#3639,#3640,#3641,#3642));
#8641=EDGE_LOOP('',(#3643,#3644,#3645,#3646));
#8642=EDGE_LOOP('',(#3647,#3648,#3649,#3650));
#8643=EDGE_LOOP('',(#3651,#3652,#3653,#3654));
#8644=EDGE_LOOP('',(#3655,#3656,#3657,#3658));
#8645=EDGE_LOOP('',(#3659,#3660,#3661,#3662));
#8646=EDGE_LOOP('',(#3663,#3664,#3665,#3666));
#8647=EDGE_LOOP('',(#3667,#3668,#3669,#3670));
#8648=EDGE_LOOP('',(#3671,#3672,#3673,#3674));
#8649=EDGE_LOOP('',(#3675,#3676,#3677,#3678));
#8650=EDGE_LOOP('',(#3679,#3680,#3681,#3682));
#8651=EDGE_LOOP('',(#3683,#3684,#3685,#3686));
#8652=EDGE_LOOP('',(#3687,#3688,#3689,#3690));
#8653=EDGE_LOOP('',(#3691,#3692,#3693,#3694));
#8654=EDGE_LOOP('',(#3695,#3696,#3697,#3698));
#8655=EDGE_LOOP('',(#3699,#3700,#3701,#3702));
#8656=EDGE_LOOP('',(#3703,#3704,#3705,#3706));
#8657=EDGE_LOOP('',(#3707,#3708,#3709,#3710));
#8658=EDGE_LOOP('',(#3711,#3712,#3713,#3714));
#8659=EDGE_LOOP('',(#3715,#3716,#3717,#3718));
#8660=EDGE_LOOP('',(#3719,#3720,#3721,#3722));
#8661=EDGE_LOOP('',(#3723,#3724,#3725,#3726));
#8662=EDGE_LOOP('',(#3727,#3728,#3729,#3730));
#8663=EDGE_LOOP('',(#3731,#3732,#3733,#3734));
#8664=EDGE_LOOP('',(#3735,#3736,#3737,#3738));
#8665=EDGE_LOOP('',(#3739,#3740,#3741,#3742));
#8666=EDGE_LOOP('',(#3743,#3744,#3745,#3746));
#8667=EDGE_LOOP('',(#3747,#3748,#3749,#3750));
#8668=EDGE_LOOP('',(#3751,#3752,#3753,#3754));
#8669=EDGE_LOOP('',(#3755,#3756,#3757,#3758));
#8670=EDGE_LOOP('',(#3759,#3760,#3761,#3762));
#8671=EDGE_LOOP('',(#3763,#3764,#3765,#3766));
#8672=EDGE_LOOP('',(#3767,#3768,#3769,#3770));
#8673=EDGE_LOOP('',(#3771,#3772,#3773,#3774));
#8674=EDGE_LOOP('',(#3775,#3776,#3777,#3778));
#8675=EDGE_LOOP('',(#3779,#3780,#3781,#3782));
#8676=EDGE_LOOP('',(#3783,#3784,#3785,#3786));
#8677=EDGE_LOOP('',(#3787,#3788,#3789,#3790));
#8678=EDGE_LOOP('',(#3791,#3792,#3793,#3794));
#8679=EDGE_LOOP('',(#3795,#3796,#3797,#3798));
#8680=EDGE_LOOP('',(#3799,#3800,#3801,#3802));
#8681=EDGE_LOOP('',(#3803,#3804,#3805,#3806));
#8682=EDGE_LOOP('',(#3807,#3808,#3809,#3810));
#8683=EDGE_LOOP('',(#3811,#3812,#3813,#3814));
#8684=EDGE_LOOP('',(#3815,#3816,#3817,#3818));
#8685=EDGE_LOOP('',(#3819,#3820,#3821,#3822));
#8686=EDGE_LOOP('',(#3823,#3824,#3825,#3826));
#8687=EDGE_LOOP('',(#3827,#3828,#3829,#3830));
#8688=EDGE_LOOP('',(#3831,#3832,#3833,#3834));
#8689=EDGE_LOOP('',(#3835,#3836,#3837,#3838));
#8690=EDGE_LOOP('',(#3839,#3840,#3841,#3842));
#8691=EDGE_LOOP('',(#3843,#3844,#3845,#3846));
#8692=EDGE_LOOP('',(#3847,#3848,#3849,#3850));
#8693=EDGE_LOOP('',(#3851,#3852,#3853,#3854));
#8694=EDGE_LOOP('',(#3855,#3856,#3857,#3858));
#8695=EDGE_LOOP('',(#3859,#3860,#3861,#3862));
#8696=EDGE_LOOP('',(#3863,#3864,#3865,#3866,#3867,#3868,#3869,#3870,#3871,
#3872,#3873,#3874,#3875,#3876,#3877,#3878,#3879,#3880,#3881,#3882,#3883,
#3884,#3885,#3886,#3887,#3888,#3889,#3890,#3891,#3892,#3893,#3894,#3895,
#3896,#3897,#3898,#3899,#3900,#3901,#3902,#3903,#3904,#3905,#3906,#3907,
#3908,#3909,#3910,#3911,#3912,#3913,#3914,#3915,#3916,#3917,#3918,#3919,
#3920,#3921,#3922,#3923,#3924,#3925,#3926,#3927,#3928,#3929,#3930,#3931,
#3932,#3933,#3934,#3935,#3936,#3937,#3938,#3939,#3940,#3941,#3942,#3943,
#3944,#3945,#3946,#3947,#3948,#3949,#3950,#3951,#3952,#3953,#3954,#3955,
#3956,#3957,#3958,#3959,#3960,#3961,#3962,#3963,#3964,#3965,#3966,#3967,
#3968,#3969,#3970,#3971,#3972,#3973,#3974,#3975,#3976,#3977,#3978,#3979,
#3980,#3981,#3982,#3983,#3984,#3985,#3986,#3987,#3988,#3989,#3990,#3991,
#3992,#3993,#3994,#3995,#3996,#3997,#3998,#3999,#4000,#4001,#4002,#4003,
#4004,#4005,#4006,#4007,#4008,#4009,#4010,#4011,#4012,#4013,#4014,#4015,
#4016,#4017,#4018,#4019,#4020,#4021,#4022,#4023,#4024,#4025,#4026,#4027,
#4028,#4029,#4030,#4031,#4032,#4033,#4034,#4035,#4036,#4037,#4038,#4039,
#4040,#4041,#4042,#4043,#4044,#4045,#4046,#4047,#4048,#4049,#4050,#4051,
#4052,#4053,#4054,#4055,#4056,#4057,#4058,#4059,#4060,#4061,#4062,#4063,
#4064,#4065,#4066,#4067,#4068,#4069,#4070,#4071,#4072,#4073,#4074,#4075,
#4076,#4077,#4078,#4079,#4080,#4081,#4082,#4083,#4084,#4085,#4086,#4087,
#4088,#4089,#4090,#4091,#4092,#4093,#4094,#4095,#4096,#4097,#4098,#4099,
#4100,#4101,#4102,#4103,#4104,#4105,#4106,#4107,#4108,#4109,#4110,#4111,
#4112,#4113,#4114,#4115,#4116,#4117,#4118,#4119,#4120,#4121,#4122,#4123,
#4124,#4125,#4126,#4127,#4128,#4129,#4130,#4131,#4132,#4133,#4134,#4135,
#4136,#4137,#4138,#4139,#4140,#4141,#4142,#4143,#4144,#4145,#4146,#4147,
#4148,#4149,#4150,#4151,#4152,#4153,#4154,#4155,#4156,#4157,#4158,#4159,
#4160,#4161,#4162,#4163,#4164,#4165,#4166,#4167,#4168,#4169,#4170,#4171,
#4172,#4173,#4174,#4175,#4176,#4177,#4178,#4179,#4180,#4181,#4182,#4183,
#4184,#4185,#4186,#4187,#4188,#4189,#4190,#4191,#4192,#4193,#4194,#4195,
#4196,#4197,#4198,#4199,#4200,#4201,#4202,#4203,#4204,#4205,#4206,#4207,
#4208,#4209,#4210,#4211,#4212,#4213,#4214,#4215,#4216,#4217,#4218,#4219,
#4220,#4221,#4222,#4223,#4224,#4225,#4226,#4227,#4228,#4229,#4230,#4231,
#4232,#4233,#4234,#4235,#4236,#4237,#4238,#4239,#4240,#4241,#4242,#4243,
#4244,#4245,#4246,#4247,#4248,#4249,#4250,#4251,#4252,#4253,#4254,#4255,
#4256,#4257,#4258,#4259,#4260,#4261,#4262,#4263,#4264,#4265,#4266,#4267,
#4268,#4269,#4270,#4271,#4272,#4273,#4274,#4275,#4276,#4277,#4278,#4279,
#4280,#4281,#4282,#4283,#4284,#4285,#4286,#4287,#4288,#4289,#4290,#4291,
#4292,#4293,#4294,#4295,#4296,#4297,#4298,#4299,#4300,#4301,#4302,#4303,
#4304,#4305,#4306,#4307,#4308,#4309,#4310,#4311,#4312,#4313,#4314,#4315,
#4316,#4317,#4318,#4319,#4320,#4321,#4322,#4323,#4324,#4325,#4326,#4327,
#4328,#4329,#4330,#4331,#4332,#4333,#4334,#4335,#4336,#4337,#4338,#4339,
#4340,#4341,#4342));
#8697=EDGE_LOOP('',(#4343));
#8698=EDGE_LOOP('',(#4344,#4345,#4346,#4347,#4348,#4349,#4350,#4351,#4352,
#4353,#4354,#4355,#4356,#4357,#4358,#4359,#4360,#4361,#4362,#4363,#4364,
#4365,#4366,#4367,#4368,#4369,#4370,#4371,#4372,#4373,#4374,#4375,#4376,
#4377,#4378,#4379,#4380,#4381,#4382,#4383,#4384,#4385,#4386,#4387,#4388,
#4389,#4390,#4391,#4392,#4393,#4394,#4395,#4396,#4397,#4398,#4399,#4400,
#4401,#4402,#4403,#4404,#4405,#4406,#4407,#4408,#4409,#4410,#4411,#4412,
#4413,#4414,#4415,#4416,#4417,#4418,#4419,#4420,#4421,#4422,#4423,#4424,
#4425,#4426,#4427,#4428,#4429,#4430,#4431,#4432,#4433,#4434,#4435,#4436,
#4437,#4438,#4439,#4440,#4441,#4442,#4443,#4444,#4445,#4446,#4447,#4448,
#4449,#4450,#4451,#4452,#4453,#4454,#4455,#4456,#4457,#4458,#4459,#4460,
#4461,#4462,#4463,#4464,#4465,#4466,#4467,#4468,#4469,#4470,#4471,#4472,
#4473,#4474,#4475,#4476,#4477,#4478,#4479,#4480,#4481,#4482,#4483,#4484,
#4485,#4486,#4487,#4488,#4489,#4490,#4491,#4492,#4493,#4494,#4495,#4496,
#4497,#4498,#4499,#4500,#4501,#4502,#4503,#4504,#4505,#4506,#4507,#4508,
#4509,#4510,#4511,#4512,#4513,#4514,#4515,#4516,#4517,#4518,#4519,#4520,
#4521,#4522,#4523,#4524,#4525,#4526,#4527,#4528,#4529,#4530,#4531,#4532,
#4533,#4534,#4535,#4536,#4537,#4538,#4539,#4540,#4541,#4542,#4543,#4544,
#4545,#4546,#4547,#4548,#4549,#4550,#4551,#4552,#4553,#4554,#4555,#4556,
#4557,#4558,#4559,#4560,#4561,#4562,#4563,#4564,#4565,#4566,#4567,#4568,
#4569,#4570,#4571,#4572,#4573,#4574,#4575,#4576,#4577,#4578,#4579,#4580,
#4581,#4582,#4583,#4584,#4585,#4586,#4587,#4588,#4589,#4590,#4591,#4592,
#4593,#4594,#4595,#4596,#4597,#4598,#4599,#4600,#4601,#4602,#4603,#4604,
#4605,#4606,#4607,#4608,#4609,#4610,#4611,#4612,#4613,#4614,#4615,#4616,
#4617,#4618,#4619,#4620,#4621,#4622,#4623,#4624,#4625,#4626,#4627,#4628,
#4629,#4630,#4631,#4632,#4633,#4634,#4635,#4636,#4637,#4638,#4639,#4640,
#4641,#4642,#4643,#4644,#4645,#4646,#4647,#4648,#4649,#4650,#4651,#4652,
#4653,#4654,#4655,#4656,#4657,#4658,#4659,#4660,#4661,#4662,#4663,#4664,
#4665,#4666,#4667,#4668,#4669,#4670,#4671,#4672,#4673,#4674,#4675,#4676,
#4677,#4678,#4679,#4680,#4681,#4682,#4683,#4684,#4685,#4686,#4687,#4688,
#4689,#4690,#4691,#4692,#4693,#4694,#4695,#4696,#4697,#4698,#4699,#4700,
#4701,#4702,#4703,#4704,#4705,#4706,#4707,#4708,#4709,#4710,#4711,#4712,
#4713,#4714,#4715,#4716,#4717,#4718,#4719,#4720,#4721,#4722,#4723,#4724,
#4725,#4726,#4727,#4728,#4729,#4730,#4731,#4732,#4733,#4734,#4735,#4736,
#4737,#4738,#4739,#4740,#4741,#4742,#4743,#4744,#4745,#4746,#4747,#4748,
#4749,#4750,#4751,#4752,#4753,#4754,#4755,#4756,#4757,#4758,#4759,#4760,
#4761,#4762,#4763,#4764,#4765,#4766,#4767,#4768,#4769,#4770,#4771,#4772,
#4773,#4774,#4775,#4776,#4777,#4778,#4779,#4780,#4781,#4782,#4783,#4784,
#4785,#4786,#4787,#4788,#4789,#4790,#4791,#4792,#4793,#4794,#4795,#4796,
#4797,#4798,#4799,#4800,#4801,#4802,#4803,#4804,#4805,#4806,#4807,#4808,
#4809,#4810,#4811,#4812,#4813,#4814,#4815,#4816,#4817,#4818,#4819,#4820,
#4821,#4822,#4823));
#8699=EDGE_LOOP('',(#4824,#4825,#4826,#4827));
#8700=EDGE_LOOP('',(#4828,#4829,#4830,#4831));
#8701=EDGE_LOOP('',(#4832,#4833,#4834,#4835));
#8702=EDGE_LOOP('',(#4836));
#8703=EDGE_LOOP('',(#4837));
#8704=EDGE_LOOP('',(#4838));
#8705=EDGE_LOOP('',(#4839));
#8706=EDGE_LOOP('',(#4840));
#8707=EDGE_LOOP('',(#4841));
#8708=EDGE_LOOP('',(#4842));
#8709=EDGE_LOOP('',(#4843));
#8710=EDGE_LOOP('',(#4844));
#8711=EDGE_LOOP('',(#4845,#4846,#4847,#4848));
#8712=EDGE_LOOP('',(#4849,#4850,#4851,#4852));
#8713=EDGE_LOOP('',(#4853));
#8714=EDGE_LOOP('',(#4854,#4855,#4856,#4857));
#8715=EDGE_LOOP('',(#4858,#4859,#4860,#4861));
#8716=EDGE_LOOP('',(#4862));
#8717=EDGE_LOOP('',(#4863,#4864,#4865,#4866));
#8718=EDGE_LOOP('',(#4867,#4868,#4869,#4870));
#8719=EDGE_LOOP('',(#4871,#4872,#4873,#4874));
#8720=EDGE_LOOP('',(#4875,#4876,#4877,#4878));
#8721=EDGE_LOOP('',(#4879,#4880,#4881,#4882));
#8722=EDGE_LOOP('',(#4883,#4884,#4885,#4886));
#8723=EDGE_LOOP('',(#4887,#4888,#4889,#4890));
#8724=EDGE_LOOP('',(#4891,#4892,#4893,#4894));
#8725=EDGE_LOOP('',(#4895,#4896,#4897,#4898));
#8726=EDGE_LOOP('',(#4899,#4900,#4901,#4902));
#8727=EDGE_LOOP('',(#4903,#4904,#4905,#4906));
#8728=EDGE_LOOP('',(#4907,#4908,#4909,#4910));
#8729=EDGE_LOOP('',(#4911));
#8730=EDGE_LOOP('',(#4912));
#8731=EDGE_LOOP('',(#4913,#4914,#4915,#4916));
#8732=EDGE_LOOP('',(#4917,#4918,#4919,#4920));
#8733=EDGE_LOOP('',(#4921,#4922,#4923,#4924));
#8734=EDGE_LOOP('',(#4925,#4926,#4927,#4928));
#8735=EDGE_LOOP('',(#4929));
#8736=EDGE_LOOP('',(#4930));
#8737=EDGE_LOOP('',(#4931));
#8738=EDGE_LOOP('',(#4932));
#8739=EDGE_LOOP('',(#4933));
#8740=EDGE_LOOP('',(#4934));
#8741=EDGE_LOOP('',(#4935));
#8742=EDGE_LOOP('',(#4936));
#8743=EDGE_LOOP('',(#4937));
#8744=EDGE_LOOP('',(#4938));
#8745=FACE_BOUND('',#8201,.T.);
#8746=FACE_BOUND('',#8202,.T.);
#8747=FACE_BOUND('',#8203,.T.);
#8748=FACE_BOUND('',#8204,.T.);
#8749=FACE_BOUND('',#8205,.T.);
#8750=FACE_BOUND('',#8206,.T.);
#8751=FACE_BOUND('',#8207,.T.);
#8752=FACE_BOUND('',#8208,.T.);
#8753=FACE_BOUND('',#8209,.T.);
#8754=FACE_BOUND('',#8210,.T.);
#8755=FACE_BOUND('',#8211,.T.);
#8756=FACE_BOUND('',#8212,.T.);
#8757=FACE_BOUND('',#8213,.T.);
#8758=FACE_BOUND('',#8214,.T.);
#8759=FACE_BOUND('',#8215,.T.);
#8760=FACE_BOUND('',#8216,.T.);
#8761=FACE_BOUND('',#8217,.T.);
#8762=FACE_BOUND('',#8218,.T.);
#8763=FACE_BOUND('',#8219,.T.);
#8764=FACE_BOUND('',#8220,.T.);
#8765=FACE_BOUND('',#8221,.T.);
#8766=FACE_BOUND('',#8222,.T.);
#8767=FACE_BOUND('',#8223,.T.);
#8768=FACE_BOUND('',#8224,.T.);
#8769=FACE_BOUND('',#8225,.T.);
#8770=FACE_BOUND('',#8226,.T.);
#8771=FACE_BOUND('',#8227,.T.);
#8772=FACE_BOUND('',#8228,.T.);
#8773=FACE_BOUND('',#8229,.T.);
#8774=FACE_BOUND('',#8230,.T.);
#8775=FACE_BOUND('',#8231,.T.);
#8776=FACE_BOUND('',#8232,.T.);
#8777=FACE_BOUND('',#8233,.T.);
#8778=FACE_BOUND('',#8234,.T.);
#8779=FACE_BOUND('',#8235,.T.);
#8780=FACE_BOUND('',#8236,.T.);
#8781=FACE_BOUND('',#8237,.T.);
#8782=FACE_BOUND('',#8238,.T.);
#8783=FACE_BOUND('',#8239,.T.);
#8784=FACE_BOUND('',#8240,.T.);
#8785=FACE_BOUND('',#8241,.T.);
#8786=FACE_BOUND('',#8242,.T.);
#8787=FACE_BOUND('',#8243,.T.);
#8788=FACE_BOUND('',#8244,.T.);
#8789=FACE_BOUND('',#8245,.T.);
#8790=FACE_BOUND('',#8246,.T.);
#8791=FACE_BOUND('',#8247,.T.);
#8792=FACE_BOUND('',#8248,.T.);
#8793=FACE_BOUND('',#8249,.T.);
#8794=FACE_BOUND('',#8250,.T.);
#8795=FACE_BOUND('',#8251,.T.);
#8796=FACE_BOUND('',#8252,.T.);
#8797=FACE_BOUND('',#8253,.T.);
#8798=FACE_BOUND('',#8254,.T.);
#8799=FACE_BOUND('',#8255,.T.);
#8800=FACE_BOUND('',#8256,.T.);
#8801=FACE_BOUND('',#8257,.T.);
#8802=FACE_BOUND('',#8258,.T.);
#8803=FACE_BOUND('',#8259,.T.);
#8804=FACE_BOUND('',#8260,.T.);
#8805=FACE_BOUND('',#8261,.T.);
#8806=FACE_BOUND('',#8262,.T.);
#8807=FACE_BOUND('',#8263,.T.);
#8808=FACE_BOUND('',#8264,.T.);
#8809=FACE_BOUND('',#8265,.T.);
#8810=FACE_BOUND('',#8266,.T.);
#8811=FACE_BOUND('',#8267,.T.);
#8812=FACE_BOUND('',#8268,.T.);
#8813=FACE_BOUND('',#8269,.T.);
#8814=FACE_BOUND('',#8270,.T.);
#8815=FACE_BOUND('',#8271,.T.);
#8816=FACE_BOUND('',#8272,.T.);
#8817=FACE_BOUND('',#8273,.T.);
#8818=FACE_BOUND('',#8274,.T.);
#8819=FACE_BOUND('',#8275,.T.);
#8820=FACE_BOUND('',#8276,.T.);
#8821=FACE_BOUND('',#8277,.T.);
#8822=FACE_BOUND('',#8278,.T.);
#8823=FACE_BOUND('',#8279,.T.);
#8824=FACE_BOUND('',#8280,.T.);
#8825=FACE_BOUND('',#8281,.T.);
#8826=FACE_BOUND('',#8282,.T.);
#8827=FACE_BOUND('',#8283,.T.);
#8828=FACE_BOUND('',#8284,.T.);
#8829=FACE_BOUND('',#8285,.T.);
#8830=FACE_BOUND('',#8286,.T.);
#8831=FACE_BOUND('',#8287,.T.);
#8832=FACE_BOUND('',#8288,.T.);
#8833=FACE_BOUND('',#8289,.T.);
#8834=FACE_BOUND('',#8290,.T.);
#8835=FACE_BOUND('',#8291,.T.);
#8836=FACE_BOUND('',#8292,.T.);
#8837=FACE_BOUND('',#8293,.T.);
#8838=FACE_BOUND('',#8294,.T.);
#8839=FACE_BOUND('',#8295,.T.);
#8840=FACE_BOUND('',#8296,.T.);
#8841=FACE_BOUND('',#8297,.T.);
#8842=FACE_BOUND('',#8298,.T.);
#8843=FACE_BOUND('',#8299,.T.);
#8844=FACE_BOUND('',#8300,.T.);
#8845=FACE_BOUND('',#8301,.T.);
#8846=FACE_BOUND('',#8302,.T.);
#8847=FACE_BOUND('',#8303,.T.);
#8848=FACE_BOUND('',#8304,.T.);
#8849=FACE_BOUND('',#8305,.T.);
#8850=FACE_BOUND('',#8306,.T.);
#8851=FACE_BOUND('',#8307,.T.);
#8852=FACE_BOUND('',#8308,.T.);
#8853=FACE_BOUND('',#8309,.T.);
#8854=FACE_BOUND('',#8310,.T.);
#8855=FACE_BOUND('',#8311,.T.);
#8856=FACE_BOUND('',#8312,.T.);
#8857=FACE_BOUND('',#8313,.T.);
#8858=FACE_BOUND('',#8314,.T.);
#8859=FACE_BOUND('',#8315,.T.);
#8860=FACE_BOUND('',#8316,.T.);
#8861=FACE_BOUND('',#8317,.T.);
#8862=FACE_BOUND('',#8318,.T.);
#8863=FACE_BOUND('',#8319,.T.);
#8864=FACE_BOUND('',#8320,.T.);
#8865=FACE_BOUND('',#8321,.T.);
#8866=FACE_BOUND('',#8322,.T.);
#8867=FACE_BOUND('',#8323,.T.);
#8868=FACE_BOUND('',#8324,.T.);
#8869=FACE_BOUND('',#8325,.T.);
#8870=FACE_BOUND('',#8326,.T.);
#8871=FACE_BOUND('',#8327,.T.);
#8872=FACE_BOUND('',#8328,.T.);
#8873=FACE_BOUND('',#8329,.T.);
#8874=FACE_BOUND('',#8330,.T.);
#8875=FACE_BOUND('',#8331,.T.);
#8876=FACE_BOUND('',#8332,.T.);
#8877=FACE_BOUND('',#8333,.T.);
#8878=FACE_BOUND('',#8334,.T.);
#8879=FACE_BOUND('',#8335,.T.);
#8880=FACE_BOUND('',#8336,.T.);
#8881=FACE_BOUND('',#8337,.T.);
#8882=FACE_BOUND('',#8338,.T.);
#8883=FACE_BOUND('',#8339,.T.);
#8884=FACE_BOUND('',#8340,.T.);
#8885=FACE_BOUND('',#8341,.T.);
#8886=FACE_BOUND('',#8342,.T.);
#8887=FACE_BOUND('',#8343,.T.);
#8888=FACE_BOUND('',#8344,.T.);
#8889=FACE_BOUND('',#8345,.T.);
#8890=FACE_BOUND('',#8346,.T.);
#8891=FACE_BOUND('',#8347,.T.);
#8892=FACE_BOUND('',#8348,.T.);
#8893=FACE_BOUND('',#8349,.T.);
#8894=FACE_BOUND('',#8350,.T.);
#8895=FACE_BOUND('',#8351,.T.);
#8896=FACE_BOUND('',#8352,.T.);
#8897=FACE_BOUND('',#8353,.T.);
#8898=FACE_BOUND('',#8354,.T.);
#8899=FACE_BOUND('',#8355,.T.);
#8900=FACE_BOUND('',#8356,.T.);
#8901=FACE_BOUND('',#8357,.T.);
#8902=FACE_BOUND('',#8358,.T.);
#8903=FACE_BOUND('',#8359,.T.);
#8904=FACE_BOUND('',#8360,.T.);
#8905=FACE_BOUND('',#8361,.T.);
#8906=FACE_BOUND('',#8362,.T.);
#8907=FACE_BOUND('',#8363,.T.);
#8908=FACE_BOUND('',#8364,.T.);
#8909=FACE_BOUND('',#8365,.T.);
#8910=FACE_BOUND('',#8366,.T.);
#8911=FACE_BOUND('',#8367,.T.);
#8912=FACE_BOUND('',#8368,.T.);
#8913=FACE_BOUND('',#8369,.T.);
#8914=FACE_BOUND('',#8370,.T.);
#8915=FACE_BOUND('',#8371,.T.);
#8916=FACE_BOUND('',#8372,.T.);
#8917=FACE_BOUND('',#8373,.T.);
#8918=FACE_BOUND('',#8374,.T.);
#8919=FACE_BOUND('',#8375,.T.);
#8920=FACE_BOUND('',#8376,.T.);
#8921=FACE_BOUND('',#8377,.T.);
#8922=FACE_BOUND('',#8378,.T.);
#8923=FACE_BOUND('',#8379,.T.);
#8924=FACE_BOUND('',#8380,.T.);
#8925=FACE_BOUND('',#8381,.T.);
#8926=FACE_BOUND('',#8382,.T.);
#8927=FACE_BOUND('',#8383,.T.);
#8928=FACE_BOUND('',#8384,.T.);
#8929=FACE_BOUND('',#8385,.T.);
#8930=FACE_BOUND('',#8386,.T.);
#8931=FACE_BOUND('',#8387,.T.);
#8932=FACE_BOUND('',#8388,.T.);
#8933=FACE_BOUND('',#8389,.T.);
#8934=FACE_BOUND('',#8390,.T.);
#8935=FACE_BOUND('',#8391,.T.);
#8936=FACE_BOUND('',#8392,.T.);
#8937=FACE_BOUND('',#8393,.T.);
#8938=FACE_BOUND('',#8394,.T.);
#8939=FACE_BOUND('',#8395,.T.);
#8940=FACE_BOUND('',#8396,.T.);
#8941=FACE_BOUND('',#8397,.T.);
#8942=FACE_BOUND('',#8398,.T.);
#8943=FACE_BOUND('',#8399,.T.);
#8944=FACE_BOUND('',#8400,.T.);
#8945=FACE_BOUND('',#8401,.T.);
#8946=FACE_BOUND('',#8402,.T.);
#8947=FACE_BOUND('',#8403,.T.);
#8948=FACE_BOUND('',#8404,.T.);
#8949=FACE_BOUND('',#8405,.T.);
#8950=FACE_BOUND('',#8406,.T.);
#8951=FACE_BOUND('',#8407,.T.);
#8952=FACE_BOUND('',#8408,.T.);
#8953=FACE_BOUND('',#8409,.T.);
#8954=FACE_BOUND('',#8410,.T.);
#8955=FACE_BOUND('',#8411,.T.);
#8956=FACE_BOUND('',#8412,.T.);
#8957=FACE_BOUND('',#8413,.T.);
#8958=FACE_BOUND('',#8414,.T.);
#8959=FACE_BOUND('',#8415,.T.);
#8960=FACE_BOUND('',#8416,.T.);
#8961=FACE_BOUND('',#8417,.T.);
#8962=FACE_BOUND('',#8418,.T.);
#8963=FACE_BOUND('',#8419,.T.);
#8964=FACE_BOUND('',#8420,.T.);
#8965=FACE_BOUND('',#8421,.T.);
#8966=FACE_BOUND('',#8422,.T.);
#8967=FACE_BOUND('',#8423,.T.);
#8968=FACE_BOUND('',#8424,.T.);
#8969=FACE_BOUND('',#8425,.T.);
#8970=FACE_BOUND('',#8426,.T.);
#8971=FACE_BOUND('',#8427,.T.);
#8972=FACE_BOUND('',#8428,.T.);
#8973=FACE_BOUND('',#8429,.T.);
#8974=FACE_BOUND('',#8430,.T.);
#8975=FACE_BOUND('',#8431,.T.);
#8976=FACE_BOUND('',#8432,.T.);
#8977=FACE_BOUND('',#8433,.T.);
#8978=FACE_BOUND('',#8434,.T.);
#8979=FACE_BOUND('',#8435,.T.);
#8980=FACE_BOUND('',#8436,.T.);
#8981=FACE_BOUND('',#8437,.T.);
#8982=FACE_BOUND('',#8438,.T.);
#8983=FACE_BOUND('',#8439,.T.);
#8984=FACE_BOUND('',#8440,.T.);
#8985=FACE_BOUND('',#8441,.T.);
#8986=FACE_BOUND('',#8442,.T.);
#8987=FACE_BOUND('',#8443,.T.);
#8988=FACE_BOUND('',#8444,.T.);
#8989=FACE_BOUND('',#8445,.T.);
#8990=FACE_BOUND('',#8446,.T.);
#8991=FACE_BOUND('',#8447,.T.);
#8992=FACE_BOUND('',#8448,.T.);
#8993=FACE_BOUND('',#8449,.T.);
#8994=FACE_BOUND('',#8450,.T.);
#8995=FACE_BOUND('',#8451,.T.);
#8996=FACE_BOUND('',#8452,.T.);
#8997=FACE_BOUND('',#8453,.T.);
#8998=FACE_BOUND('',#8454,.T.);
#8999=FACE_BOUND('',#8455,.T.);
#9000=FACE_BOUND('',#8456,.T.);
#9001=FACE_BOUND('',#8457,.T.);
#9002=FACE_BOUND('',#8458,.T.);
#9003=FACE_BOUND('',#8459,.T.);
#9004=FACE_BOUND('',#8460,.T.);
#9005=FACE_BOUND('',#8461,.T.);
#9006=FACE_BOUND('',#8462,.T.);
#9007=FACE_BOUND('',#8463,.T.);
#9008=FACE_BOUND('',#8464,.T.);
#9009=FACE_BOUND('',#8465,.T.);
#9010=FACE_BOUND('',#8466,.T.);
#9011=FACE_BOUND('',#8467,.T.);
#9012=FACE_BOUND('',#8468,.T.);
#9013=FACE_BOUND('',#8469,.T.);
#9014=FACE_BOUND('',#8470,.T.);
#9015=FACE_BOUND('',#8471,.T.);
#9016=FACE_BOUND('',#8472,.T.);
#9017=FACE_BOUND('',#8473,.T.);
#9018=FACE_BOUND('',#8474,.T.);
#9019=FACE_BOUND('',#8475,.T.);
#9020=FACE_BOUND('',#8476,.T.);
#9021=FACE_BOUND('',#8477,.T.);
#9022=FACE_BOUND('',#8478,.T.);
#9023=FACE_BOUND('',#8479,.T.);
#9024=FACE_BOUND('',#8480,.T.);
#9025=FACE_BOUND('',#8481,.T.);
#9026=FACE_BOUND('',#8482,.T.);
#9027=FACE_BOUND('',#8483,.T.);
#9028=FACE_BOUND('',#8484,.T.);
#9029=FACE_BOUND('',#8485,.T.);
#9030=FACE_BOUND('',#8486,.T.);
#9031=FACE_BOUND('',#8487,.T.);
#9032=FACE_BOUND('',#8488,.T.);
#9033=FACE_BOUND('',#8489,.T.);
#9034=FACE_BOUND('',#8490,.T.);
#9035=FACE_BOUND('',#8491,.T.);
#9036=FACE_BOUND('',#8492,.T.);
#9037=FACE_BOUND('',#8493,.T.);
#9038=FACE_BOUND('',#8494,.T.);
#9039=FACE_BOUND('',#8495,.T.);
#9040=FACE_BOUND('',#8496,.T.);
#9041=FACE_BOUND('',#8497,.T.);
#9042=FACE_BOUND('',#8498,.T.);
#9043=FACE_BOUND('',#8499,.T.);
#9044=FACE_BOUND('',#8500,.T.);
#9045=FACE_BOUND('',#8501,.T.);
#9046=FACE_BOUND('',#8502,.T.);
#9047=FACE_BOUND('',#8503,.T.);
#9048=FACE_BOUND('',#8504,.T.);
#9049=FACE_BOUND('',#8505,.T.);
#9050=FACE_BOUND('',#8506,.T.);
#9051=FACE_BOUND('',#8507,.T.);
#9052=FACE_BOUND('',#8508,.T.);
#9053=FACE_BOUND('',#8509,.T.);
#9054=FACE_BOUND('',#8510,.T.);
#9055=FACE_BOUND('',#8511,.T.);
#9056=FACE_BOUND('',#8512,.T.);
#9057=FACE_BOUND('',#8513,.T.);
#9058=FACE_BOUND('',#8514,.T.);
#9059=FACE_BOUND('',#8515,.T.);
#9060=FACE_BOUND('',#8516,.T.);
#9061=FACE_BOUND('',#8517,.T.);
#9062=FACE_BOUND('',#8518,.T.);
#9063=FACE_BOUND('',#8519,.T.);
#9064=FACE_BOUND('',#8520,.T.);
#9065=FACE_BOUND('',#8521,.T.);
#9066=FACE_BOUND('',#8522,.T.);
#9067=FACE_BOUND('',#8523,.T.);
#9068=FACE_BOUND('',#8524,.T.);
#9069=FACE_BOUND('',#8525,.T.);
#9070=FACE_BOUND('',#8526,.T.);
#9071=FACE_BOUND('',#8527,.T.);
#9072=FACE_BOUND('',#8528,.T.);
#9073=FACE_BOUND('',#8529,.T.);
#9074=FACE_BOUND('',#8530,.T.);
#9075=FACE_BOUND('',#8531,.T.);
#9076=FACE_BOUND('',#8532,.T.);
#9077=FACE_BOUND('',#8533,.T.);
#9078=FACE_BOUND('',#8534,.T.);
#9079=FACE_BOUND('',#8535,.T.);
#9080=FACE_BOUND('',#8536,.T.);
#9081=FACE_BOUND('',#8537,.T.);
#9082=FACE_BOUND('',#8538,.T.);
#9083=FACE_BOUND('',#8539,.T.);
#9084=FACE_BOUND('',#8540,.T.);
#9085=FACE_BOUND('',#8541,.T.);
#9086=FACE_BOUND('',#8542,.T.);
#9087=FACE_BOUND('',#8543,.T.);
#9088=FACE_BOUND('',#8544,.T.);
#9089=FACE_BOUND('',#8545,.T.);
#9090=FACE_BOUND('',#8546,.T.);
#9091=FACE_BOUND('',#8547,.T.);
#9092=FACE_BOUND('',#8548,.T.);
#9093=FACE_BOUND('',#8549,.T.);
#9094=FACE_BOUND('',#8550,.T.);
#9095=FACE_BOUND('',#8551,.T.);
#9096=FACE_BOUND('',#8552,.T.);
#9097=FACE_BOUND('',#8553,.T.);
#9098=FACE_BOUND('',#8554,.T.);
#9099=FACE_BOUND('',#8555,.T.);
#9100=FACE_BOUND('',#8556,.T.);
#9101=FACE_BOUND('',#8557,.T.);
#9102=FACE_BOUND('',#8558,.T.);
#9103=FACE_BOUND('',#8559,.T.);
#9104=FACE_BOUND('',#8560,.T.);
#9105=FACE_BOUND('',#8561,.T.);
#9106=FACE_BOUND('',#8562,.T.);
#9107=FACE_BOUND('',#8563,.T.);
#9108=FACE_BOUND('',#8564,.T.);
#9109=FACE_BOUND('',#8565,.T.);
#9110=FACE_BOUND('',#8566,.T.);
#9111=FACE_BOUND('',#8567,.T.);
#9112=FACE_BOUND('',#8568,.T.);
#9113=FACE_BOUND('',#8569,.T.);
#9114=FACE_BOUND('',#8570,.T.);
#9115=FACE_BOUND('',#8571,.T.);
#9116=FACE_BOUND('',#8572,.T.);
#9117=FACE_BOUND('',#8573,.T.);
#9118=FACE_BOUND('',#8574,.T.);
#9119=FACE_BOUND('',#8575,.T.);
#9120=FACE_BOUND('',#8576,.T.);
#9121=FACE_BOUND('',#8577,.T.);
#9122=FACE_BOUND('',#8578,.T.);
#9123=FACE_BOUND('',#8579,.T.);
#9124=FACE_BOUND('',#8580,.T.);
#9125=FACE_BOUND('',#8581,.T.);
#9126=FACE_BOUND('',#8582,.T.);
#9127=FACE_BOUND('',#8583,.T.);
#9128=FACE_BOUND('',#8584,.T.);
#9129=FACE_BOUND('',#8585,.T.);
#9130=FACE_BOUND('',#8586,.T.);
#9131=FACE_BOUND('',#8587,.T.);
#9132=FACE_BOUND('',#8588,.T.);
#9133=FACE_BOUND('',#8589,.T.);
#9134=FACE_BOUND('',#8590,.T.);
#9135=FACE_BOUND('',#8591,.T.);
#9136=FACE_BOUND('',#8592,.T.);
#9137=FACE_BOUND('',#8593,.T.);
#9138=FACE_BOUND('',#8594,.T.);
#9139=FACE_BOUND('',#8595,.T.);
#9140=FACE_BOUND('',#8596,.T.);
#9141=FACE_BOUND('',#8597,.T.);
#9142=FACE_BOUND('',#8598,.T.);
#9143=FACE_BOUND('',#8599,.T.);
#9144=FACE_BOUND('',#8600,.T.);
#9145=FACE_BOUND('',#8601,.T.);
#9146=FACE_BOUND('',#8602,.T.);
#9147=FACE_BOUND('',#8603,.T.);
#9148=FACE_BOUND('',#8604,.T.);
#9149=FACE_BOUND('',#8605,.T.);
#9150=FACE_BOUND('',#8606,.T.);
#9151=FACE_BOUND('',#8607,.T.);
#9152=FACE_BOUND('',#8608,.T.);
#9153=FACE_BOUND('',#8609,.T.);
#9154=FACE_BOUND('',#8610,.T.);
#9155=FACE_BOUND('',#8611,.T.);
#9156=FACE_BOUND('',#8612,.T.);
#9157=FACE_BOUND('',#8613,.T.);
#9158=FACE_BOUND('',#8614,.T.);
#9159=FACE_BOUND('',#8615,.T.);
#9160=FACE_BOUND('',#8616,.T.);
#9161=FACE_BOUND('',#8617,.T.);
#9162=FACE_BOUND('',#8618,.T.);
#9163=FACE_BOUND('',#8619,.T.);
#9164=FACE_BOUND('',#8620,.T.);
#9165=FACE_BOUND('',#8621,.T.);
#9166=FACE_BOUND('',#8622,.T.);
#9167=FACE_BOUND('',#8623,.T.);
#9168=FACE_BOUND('',#8624,.T.);
#9169=FACE_BOUND('',#8625,.T.);
#9170=FACE_BOUND('',#8626,.T.);
#9171=FACE_BOUND('',#8627,.T.);
#9172=FACE_BOUND('',#8628,.T.);
#9173=FACE_BOUND('',#8629,.T.);
#9174=FACE_BOUND('',#8630,.T.);
#9175=FACE_BOUND('',#8631,.T.);
#9176=FACE_BOUND('',#8632,.T.);
#9177=FACE_BOUND('',#8633,.T.);
#9178=FACE_BOUND('',#8634,.T.);
#9179=FACE_BOUND('',#8635,.T.);
#9180=FACE_BOUND('',#8636,.T.);
#9181=FACE_BOUND('',#8637,.T.);
#9182=FACE_BOUND('',#8638,.T.);
#9183=FACE_BOUND('',#8639,.T.);
#9184=FACE_BOUND('',#8640,.T.);
#9185=FACE_BOUND('',#8641,.T.);
#9186=FACE_BOUND('',#8642,.T.);
#9187=FACE_BOUND('',#8643,.T.);
#9188=FACE_BOUND('',#8644,.T.);
#9189=FACE_BOUND('',#8645,.T.);
#9190=FACE_BOUND('',#8646,.T.);
#9191=FACE_BOUND('',#8647,.T.);
#9192=FACE_BOUND('',#8648,.T.);
#9193=FACE_BOUND('',#8649,.T.);
#9194=FACE_BOUND('',#8650,.T.);
#9195=FACE_BOUND('',#8651,.T.);
#9196=FACE_BOUND('',#8652,.T.);
#9197=FACE_BOUND('',#8653,.T.);
#9198=FACE_BOUND('',#8654,.T.);
#9199=FACE_BOUND('',#8655,.T.);
#9200=FACE_BOUND('',#8656,.T.);
#9201=FACE_BOUND('',#8657,.T.);
#9202=FACE_BOUND('',#8658,.T.);
#9203=FACE_BOUND('',#8659,.T.);
#9204=FACE_BOUND('',#8660,.T.);
#9205=FACE_BOUND('',#8661,.T.);
#9206=FACE_BOUND('',#8662,.T.);
#9207=FACE_BOUND('',#8663,.T.);
#9208=FACE_BOUND('',#8664,.T.);
#9209=FACE_BOUND('',#8665,.T.);
#9210=FACE_BOUND('',#8666,.T.);
#9211=FACE_BOUND('',#8667,.T.);
#9212=FACE_BOUND('',#8668,.T.);
#9213=FACE_BOUND('',#8669,.T.);
#9214=FACE_BOUND('',#8670,.T.);
#9215=FACE_BOUND('',#8671,.T.);
#9216=FACE_BOUND('',#8672,.T.);
#9217=FACE_BOUND('',#8673,.T.);
#9218=FACE_BOUND('',#8674,.T.);
#9219=FACE_BOUND('',#8675,.T.);
#9220=FACE_BOUND('',#8676,.T.);
#9221=FACE_BOUND('',#8677,.T.);
#9222=FACE_BOUND('',#8678,.T.);
#9223=FACE_BOUND('',#8679,.T.);
#9224=FACE_BOUND('',#8680,.T.);
#9225=FACE_BOUND('',#8681,.T.);
#9226=FACE_BOUND('',#8682,.T.);
#9227=FACE_BOUND('',#8683,.T.);
#9228=FACE_BOUND('',#8684,.T.);
#9229=FACE_BOUND('',#8685,.T.);
#9230=FACE_BOUND('',#8686,.T.);
#9231=FACE_BOUND('',#8687,.T.);
#9232=FACE_BOUND('',#8688,.T.);
#9233=FACE_BOUND('',#8689,.T.);
#9234=FACE_BOUND('',#8690,.T.);
#9235=FACE_BOUND('',#8691,.T.);
#9236=FACE_BOUND('',#8692,.T.);
#9237=FACE_BOUND('',#8693,.T.);
#9238=FACE_BOUND('',#8694,.T.);
#9239=FACE_BOUND('',#8695,.T.);
#9240=FACE_BOUND('',#8696,.T.);
#9241=FACE_BOUND('',#8697,.T.);
#9242=FACE_BOUND('',#8698,.T.);
#9243=FACE_BOUND('',#8699,.T.);
#9244=FACE_BOUND('',#8700,.T.);
#9245=FACE_BOUND('',#8701,.T.);
#9246=FACE_BOUND('',#8702,.T.);
#9247=FACE_BOUND('',#8703,.T.);
#9248=FACE_BOUND('',#8704,.T.);
#9249=FACE_BOUND('',#8705,.T.);
#9250=FACE_BOUND('',#8706,.T.);
#9251=FACE_BOUND('',#8707,.T.);
#9252=FACE_BOUND('',#8708,.T.);
#9253=FACE_BOUND('',#8709,.T.);
#9254=FACE_BOUND('',#8710,.T.);
#9255=FACE_BOUND('',#8711,.T.);
#9256=FACE_BOUND('',#8712,.T.);
#9257=FACE_BOUND('',#8713,.T.);
#9258=FACE_BOUND('',#8714,.T.);
#9259=FACE_BOUND('',#8715,.T.);
#9260=FACE_BOUND('',#8716,.T.);
#9261=FACE_BOUND('',#8717,.T.);
#9262=FACE_BOUND('',#8718,.T.);
#9263=FACE_BOUND('',#8719,.T.);
#9264=FACE_BOUND('',#8720,.T.);
#9265=FACE_BOUND('',#8721,.T.);
#9266=FACE_BOUND('',#8722,.T.);
#9267=FACE_BOUND('',#8723,.T.);
#9268=FACE_BOUND('',#8724,.T.);
#9269=FACE_BOUND('',#8725,.T.);
#9270=FACE_BOUND('',#8726,.T.);
#9271=FACE_BOUND('',#8727,.T.);
#9272=FACE_BOUND('',#8728,.T.);
#9273=FACE_BOUND('',#8729,.T.);
#9274=FACE_BOUND('',#8730,.T.);
#9275=FACE_BOUND('',#8731,.T.);
#9276=FACE_BOUND('',#8732,.T.);
#9277=FACE_BOUND('',#8733,.T.);
#9278=FACE_BOUND('',#8734,.T.);
#9279=FACE_BOUND('',#8735,.T.);
#9280=FACE_BOUND('',#8736,.T.);
#9281=FACE_BOUND('',#8737,.T.);
#9282=FACE_BOUND('',#8738,.T.);
#9283=FACE_BOUND('',#8739,.T.);
#9284=FACE_BOUND('',#8740,.T.);
#9285=FACE_BOUND('',#8741,.T.);
#9286=FACE_BOUND('',#8742,.T.);
#9287=FACE_BOUND('',#8743,.T.);
#9288=FACE_BOUND('',#8744,.T.);
#9289=PLANE('',#9955);
#9290=PLANE('',#9962);
#9291=PLANE('',#9981);
#9292=PLANE('',#9991);
#9293=PLANE('',#10001);
#9294=PLANE('',#10011);
#9295=PLANE('',#10021);
#9296=PLANE('',#10031);
#9297=PLANE('',#10041);
#9298=PLANE('',#10051);
#9299=PLANE('',#10061);
#9300=PLANE('',#10071);
#9301=PLANE('',#10081);
#9302=PLANE('',#10091);
#9303=PLANE('',#10101);
#9304=PLANE('',#10111);
#9305=PLANE('',#10121);
#9306=PLANE('',#10131);
#9307=PLANE('',#10141);
#9308=PLANE('',#10151);
#9309=PLANE('',#10161);
#9310=PLANE('',#10171);
#9311=PLANE('',#10181);
#9312=PLANE('',#10191);
#9313=PLANE('',#10201);
#9314=PLANE('',#10211);
#9315=PLANE('',#10221);
#9316=PLANE('',#10231);
#9317=PLANE('',#10241);
#9318=PLANE('',#10251);
#9319=PLANE('',#10261);
#9320=PLANE('',#10271);
#9321=PLANE('',#10281);
#9322=PLANE('',#10291);
#9323=PLANE('',#10301);
#9324=PLANE('',#10311);
#9325=PLANE('',#10321);
#9326=PLANE('',#10331);
#9327=PLANE('',#10341);
#9328=PLANE('',#10351);
#9329=PLANE('',#10361);
#9330=PLANE('',#10371);
#9331=PLANE('',#10381);
#9332=PLANE('',#10391);
#9333=PLANE('',#10401);
#9334=PLANE('',#10411);
#9335=PLANE('',#10421);
#9336=PLANE('',#10431);
#9337=PLANE('',#10441);
#9338=PLANE('',#10451);
#9339=PLANE('',#10461);
#9340=PLANE('',#10471);
#9341=PLANE('',#10481);
#9342=PLANE('',#10491);
#9343=PLANE('',#10501);
#9344=PLANE('',#10511);
#9345=PLANE('',#10521);
#9346=PLANE('',#10531);
#9347=PLANE('',#10541);
#9348=PLANE('',#10551);
#9349=PLANE('',#10561);
#9350=PLANE('',#10571);
#9351=PLANE('',#10581);
#9352=PLANE('',#10591);
#9353=PLANE('',#10601);
#9354=PLANE('',#10611);
#9355=PLANE('',#10621);
#9356=PLANE('',#10631);
#9357=PLANE('',#10641);
#9358=PLANE('',#10651);
#9359=PLANE('',#10661);
#9360=PLANE('',#10671);
#9361=PLANE('',#10681);
#9362=PLANE('',#10691);
#9363=PLANE('',#10701);
#9364=PLANE('',#10711);
#9365=PLANE('',#10721);
#9366=PLANE('',#10731);
#9367=PLANE('',#10741);
#9368=PLANE('',#10751);
#9369=PLANE('',#10761);
#9370=PLANE('',#10771);
#9371=PLANE('',#10781);
#9372=PLANE('',#10791);
#9373=PLANE('',#10801);
#9374=PLANE('',#10811);
#9375=PLANE('',#10821);
#9376=PLANE('',#10831);
#9377=PLANE('',#10841);
#9378=PLANE('',#10851);
#9379=PLANE('',#10861);
#9380=PLANE('',#10871);
#9381=PLANE('',#10881);
#9382=PLANE('',#10891);
#9383=PLANE('',#10901);
#9384=PLANE('',#10911);
#9385=PLANE('',#10921);
#9386=PLANE('',#10931);
#9387=PLANE('',#10941);
#9388=PLANE('',#10951);
#9389=PLANE('',#10961);
#9390=PLANE('',#10971);
#9391=PLANE('',#10981);
#9392=PLANE('',#10991);
#9393=PLANE('',#11001);
#9394=PLANE('',#11011);
#9395=PLANE('',#11021);
#9396=PLANE('',#11031);
#9397=PLANE('',#11041);
#9398=PLANE('',#11051);
#9399=PLANE('',#11061);
#9400=PLANE('',#11071);
#9401=PLANE('',#11081);
#9402=PLANE('',#11091);
#9403=PLANE('',#11101);
#9404=PLANE('',#11111);
#9405=PLANE('',#11121);
#9406=PLANE('',#11131);
#9407=PLANE('',#11141);
#9408=PLANE('',#11151);
#9409=PLANE('',#11161);
#9410=PLANE('',#11165);
#9411=PLANE('',#11168);
#9412=PLANE('',#11173);
#9413=PLANE('',#11177);
#9414=PLANE('',#11179);
#9415=PLANE('',#11180);
#9416=PLANE('',#11183);
#9417=PLANE('',#11184);
#9418=PLANE('',#11185);
#9419=PLANE('',#11188);
#9420=PLANE('',#11189);
#9421=PLANE('',#11192);
#9422=PLANE('',#11212);
#9423=PLANE('',#11213);
#9424=PLANE('',#11214);
#9425=PLANE('',#11215);
#9426=ADVANCED_FACE('',(#8745,#8746,#8747,#8748,#8749,#8750,#8751),#9289,
 .F.);
#9427=ADVANCED_FACE('',(#8752,#8753,#8754,#8755,#8756,#8757,#8758),#9290,
 .T.);
#9428=ADVANCED_FACE('',(#8759,#8760),#20,.T.);
#9429=ADVANCED_FACE('',(#8761),#21,.T.);
#9430=ADVANCED_FACE('',(#8762),#22,.T.);
#9431=ADVANCED_FACE('',(#8763),#23,.T.);
#9432=ADVANCED_FACE('',(#8764),#9291,.F.);
#9433=ADVANCED_FACE('',(#8765),#24,.T.);
#9434=ADVANCED_FACE('',(#8766),#25,.T.);
#9435=ADVANCED_FACE('',(#8767),#26,.T.);
#9436=ADVANCED_FACE('',(#8768),#9292,.F.);
#9437=ADVANCED_FACE('',(#8769),#27,.T.);
#9438=ADVANCED_FACE('',(#8770),#28,.T.);
#9439=ADVANCED_FACE('',(#8771),#29,.T.);
#9440=ADVANCED_FACE('',(#8772),#9293,.F.);
#9441=ADVANCED_FACE('',(#8773),#30,.T.);
#9442=ADVANCED_FACE('',(#8774),#31,.T.);
#9443=ADVANCED_FACE('',(#8775),#32,.T.);
#9444=ADVANCED_FACE('',(#8776),#9294,.F.);
#9445=ADVANCED_FACE('',(#8777),#33,.T.);
#9446=ADVANCED_FACE('',(#8778),#34,.T.);
#9447=ADVANCED_FACE('',(#8779),#35,.T.);
#9448=ADVANCED_FACE('',(#8780),#9295,.F.);
#9449=ADVANCED_FACE('',(#8781),#36,.T.);
#9450=ADVANCED_FACE('',(#8782),#37,.T.);
#9451=ADVANCED_FACE('',(#8783),#38,.T.);
#9452=ADVANCED_FACE('',(#8784),#9296,.F.);
#9453=ADVANCED_FACE('',(#8785),#39,.T.);
#9454=ADVANCED_FACE('',(#8786),#40,.T.);
#9455=ADVANCED_FACE('',(#8787),#41,.T.);
#9456=ADVANCED_FACE('',(#8788),#9297,.F.);
#9457=ADVANCED_FACE('',(#8789),#42,.T.);
#9458=ADVANCED_FACE('',(#8790),#43,.T.);
#9459=ADVANCED_FACE('',(#8791),#44,.T.);
#9460=ADVANCED_FACE('',(#8792),#9298,.F.);
#9461=ADVANCED_FACE('',(#8793),#45,.T.);
#9462=ADVANCED_FACE('',(#8794),#46,.T.);
#9463=ADVANCED_FACE('',(#8795),#47,.T.);
#9464=ADVANCED_FACE('',(#8796),#9299,.F.);
#9465=ADVANCED_FACE('',(#8797),#48,.T.);
#9466=ADVANCED_FACE('',(#8798),#49,.T.);
#9467=ADVANCED_FACE('',(#8799),#50,.T.);
#9468=ADVANCED_FACE('',(#8800),#9300,.F.);
#9469=ADVANCED_FACE('',(#8801),#51,.T.);
#9470=ADVANCED_FACE('',(#8802),#52,.T.);
#9471=ADVANCED_FACE('',(#8803),#53,.T.);
#9472=ADVANCED_FACE('',(#8804),#9301,.F.);
#9473=ADVANCED_FACE('',(#8805),#54,.T.);
#9474=ADVANCED_FACE('',(#8806),#55,.T.);
#9475=ADVANCED_FACE('',(#8807),#56,.T.);
#9476=ADVANCED_FACE('',(#8808),#9302,.F.);
#9477=ADVANCED_FACE('',(#8809),#57,.T.);
#9478=ADVANCED_FACE('',(#8810),#58,.T.);
#9479=ADVANCED_FACE('',(#8811),#59,.T.);
#9480=ADVANCED_FACE('',(#8812),#9303,.F.);
#9481=ADVANCED_FACE('',(#8813),#60,.T.);
#9482=ADVANCED_FACE('',(#8814),#61,.T.);
#9483=ADVANCED_FACE('',(#8815),#62,.T.);
#9484=ADVANCED_FACE('',(#8816),#9304,.F.);
#9485=ADVANCED_FACE('',(#8817),#63,.T.);
#9486=ADVANCED_FACE('',(#8818),#64,.T.);
#9487=ADVANCED_FACE('',(#8819),#65,.T.);
#9488=ADVANCED_FACE('',(#8820),#9305,.F.);
#9489=ADVANCED_FACE('',(#8821),#66,.T.);
#9490=ADVANCED_FACE('',(#8822),#67,.T.);
#9491=ADVANCED_FACE('',(#8823),#68,.T.);
#9492=ADVANCED_FACE('',(#8824),#9306,.F.);
#9493=ADVANCED_FACE('',(#8825),#69,.T.);
#9494=ADVANCED_FACE('',(#8826),#70,.T.);
#9495=ADVANCED_FACE('',(#8827),#71,.T.);
#9496=ADVANCED_FACE('',(#8828),#9307,.F.);
#9497=ADVANCED_FACE('',(#8829),#72,.T.);
#9498=ADVANCED_FACE('',(#8830),#73,.T.);
#9499=ADVANCED_FACE('',(#8831),#74,.T.);
#9500=ADVANCED_FACE('',(#8832),#9308,.F.);
#9501=ADVANCED_FACE('',(#8833),#75,.T.);
#9502=ADVANCED_FACE('',(#8834),#76,.T.);
#9503=ADVANCED_FACE('',(#8835),#77,.T.);
#9504=ADVANCED_FACE('',(#8836),#9309,.F.);
#9505=ADVANCED_FACE('',(#8837),#78,.T.);
#9506=ADVANCED_FACE('',(#8838),#79,.T.);
#9507=ADVANCED_FACE('',(#8839),#80,.T.);
#9508=ADVANCED_FACE('',(#8840),#9310,.F.);
#9509=ADVANCED_FACE('',(#8841),#81,.T.);
#9510=ADVANCED_FACE('',(#8842),#82,.T.);
#9511=ADVANCED_FACE('',(#8843),#83,.T.);
#9512=ADVANCED_FACE('',(#8844),#9311,.F.);
#9513=ADVANCED_FACE('',(#8845),#84,.T.);
#9514=ADVANCED_FACE('',(#8846),#85,.T.);
#9515=ADVANCED_FACE('',(#8847),#86,.T.);
#9516=ADVANCED_FACE('',(#8848),#9312,.F.);
#9517=ADVANCED_FACE('',(#8849),#87,.T.);
#9518=ADVANCED_FACE('',(#8850),#88,.T.);
#9519=ADVANCED_FACE('',(#8851),#89,.T.);
#9520=ADVANCED_FACE('',(#8852),#9313,.F.);
#9521=ADVANCED_FACE('',(#8853),#90,.T.);
#9522=ADVANCED_FACE('',(#8854),#91,.T.);
#9523=ADVANCED_FACE('',(#8855),#92,.T.);
#9524=ADVANCED_FACE('',(#8856),#9314,.F.);
#9525=ADVANCED_FACE('',(#8857),#93,.T.);
#9526=ADVANCED_FACE('',(#8858),#94,.T.);
#9527=ADVANCED_FACE('',(#8859),#95,.T.);
#9528=ADVANCED_FACE('',(#8860),#9315,.F.);
#9529=ADVANCED_FACE('',(#8861),#96,.T.);
#9530=ADVANCED_FACE('',(#8862),#97,.T.);
#9531=ADVANCED_FACE('',(#8863),#98,.T.);
#9532=ADVANCED_FACE('',(#8864),#9316,.F.);
#9533=ADVANCED_FACE('',(#8865),#99,.T.);
#9534=ADVANCED_FACE('',(#8866),#100,.T.);
#9535=ADVANCED_FACE('',(#8867),#101,.T.);
#9536=ADVANCED_FACE('',(#8868),#9317,.F.);
#9537=ADVANCED_FACE('',(#8869),#102,.T.);
#9538=ADVANCED_FACE('',(#8870),#103,.T.);
#9539=ADVANCED_FACE('',(#8871),#104,.T.);
#9540=ADVANCED_FACE('',(#8872),#9318,.F.);
#9541=ADVANCED_FACE('',(#8873),#105,.T.);
#9542=ADVANCED_FACE('',(#8874),#106,.T.);
#9543=ADVANCED_FACE('',(#8875),#107,.T.);
#9544=ADVANCED_FACE('',(#8876),#9319,.F.);
#9545=ADVANCED_FACE('',(#8877),#108,.T.);
#9546=ADVANCED_FACE('',(#8878),#109,.T.);
#9547=ADVANCED_FACE('',(#8879),#110,.T.);
#9548=ADVANCED_FACE('',(#8880),#9320,.F.);
#9549=ADVANCED_FACE('',(#8881),#111,.T.);
#9550=ADVANCED_FACE('',(#8882),#112,.T.);
#9551=ADVANCED_FACE('',(#8883),#113,.T.);
#9552=ADVANCED_FACE('',(#8884),#9321,.F.);
#9553=ADVANCED_FACE('',(#8885),#114,.T.);
#9554=ADVANCED_FACE('',(#8886),#115,.T.);
#9555=ADVANCED_FACE('',(#8887),#116,.T.);
#9556=ADVANCED_FACE('',(#8888),#9322,.F.);
#9557=ADVANCED_FACE('',(#8889),#117,.T.);
#9558=ADVANCED_FACE('',(#8890),#118,.T.);
#9559=ADVANCED_FACE('',(#8891),#119,.T.);
#9560=ADVANCED_FACE('',(#8892),#9323,.F.);
#9561=ADVANCED_FACE('',(#8893),#120,.T.);
#9562=ADVANCED_FACE('',(#8894),#121,.T.);
#9563=ADVANCED_FACE('',(#8895),#122,.T.);
#9564=ADVANCED_FACE('',(#8896),#9324,.F.);
#9565=ADVANCED_FACE('',(#8897),#123,.T.);
#9566=ADVANCED_FACE('',(#8898),#124,.T.);
#9567=ADVANCED_FACE('',(#8899),#125,.T.);
#9568=ADVANCED_FACE('',(#8900),#9325,.F.);
#9569=ADVANCED_FACE('',(#8901),#126,.T.);
#9570=ADVANCED_FACE('',(#8902),#127,.T.);
#9571=ADVANCED_FACE('',(#8903),#128,.T.);
#9572=ADVANCED_FACE('',(#8904),#9326,.F.);
#9573=ADVANCED_FACE('',(#8905),#129,.T.);
#9574=ADVANCED_FACE('',(#8906),#130,.T.);
#9575=ADVANCED_FACE('',(#8907),#131,.T.);
#9576=ADVANCED_FACE('',(#8908),#9327,.F.);
#9577=ADVANCED_FACE('',(#8909),#132,.T.);
#9578=ADVANCED_FACE('',(#8910),#133,.T.);
#9579=ADVANCED_FACE('',(#8911),#134,.T.);
#9580=ADVANCED_FACE('',(#8912),#9328,.F.);
#9581=ADVANCED_FACE('',(#8913),#135,.T.);
#9582=ADVANCED_FACE('',(#8914),#136,.T.);
#9583=ADVANCED_FACE('',(#8915),#137,.T.);
#9584=ADVANCED_FACE('',(#8916),#9329,.F.);
#9585=ADVANCED_FACE('',(#8917),#138,.T.);
#9586=ADVANCED_FACE('',(#8918),#139,.T.);
#9587=ADVANCED_FACE('',(#8919),#140,.T.);
#9588=ADVANCED_FACE('',(#8920),#9330,.F.);
#9589=ADVANCED_FACE('',(#8921),#141,.T.);
#9590=ADVANCED_FACE('',(#8922),#142,.T.);
#9591=ADVANCED_FACE('',(#8923),#143,.T.);
#9592=ADVANCED_FACE('',(#8924),#9331,.F.);
#9593=ADVANCED_FACE('',(#8925),#144,.T.);
#9594=ADVANCED_FACE('',(#8926),#145,.T.);
#9595=ADVANCED_FACE('',(#8927),#146,.T.);
#9596=ADVANCED_FACE('',(#8928),#9332,.F.);
#9597=ADVANCED_FACE('',(#8929),#147,.T.);
#9598=ADVANCED_FACE('',(#8930),#148,.T.);
#9599=ADVANCED_FACE('',(#8931),#149,.T.);
#9600=ADVANCED_FACE('',(#8932),#9333,.F.);
#9601=ADVANCED_FACE('',(#8933),#150,.T.);
#9602=ADVANCED_FACE('',(#8934),#151,.T.);
#9603=ADVANCED_FACE('',(#8935),#152,.T.);
#9604=ADVANCED_FACE('',(#8936),#9334,.F.);
#9605=ADVANCED_FACE('',(#8937),#153,.T.);
#9606=ADVANCED_FACE('',(#8938),#154,.T.);
#9607=ADVANCED_FACE('',(#8939),#155,.T.);
#9608=ADVANCED_FACE('',(#8940),#9335,.F.);
#9609=ADVANCED_FACE('',(#8941),#156,.T.);
#9610=ADVANCED_FACE('',(#8942),#157,.T.);
#9611=ADVANCED_FACE('',(#8943),#158,.T.);
#9612=ADVANCED_FACE('',(#8944),#9336,.F.);
#9613=ADVANCED_FACE('',(#8945),#159,.T.);
#9614=ADVANCED_FACE('',(#8946),#160,.T.);
#9615=ADVANCED_FACE('',(#8947),#161,.T.);
#9616=ADVANCED_FACE('',(#8948),#9337,.F.);
#9617=ADVANCED_FACE('',(#8949),#162,.T.);
#9618=ADVANCED_FACE('',(#8950),#163,.T.);
#9619=ADVANCED_FACE('',(#8951),#164,.T.);
#9620=ADVANCED_FACE('',(#8952),#9338,.F.);
#9621=ADVANCED_FACE('',(#8953),#165,.T.);
#9622=ADVANCED_FACE('',(#8954),#166,.T.);
#9623=ADVANCED_FACE('',(#8955),#167,.T.);
#9624=ADVANCED_FACE('',(#8956),#9339,.F.);
#9625=ADVANCED_FACE('',(#8957),#168,.T.);
#9626=ADVANCED_FACE('',(#8958),#169,.T.);
#9627=ADVANCED_FACE('',(#8959),#170,.T.);
#9628=ADVANCED_FACE('',(#8960),#9340,.F.);
#9629=ADVANCED_FACE('',(#8961),#171,.T.);
#9630=ADVANCED_FACE('',(#8962),#172,.T.);
#9631=ADVANCED_FACE('',(#8963),#173,.T.);
#9632=ADVANCED_FACE('',(#8964),#9341,.F.);
#9633=ADVANCED_FACE('',(#8965),#174,.T.);
#9634=ADVANCED_FACE('',(#8966),#175,.T.);
#9635=ADVANCED_FACE('',(#8967),#176,.T.);
#9636=ADVANCED_FACE('',(#8968),#9342,.F.);
#9637=ADVANCED_FACE('',(#8969),#177,.T.);
#9638=ADVANCED_FACE('',(#8970),#178,.T.);
#9639=ADVANCED_FACE('',(#8971),#179,.T.);
#9640=ADVANCED_FACE('',(#8972),#9343,.F.);
#9641=ADVANCED_FACE('',(#8973),#180,.T.);
#9642=ADVANCED_FACE('',(#8974),#181,.T.);
#9643=ADVANCED_FACE('',(#8975),#182,.T.);
#9644=ADVANCED_FACE('',(#8976),#9344,.F.);
#9645=ADVANCED_FACE('',(#8977),#183,.T.);
#9646=ADVANCED_FACE('',(#8978),#184,.T.);
#9647=ADVANCED_FACE('',(#8979),#185,.T.);
#9648=ADVANCED_FACE('',(#8980),#9345,.F.);
#9649=ADVANCED_FACE('',(#8981),#186,.T.);
#9650=ADVANCED_FACE('',(#8982),#187,.T.);
#9651=ADVANCED_FACE('',(#8983),#188,.T.);
#9652=ADVANCED_FACE('',(#8984),#9346,.F.);
#9653=ADVANCED_FACE('',(#8985),#189,.T.);
#9654=ADVANCED_FACE('',(#8986),#190,.T.);
#9655=ADVANCED_FACE('',(#8987),#191,.T.);
#9656=ADVANCED_FACE('',(#8988),#9347,.F.);
#9657=ADVANCED_FACE('',(#8989),#192,.T.);
#9658=ADVANCED_FACE('',(#8990),#193,.T.);
#9659=ADVANCED_FACE('',(#8991),#194,.T.);
#9660=ADVANCED_FACE('',(#8992),#9348,.F.);
#9661=ADVANCED_FACE('',(#8993),#195,.T.);
#9662=ADVANCED_FACE('',(#8994),#196,.T.);
#9663=ADVANCED_FACE('',(#8995),#197,.T.);
#9664=ADVANCED_FACE('',(#8996),#9349,.F.);
#9665=ADVANCED_FACE('',(#8997),#198,.T.);
#9666=ADVANCED_FACE('',(#8998),#199,.T.);
#9667=ADVANCED_FACE('',(#8999),#200,.T.);
#9668=ADVANCED_FACE('',(#9000),#9350,.F.);
#9669=ADVANCED_FACE('',(#9001),#201,.T.);
#9670=ADVANCED_FACE('',(#9002),#202,.T.);
#9671=ADVANCED_FACE('',(#9003),#203,.T.);
#9672=ADVANCED_FACE('',(#9004),#9351,.F.);
#9673=ADVANCED_FACE('',(#9005),#204,.T.);
#9674=ADVANCED_FACE('',(#9006),#205,.T.);
#9675=ADVANCED_FACE('',(#9007),#206,.T.);
#9676=ADVANCED_FACE('',(#9008),#9352,.F.);
#9677=ADVANCED_FACE('',(#9009),#207,.T.);
#9678=ADVANCED_FACE('',(#9010),#208,.T.);
#9679=ADVANCED_FACE('',(#9011),#209,.T.);
#9680=ADVANCED_FACE('',(#9012),#9353,.F.);
#9681=ADVANCED_FACE('',(#9013),#210,.T.);
#9682=ADVANCED_FACE('',(#9014),#211,.T.);
#9683=ADVANCED_FACE('',(#9015),#212,.T.);
#9684=ADVANCED_FACE('',(#9016),#9354,.F.);
#9685=ADVANCED_FACE('',(#9017),#213,.T.);
#9686=ADVANCED_FACE('',(#9018),#214,.T.);
#9687=ADVANCED_FACE('',(#9019),#215,.T.);
#9688=ADVANCED_FACE('',(#9020),#9355,.F.);
#9689=ADVANCED_FACE('',(#9021),#216,.T.);
#9690=ADVANCED_FACE('',(#9022),#217,.T.);
#9691=ADVANCED_FACE('',(#9023),#218,.T.);
#9692=ADVANCED_FACE('',(#9024),#9356,.F.);
#9693=ADVANCED_FACE('',(#9025),#219,.T.);
#9694=ADVANCED_FACE('',(#9026),#220,.T.);
#9695=ADVANCED_FACE('',(#9027),#221,.T.);
#9696=ADVANCED_FACE('',(#9028),#9357,.F.);
#9697=ADVANCED_FACE('',(#9029),#222,.T.);
#9698=ADVANCED_FACE('',(#9030),#223,.T.);
#9699=ADVANCED_FACE('',(#9031),#224,.T.);
#9700=ADVANCED_FACE('',(#9032),#9358,.F.);
#9701=ADVANCED_FACE('',(#9033),#225,.T.);
#9702=ADVANCED_FACE('',(#9034),#226,.T.);
#9703=ADVANCED_FACE('',(#9035),#227,.T.);
#9704=ADVANCED_FACE('',(#9036),#9359,.F.);
#9705=ADVANCED_FACE('',(#9037),#228,.T.);
#9706=ADVANCED_FACE('',(#9038),#229,.T.);
#9707=ADVANCED_FACE('',(#9039),#230,.T.);
#9708=ADVANCED_FACE('',(#9040),#9360,.F.);
#9709=ADVANCED_FACE('',(#9041),#231,.T.);
#9710=ADVANCED_FACE('',(#9042),#232,.T.);
#9711=ADVANCED_FACE('',(#9043),#233,.T.);
#9712=ADVANCED_FACE('',(#9044),#9361,.F.);
#9713=ADVANCED_FACE('',(#9045),#234,.T.);
#9714=ADVANCED_FACE('',(#9046),#235,.T.);
#9715=ADVANCED_FACE('',(#9047),#236,.T.);
#9716=ADVANCED_FACE('',(#9048),#9362,.F.);
#9717=ADVANCED_FACE('',(#9049),#237,.T.);
#9718=ADVANCED_FACE('',(#9050),#238,.T.);
#9719=ADVANCED_FACE('',(#9051),#239,.T.);
#9720=ADVANCED_FACE('',(#9052),#9363,.F.);
#9721=ADVANCED_FACE('',(#9053),#240,.T.);
#9722=ADVANCED_FACE('',(#9054),#241,.T.);
#9723=ADVANCED_FACE('',(#9055),#242,.T.);
#9724=ADVANCED_FACE('',(#9056),#9364,.F.);
#9725=ADVANCED_FACE('',(#9057),#243,.T.);
#9726=ADVANCED_FACE('',(#9058),#244,.T.);
#9727=ADVANCED_FACE('',(#9059),#245,.T.);
#9728=ADVANCED_FACE('',(#9060),#9365,.F.);
#9729=ADVANCED_FACE('',(#9061),#246,.T.);
#9730=ADVANCED_FACE('',(#9062),#247,.T.);
#9731=ADVANCED_FACE('',(#9063),#248,.T.);
#9732=ADVANCED_FACE('',(#9064),#9366,.F.);
#9733=ADVANCED_FACE('',(#9065),#249,.T.);
#9734=ADVANCED_FACE('',(#9066),#250,.T.);
#9735=ADVANCED_FACE('',(#9067),#251,.T.);
#9736=ADVANCED_FACE('',(#9068),#9367,.F.);
#9737=ADVANCED_FACE('',(#9069),#252,.T.);
#9738=ADVANCED_FACE('',(#9070),#253,.T.);
#9739=ADVANCED_FACE('',(#9071),#254,.T.);
#9740=ADVANCED_FACE('',(#9072),#9368,.F.);
#9741=ADVANCED_FACE('',(#9073),#255,.T.);
#9742=ADVANCED_FACE('',(#9074),#256,.T.);
#9743=ADVANCED_FACE('',(#9075),#257,.T.);
#9744=ADVANCED_FACE('',(#9076),#9369,.F.);
#9745=ADVANCED_FACE('',(#9077),#258,.T.);
#9746=ADVANCED_FACE('',(#9078),#259,.T.);
#9747=ADVANCED_FACE('',(#9079),#260,.T.);
#9748=ADVANCED_FACE('',(#9080),#9370,.F.);
#9749=ADVANCED_FACE('',(#9081),#261,.T.);
#9750=ADVANCED_FACE('',(#9082),#262,.T.);
#9751=ADVANCED_FACE('',(#9083),#263,.T.);
#9752=ADVANCED_FACE('',(#9084),#9371,.F.);
#9753=ADVANCED_FACE('',(#9085),#264,.T.);
#9754=ADVANCED_FACE('',(#9086),#265,.T.);
#9755=ADVANCED_FACE('',(#9087),#266,.T.);
#9756=ADVANCED_FACE('',(#9088),#9372,.F.);
#9757=ADVANCED_FACE('',(#9089),#267,.T.);
#9758=ADVANCED_FACE('',(#9090),#268,.T.);
#9759=ADVANCED_FACE('',(#9091),#269,.T.);
#9760=ADVANCED_FACE('',(#9092),#9373,.F.);
#9761=ADVANCED_FACE('',(#9093),#270,.T.);
#9762=ADVANCED_FACE('',(#9094),#271,.T.);
#9763=ADVANCED_FACE('',(#9095),#272,.T.);
#9764=ADVANCED_FACE('',(#9096),#9374,.F.);
#9765=ADVANCED_FACE('',(#9097),#273,.T.);
#9766=ADVANCED_FACE('',(#9098),#274,.T.);
#9767=ADVANCED_FACE('',(#9099),#275,.T.);
#9768=ADVANCED_FACE('',(#9100),#9375,.F.);
#9769=ADVANCED_FACE('',(#9101),#276,.T.);
#9770=ADVANCED_FACE('',(#9102),#277,.T.);
#9771=ADVANCED_FACE('',(#9103),#278,.T.);
#9772=ADVANCED_FACE('',(#9104),#9376,.F.);
#9773=ADVANCED_FACE('',(#9105),#279,.T.);
#9774=ADVANCED_FACE('',(#9106),#280,.T.);
#9775=ADVANCED_FACE('',(#9107),#281,.T.);
#9776=ADVANCED_FACE('',(#9108),#9377,.F.);
#9777=ADVANCED_FACE('',(#9109),#282,.T.);
#9778=ADVANCED_FACE('',(#9110),#283,.T.);
#9779=ADVANCED_FACE('',(#9111),#284,.T.);
#9780=ADVANCED_FACE('',(#9112),#9378,.F.);
#9781=ADVANCED_FACE('',(#9113),#285,.T.);
#9782=ADVANCED_FACE('',(#9114),#286,.T.);
#9783=ADVANCED_FACE('',(#9115),#287,.T.);
#9784=ADVANCED_FACE('',(#9116),#9379,.F.);
#9785=ADVANCED_FACE('',(#9117),#288,.T.);
#9786=ADVANCED_FACE('',(#9118),#289,.T.);
#9787=ADVANCED_FACE('',(#9119),#290,.T.);
#9788=ADVANCED_FACE('',(#9120),#9380,.F.);
#9789=ADVANCED_FACE('',(#9121),#291,.T.);
#9790=ADVANCED_FACE('',(#9122),#292,.T.);
#9791=ADVANCED_FACE('',(#9123),#293,.T.);
#9792=ADVANCED_FACE('',(#9124),#9381,.F.);
#9793=ADVANCED_FACE('',(#9125),#294,.T.);
#9794=ADVANCED_FACE('',(#9126),#295,.T.);
#9795=ADVANCED_FACE('',(#9127),#296,.T.);
#9796=ADVANCED_FACE('',(#9128),#9382,.F.);
#9797=ADVANCED_FACE('',(#9129),#297,.T.);
#9798=ADVANCED_FACE('',(#9130),#298,.T.);
#9799=ADVANCED_FACE('',(#9131),#299,.T.);
#9800=ADVANCED_FACE('',(#9132),#9383,.F.);
#9801=ADVANCED_FACE('',(#9133),#300,.T.);
#9802=ADVANCED_FACE('',(#9134),#301,.T.);
#9803=ADVANCED_FACE('',(#9135),#302,.T.);
#9804=ADVANCED_FACE('',(#9136),#9384,.F.);
#9805=ADVANCED_FACE('',(#9137),#303,.T.);
#9806=ADVANCED_FACE('',(#9138),#304,.T.);
#9807=ADVANCED_FACE('',(#9139),#305,.T.);
#9808=ADVANCED_FACE('',(#9140),#9385,.F.);
#9809=ADVANCED_FACE('',(#9141),#306,.T.);
#9810=ADVANCED_FACE('',(#9142),#307,.T.);
#9811=ADVANCED_FACE('',(#9143),#308,.T.);
#9812=ADVANCED_FACE('',(#9144),#9386,.F.);
#9813=ADVANCED_FACE('',(#9145),#309,.T.);
#9814=ADVANCED_FACE('',(#9146),#310,.T.);
#9815=ADVANCED_FACE('',(#9147),#311,.T.);
#9816=ADVANCED_FACE('',(#9148),#9387,.F.);
#9817=ADVANCED_FACE('',(#9149),#312,.T.);
#9818=ADVANCED_FACE('',(#9150),#313,.T.);
#9819=ADVANCED_FACE('',(#9151),#314,.T.);
#9820=ADVANCED_FACE('',(#9152),#9388,.F.);
#9821=ADVANCED_FACE('',(#9153),#315,.T.);
#9822=ADVANCED_FACE('',(#9154),#316,.T.);
#9823=ADVANCED_FACE('',(#9155),#317,.T.);
#9824=ADVANCED_FACE('',(#9156),#9389,.F.);
#9825=ADVANCED_FACE('',(#9157),#318,.T.);
#9826=ADVANCED_FACE('',(#9158),#319,.T.);
#9827=ADVANCED_FACE('',(#9159),#320,.T.);
#9828=ADVANCED_FACE('',(#9160),#9390,.F.);
#9829=ADVANCED_FACE('',(#9161),#321,.T.);
#9830=ADVANCED_FACE('',(#9162),#322,.T.);
#9831=ADVANCED_FACE('',(#9163),#323,.T.);
#9832=ADVANCED_FACE('',(#9164),#9391,.F.);
#9833=ADVANCED_FACE('',(#9165),#324,.T.);
#9834=ADVANCED_FACE('',(#9166),#325,.T.);
#9835=ADVANCED_FACE('',(#9167),#326,.T.);
#9836=ADVANCED_FACE('',(#9168),#9392,.F.);
#9837=ADVANCED_FACE('',(#9169),#327,.T.);
#9838=ADVANCED_FACE('',(#9170),#328,.T.);
#9839=ADVANCED_FACE('',(#9171),#329,.T.);
#9840=ADVANCED_FACE('',(#9172),#9393,.F.);
#9841=ADVANCED_FACE('',(#9173),#330,.T.);
#9842=ADVANCED_FACE('',(#9174),#331,.T.);
#9843=ADVANCED_FACE('',(#9175),#332,.T.);
#9844=ADVANCED_FACE('',(#9176),#9394,.F.);
#9845=ADVANCED_FACE('',(#9177),#333,.T.);
#9846=ADVANCED_FACE('',(#9178),#334,.T.);
#9847=ADVANCED_FACE('',(#9179),#335,.T.);
#9848=ADVANCED_FACE('',(#9180),#9395,.F.);
#9849=ADVANCED_FACE('',(#9181),#336,.T.);
#9850=ADVANCED_FACE('',(#9182),#337,.T.);
#9851=ADVANCED_FACE('',(#9183),#338,.T.);
#9852=ADVANCED_FACE('',(#9184),#9396,.F.);
#9853=ADVANCED_FACE('',(#9185),#339,.T.);
#9854=ADVANCED_FACE('',(#9186),#340,.T.);
#9855=ADVANCED_FACE('',(#9187),#341,.T.);
#9856=ADVANCED_FACE('',(#9188),#9397,.F.);
#9857=ADVANCED_FACE('',(#9189),#342,.T.);
#9858=ADVANCED_FACE('',(#9190),#343,.T.);
#9859=ADVANCED_FACE('',(#9191),#344,.T.);
#9860=ADVANCED_FACE('',(#9192),#9398,.F.);
#9861=ADVANCED_FACE('',(#9193),#345,.T.);
#9862=ADVANCED_FACE('',(#9194),#346,.T.);
#9863=ADVANCED_FACE('',(#9195),#347,.T.);
#9864=ADVANCED_FACE('',(#9196),#9399,.F.);
#9865=ADVANCED_FACE('',(#9197),#348,.T.);
#9866=ADVANCED_FACE('',(#9198),#349,.T.);
#9867=ADVANCED_FACE('',(#9199),#350,.T.);
#9868=ADVANCED_FACE('',(#9200),#9400,.F.);
#9869=ADVANCED_FACE('',(#9201),#351,.T.);
#9870=ADVANCED_FACE('',(#9202),#352,.T.);
#9871=ADVANCED_FACE('',(#9203),#353,.T.);
#9872=ADVANCED_FACE('',(#9204),#9401,.F.);
#9873=ADVANCED_FACE('',(#9205),#354,.T.);
#9874=ADVANCED_FACE('',(#9206),#355,.T.);
#9875=ADVANCED_FACE('',(#9207),#356,.T.);
#9876=ADVANCED_FACE('',(#9208),#9402,.F.);
#9877=ADVANCED_FACE('',(#9209),#357,.T.);
#9878=ADVANCED_FACE('',(#9210),#358,.T.);
#9879=ADVANCED_FACE('',(#9211),#359,.T.);
#9880=ADVANCED_FACE('',(#9212),#9403,.F.);
#9881=ADVANCED_FACE('',(#9213),#360,.T.);
#9882=ADVANCED_FACE('',(#9214),#361,.T.);
#9883=ADVANCED_FACE('',(#9215),#362,.T.);
#9884=ADVANCED_FACE('',(#9216),#9404,.F.);
#9885=ADVANCED_FACE('',(#9217),#363,.T.);
#9886=ADVANCED_FACE('',(#9218),#364,.T.);
#9887=ADVANCED_FACE('',(#9219),#365,.T.);
#9888=ADVANCED_FACE('',(#9220),#9405,.F.);
#9889=ADVANCED_FACE('',(#9221),#366,.T.);
#9890=ADVANCED_FACE('',(#9222),#367,.T.);
#9891=ADVANCED_FACE('',(#9223),#368,.T.);
#9892=ADVANCED_FACE('',(#9224),#9406,.F.);
#9893=ADVANCED_FACE('',(#9225),#369,.T.);
#9894=ADVANCED_FACE('',(#9226),#370,.T.);
#9895=ADVANCED_FACE('',(#9227),#371,.T.);
#9896=ADVANCED_FACE('',(#9228),#9407,.F.);
#9897=ADVANCED_FACE('',(#9229),#372,.T.);
#9898=ADVANCED_FACE('',(#9230),#373,.T.);
#9899=ADVANCED_FACE('',(#9231),#374,.T.);
#9900=ADVANCED_FACE('',(#9232),#9408,.F.);
#9901=ADVANCED_FACE('',(#9233),#375,.T.);
#9902=ADVANCED_FACE('',(#9234),#376,.T.);
#9903=ADVANCED_FACE('',(#9235),#377,.T.);
#9904=ADVANCED_FACE('',(#9236),#9409,.F.);
#9905=ADVANCED_FACE('',(#9237),#378,.T.);
#9906=ADVANCED_FACE('',(#9238,#9239,#9240),#9410,.T.);
#9907=ADVANCED_FACE('',(#9241,#9242),#9411,.F.);
#9908=ADVANCED_FACE('',(#9243),#379,.T.);
#9909=ADVANCED_FACE('',(#9244),#380,.T.);
#9910=ADVANCED_FACE('',(#9245),#9412,.F.);
#9911=ADVANCED_FACE('',(#9246,#9247),#381,.T.);
#9912=ADVANCED_FACE('',(#9248,#9249),#9413,.T.);
#9913=ADVANCED_FACE('',(#9250,#9251),#9414,.F.);
#9914=ADVANCED_FACE('',(#9252),#9415,.T.);
#9915=ADVANCED_FACE('',(#9253,#9254),#382,.T.);
#9916=ADVANCED_FACE('',(#9255),#9416,.T.);
#9917=ADVANCED_FACE('',(#9256),#9417,.F.);
#9918=ADVANCED_FACE('',(#9257,#9258),#9418,.T.);
#9919=ADVANCED_FACE('',(#9259),#9419,.F.);
#9920=ADVANCED_FACE('',(#9260,#9261),#9420,.F.);
#9921=ADVANCED_FACE('',(#9262),#9421,.T.);
#9922=ADVANCED_FACE('',(#9263),#383,.F.);
#9923=ADVANCED_FACE('',(#9264),#384,.F.);
#9924=ADVANCED_FACE('',(#9265),#385,.F.);
#9925=ADVANCED_FACE('',(#9266),#386,.F.);
#9926=ADVANCED_FACE('',(#9267),#387,.F.);
#9927=ADVANCED_FACE('',(#9268),#388,.F.);
#9928=ADVANCED_FACE('',(#9269),#389,.F.);
#9929=ADVANCED_FACE('',(#9270),#390,.F.);
#9930=ADVANCED_FACE('',(#9271),#391,.T.);
#9931=ADVANCED_FACE('',(#9272),#392,.T.);
#9932=ADVANCED_FACE('',(#9273,#9274),#393,.F.);
#9933=ADVANCED_FACE('',(#9275),#9422,.T.);
#9934=ADVANCED_FACE('',(#9276),#9423,.F.);
#9935=ADVANCED_FACE('',(#9277),#9424,.F.);
#9936=ADVANCED_FACE('',(#9278),#9425,.T.);
#9937=ADVANCED_FACE('',(#9279,#9280),#394,.F.);
#9938=ADVANCED_FACE('',(#9281,#9282),#395,.F.);
#9939=ADVANCED_FACE('',(#9283,#9284),#396,.F.);
#9940=ADVANCED_FACE('',(#9285,#9286),#397,.F.);
#9941=ADVANCED_FACE('',(#9287,#9288),#398,.F.);
#9942=CLOSED_SHELL('',(#9426,#9427,#9428,#9429,#9430,#9431,#9432,#9433,
#9434,#9435,#9436,#9437,#9438,#9439,#9440,#9441,#9442,#9443,#9444,#9445,
#9446,#9447,#9448,#9449,#9450,#9451,#9452,#9453,#9454,#9455,#9456,#9457,
#9458,#9459,#9460,#9461,#9462,#9463,#9464,#9465,#9466,#9467,#9468,#9469,
#9470,#9471,#9472,#9473,#9474,#9475,#9476,#9477,#9478,#9479,#9480,#9481,
#9482,#9483,#9484,#9485,#9486,#9487,#9488,#9489,#9490,#9491,#9492,#9493,
#9494,#9495,#9496,#9497,#9498,#9499,#9500,#9501,#9502,#9503,#9504,#9505,
#9506,#9507,#9508,#9509,#9510,#9511,#9512,#9513,#9514,#9515,#9516,#9517,
#9518,#9519,#9520,#9521,#9522,#9523,#9524,#9525,#9526,#9527,#9528,#9529,
#9530,#9531,#9532,#9533,#9534,#9535,#9536,#9537,#9538,#9539,#9540,#9541,
#9542,#9543,#9544,#9545,#9546,#9547,#9548,#9549,#9550,#9551,#9552,#9553,
#9554,#9555,#9556,#9557,#9558,#9559,#9560,#9561,#9562,#9563,#9564,#9565,
#9566,#9567,#9568,#9569,#9570,#9571,#9572,#9573,#9574,#9575,#9576,#9577,
#9578,#9579,#9580,#9581,#9582,#9583,#9584,#9585,#9586,#9587,#9588,#9589,
#9590,#9591,#9592,#9593,#9594,#9595,#9596,#9597,#9598,#9599,#9600,#9601,
#9602,#9603,#9604,#9605,#9606,#9607,#9608,#9609,#9610,#9611,#9612,#9613,
#9614,#9615,#9616,#9617,#9618,#9619,#9620,#9621,#9622,#9623,#9624,#9625,
#9626,#9627,#9628,#9629,#9630,#9631,#9632,#9633,#9634,#9635,#9636,#9637,
#9638,#9639,#9640,#9641,#9642,#9643,#9644,#9645,#9646,#9647,#9648,#9649,
#9650,#9651,#9652,#9653,#9654,#9655,#9656,#9657,#9658,#9659,#9660,#9661,
#9662,#9663,#9664,#9665,#9666,#9667,#9668,#9669,#9670,#9671,#9672,#9673,
#9674,#9675,#9676,#9677,#9678,#9679,#9680,#9681,#9682,#9683,#9684,#9685,
#9686,#9687,#9688,#9689,#9690,#9691,#9692,#9693,#9694,#9695,#9696,#9697,
#9698,#9699,#9700,#9701,#9702,#9703,#9704,#9705,#9706,#9707,#9708,#9709,
#9710,#9711,#9712,#9713,#9714,#9715,#9716,#9717,#9718,#9719,#9720,#9721,
#9722,#9723,#9724,#9725,#9726,#9727,#9728,#9729,#9730,#9731,#9732,#9733,
#9734,#9735,#9736,#9737,#9738,#9739,#9740,#9741,#9742,#9743,#9744,#9745,
#9746,#9747,#9748,#9749,#9750,#9751,#9752,#9753,#9754,#9755,#9756,#9757,
#9758,#9759,#9760,#9761,#9762,#9763,#9764,#9765,#9766,#9767,#9768,#9769,
#9770,#9771,#9772,#9773,#9774,#9775,#9776,#9777,#9778,#9779,#9780,#9781,
#9782,#9783,#9784,#9785,#9786,#9787,#9788,#9789,#9790,#9791,#9792,#9793,
#9794,#9795,#9796,#9797,#9798,#9799,#9800,#9801,#9802,#9803,#9804,#9805,
#9806,#9807,#9808,#9809,#9810,#9811,#9812,#9813,#9814,#9815,#9816,#9817,
#9818,#9819,#9820,#9821,#9822,#9823,#9824,#9825,#9826,#9827,#9828,#9829,
#9830,#9831,#9832,#9833,#9834,#9835,#9836,#9837,#9838,#9839,#9840,#9841,
#9842,#9843,#9844,#9845,#9846,#9847,#9848,#9849,#9850,#9851,#9852,#9853,
#9854,#9855,#9856,#9857,#9858,#9859,#9860,#9861,#9862,#9863,#9864,#9865,
#9866,#9867,#9868,#9869,#9870,#9871,#9872,#9873,#9874,#9875,#9876,#9877,
#9878,#9879,#9880,#9881,#9882,#9883,#9884,#9885,#9886,#9887,#9888,#9889,
#9890,#9891,#9892,#9893,#9894,#9895,#9896,#9897,#9898,#9899,#9900,#9901,
#9902,#9903,#9904,#9905,#9906,#9907,#9908,#9909,#9910,#9911,#9912,#9913,
#9914,#9915,#9916,#9917,#9918,#9919,#9920,#9921,#9922,#9923,#9924,#9925,
#9926,#9927,#9928,#9929,#9930,#9931,#9932,#9933,#9934,#9935,#9936,#9937,
#9938,#9939,#9940,#9941));
#9943=STYLED_ITEM('',(#9944),#9951);
#9944=PRESENTATION_STYLE_ASSIGNMENT((#9945));
#9945=SURFACE_STYLE_USAGE(.BOTH.,#9946);
#9946=SURFACE_SIDE_STYLE('',(#9947));
#9947=SURFACE_STYLE_FILL_AREA(#9948);
#9948=FILL_AREA_STYLE('',(#9949));
#9949=FILL_AREA_STYLE_COLOUR('',#9950);
#9950=COLOUR_RGB('',0.917647058823529,0.917647058823529,0.917647058823529);
#9951=MANIFOLD_SOLID_BREP('Spur 1M 120T',#9942);
#9952=SHAPE_DEFINITION_REPRESENTATION(#17558,#9953);
#9953=SHAPE_REPRESENTATION('Spur 1M 120T',(#9954),#17553);
#9954=AXIS2_PLACEMENT_3D('',#14515,#11221,#11222);
#9955=AXIS2_PLACEMENT_3D('',#14516,#11223,#11224);
#9956=AXIS2_PLACEMENT_3D('',#14517,#11225,#11226);
#9957=AXIS2_PLACEMENT_3D('',#14519,#11227,#11228);
#9958=AXIS2_PLACEMENT_3D('',#14521,#11229,#11230);
#9959=AXIS2_PLACEMENT_3D('',#14529,#11234,#11235);
#9960=AXIS2_PLACEMENT_3D('',#14539,#11240,#11241);
#9961=AXIS2_PLACEMENT_3D('',#14541,#11242,#11243);
#9962=AXIS2_PLACEMENT_3D('',#14543,#11244,#11245);
#9963=AXIS2_PLACEMENT_3D('',#14544,#11246,#11247);
#9964=AXIS2_PLACEMENT_3D('',#14546,#11248,#11249);
#9965=AXIS2_PLACEMENT_3D('',#14548,#11250,#11251);
#9966=AXIS2_PLACEMENT_3D('',#14553,#11253,#11254);
#9967=AXIS2_PLACEMENT_3D('',#14566,#11261,#11262);
#9968=AXIS2_PLACEMENT_3D('',#14568,#11263,#11264);
#9969=AXIS2_PLACEMENT_3D('',#14570,#11265,#11266);
#9970=AXIS2_PLACEMENT_3D('',#14571,#11267,#11268);
#9971=AXIS2_PLACEMENT_3D('',#14573,#11269,#11270);
#9972=AXIS2_PLACEMENT_3D('',#14575,#11271,#11272);
#9973=AXIS2_PLACEMENT_3D('',#14576,#11273,#11274);
#9974=AXIS2_PLACEMENT_3D('',#14581,#11276,#11277);
#9975=AXIS2_PLACEMENT_3D('',#14584,#11279,#11280);
#9976=AXIS2_PLACEMENT_3D('',#14585,#11281,#11282);
#9977=AXIS2_PLACEMENT_3D('',#14587,#11283,#11284);
#9978=AXIS2_PLACEMENT_3D('',#14590,#11286,#11287);
#9979=AXIS2_PLACEMENT_3D('',#14591,#11288,#11289);
#9980=AXIS2_PLACEMENT_3D('',#14596,#11291,#11292);
#9981=AXIS2_PLACEMENT_3D('',#14599,#11294,#11295);
#9982=AXIS2_PLACEMENT_3D('',#14602,#11298,#11299);
#9983=AXIS2_PLACEMENT_3D('',#14603,#11300,#11301);
#9984=AXIS2_PLACEMENT_3D('',#14607,#11303,#11304);
#9985=AXIS2_PLACEMENT_3D('',#14608,#11305,#11306);
#9986=AXIS2_PLACEMENT_3D('',#14609,#11307,#11308);
#9987=AXIS2_PLACEMENT_3D('',#14611,#11309,#11310);
#9988=AXIS2_PLACEMENT_3D('',#14614,#11312,#11313);
#9989=AXIS2_PLACEMENT_3D('',#14615,#11314,#11315);
#9990=AXIS2_PLACEMENT_3D('',#14620,#11317,#11318);
#9991=AXIS2_PLACEMENT_3D('',#14623,#11320,#11321);
#9992=AXIS2_PLACEMENT_3D('',#14626,#11324,#11325);
#9993=AXIS2_PLACEMENT_3D('',#14627,#11326,#11327);
#9994=AXIS2_PLACEMENT_3D('',#14631,#11329,#11330);
#9995=AXIS2_PLACEMENT_3D('',#14632,#11331,#11332);
#9996=AXIS2_PLACEMENT_3D('',#14633,#11333,#11334);
#9997=AXIS2_PLACEMENT_3D('',#14635,#11335,#11336);
#9998=AXIS2_PLACEMENT_3D('',#14638,#11338,#11339);
#9999=AXIS2_PLACEMENT_3D('',#14639,#11340,#11341);
#10000=AXIS2_PLACEMENT_3D('',#14644,#11343,#11344);
#10001=AXIS2_PLACEMENT_3D('',#14647,#11346,#11347);
#10002=AXIS2_PLACEMENT_3D('',#14650,#11350,#11351);
#10003=AXIS2_PLACEMENT_3D('',#14651,#11352,#11353);
#10004=AXIS2_PLACEMENT_3D('',#14655,#11355,#11356);
#10005=AXIS2_PLACEMENT_3D('',#14656,#11357,#11358);
#10006=AXIS2_PLACEMENT_3D('',#14657,#11359,#11360);
#10007=AXIS2_PLACEMENT_3D('',#14659,#11361,#11362);
#10008=AXIS2_PLACEMENT_3D('',#14662,#11364,#11365);
#10009=AXIS2_PLACEMENT_3D('',#14663,#11366,#11367);
#10010=AXIS2_PLACEMENT_3D('',#14668,#11369,#11370);
#10011=AXIS2_PLACEMENT_3D('',#14671,#11372,#11373);
#10012=AXIS2_PLACEMENT_3D('',#14674,#11376,#11377);
#10013=AXIS2_PLACEMENT_3D('',#14675,#11378,#11379);
#10014=AXIS2_PLACEMENT_3D('',#14679,#11381,#11382);
#10015=AXIS2_PLACEMENT_3D('',#14680,#11383,#11384);
#10016=AXIS2_PLACEMENT_3D('',#14681,#11385,#11386);
#10017=AXIS2_PLACEMENT_3D('',#14683,#11387,#11388);
#10018=AXIS2_PLACEMENT_3D('',#14686,#11390,#11391);
#10019=AXIS2_PLACEMENT_3D('',#14687,#11392,#11393);
#10020=AXIS2_PLACEMENT_3D('',#14692,#11395,#11396);
#10021=AXIS2_PLACEMENT_3D('',#14695,#11398,#11399);
#10022=AXIS2_PLACEMENT_3D('',#14698,#11402,#11403);
#10023=AXIS2_PLACEMENT_3D('',#14699,#11404,#11405);
#10024=AXIS2_PLACEMENT_3D('',#14703,#11407,#11408);
#10025=AXIS2_PLACEMENT_3D('',#14704,#11409,#11410);
#10026=AXIS2_PLACEMENT_3D('',#14705,#11411,#11412);
#10027=AXIS2_PLACEMENT_3D('',#14707,#11413,#11414);
#10028=AXIS2_PLACEMENT_3D('',#14710,#11416,#11417);
#10029=AXIS2_PLACEMENT_3D('',#14711,#11418,#11419);
#10030=AXIS2_PLACEMENT_3D('',#14716,#11421,#11422);
#10031=AXIS2_PLACEMENT_3D('',#14719,#11424,#11425);
#10032=AXIS2_PLACEMENT_3D('',#14722,#11428,#11429);
#10033=AXIS2_PLACEMENT_3D('',#14723,#11430,#11431);
#10034=AXIS2_PLACEMENT_3D('',#14727,#11433,#11434);
#10035=AXIS2_PLACEMENT_3D('',#14728,#11435,#11436);
#10036=AXIS2_PLACEMENT_3D('',#14729,#11437,#11438);
#10037=AXIS2_PLACEMENT_3D('',#14731,#11439,#11440);
#10038=AXIS2_PLACEMENT_3D('',#14734,#11442,#11443);
#10039=AXIS2_PLACEMENT_3D('',#14735,#11444,#11445);
#10040=AXIS2_PLACEMENT_3D('',#14740,#11447,#11448);
#10041=AXIS2_PLACEMENT_3D('',#14743,#11450,#11451);
#10042=AXIS2_PLACEMENT_3D('',#14746,#11454,#11455);
#10043=AXIS2_PLACEMENT_3D('',#14747,#11456,#11457);
#10044=AXIS2_PLACEMENT_3D('',#14751,#11459,#11460);
#10045=AXIS2_PLACEMENT_3D('',#14752,#11461,#11462);
#10046=AXIS2_PLACEMENT_3D('',#14753,#11463,#11464);
#10047=AXIS2_PLACEMENT_3D('',#14755,#11465,#11466);
#10048=AXIS2_PLACEMENT_3D('',#14758,#11468,#11469);
#10049=AXIS2_PLACEMENT_3D('',#14759,#11470,#11471);
#10050=AXIS2_PLACEMENT_3D('',#14764,#11473,#11474);
#10051=AXIS2_PLACEMENT_3D('',#14767,#11476,#11477);
#10052=AXIS2_PLACEMENT_3D('',#14770,#11480,#11481);
#10053=AXIS2_PLACEMENT_3D('',#14771,#11482,#11483);
#10054=AXIS2_PLACEMENT_3D('',#14775,#11485,#11486);
#10055=AXIS2_PLACEMENT_3D('',#14776,#11487,#11488);
#10056=AXIS2_PLACEMENT_3D('',#14777,#11489,#11490);
#10057=AXIS2_PLACEMENT_3D('',#14779,#11491,#11492);
#10058=AXIS2_PLACEMENT_3D('',#14782,#11494,#11495);
#10059=AXIS2_PLACEMENT_3D('',#14783,#11496,#11497);
#10060=AXIS2_PLACEMENT_3D('',#14788,#11499,#11500);
#10061=AXIS2_PLACEMENT_3D('',#14791,#11502,#11503);
#10062=AXIS2_PLACEMENT_3D('',#14794,#11506,#11507);
#10063=AXIS2_PLACEMENT_3D('',#14795,#11508,#11509);
#10064=AXIS2_PLACEMENT_3D('',#14799,#11511,#11512);
#10065=AXIS2_PLACEMENT_3D('',#14800,#11513,#11514);
#10066=AXIS2_PLACEMENT_3D('',#14801,#11515,#11516);
#10067=AXIS2_PLACEMENT_3D('',#14803,#11517,#11518);
#10068=AXIS2_PLACEMENT_3D('',#14806,#11520,#11521);
#10069=AXIS2_PLACEMENT_3D('',#14807,#11522,#11523);
#10070=AXIS2_PLACEMENT_3D('',#14812,#11525,#11526);
#10071=AXIS2_PLACEMENT_3D('',#14815,#11528,#11529);
#10072=AXIS2_PLACEMENT_3D('',#14818,#11532,#11533);
#10073=AXIS2_PLACEMENT_3D('',#14819,#11534,#11535);
#10074=AXIS2_PLACEMENT_3D('',#14823,#11537,#11538);
#10075=AXIS2_PLACEMENT_3D('',#14824,#11539,#11540);
#10076=AXIS2_PLACEMENT_3D('',#14825,#11541,#11542);
#10077=AXIS2_PLACEMENT_3D('',#14827,#11543,#11544);
#10078=AXIS2_PLACEMENT_3D('',#14830,#11546,#11547);
#10079=AXIS2_PLACEMENT_3D('',#14831,#11548,#11549);
#10080=AXIS2_PLACEMENT_3D('',#14836,#11551,#11552);
#10081=AXIS2_PLACEMENT_3D('',#14839,#11554,#11555);
#10082=AXIS2_PLACEMENT_3D('',#14842,#11558,#11559);
#10083=AXIS2_PLACEMENT_3D('',#14843,#11560,#11561);
#10084=AXIS2_PLACEMENT_3D('',#14847,#11563,#11564);
#10085=AXIS2_PLACEMENT_3D('',#14848,#11565,#11566);
#10086=AXIS2_PLACEMENT_3D('',#14849,#11567,#11568);
#10087=AXIS2_PLACEMENT_3D('',#14851,#11569,#11570);
#10088=AXIS2_PLACEMENT_3D('',#14854,#11572,#11573);
#10089=AXIS2_PLACEMENT_3D('',#14855,#11574,#11575);
#10090=AXIS2_PLACEMENT_3D('',#14860,#11577,#11578);
#10091=AXIS2_PLACEMENT_3D('',#14863,#11580,#11581);
#10092=AXIS2_PLACEMENT_3D('',#14866,#11584,#11585);
#10093=AXIS2_PLACEMENT_3D('',#14867,#11586,#11587);
#10094=AXIS2_PLACEMENT_3D('',#14871,#11589,#11590);
#10095=AXIS2_PLACEMENT_3D('',#14872,#11591,#11592);
#10096=AXIS2_PLACEMENT_3D('',#14873,#11593,#11594);
#10097=AXIS2_PLACEMENT_3D('',#14875,#11595,#11596);
#10098=AXIS2_PLACEMENT_3D('',#14878,#11598,#11599);
#10099=AXIS2_PLACEMENT_3D('',#14879,#11600,#11601);
#10100=AXIS2_PLACEMENT_3D('',#14884,#11603,#11604);
#10101=AXIS2_PLACEMENT_3D('',#14887,#11606,#11607);
#10102=AXIS2_PLACEMENT_3D('',#14890,#11610,#11611);
#10103=AXIS2_PLACEMENT_3D('',#14891,#11612,#11613);
#10104=AXIS2_PLACEMENT_3D('',#14895,#11615,#11616);
#10105=AXIS2_PLACEMENT_3D('',#14896,#11617,#11618);
#10106=AXIS2_PLACEMENT_3D('',#14897,#11619,#11620);
#10107=AXIS2_PLACEMENT_3D('',#14899,#11621,#11622);
#10108=AXIS2_PLACEMENT_3D('',#14902,#11624,#11625);
#10109=AXIS2_PLACEMENT_3D('',#14903,#11626,#11627);
#10110=AXIS2_PLACEMENT_3D('',#14908,#11629,#11630);
#10111=AXIS2_PLACEMENT_3D('',#14911,#11632,#11633);
#10112=AXIS2_PLACEMENT_3D('',#14914,#11636,#11637);
#10113=AXIS2_PLACEMENT_3D('',#14915,#11638,#11639);
#10114=AXIS2_PLACEMENT_3D('',#14919,#11641,#11642);
#10115=AXIS2_PLACEMENT_3D('',#14920,#11643,#11644);
#10116=AXIS2_PLACEMENT_3D('',#14921,#11645,#11646);
#10117=AXIS2_PLACEMENT_3D('',#14923,#11647,#11648);
#10118=AXIS2_PLACEMENT_3D('',#14926,#11650,#11651);
#10119=AXIS2_PLACEMENT_3D('',#14927,#11652,#11653);
#10120=AXIS2_PLACEMENT_3D('',#14932,#11655,#11656);
#10121=AXIS2_PLACEMENT_3D('',#14935,#11658,#11659);
#10122=AXIS2_PLACEMENT_3D('',#14938,#11662,#11663);
#10123=AXIS2_PLACEMENT_3D('',#14939,#11664,#11665);
#10124=AXIS2_PLACEMENT_3D('',#14943,#11667,#11668);
#10125=AXIS2_PLACEMENT_3D('',#14944,#11669,#11670);
#10126=AXIS2_PLACEMENT_3D('',#14945,#11671,#11672);
#10127=AXIS2_PLACEMENT_3D('',#14947,#11673,#11674);
#10128=AXIS2_PLACEMENT_3D('',#14950,#11676,#11677);
#10129=AXIS2_PLACEMENT_3D('',#14951,#11678,#11679);
#10130=AXIS2_PLACEMENT_3D('',#14956,#11681,#11682);
#10131=AXIS2_PLACEMENT_3D('',#14959,#11684,#11685);
#10132=AXIS2_PLACEMENT_3D('',#14962,#11688,#11689);
#10133=AXIS2_PLACEMENT_3D('',#14963,#11690,#11691);
#10134=AXIS2_PLACEMENT_3D('',#14967,#11693,#11694);
#10135=AXIS2_PLACEMENT_3D('',#14968,#11695,#11696);
#10136=AXIS2_PLACEMENT_3D('',#14969,#11697,#11698);
#10137=AXIS2_PLACEMENT_3D('',#14971,#11699,#11700);
#10138=AXIS2_PLACEMENT_3D('',#14974,#11702,#11703);
#10139=AXIS2_PLACEMENT_3D('',#14975,#11704,#11705);
#10140=AXIS2_PLACEMENT_3D('',#14980,#11707,#11708);
#10141=AXIS2_PLACEMENT_3D('',#14983,#11710,#11711);
#10142=AXIS2_PLACEMENT_3D('',#14986,#11714,#11715);
#10143=AXIS2_PLACEMENT_3D('',#14987,#11716,#11717);
#10144=AXIS2_PLACEMENT_3D('',#14991,#11719,#11720);
#10145=AXIS2_PLACEMENT_3D('',#14992,#11721,#11722);
#10146=AXIS2_PLACEMENT_3D('',#14993,#11723,#11724);
#10147=AXIS2_PLACEMENT_3D('',#14995,#11725,#11726);
#10148=AXIS2_PLACEMENT_3D('',#14998,#11728,#11729);
#10149=AXIS2_PLACEMENT_3D('',#14999,#11730,#11731);
#10150=AXIS2_PLACEMENT_3D('',#15004,#11733,#11734);
#10151=AXIS2_PLACEMENT_3D('',#15007,#11736,#11737);
#10152=AXIS2_PLACEMENT_3D('',#15010,#11740,#11741);
#10153=AXIS2_PLACEMENT_3D('',#15011,#11742,#11743);
#10154=AXIS2_PLACEMENT_3D('',#15015,#11745,#11746);
#10155=AXIS2_PLACEMENT_3D('',#15016,#11747,#11748);
#10156=AXIS2_PLACEMENT_3D('',#15017,#11749,#11750);
#10157=AXIS2_PLACEMENT_3D('',#15019,#11751,#11752);
#10158=AXIS2_PLACEMENT_3D('',#15022,#11754,#11755);
#10159=AXIS2_PLACEMENT_3D('',#15023,#11756,#11757);
#10160=AXIS2_PLACEMENT_3D('',#15028,#11759,#11760);
#10161=AXIS2_PLACEMENT_3D('',#15031,#11762,#11763);
#10162=AXIS2_PLACEMENT_3D('',#15034,#11766,#11767);
#10163=AXIS2_PLACEMENT_3D('',#15035,#11768,#11769);
#10164=AXIS2_PLACEMENT_3D('',#15039,#11771,#11772);
#10165=AXIS2_PLACEMENT_3D('',#15040,#11773,#11774);
#10166=AXIS2_PLACEMENT_3D('',#15041,#11775,#11776);
#10167=AXIS2_PLACEMENT_3D('',#15043,#11777,#11778);
#10168=AXIS2_PLACEMENT_3D('',#15046,#11780,#11781);
#10169=AXIS2_PLACEMENT_3D('',#15047,#11782,#11783);
#10170=AXIS2_PLACEMENT_3D('',#15052,#11785,#11786);
#10171=AXIS2_PLACEMENT_3D('',#15055,#11788,#11789);
#10172=AXIS2_PLACEMENT_3D('',#15058,#11792,#11793);
#10173=AXIS2_PLACEMENT_3D('',#15059,#11794,#11795);
#10174=AXIS2_PLACEMENT_3D('',#15063,#11797,#11798);
#10175=AXIS2_PLACEMENT_3D('',#15064,#11799,#11800);
#10176=AXIS2_PLACEMENT_3D('',#15065,#11801,#11802);
#10177=AXIS2_PLACEMENT_3D('',#15067,#11803,#11804);
#10178=AXIS2_PLACEMENT_3D('',#15070,#11806,#11807);
#10179=AXIS2_PLACEMENT_3D('',#15071,#11808,#11809);
#10180=AXIS2_PLACEMENT_3D('',#15076,#11811,#11812);
#10181=AXIS2_PLACEMENT_3D('',#15079,#11814,#11815);
#10182=AXIS2_PLACEMENT_3D('',#15082,#11818,#11819);
#10183=AXIS2_PLACEMENT_3D('',#15083,#11820,#11821);
#10184=AXIS2_PLACEMENT_3D('',#15087,#11823,#11824);
#10185=AXIS2_PLACEMENT_3D('',#15088,#11825,#11826);
#10186=AXIS2_PLACEMENT_3D('',#15089,#11827,#11828);
#10187=AXIS2_PLACEMENT_3D('',#15091,#11829,#11830);
#10188=AXIS2_PLACEMENT_3D('',#15094,#11832,#11833);
#10189=AXIS2_PLACEMENT_3D('',#15095,#11834,#11835);
#10190=AXIS2_PLACEMENT_3D('',#15100,#11837,#11838);
#10191=AXIS2_PLACEMENT_3D('',#15103,#11840,#11841);
#10192=AXIS2_PLACEMENT_3D('',#15106,#11844,#11845);
#10193=AXIS2_PLACEMENT_3D('',#15107,#11846,#11847);
#10194=AXIS2_PLACEMENT_3D('',#15111,#11849,#11850);
#10195=AXIS2_PLACEMENT_3D('',#15112,#11851,#11852);
#10196=AXIS2_PLACEMENT_3D('',#15113,#11853,#11854);
#10197=AXIS2_PLACEMENT_3D('',#15115,#11855,#11856);
#10198=AXIS2_PLACEMENT_3D('',#15118,#11858,#11859);
#10199=AXIS2_PLACEMENT_3D('',#15119,#11860,#11861);
#10200=AXIS2_PLACEMENT_3D('',#15124,#11863,#11864);
#10201=AXIS2_PLACEMENT_3D('',#15127,#11866,#11867);
#10202=AXIS2_PLACEMENT_3D('',#15130,#11870,#11871);
#10203=AXIS2_PLACEMENT_3D('',#15131,#11872,#11873);
#10204=AXIS2_PLACEMENT_3D('',#15135,#11875,#11876);
#10205=AXIS2_PLACEMENT_3D('',#15136,#11877,#11878);
#10206=AXIS2_PLACEMENT_3D('',#15137,#11879,#11880);
#10207=AXIS2_PLACEMENT_3D('',#15139,#11881,#11882);
#10208=AXIS2_PLACEMENT_3D('',#15142,#11884,#11885);
#10209=AXIS2_PLACEMENT_3D('',#15143,#11886,#11887);
#10210=AXIS2_PLACEMENT_3D('',#15148,#11889,#11890);
#10211=AXIS2_PLACEMENT_3D('',#15151,#11892,#11893);
#10212=AXIS2_PLACEMENT_3D('',#15154,#11896,#11897);
#10213=AXIS2_PLACEMENT_3D('',#15155,#11898,#11899);
#10214=AXIS2_PLACEMENT_3D('',#15159,#11901,#11902);
#10215=AXIS2_PLACEMENT_3D('',#15160,#11903,#11904);
#10216=AXIS2_PLACEMENT_3D('',#15161,#11905,#11906);
#10217=AXIS2_PLACEMENT_3D('',#15163,#11907,#11908);
#10218=AXIS2_PLACEMENT_3D('',#15166,#11910,#11911);
#10219=AXIS2_PLACEMENT_3D('',#15167,#11912,#11913);
#10220=AXIS2_PLACEMENT_3D('',#15172,#11915,#11916);
#10221=AXIS2_PLACEMENT_3D('',#15175,#11918,#11919);
#10222=AXIS2_PLACEMENT_3D('',#15178,#11922,#11923);
#10223=AXIS2_PLACEMENT_3D('',#15179,#11924,#11925);
#10224=AXIS2_PLACEMENT_3D('',#15183,#11927,#11928);
#10225=AXIS2_PLACEMENT_3D('',#15184,#11929,#11930);
#10226=AXIS2_PLACEMENT_3D('',#15185,#11931,#11932);
#10227=AXIS2_PLACEMENT_3D('',#15187,#11933,#11934);
#10228=AXIS2_PLACEMENT_3D('',#15190,#11936,#11937);
#10229=AXIS2_PLACEMENT_3D('',#15191,#11938,#11939);
#10230=AXIS2_PLACEMENT_3D('',#15196,#11941,#11942);
#10231=AXIS2_PLACEMENT_3D('',#15199,#11944,#11945);
#10232=AXIS2_PLACEMENT_3D('',#15202,#11948,#11949);
#10233=AXIS2_PLACEMENT_3D('',#15203,#11950,#11951);
#10234=AXIS2_PLACEMENT_3D('',#15207,#11953,#11954);
#10235=AXIS2_PLACEMENT_3D('',#15208,#11955,#11956);
#10236=AXIS2_PLACEMENT_3D('',#15209,#11957,#11958);
#10237=AXIS2_PLACEMENT_3D('',#15211,#11959,#11960);
#10238=AXIS2_PLACEMENT_3D('',#15214,#11962,#11963);
#10239=AXIS2_PLACEMENT_3D('',#15215,#11964,#11965);
#10240=AXIS2_PLACEMENT_3D('',#15220,#11967,#11968);
#10241=AXIS2_PLACEMENT_3D('',#15223,#11970,#11971);
#10242=AXIS2_PLACEMENT_3D('',#15226,#11974,#11975);
#10243=AXIS2_PLACEMENT_3D('',#15227,#11976,#11977);
#10244=AXIS2_PLACEMENT_3D('',#15231,#11979,#11980);
#10245=AXIS2_PLACEMENT_3D('',#15232,#11981,#11982);
#10246=AXIS2_PLACEMENT_3D('',#15233,#11983,#11984);
#10247=AXIS2_PLACEMENT_3D('',#15235,#11985,#11986);
#10248=AXIS2_PLACEMENT_3D('',#15238,#11988,#11989);
#10249=AXIS2_PLACEMENT_3D('',#15239,#11990,#11991);
#10250=AXIS2_PLACEMENT_3D('',#15244,#11993,#11994);
#10251=AXIS2_PLACEMENT_3D('',#15247,#11996,#11997);
#10252=AXIS2_PLACEMENT_3D('',#15250,#12000,#12001);
#10253=AXIS2_PLACEMENT_3D('',#15251,#12002,#12003);
#10254=AXIS2_PLACEMENT_3D('',#15255,#12005,#12006);
#10255=AXIS2_PLACEMENT_3D('',#15256,#12007,#12008);
#10256=AXIS2_PLACEMENT_3D('',#15257,#12009,#12010);
#10257=AXIS2_PLACEMENT_3D('',#15259,#12011,#12012);
#10258=AXIS2_PLACEMENT_3D('',#15262,#12014,#12015);
#10259=AXIS2_PLACEMENT_3D('',#15263,#12016,#12017);
#10260=AXIS2_PLACEMENT_3D('',#15268,#12019,#12020);
#10261=AXIS2_PLACEMENT_3D('',#15271,#12022,#12023);
#10262=AXIS2_PLACEMENT_3D('',#15274,#12026,#12027);
#10263=AXIS2_PLACEMENT_3D('',#15275,#12028,#12029);
#10264=AXIS2_PLACEMENT_3D('',#15279,#12031,#12032);
#10265=AXIS2_PLACEMENT_3D('',#15280,#12033,#12034);
#10266=AXIS2_PLACEMENT_3D('',#15281,#12035,#12036);
#10267=AXIS2_PLACEMENT_3D('',#15283,#12037,#12038);
#10268=AXIS2_PLACEMENT_3D('',#15286,#12040,#12041);
#10269=AXIS2_PLACEMENT_3D('',#15287,#12042,#12043);
#10270=AXIS2_PLACEMENT_3D('',#15292,#12045,#12046);
#10271=AXIS2_PLACEMENT_3D('',#15295,#12048,#12049);
#10272=AXIS2_PLACEMENT_3D('',#15298,#12052,#12053);
#10273=AXIS2_PLACEMENT_3D('',#15299,#12054,#12055);
#10274=AXIS2_PLACEMENT_3D('',#15303,#12057,#12058);
#10275=AXIS2_PLACEMENT_3D('',#15304,#12059,#12060);
#10276=AXIS2_PLACEMENT_3D('',#15305,#12061,#12062);
#10277=AXIS2_PLACEMENT_3D('',#15307,#12063,#12064);
#10278=AXIS2_PLACEMENT_3D('',#15310,#12066,#12067);
#10279=AXIS2_PLACEMENT_3D('',#15311,#12068,#12069);
#10280=AXIS2_PLACEMENT_3D('',#15316,#12071,#12072);
#10281=AXIS2_PLACEMENT_3D('',#15319,#12074,#12075);
#10282=AXIS2_PLACEMENT_3D('',#15322,#12078,#12079);
#10283=AXIS2_PLACEMENT_3D('',#15323,#12080,#12081);
#10284=AXIS2_PLACEMENT_3D('',#15327,#12083,#12084);
#10285=AXIS2_PLACEMENT_3D('',#15328,#12085,#12086);
#10286=AXIS2_PLACEMENT_3D('',#15329,#12087,#12088);
#10287=AXIS2_PLACEMENT_3D('',#15331,#12089,#12090);
#10288=AXIS2_PLACEMENT_3D('',#15334,#12092,#12093);
#10289=AXIS2_PLACEMENT_3D('',#15335,#12094,#12095);
#10290=AXIS2_PLACEMENT_3D('',#15340,#12097,#12098);
#10291=AXIS2_PLACEMENT_3D('',#15343,#12100,#12101);
#10292=AXIS2_PLACEMENT_3D('',#15346,#12104,#12105);
#10293=AXIS2_PLACEMENT_3D('',#15347,#12106,#12107);
#10294=AXIS2_PLACEMENT_3D('',#15351,#12109,#12110);
#10295=AXIS2_PLACEMENT_3D('',#15352,#12111,#12112);
#10296=AXIS2_PLACEMENT_3D('',#15353,#12113,#12114);
#10297=AXIS2_PLACEMENT_3D('',#15355,#12115,#12116);
#10298=AXIS2_PLACEMENT_3D('',#15358,#12118,#12119);
#10299=AXIS2_PLACEMENT_3D('',#15359,#12120,#12121);
#10300=AXIS2_PLACEMENT_3D('',#15364,#12123,#12124);
#10301=AXIS2_PLACEMENT_3D('',#15367,#12126,#12127);
#10302=AXIS2_PLACEMENT_3D('',#15370,#12130,#12131);
#10303=AXIS2_PLACEMENT_3D('',#15371,#12132,#12133);
#10304=AXIS2_PLACEMENT_3D('',#15375,#12135,#12136);
#10305=AXIS2_PLACEMENT_3D('',#15376,#12137,#12138);
#10306=AXIS2_PLACEMENT_3D('',#15377,#12139,#12140);
#10307=AXIS2_PLACEMENT_3D('',#15379,#12141,#12142);
#10308=AXIS2_PLACEMENT_3D('',#15382,#12144,#12145);
#10309=AXIS2_PLACEMENT_3D('',#15383,#12146,#12147);
#10310=AXIS2_PLACEMENT_3D('',#15388,#12149,#12150);
#10311=AXIS2_PLACEMENT_3D('',#15391,#12152,#12153);
#10312=AXIS2_PLACEMENT_3D('',#15394,#12156,#12157);
#10313=AXIS2_PLACEMENT_3D('',#15395,#12158,#12159);
#10314=AXIS2_PLACEMENT_3D('',#15399,#12161,#12162);
#10315=AXIS2_PLACEMENT_3D('',#15400,#12163,#12164);
#10316=AXIS2_PLACEMENT_3D('',#15401,#12165,#12166);
#10317=AXIS2_PLACEMENT_3D('',#15403,#12167,#12168);
#10318=AXIS2_PLACEMENT_3D('',#15406,#12170,#12171);
#10319=AXIS2_PLACEMENT_3D('',#15407,#12172,#12173);
#10320=AXIS2_PLACEMENT_3D('',#15412,#12175,#12176);
#10321=AXIS2_PLACEMENT_3D('',#15415,#12178,#12179);
#10322=AXIS2_PLACEMENT_3D('',#15418,#12182,#12183);
#10323=AXIS2_PLACEMENT_3D('',#15419,#12184,#12185);
#10324=AXIS2_PLACEMENT_3D('',#15423,#12187,#12188);
#10325=AXIS2_PLACEMENT_3D('',#15424,#12189,#12190);
#10326=AXIS2_PLACEMENT_3D('',#15425,#12191,#12192);
#10327=AXIS2_PLACEMENT_3D('',#15427,#12193,#12194);
#10328=AXIS2_PLACEMENT_3D('',#15430,#12196,#12197);
#10329=AXIS2_PLACEMENT_3D('',#15431,#12198,#12199);
#10330=AXIS2_PLACEMENT_3D('',#15436,#12201,#12202);
#10331=AXIS2_PLACEMENT_3D('',#15439,#12204,#12205);
#10332=AXIS2_PLACEMENT_3D('',#15442,#12208,#12209);
#10333=AXIS2_PLACEMENT_3D('',#15443,#12210,#12211);
#10334=AXIS2_PLACEMENT_3D('',#15447,#12213,#12214);
#10335=AXIS2_PLACEMENT_3D('',#15448,#12215,#12216);
#10336=AXIS2_PLACEMENT_3D('',#15449,#12217,#12218);
#10337=AXIS2_PLACEMENT_3D('',#15451,#12219,#12220);
#10338=AXIS2_PLACEMENT_3D('',#15454,#12222,#12223);
#10339=AXIS2_PLACEMENT_3D('',#15455,#12224,#12225);
#10340=AXIS2_PLACEMENT_3D('',#15460,#12227,#12228);
#10341=AXIS2_PLACEMENT_3D('',#15463,#12230,#12231);
#10342=AXIS2_PLACEMENT_3D('',#15466,#12234,#12235);
#10343=AXIS2_PLACEMENT_3D('',#15467,#12236,#12237);
#10344=AXIS2_PLACEMENT_3D('',#15471,#12239,#12240);
#10345=AXIS2_PLACEMENT_3D('',#15472,#12241,#12242);
#10346=AXIS2_PLACEMENT_3D('',#15473,#12243,#12244);
#10347=AXIS2_PLACEMENT_3D('',#15475,#12245,#12246);
#10348=AXIS2_PLACEMENT_3D('',#15478,#12248,#12249);
#10349=AXIS2_PLACEMENT_3D('',#15479,#12250,#12251);
#10350=AXIS2_PLACEMENT_3D('',#15484,#12253,#12254);
#10351=AXIS2_PLACEMENT_3D('',#15487,#12256,#12257);
#10352=AXIS2_PLACEMENT_3D('',#15490,#12260,#12261);
#10353=AXIS2_PLACEMENT_3D('',#15491,#12262,#12263);
#10354=AXIS2_PLACEMENT_3D('',#15495,#12265,#12266);
#10355=AXIS2_PLACEMENT_3D('',#15496,#12267,#12268);
#10356=AXIS2_PLACEMENT_3D('',#15497,#12269,#12270);
#10357=AXIS2_PLACEMENT_3D('',#15499,#12271,#12272);
#10358=AXIS2_PLACEMENT_3D('',#15502,#12274,#12275);
#10359=AXIS2_PLACEMENT_3D('',#15503,#12276,#12277);
#10360=AXIS2_PLACEMENT_3D('',#15508,#12279,#12280);
#10361=AXIS2_PLACEMENT_3D('',#15511,#12282,#12283);
#10362=AXIS2_PLACEMENT_3D('',#15514,#12286,#12287);
#10363=AXIS2_PLACEMENT_3D('',#15515,#12288,#12289);
#10364=AXIS2_PLACEMENT_3D('',#15519,#12291,#12292);
#10365=AXIS2_PLACEMENT_3D('',#15520,#12293,#12294);
#10366=AXIS2_PLACEMENT_3D('',#15521,#12295,#12296);
#10367=AXIS2_PLACEMENT_3D('',#15523,#12297,#12298);
#10368=AXIS2_PLACEMENT_3D('',#15526,#12300,#12301);
#10369=AXIS2_PLACEMENT_3D('',#15527,#12302,#12303);
#10370=AXIS2_PLACEMENT_3D('',#15532,#12305,#12306);
#10371=AXIS2_PLACEMENT_3D('',#15535,#12308,#12309);
#10372=AXIS2_PLACEMENT_3D('',#15538,#12312,#12313);
#10373=AXIS2_PLACEMENT_3D('',#15539,#12314,#12315);
#10374=AXIS2_PLACEMENT_3D('',#15543,#12317,#12318);
#10375=AXIS2_PLACEMENT_3D('',#15544,#12319,#12320);
#10376=AXIS2_PLACEMENT_3D('',#15545,#12321,#12322);
#10377=AXIS2_PLACEMENT_3D('',#15547,#12323,#12324);
#10378=AXIS2_PLACEMENT_3D('',#15550,#12326,#12327);
#10379=AXIS2_PLACEMENT_3D('',#15551,#12328,#12329);
#10380=AXIS2_PLACEMENT_3D('',#15556,#12331,#12332);
#10381=AXIS2_PLACEMENT_3D('',#15559,#12334,#12335);
#10382=AXIS2_PLACEMENT_3D('',#15562,#12338,#12339);
#10383=AXIS2_PLACEMENT_3D('',#15563,#12340,#12341);
#10384=AXIS2_PLACEMENT_3D('',#15567,#12343,#12344);
#10385=AXIS2_PLACEMENT_3D('',#15568,#12345,#12346);
#10386=AXIS2_PLACEMENT_3D('',#15569,#12347,#12348);
#10387=AXIS2_PLACEMENT_3D('',#15571,#12349,#12350);
#10388=AXIS2_PLACEMENT_3D('',#15574,#12352,#12353);
#10389=AXIS2_PLACEMENT_3D('',#15575,#12354,#12355);
#10390=AXIS2_PLACEMENT_3D('',#15580,#12357,#12358);
#10391=AXIS2_PLACEMENT_3D('',#15583,#12360,#12361);
#10392=AXIS2_PLACEMENT_3D('',#15586,#12364,#12365);
#10393=AXIS2_PLACEMENT_3D('',#15587,#12366,#12367);
#10394=AXIS2_PLACEMENT_3D('',#15591,#12369,#12370);
#10395=AXIS2_PLACEMENT_3D('',#15592,#12371,#12372);
#10396=AXIS2_PLACEMENT_3D('',#15593,#12373,#12374);
#10397=AXIS2_PLACEMENT_3D('',#15595,#12375,#12376);
#10398=AXIS2_PLACEMENT_3D('',#15598,#12378,#12379);
#10399=AXIS2_PLACEMENT_3D('',#15599,#12380,#12381);
#10400=AXIS2_PLACEMENT_3D('',#15604,#12383,#12384);
#10401=AXIS2_PLACEMENT_3D('',#15607,#12386,#12387);
#10402=AXIS2_PLACEMENT_3D('',#15610,#12390,#12391);
#10403=AXIS2_PLACEMENT_3D('',#15611,#12392,#12393);
#10404=AXIS2_PLACEMENT_3D('',#15615,#12395,#12396);
#10405=AXIS2_PLACEMENT_3D('',#15616,#12397,#12398);
#10406=AXIS2_PLACEMENT_3D('',#15617,#12399,#12400);
#10407=AXIS2_PLACEMENT_3D('',#15619,#12401,#12402);
#10408=AXIS2_PLACEMENT_3D('',#15622,#12404,#12405);
#10409=AXIS2_PLACEMENT_3D('',#15623,#12406,#12407);
#10410=AXIS2_PLACEMENT_3D('',#15628,#12409,#12410);
#10411=AXIS2_PLACEMENT_3D('',#15631,#12412,#12413);
#10412=AXIS2_PLACEMENT_3D('',#15634,#12416,#12417);
#10413=AXIS2_PLACEMENT_3D('',#15635,#12418,#12419);
#10414=AXIS2_PLACEMENT_3D('',#15639,#12421,#12422);
#10415=AXIS2_PLACEMENT_3D('',#15640,#12423,#12424);
#10416=AXIS2_PLACEMENT_3D('',#15641,#12425,#12426);
#10417=AXIS2_PLACEMENT_3D('',#15643,#12427,#12428);
#10418=AXIS2_PLACEMENT_3D('',#15646,#12430,#12431);
#10419=AXIS2_PLACEMENT_3D('',#15647,#12432,#12433);
#10420=AXIS2_PLACEMENT_3D('',#15652,#12435,#12436);
#10421=AXIS2_PLACEMENT_3D('',#15655,#12438,#12439);
#10422=AXIS2_PLACEMENT_3D('',#15658,#12442,#12443);
#10423=AXIS2_PLACEMENT_3D('',#15659,#12444,#12445);
#10424=AXIS2_PLACEMENT_3D('',#15663,#12447,#12448);
#10425=AXIS2_PLACEMENT_3D('',#15664,#12449,#12450);
#10426=AXIS2_PLACEMENT_3D('',#15665,#12451,#12452);
#10427=AXIS2_PLACEMENT_3D('',#15667,#12453,#12454);
#10428=AXIS2_PLACEMENT_3D('',#15670,#12456,#12457);
#10429=AXIS2_PLACEMENT_3D('',#15671,#12458,#12459);
#10430=AXIS2_PLACEMENT_3D('',#15676,#12461,#12462);
#10431=AXIS2_PLACEMENT_3D('',#15679,#12464,#12465);
#10432=AXIS2_PLACEMENT_3D('',#15682,#12468,#12469);
#10433=AXIS2_PLACEMENT_3D('',#15683,#12470,#12471);
#10434=AXIS2_PLACEMENT_3D('',#15687,#12473,#12474);
#10435=AXIS2_PLACEMENT_3D('',#15688,#12475,#12476);
#10436=AXIS2_PLACEMENT_3D('',#15689,#12477,#12478);
#10437=AXIS2_PLACEMENT_3D('',#15691,#12479,#12480);
#10438=AXIS2_PLACEMENT_3D('',#15694,#12482,#12483);
#10439=AXIS2_PLACEMENT_3D('',#15695,#12484,#12485);
#10440=AXIS2_PLACEMENT_3D('',#15700,#12487,#12488);
#10441=AXIS2_PLACEMENT_3D('',#15703,#12490,#12491);
#10442=AXIS2_PLACEMENT_3D('',#15706,#12494,#12495);
#10443=AXIS2_PLACEMENT_3D('',#15707,#12496,#12497);
#10444=AXIS2_PLACEMENT_3D('',#15711,#12499,#12500);
#10445=AXIS2_PLACEMENT_3D('',#15712,#12501,#12502);
#10446=AXIS2_PLACEMENT_3D('',#15713,#12503,#12504);
#10447=AXIS2_PLACEMENT_3D('',#15715,#12505,#12506);
#10448=AXIS2_PLACEMENT_3D('',#15718,#12508,#12509);
#10449=AXIS2_PLACEMENT_3D('',#15719,#12510,#12511);
#10450=AXIS2_PLACEMENT_3D('',#15724,#12513,#12514);
#10451=AXIS2_PLACEMENT_3D('',#15727,#12516,#12517);
#10452=AXIS2_PLACEMENT_3D('',#15730,#12520,#12521);
#10453=AXIS2_PLACEMENT_3D('',#15731,#12522,#12523);
#10454=AXIS2_PLACEMENT_3D('',#15735,#12525,#12526);
#10455=AXIS2_PLACEMENT_3D('',#15736,#12527,#12528);
#10456=AXIS2_PLACEMENT_3D('',#15737,#12529,#12530);
#10457=AXIS2_PLACEMENT_3D('',#15739,#12531,#12532);
#10458=AXIS2_PLACEMENT_3D('',#15742,#12534,#12535);
#10459=AXIS2_PLACEMENT_3D('',#15743,#12536,#12537);
#10460=AXIS2_PLACEMENT_3D('',#15748,#12539,#12540);
#10461=AXIS2_PLACEMENT_3D('',#15751,#12542,#12543);
#10462=AXIS2_PLACEMENT_3D('',#15754,#12546,#12547);
#10463=AXIS2_PLACEMENT_3D('',#15755,#12548,#12549);
#10464=AXIS2_PLACEMENT_3D('',#15759,#12551,#12552);
#10465=AXIS2_PLACEMENT_3D('',#15760,#12553,#12554);
#10466=AXIS2_PLACEMENT_3D('',#15761,#12555,#12556);
#10467=AXIS2_PLACEMENT_3D('',#15763,#12557,#12558);
#10468=AXIS2_PLACEMENT_3D('',#15766,#12560,#12561);
#10469=AXIS2_PLACEMENT_3D('',#15767,#12562,#12563);
#10470=AXIS2_PLACEMENT_3D('',#15772,#12565,#12566);
#10471=AXIS2_PLACEMENT_3D('',#15775,#12568,#12569);
#10472=AXIS2_PLACEMENT_3D('',#15778,#12572,#12573);
#10473=AXIS2_PLACEMENT_3D('',#15779,#12574,#12575);
#10474=AXIS2_PLACEMENT_3D('',#15783,#12577,#12578);
#10475=AXIS2_PLACEMENT_3D('',#15784,#12579,#12580);
#10476=AXIS2_PLACEMENT_3D('',#15785,#12581,#12582);
#10477=AXIS2_PLACEMENT_3D('',#15787,#12583,#12584);
#10478=AXIS2_PLACEMENT_3D('',#15790,#12586,#12587);
#10479=AXIS2_PLACEMENT_3D('',#15791,#12588,#12589);
#10480=AXIS2_PLACEMENT_3D('',#15796,#12591,#12592);
#10481=AXIS2_PLACEMENT_3D('',#15799,#12594,#12595);
#10482=AXIS2_PLACEMENT_3D('',#15802,#12598,#12599);
#10483=AXIS2_PLACEMENT_3D('',#15803,#12600,#12601);
#10484=AXIS2_PLACEMENT_3D('',#15807,#12603,#12604);
#10485=AXIS2_PLACEMENT_3D('',#15808,#12605,#12606);
#10486=AXIS2_PLACEMENT_3D('',#15809,#12607,#12608);
#10487=AXIS2_PLACEMENT_3D('',#15811,#12609,#12610);
#10488=AXIS2_PLACEMENT_3D('',#15814,#12612,#12613);
#10489=AXIS2_PLACEMENT_3D('',#15815,#12614,#12615);
#10490=AXIS2_PLACEMENT_3D('',#15820,#12617,#12618);
#10491=AXIS2_PLACEMENT_3D('',#15823,#12620,#12621);
#10492=AXIS2_PLACEMENT_3D('',#15826,#12624,#12625);
#10493=AXIS2_PLACEMENT_3D('',#15827,#12626,#12627);
#10494=AXIS2_PLACEMENT_3D('',#15831,#12629,#12630);
#10495=AXIS2_PLACEMENT_3D('',#15832,#12631,#12632);
#10496=AXIS2_PLACEMENT_3D('',#15833,#12633,#12634);
#10497=AXIS2_PLACEMENT_3D('',#15835,#12635,#12636);
#10498=AXIS2_PLACEMENT_3D('',#15838,#12638,#12639);
#10499=AXIS2_PLACEMENT_3D('',#15839,#12640,#12641);
#10500=AXIS2_PLACEMENT_3D('',#15844,#12643,#12644);
#10501=AXIS2_PLACEMENT_3D('',#15847,#12646,#12647);
#10502=AXIS2_PLACEMENT_3D('',#15850,#12650,#12651);
#10503=AXIS2_PLACEMENT_3D('',#15851,#12652,#12653);
#10504=AXIS2_PLACEMENT_3D('',#15855,#12655,#12656);
#10505=AXIS2_PLACEMENT_3D('',#15856,#12657,#12658);
#10506=AXIS2_PLACEMENT_3D('',#15857,#12659,#12660);
#10507=AXIS2_PLACEMENT_3D('',#15859,#12661,#12662);
#10508=AXIS2_PLACEMENT_3D('',#15862,#12664,#12665);
#10509=AXIS2_PLACEMENT_3D('',#15863,#12666,#12667);
#10510=AXIS2_PLACEMENT_3D('',#15868,#12669,#12670);
#10511=AXIS2_PLACEMENT_3D('',#15871,#12672,#12673);
#10512=AXIS2_PLACEMENT_3D('',#15874,#12676,#12677);
#10513=AXIS2_PLACEMENT_3D('',#15875,#12678,#12679);
#10514=AXIS2_PLACEMENT_3D('',#15879,#12681,#12682);
#10515=AXIS2_PLACEMENT_3D('',#15880,#12683,#12684);
#10516=AXIS2_PLACEMENT_3D('',#15881,#12685,#12686);
#10517=AXIS2_PLACEMENT_3D('',#15883,#12687,#12688);
#10518=AXIS2_PLACEMENT_3D('',#15886,#12690,#12691);
#10519=AXIS2_PLACEMENT_3D('',#15887,#12692,#12693);
#10520=AXIS2_PLACEMENT_3D('',#15892,#12695,#12696);
#10521=AXIS2_PLACEMENT_3D('',#15895,#12698,#12699);
#10522=AXIS2_PLACEMENT_3D('',#15898,#12702,#12703);
#10523=AXIS2_PLACEMENT_3D('',#15899,#12704,#12705);
#10524=AXIS2_PLACEMENT_3D('',#15903,#12707,#12708);
#10525=AXIS2_PLACEMENT_3D('',#15904,#12709,#12710);
#10526=AXIS2_PLACEMENT_3D('',#15905,#12711,#12712);
#10527=AXIS2_PLACEMENT_3D('',#15907,#12713,#12714);
#10528=AXIS2_PLACEMENT_3D('',#15910,#12716,#12717);
#10529=AXIS2_PLACEMENT_3D('',#15911,#12718,#12719);
#10530=AXIS2_PLACEMENT_3D('',#15916,#12721,#12722);
#10531=AXIS2_PLACEMENT_3D('',#15919,#12724,#12725);
#10532=AXIS2_PLACEMENT_3D('',#15922,#12728,#12729);
#10533=AXIS2_PLACEMENT_3D('',#15923,#12730,#12731);
#10534=AXIS2_PLACEMENT_3D('',#15927,#12733,#12734);
#10535=AXIS2_PLACEMENT_3D('',#15928,#12735,#12736);
#10536=AXIS2_PLACEMENT_3D('',#15929,#12737,#12738);
#10537=AXIS2_PLACEMENT_3D('',#15931,#12739,#12740);
#10538=AXIS2_PLACEMENT_3D('',#15934,#12742,#12743);
#10539=AXIS2_PLACEMENT_3D('',#15935,#12744,#12745);
#10540=AXIS2_PLACEMENT_3D('',#15940,#12747,#12748);
#10541=AXIS2_PLACEMENT_3D('',#15943,#12750,#12751);
#10542=AXIS2_PLACEMENT_3D('',#15946,#12754,#12755);
#10543=AXIS2_PLACEMENT_3D('',#15947,#12756,#12757);
#10544=AXIS2_PLACEMENT_3D('',#15951,#12759,#12760);
#10545=AXIS2_PLACEMENT_3D('',#15952,#12761,#12762);
#10546=AXIS2_PLACEMENT_3D('',#15953,#12763,#12764);
#10547=AXIS2_PLACEMENT_3D('',#15955,#12765,#12766);
#10548=AXIS2_PLACEMENT_3D('',#15958,#12768,#12769);
#10549=AXIS2_PLACEMENT_3D('',#15959,#12770,#12771);
#10550=AXIS2_PLACEMENT_3D('',#15964,#12773,#12774);
#10551=AXIS2_PLACEMENT_3D('',#15967,#12776,#12777);
#10552=AXIS2_PLACEMENT_3D('',#15970,#12780,#12781);
#10553=AXIS2_PLACEMENT_3D('',#15971,#12782,#12783);
#10554=AXIS2_PLACEMENT_3D('',#15975,#12785,#12786);
#10555=AXIS2_PLACEMENT_3D('',#15976,#12787,#12788);
#10556=AXIS2_PLACEMENT_3D('',#15977,#12789,#12790);
#10557=AXIS2_PLACEMENT_3D('',#15979,#12791,#12792);
#10558=AXIS2_PLACEMENT_3D('',#15982,#12794,#12795);
#10559=AXIS2_PLACEMENT_3D('',#15983,#12796,#12797);
#10560=AXIS2_PLACEMENT_3D('',#15988,#12799,#12800);
#10561=AXIS2_PLACEMENT_3D('',#15991,#12802,#12803);
#10562=AXIS2_PLACEMENT_3D('',#15994,#12806,#12807);
#10563=AXIS2_PLACEMENT_3D('',#15995,#12808,#12809);
#10564=AXIS2_PLACEMENT_3D('',#15999,#12811,#12812);
#10565=AXIS2_PLACEMENT_3D('',#16000,#12813,#12814);
#10566=AXIS2_PLACEMENT_3D('',#16001,#12815,#12816);
#10567=AXIS2_PLACEMENT_3D('',#16003,#12817,#12818);
#10568=AXIS2_PLACEMENT_3D('',#16006,#12820,#12821);
#10569=AXIS2_PLACEMENT_3D('',#16007,#12822,#12823);
#10570=AXIS2_PLACEMENT_3D('',#16012,#12825,#12826);
#10571=AXIS2_PLACEMENT_3D('',#16015,#12828,#12829);
#10572=AXIS2_PLACEMENT_3D('',#16018,#12832,#12833);
#10573=AXIS2_PLACEMENT_3D('',#16019,#12834,#12835);
#10574=AXIS2_PLACEMENT_3D('',#16023,#12837,#12838);
#10575=AXIS2_PLACEMENT_3D('',#16024,#12839,#12840);
#10576=AXIS2_PLACEMENT_3D('',#16025,#12841,#12842);
#10577=AXIS2_PLACEMENT_3D('',#16027,#12843,#12844);
#10578=AXIS2_PLACEMENT_3D('',#16030,#12846,#12847);
#10579=AXIS2_PLACEMENT_3D('',#16031,#12848,#12849);
#10580=AXIS2_PLACEMENT_3D('',#16036,#12851,#12852);
#10581=AXIS2_PLACEMENT_3D('',#16039,#12854,#12855);
#10582=AXIS2_PLACEMENT_3D('',#16042,#12858,#12859);
#10583=AXIS2_PLACEMENT_3D('',#16043,#12860,#12861);
#10584=AXIS2_PLACEMENT_3D('',#16047,#12863,#12864);
#10585=AXIS2_PLACEMENT_3D('',#16048,#12865,#12866);
#10586=AXIS2_PLACEMENT_3D('',#16049,#12867,#12868);
#10587=AXIS2_PLACEMENT_3D('',#16051,#12869,#12870);
#10588=AXIS2_PLACEMENT_3D('',#16054,#12872,#12873);
#10589=AXIS2_PLACEMENT_3D('',#16055,#12874,#12875);
#10590=AXIS2_PLACEMENT_3D('',#16060,#12877,#12878);
#10591=AXIS2_PLACEMENT_3D('',#16063,#12880,#12881);
#10592=AXIS2_PLACEMENT_3D('',#16066,#12884,#12885);
#10593=AXIS2_PLACEMENT_3D('',#16067,#12886,#12887);
#10594=AXIS2_PLACEMENT_3D('',#16071,#12889,#12890);
#10595=AXIS2_PLACEMENT_3D('',#16072,#12891,#12892);
#10596=AXIS2_PLACEMENT_3D('',#16073,#12893,#12894);
#10597=AXIS2_PLACEMENT_3D('',#16075,#12895,#12896);
#10598=AXIS2_PLACEMENT_3D('',#16078,#12898,#12899);
#10599=AXIS2_PLACEMENT_3D('',#16079,#12900,#12901);
#10600=AXIS2_PLACEMENT_3D('',#16084,#12903,#12904);
#10601=AXIS2_PLACEMENT_3D('',#16087,#12906,#12907);
#10602=AXIS2_PLACEMENT_3D('',#16090,#12910,#12911);
#10603=AXIS2_PLACEMENT_3D('',#16091,#12912,#12913);
#10604=AXIS2_PLACEMENT_3D('',#16095,#12915,#12916);
#10605=AXIS2_PLACEMENT_3D('',#16096,#12917,#12918);
#10606=AXIS2_PLACEMENT_3D('',#16097,#12919,#12920);
#10607=AXIS2_PLACEMENT_3D('',#16099,#12921,#12922);
#10608=AXIS2_PLACEMENT_3D('',#16102,#12924,#12925);
#10609=AXIS2_PLACEMENT_3D('',#16103,#12926,#12927);
#10610=AXIS2_PLACEMENT_3D('',#16108,#12929,#12930);
#10611=AXIS2_PLACEMENT_3D('',#16111,#12932,#12933);
#10612=AXIS2_PLACEMENT_3D('',#16114,#12936,#12937);
#10613=AXIS2_PLACEMENT_3D('',#16115,#12938,#12939);
#10614=AXIS2_PLACEMENT_3D('',#16119,#12941,#12942);
#10615=AXIS2_PLACEMENT_3D('',#16120,#12943,#12944);
#10616=AXIS2_PLACEMENT_3D('',#16121,#12945,#12946);
#10617=AXIS2_PLACEMENT_3D('',#16123,#12947,#12948);
#10618=AXIS2_PLACEMENT_3D('',#16126,#12950,#12951);
#10619=AXIS2_PLACEMENT_3D('',#16127,#12952,#12953);
#10620=AXIS2_PLACEMENT_3D('',#16132,#12955,#12956);
#10621=AXIS2_PLACEMENT_3D('',#16135,#12958,#12959);
#10622=AXIS2_PLACEMENT_3D('',#16138,#12962,#12963);
#10623=AXIS2_PLACEMENT_3D('',#16139,#12964,#12965);
#10624=AXIS2_PLACEMENT_3D('',#16143,#12967,#12968);
#10625=AXIS2_PLACEMENT_3D('',#16144,#12969,#12970);
#10626=AXIS2_PLACEMENT_3D('',#16145,#12971,#12972);
#10627=AXIS2_PLACEMENT_3D('',#16147,#12973,#12974);
#10628=AXIS2_PLACEMENT_3D('',#16150,#12976,#12977);
#10629=AXIS2_PLACEMENT_3D('',#16151,#12978,#12979);
#10630=AXIS2_PLACEMENT_3D('',#16156,#12981,#12982);
#10631=AXIS2_PLACEMENT_3D('',#16159,#12984,#12985);
#10632=AXIS2_PLACEMENT_3D('',#16162,#12988,#12989);
#10633=AXIS2_PLACEMENT_3D('',#16163,#12990,#12991);
#10634=AXIS2_PLACEMENT_3D('',#16167,#12993,#12994);
#10635=AXIS2_PLACEMENT_3D('',#16168,#12995,#12996);
#10636=AXIS2_PLACEMENT_3D('',#16169,#12997,#12998);
#10637=AXIS2_PLACEMENT_3D('',#16171,#12999,#13000);
#10638=AXIS2_PLACEMENT_3D('',#16174,#13002,#13003);
#10639=AXIS2_PLACEMENT_3D('',#16175,#13004,#13005);
#10640=AXIS2_PLACEMENT_3D('',#16180,#13007,#13008);
#10641=AXIS2_PLACEMENT_3D('',#16183,#13010,#13011);
#10642=AXIS2_PLACEMENT_3D('',#16186,#13014,#13015);
#10643=AXIS2_PLACEMENT_3D('',#16187,#13016,#13017);
#10644=AXIS2_PLACEMENT_3D('',#16191,#13019,#13020);
#10645=AXIS2_PLACEMENT_3D('',#16192,#13021,#13022);
#10646=AXIS2_PLACEMENT_3D('',#16193,#13023,#13024);
#10647=AXIS2_PLACEMENT_3D('',#16195,#13025,#13026);
#10648=AXIS2_PLACEMENT_3D('',#16198,#13028,#13029);
#10649=AXIS2_PLACEMENT_3D('',#16199,#13030,#13031);
#10650=AXIS2_PLACEMENT_3D('',#16204,#13033,#13034);
#10651=AXIS2_PLACEMENT_3D('',#16207,#13036,#13037);
#10652=AXIS2_PLACEMENT_3D('',#16210,#13040,#13041);
#10653=AXIS2_PLACEMENT_3D('',#16211,#13042,#13043);
#10654=AXIS2_PLACEMENT_3D('',#16215,#13045,#13046);
#10655=AXIS2_PLACEMENT_3D('',#16216,#13047,#13048);
#10656=AXIS2_PLACEMENT_3D('',#16217,#13049,#13050);
#10657=AXIS2_PLACEMENT_3D('',#16219,#13051,#13052);
#10658=AXIS2_PLACEMENT_3D('',#16222,#13054,#13055);
#10659=AXIS2_PLACEMENT_3D('',#16223,#13056,#13057);
#10660=AXIS2_PLACEMENT_3D('',#16228,#13059,#13060);
#10661=AXIS2_PLACEMENT_3D('',#16231,#13062,#13063);
#10662=AXIS2_PLACEMENT_3D('',#16234,#13066,#13067);
#10663=AXIS2_PLACEMENT_3D('',#16235,#13068,#13069);
#10664=AXIS2_PLACEMENT_3D('',#16239,#13071,#13072);
#10665=AXIS2_PLACEMENT_3D('',#16240,#13073,#13074);
#10666=AXIS2_PLACEMENT_3D('',#16241,#13075,#13076);
#10667=AXIS2_PLACEMENT_3D('',#16243,#13077,#13078);
#10668=AXIS2_PLACEMENT_3D('',#16246,#13080,#13081);
#10669=AXIS2_PLACEMENT_3D('',#16247,#13082,#13083);
#10670=AXIS2_PLACEMENT_3D('',#16252,#13085,#13086);
#10671=AXIS2_PLACEMENT_3D('',#16255,#13088,#13089);
#10672=AXIS2_PLACEMENT_3D('',#16258,#13092,#13093);
#10673=AXIS2_PLACEMENT_3D('',#16259,#13094,#13095);
#10674=AXIS2_PLACEMENT_3D('',#16263,#13097,#13098);
#10675=AXIS2_PLACEMENT_3D('',#16264,#13099,#13100);
#10676=AXIS2_PLACEMENT_3D('',#16265,#13101,#13102);
#10677=AXIS2_PLACEMENT_3D('',#16267,#13103,#13104);
#10678=AXIS2_PLACEMENT_3D('',#16270,#13106,#13107);
#10679=AXIS2_PLACEMENT_3D('',#16271,#13108,#13109);
#10680=AXIS2_PLACEMENT_3D('',#16276,#13111,#13112);
#10681=AXIS2_PLACEMENT_3D('',#16279,#13114,#13115);
#10682=AXIS2_PLACEMENT_3D('',#16282,#13118,#13119);
#10683=AXIS2_PLACEMENT_3D('',#16283,#13120,#13121);
#10684=AXIS2_PLACEMENT_3D('',#16287,#13123,#13124);
#10685=AXIS2_PLACEMENT_3D('',#16288,#13125,#13126);
#10686=AXIS2_PLACEMENT_3D('',#16289,#13127,#13128);
#10687=AXIS2_PLACEMENT_3D('',#16291,#13129,#13130);
#10688=AXIS2_PLACEMENT_3D('',#16294,#13132,#13133);
#10689=AXIS2_PLACEMENT_3D('',#16295,#13134,#13135);
#10690=AXIS2_PLACEMENT_3D('',#16300,#13137,#13138);
#10691=AXIS2_PLACEMENT_3D('',#16303,#13140,#13141);
#10692=AXIS2_PLACEMENT_3D('',#16306,#13144,#13145);
#10693=AXIS2_PLACEMENT_3D('',#16307,#13146,#13147);
#10694=AXIS2_PLACEMENT_3D('',#16311,#13149,#13150);
#10695=AXIS2_PLACEMENT_3D('',#16312,#13151,#13152);
#10696=AXIS2_PLACEMENT_3D('',#16313,#13153,#13154);
#10697=AXIS2_PLACEMENT_3D('',#16315,#13155,#13156);
#10698=AXIS2_PLACEMENT_3D('',#16318,#13158,#13159);
#10699=AXIS2_PLACEMENT_3D('',#16319,#13160,#13161);
#10700=AXIS2_PLACEMENT_3D('',#16324,#13163,#13164);
#10701=AXIS2_PLACEMENT_3D('',#16327,#13166,#13167);
#10702=AXIS2_PLACEMENT_3D('',#16330,#13170,#13171);
#10703=AXIS2_PLACEMENT_3D('',#16331,#13172,#13173);
#10704=AXIS2_PLACEMENT_3D('',#16335,#13175,#13176);
#10705=AXIS2_PLACEMENT_3D('',#16336,#13177,#13178);
#10706=AXIS2_PLACEMENT_3D('',#16337,#13179,#13180);
#10707=AXIS2_PLACEMENT_3D('',#16339,#13181,#13182);
#10708=AXIS2_PLACEMENT_3D('',#16342,#13184,#13185);
#10709=AXIS2_PLACEMENT_3D('',#16343,#13186,#13187);
#10710=AXIS2_PLACEMENT_3D('',#16348,#13189,#13190);
#10711=AXIS2_PLACEMENT_3D('',#16351,#13192,#13193);
#10712=AXIS2_PLACEMENT_3D('',#16354,#13196,#13197);
#10713=AXIS2_PLACEMENT_3D('',#16355,#13198,#13199);
#10714=AXIS2_PLACEMENT_3D('',#16359,#13201,#13202);
#10715=AXIS2_PLACEMENT_3D('',#16360,#13203,#13204);
#10716=AXIS2_PLACEMENT_3D('',#16361,#13205,#13206);
#10717=AXIS2_PLACEMENT_3D('',#16363,#13207,#13208);
#10718=AXIS2_PLACEMENT_3D('',#16366,#13210,#13211);
#10719=AXIS2_PLACEMENT_3D('',#16367,#13212,#13213);
#10720=AXIS2_PLACEMENT_3D('',#16372,#13215,#13216);
#10721=AXIS2_PLACEMENT_3D('',#16375,#13218,#13219);
#10722=AXIS2_PLACEMENT_3D('',#16378,#13222,#13223);
#10723=AXIS2_PLACEMENT_3D('',#16379,#13224,#13225);
#10724=AXIS2_PLACEMENT_3D('',#16383,#13227,#13228);
#10725=AXIS2_PLACEMENT_3D('',#16384,#13229,#13230);
#10726=AXIS2_PLACEMENT_3D('',#16385,#13231,#13232);
#10727=AXIS2_PLACEMENT_3D('',#16387,#13233,#13234);
#10728=AXIS2_PLACEMENT_3D('',#16390,#13236,#13237);
#10729=AXIS2_PLACEMENT_3D('',#16391,#13238,#13239);
#10730=AXIS2_PLACEMENT_3D('',#16396,#13241,#13242);
#10731=AXIS2_PLACEMENT_3D('',#16399,#13244,#13245);
#10732=AXIS2_PLACEMENT_3D('',#16402,#13248,#13249);
#10733=AXIS2_PLACEMENT_3D('',#16403,#13250,#13251);
#10734=AXIS2_PLACEMENT_3D('',#16407,#13253,#13254);
#10735=AXIS2_PLACEMENT_3D('',#16408,#13255,#13256);
#10736=AXIS2_PLACEMENT_3D('',#16409,#13257,#13258);
#10737=AXIS2_PLACEMENT_3D('',#16411,#13259,#13260);
#10738=AXIS2_PLACEMENT_3D('',#16414,#13262,#13263);
#10739=AXIS2_PLACEMENT_3D('',#16415,#13264,#13265);
#10740=AXIS2_PLACEMENT_3D('',#16420,#13267,#13268);
#10741=AXIS2_PLACEMENT_3D('',#16423,#13270,#13271);
#10742=AXIS2_PLACEMENT_3D('',#16426,#13274,#13275);
#10743=AXIS2_PLACEMENT_3D('',#16427,#13276,#13277);
#10744=AXIS2_PLACEMENT_3D('',#16431,#13279,#13280);
#10745=AXIS2_PLACEMENT_3D('',#16432,#13281,#13282);
#10746=AXIS2_PLACEMENT_3D('',#16433,#13283,#13284);
#10747=AXIS2_PLACEMENT_3D('',#16435,#13285,#13286);
#10748=AXIS2_PLACEMENT_3D('',#16438,#13288,#13289);
#10749=AXIS2_PLACEMENT_3D('',#16439,#13290,#13291);
#10750=AXIS2_PLACEMENT_3D('',#16444,#13293,#13294);
#10751=AXIS2_PLACEMENT_3D('',#16447,#13296,#13297);
#10752=AXIS2_PLACEMENT_3D('',#16450,#13300,#13301);
#10753=AXIS2_PLACEMENT_3D('',#16451,#13302,#13303);
#10754=AXIS2_PLACEMENT_3D('',#16455,#13305,#13306);
#10755=AXIS2_PLACEMENT_3D('',#16456,#13307,#13308);
#10756=AXIS2_PLACEMENT_3D('',#16457,#13309,#13310);
#10757=AXIS2_PLACEMENT_3D('',#16459,#13311,#13312);
#10758=AXIS2_PLACEMENT_3D('',#16462,#13314,#13315);
#10759=AXIS2_PLACEMENT_3D('',#16463,#13316,#13317);
#10760=AXIS2_PLACEMENT_3D('',#16468,#13319,#13320);
#10761=AXIS2_PLACEMENT_3D('',#16471,#13322,#13323);
#10762=AXIS2_PLACEMENT_3D('',#16474,#13326,#13327);
#10763=AXIS2_PLACEMENT_3D('',#16475,#13328,#13329);
#10764=AXIS2_PLACEMENT_3D('',#16479,#13331,#13332);
#10765=AXIS2_PLACEMENT_3D('',#16480,#13333,#13334);
#10766=AXIS2_PLACEMENT_3D('',#16481,#13335,#13336);
#10767=AXIS2_PLACEMENT_3D('',#16483,#13337,#13338);
#10768=AXIS2_PLACEMENT_3D('',#16486,#13340,#13341);
#10769=AXIS2_PLACEMENT_3D('',#16487,#13342,#13343);
#10770=AXIS2_PLACEMENT_3D('',#16492,#13345,#13346);
#10771=AXIS2_PLACEMENT_3D('',#16495,#13348,#13349);
#10772=AXIS2_PLACEMENT_3D('',#16498,#13352,#13353);
#10773=AXIS2_PLACEMENT_3D('',#16499,#13354,#13355);
#10774=AXIS2_PLACEMENT_3D('',#16503,#13357,#13358);
#10775=AXIS2_PLACEMENT_3D('',#16504,#13359,#13360);
#10776=AXIS2_PLACEMENT_3D('',#16505,#13361,#13362);
#10777=AXIS2_PLACEMENT_3D('',#16507,#13363,#13364);
#10778=AXIS2_PLACEMENT_3D('',#16510,#13366,#13367);
#10779=AXIS2_PLACEMENT_3D('',#16511,#13368,#13369);
#10780=AXIS2_PLACEMENT_3D('',#16516,#13371,#13372);
#10781=AXIS2_PLACEMENT_3D('',#16519,#13374,#13375);
#10782=AXIS2_PLACEMENT_3D('',#16522,#13378,#13379);
#10783=AXIS2_PLACEMENT_3D('',#16523,#13380,#13381);
#10784=AXIS2_PLACEMENT_3D('',#16527,#13383,#13384);
#10785=AXIS2_PLACEMENT_3D('',#16528,#13385,#13386);
#10786=AXIS2_PLACEMENT_3D('',#16529,#13387,#13388);
#10787=AXIS2_PLACEMENT_3D('',#16531,#13389,#13390);
#10788=AXIS2_PLACEMENT_3D('',#16534,#13392,#13393);
#10789=AXIS2_PLACEMENT_3D('',#16535,#13394,#13395);
#10790=AXIS2_PLACEMENT_3D('',#16540,#13397,#13398);
#10791=AXIS2_PLACEMENT_3D('',#16543,#13400,#13401);
#10792=AXIS2_PLACEMENT_3D('',#16546,#13404,#13405);
#10793=AXIS2_PLACEMENT_3D('',#16547,#13406,#13407);
#10794=AXIS2_PLACEMENT_3D('',#16551,#13409,#13410);
#10795=AXIS2_PLACEMENT_3D('',#16552,#13411,#13412);
#10796=AXIS2_PLACEMENT_3D('',#16553,#13413,#13414);
#10797=AXIS2_PLACEMENT_3D('',#16555,#13415,#13416);
#10798=AXIS2_PLACEMENT_3D('',#16558,#13418,#13419);
#10799=AXIS2_PLACEMENT_3D('',#16559,#13420,#13421);
#10800=AXIS2_PLACEMENT_3D('',#16564,#13423,#13424);
#10801=AXIS2_PLACEMENT_3D('',#16567,#13426,#13427);
#10802=AXIS2_PLACEMENT_3D('',#16570,#13430,#13431);
#10803=AXIS2_PLACEMENT_3D('',#16571,#13432,#13433);
#10804=AXIS2_PLACEMENT_3D('',#16575,#13435,#13436);
#10805=AXIS2_PLACEMENT_3D('',#16576,#13437,#13438);
#10806=AXIS2_PLACEMENT_3D('',#16577,#13439,#13440);
#10807=AXIS2_PLACEMENT_3D('',#16579,#13441,#13442);
#10808=AXIS2_PLACEMENT_3D('',#16582,#13444,#13445);
#10809=AXIS2_PLACEMENT_3D('',#16583,#13446,#13447);
#10810=AXIS2_PLACEMENT_3D('',#16588,#13449,#13450);
#10811=AXIS2_PLACEMENT_3D('',#16591,#13452,#13453);
#10812=AXIS2_PLACEMENT_3D('',#16594,#13456,#13457);
#10813=AXIS2_PLACEMENT_3D('',#16595,#13458,#13459);
#10814=AXIS2_PLACEMENT_3D('',#16599,#13461,#13462);
#10815=AXIS2_PLACEMENT_3D('',#16600,#13463,#13464);
#10816=AXIS2_PLACEMENT_3D('',#16601,#13465,#13466);
#10817=AXIS2_PLACEMENT_3D('',#16603,#13467,#13468);
#10818=AXIS2_PLACEMENT_3D('',#16606,#13470,#13471);
#10819=AXIS2_PLACEMENT_3D('',#16607,#13472,#13473);
#10820=AXIS2_PLACEMENT_3D('',#16612,#13475,#13476);
#10821=AXIS2_PLACEMENT_3D('',#16615,#13478,#13479);
#10822=AXIS2_PLACEMENT_3D('',#16618,#13482,#13483);
#10823=AXIS2_PLACEMENT_3D('',#16619,#13484,#13485);
#10824=AXIS2_PLACEMENT_3D('',#16623,#13487,#13488);
#10825=AXIS2_PLACEMENT_3D('',#16624,#13489,#13490);
#10826=AXIS2_PLACEMENT_3D('',#16625,#13491,#13492);
#10827=AXIS2_PLACEMENT_3D('',#16627,#13493,#13494);
#10828=AXIS2_PLACEMENT_3D('',#16630,#13496,#13497);
#10829=AXIS2_PLACEMENT_3D('',#16631,#13498,#13499);
#10830=AXIS2_PLACEMENT_3D('',#16636,#13501,#13502);
#10831=AXIS2_PLACEMENT_3D('',#16639,#13504,#13505);
#10832=AXIS2_PLACEMENT_3D('',#16642,#13508,#13509);
#10833=AXIS2_PLACEMENT_3D('',#16643,#13510,#13511);
#10834=AXIS2_PLACEMENT_3D('',#16647,#13513,#13514);
#10835=AXIS2_PLACEMENT_3D('',#16648,#13515,#13516);
#10836=AXIS2_PLACEMENT_3D('',#16649,#13517,#13518);
#10837=AXIS2_PLACEMENT_3D('',#16651,#13519,#13520);
#10838=AXIS2_PLACEMENT_3D('',#16654,#13522,#13523);
#10839=AXIS2_PLACEMENT_3D('',#16655,#13524,#13525);
#10840=AXIS2_PLACEMENT_3D('',#16660,#13527,#13528);
#10841=AXIS2_PLACEMENT_3D('',#16663,#13530,#13531);
#10842=AXIS2_PLACEMENT_3D('',#16666,#13534,#13535);
#10843=AXIS2_PLACEMENT_3D('',#16667,#13536,#13537);
#10844=AXIS2_PLACEMENT_3D('',#16671,#13539,#13540);
#10845=AXIS2_PLACEMENT_3D('',#16672,#13541,#13542);
#10846=AXIS2_PLACEMENT_3D('',#16673,#13543,#13544);
#10847=AXIS2_PLACEMENT_3D('',#16675,#13545,#13546);
#10848=AXIS2_PLACEMENT_3D('',#16678,#13548,#13549);
#10849=AXIS2_PLACEMENT_3D('',#16679,#13550,#13551);
#10850=AXIS2_PLACEMENT_3D('',#16684,#13553,#13554);
#10851=AXIS2_PLACEMENT_3D('',#16687,#13556,#13557);
#10852=AXIS2_PLACEMENT_3D('',#16690,#13560,#13561);
#10853=AXIS2_PLACEMENT_3D('',#16691,#13562,#13563);
#10854=AXIS2_PLACEMENT_3D('',#16695,#13565,#13566);
#10855=AXIS2_PLACEMENT_3D('',#16696,#13567,#13568);
#10856=AXIS2_PLACEMENT_3D('',#16697,#13569,#13570);
#10857=AXIS2_PLACEMENT_3D('',#16699,#13571,#13572);
#10858=AXIS2_PLACEMENT_3D('',#16702,#13574,#13575);
#10859=AXIS2_PLACEMENT_3D('',#16703,#13576,#13577);
#10860=AXIS2_PLACEMENT_3D('',#16708,#13579,#13580);
#10861=AXIS2_PLACEMENT_3D('',#16711,#13582,#13583);
#10862=AXIS2_PLACEMENT_3D('',#16714,#13586,#13587);
#10863=AXIS2_PLACEMENT_3D('',#16715,#13588,#13589);
#10864=AXIS2_PLACEMENT_3D('',#16719,#13591,#13592);
#10865=AXIS2_PLACEMENT_3D('',#16720,#13593,#13594);
#10866=AXIS2_PLACEMENT_3D('',#16721,#13595,#13596);
#10867=AXIS2_PLACEMENT_3D('',#16723,#13597,#13598);
#10868=AXIS2_PLACEMENT_3D('',#16726,#13600,#13601);
#10869=AXIS2_PLACEMENT_3D('',#16727,#13602,#13603);
#10870=AXIS2_PLACEMENT_3D('',#16732,#13605,#13606);
#10871=AXIS2_PLACEMENT_3D('',#16735,#13608,#13609);
#10872=AXIS2_PLACEMENT_3D('',#16738,#13612,#13613);
#10873=AXIS2_PLACEMENT_3D('',#16739,#13614,#13615);
#10874=AXIS2_PLACEMENT_3D('',#16743,#13617,#13618);
#10875=AXIS2_PLACEMENT_3D('',#16744,#13619,#13620);
#10876=AXIS2_PLACEMENT_3D('',#16745,#13621,#13622);
#10877=AXIS2_PLACEMENT_3D('',#16747,#13623,#13624);
#10878=AXIS2_PLACEMENT_3D('',#16750,#13626,#13627);
#10879=AXIS2_PLACEMENT_3D('',#16751,#13628,#13629);
#10880=AXIS2_PLACEMENT_3D('',#16756,#13631,#13632);
#10881=AXIS2_PLACEMENT_3D('',#16759,#13634,#13635);
#10882=AXIS2_PLACEMENT_3D('',#16762,#13638,#13639);
#10883=AXIS2_PLACEMENT_3D('',#16763,#13640,#13641);
#10884=AXIS2_PLACEMENT_3D('',#16767,#13643,#13644);
#10885=AXIS2_PLACEMENT_3D('',#16768,#13645,#13646);
#10886=AXIS2_PLACEMENT_3D('',#16769,#13647,#13648);
#10887=AXIS2_PLACEMENT_3D('',#16771,#13649,#13650);
#10888=AXIS2_PLACEMENT_3D('',#16774,#13652,#13653);
#10889=AXIS2_PLACEMENT_3D('',#16775,#13654,#13655);
#10890=AXIS2_PLACEMENT_3D('',#16780,#13657,#13658);
#10891=AXIS2_PLACEMENT_3D('',#16783,#13660,#13661);
#10892=AXIS2_PLACEMENT_3D('',#16786,#13664,#13665);
#10893=AXIS2_PLACEMENT_3D('',#16787,#13666,#13667);
#10894=AXIS2_PLACEMENT_3D('',#16791,#13669,#13670);
#10895=AXIS2_PLACEMENT_3D('',#16792,#13671,#13672);
#10896=AXIS2_PLACEMENT_3D('',#16793,#13673,#13674);
#10897=AXIS2_PLACEMENT_3D('',#16795,#13675,#13676);
#10898=AXIS2_PLACEMENT_3D('',#16798,#13678,#13679);
#10899=AXIS2_PLACEMENT_3D('',#16799,#13680,#13681);
#10900=AXIS2_PLACEMENT_3D('',#16804,#13683,#13684);
#10901=AXIS2_PLACEMENT_3D('',#16807,#13686,#13687);
#10902=AXIS2_PLACEMENT_3D('',#16810,#13690,#13691);
#10903=AXIS2_PLACEMENT_3D('',#16811,#13692,#13693);
#10904=AXIS2_PLACEMENT_3D('',#16815,#13695,#13696);
#10905=AXIS2_PLACEMENT_3D('',#16816,#13697,#13698);
#10906=AXIS2_PLACEMENT_3D('',#16817,#13699,#13700);
#10907=AXIS2_PLACEMENT_3D('',#16819,#13701,#13702);
#10908=AXIS2_PLACEMENT_3D('',#16822,#13704,#13705);
#10909=AXIS2_PLACEMENT_3D('',#16823,#13706,#13707);
#10910=AXIS2_PLACEMENT_3D('',#16828,#13709,#13710);
#10911=AXIS2_PLACEMENT_3D('',#16831,#13712,#13713);
#10912=AXIS2_PLACEMENT_3D('',#16834,#13716,#13717);
#10913=AXIS2_PLACEMENT_3D('',#16835,#13718,#13719);
#10914=AXIS2_PLACEMENT_3D('',#16839,#13721,#13722);
#10915=AXIS2_PLACEMENT_3D('',#16840,#13723,#13724);
#10916=AXIS2_PLACEMENT_3D('',#16841,#13725,#13726);
#10917=AXIS2_PLACEMENT_3D('',#16843,#13727,#13728);
#10918=AXIS2_PLACEMENT_3D('',#16846,#13730,#13731);
#10919=AXIS2_PLACEMENT_3D('',#16847,#13732,#13733);
#10920=AXIS2_PLACEMENT_3D('',#16852,#13735,#13736);
#10921=AXIS2_PLACEMENT_3D('',#16855,#13738,#13739);
#10922=AXIS2_PLACEMENT_3D('',#16858,#13742,#13743);
#10923=AXIS2_PLACEMENT_3D('',#16859,#13744,#13745);
#10924=AXIS2_PLACEMENT_3D('',#16863,#13747,#13748);
#10925=AXIS2_PLACEMENT_3D('',#16864,#13749,#13750);
#10926=AXIS2_PLACEMENT_3D('',#16865,#13751,#13752);
#10927=AXIS2_PLACEMENT_3D('',#16867,#13753,#13754);
#10928=AXIS2_PLACEMENT_3D('',#16870,#13756,#13757);
#10929=AXIS2_PLACEMENT_3D('',#16871,#13758,#13759);
#10930=AXIS2_PLACEMENT_3D('',#16876,#13761,#13762);
#10931=AXIS2_PLACEMENT_3D('',#16879,#13764,#13765);
#10932=AXIS2_PLACEMENT_3D('',#16882,#13768,#13769);
#10933=AXIS2_PLACEMENT_3D('',#16883,#13770,#13771);
#10934=AXIS2_PLACEMENT_3D('',#16887,#13773,#13774);
#10935=AXIS2_PLACEMENT_3D('',#16888,#13775,#13776);
#10936=AXIS2_PLACEMENT_3D('',#16889,#13777,#13778);
#10937=AXIS2_PLACEMENT_3D('',#16891,#13779,#13780);
#10938=AXIS2_PLACEMENT_3D('',#16894,#13782,#13783);
#10939=AXIS2_PLACEMENT_3D('',#16895,#13784,#13785);
#10940=AXIS2_PLACEMENT_3D('',#16900,#13787,#13788);
#10941=AXIS2_PLACEMENT_3D('',#16903,#13790,#13791);
#10942=AXIS2_PLACEMENT_3D('',#16906,#13794,#13795);
#10943=AXIS2_PLACEMENT_3D('',#16907,#13796,#13797);
#10944=AXIS2_PLACEMENT_3D('',#16911,#13799,#13800);
#10945=AXIS2_PLACEMENT_3D('',#16912,#13801,#13802);
#10946=AXIS2_PLACEMENT_3D('',#16913,#13803,#13804);
#10947=AXIS2_PLACEMENT_3D('',#16915,#13805,#13806);
#10948=AXIS2_PLACEMENT_3D('',#16918,#13808,#13809);
#10949=AXIS2_PLACEMENT_3D('',#16919,#13810,#13811);
#10950=AXIS2_PLACEMENT_3D('',#16924,#13813,#13814);
#10951=AXIS2_PLACEMENT_3D('',#16927,#13816,#13817);
#10952=AXIS2_PLACEMENT_3D('',#16930,#13820,#13821);
#10953=AXIS2_PLACEMENT_3D('',#16931,#13822,#13823);
#10954=AXIS2_PLACEMENT_3D('',#16935,#13825,#13826);
#10955=AXIS2_PLACEMENT_3D('',#16936,#13827,#13828);
#10956=AXIS2_PLACEMENT_3D('',#16937,#13829,#13830);
#10957=AXIS2_PLACEMENT_3D('',#16939,#13831,#13832);
#10958=AXIS2_PLACEMENT_3D('',#16942,#13834,#13835);
#10959=AXIS2_PLACEMENT_3D('',#16943,#13836,#13837);
#10960=AXIS2_PLACEMENT_3D('',#16948,#13839,#13840);
#10961=AXIS2_PLACEMENT_3D('',#16951,#13842,#13843);
#10962=AXIS2_PLACEMENT_3D('',#16954,#13846,#13847);
#10963=AXIS2_PLACEMENT_3D('',#16955,#13848,#13849);
#10964=AXIS2_PLACEMENT_3D('',#16959,#13851,#13852);
#10965=AXIS2_PLACEMENT_3D('',#16960,#13853,#13854);
#10966=AXIS2_PLACEMENT_3D('',#16961,#13855,#13856);
#10967=AXIS2_PLACEMENT_3D('',#16963,#13857,#13858);
#10968=AXIS2_PLACEMENT_3D('',#16966,#13860,#13861);
#10969=AXIS2_PLACEMENT_3D('',#16967,#13862,#13863);
#10970=AXIS2_PLACEMENT_3D('',#16972,#13865,#13866);
#10971=AXIS2_PLACEMENT_3D('',#16975,#13868,#13869);
#10972=AXIS2_PLACEMENT_3D('',#16978,#13872,#13873);
#10973=AXIS2_PLACEMENT_3D('',#16979,#13874,#13875);
#10974=AXIS2_PLACEMENT_3D('',#16983,#13877,#13878);
#10975=AXIS2_PLACEMENT_3D('',#16984,#13879,#13880);
#10976=AXIS2_PLACEMENT_3D('',#16985,#13881,#13882);
#10977=AXIS2_PLACEMENT_3D('',#16987,#13883,#13884);
#10978=AXIS2_PLACEMENT_3D('',#16990,#13886,#13887);
#10979=AXIS2_PLACEMENT_3D('',#16991,#13888,#13889);
#10980=AXIS2_PLACEMENT_3D('',#16996,#13891,#13892);
#10981=AXIS2_PLACEMENT_3D('',#16999,#13894,#13895);
#10982=AXIS2_PLACEMENT_3D('',#17002,#13898,#13899);
#10983=AXIS2_PLACEMENT_3D('',#17003,#13900,#13901);
#10984=AXIS2_PLACEMENT_3D('',#17007,#13903,#13904);
#10985=AXIS2_PLACEMENT_3D('',#17008,#13905,#13906);
#10986=AXIS2_PLACEMENT_3D('',#17009,#13907,#13908);
#10987=AXIS2_PLACEMENT_3D('',#17011,#13909,#13910);
#10988=AXIS2_PLACEMENT_3D('',#17014,#13912,#13913);
#10989=AXIS2_PLACEMENT_3D('',#17015,#13914,#13915);
#10990=AXIS2_PLACEMENT_3D('',#17020,#13917,#13918);
#10991=AXIS2_PLACEMENT_3D('',#17023,#13920,#13921);
#10992=AXIS2_PLACEMENT_3D('',#17026,#13924,#13925);
#10993=AXIS2_PLACEMENT_3D('',#17027,#13926,#13927);
#10994=AXIS2_PLACEMENT_3D('',#17031,#13929,#13930);
#10995=AXIS2_PLACEMENT_3D('',#17032,#13931,#13932);
#10996=AXIS2_PLACEMENT_3D('',#17033,#13933,#13934);
#10997=AXIS2_PLACEMENT_3D('',#17035,#13935,#13936);
#10998=AXIS2_PLACEMENT_3D('',#17038,#13938,#13939);
#10999=AXIS2_PLACEMENT_3D('',#17039,#13940,#13941);
#11000=AXIS2_PLACEMENT_3D('',#17044,#13943,#13944);
#11001=AXIS2_PLACEMENT_3D('',#17047,#13946,#13947);
#11002=AXIS2_PLACEMENT_3D('',#17050,#13950,#13951);
#11003=AXIS2_PLACEMENT_3D('',#17051,#13952,#13953);
#11004=AXIS2_PLACEMENT_3D('',#17055,#13955,#13956);
#11005=AXIS2_PLACEMENT_3D('',#17056,#13957,#13958);
#11006=AXIS2_PLACEMENT_3D('',#17057,#13959,#13960);
#11007=AXIS2_PLACEMENT_3D('',#17059,#13961,#13962);
#11008=AXIS2_PLACEMENT_3D('',#17062,#13964,#13965);
#11009=AXIS2_PLACEMENT_3D('',#17063,#13966,#13967);
#11010=AXIS2_PLACEMENT_3D('',#17068,#13969,#13970);
#11011=AXIS2_PLACEMENT_3D('',#17071,#13972,#13973);
#11012=AXIS2_PLACEMENT_3D('',#17074,#13976,#13977);
#11013=AXIS2_PLACEMENT_3D('',#17075,#13978,#13979);
#11014=AXIS2_PLACEMENT_3D('',#17079,#13981,#13982);
#11015=AXIS2_PLACEMENT_3D('',#17080,#13983,#13984);
#11016=AXIS2_PLACEMENT_3D('',#17081,#13985,#13986);
#11017=AXIS2_PLACEMENT_3D('',#17083,#13987,#13988);
#11018=AXIS2_PLACEMENT_3D('',#17086,#13990,#13991);
#11019=AXIS2_PLACEMENT_3D('',#17087,#13992,#13993);
#11020=AXIS2_PLACEMENT_3D('',#17092,#13995,#13996);
#11021=AXIS2_PLACEMENT_3D('',#17095,#13998,#13999);
#11022=AXIS2_PLACEMENT_3D('',#17098,#14002,#14003);
#11023=AXIS2_PLACEMENT_3D('',#17099,#14004,#14005);
#11024=AXIS2_PLACEMENT_3D('',#17103,#14007,#14008);
#11025=AXIS2_PLACEMENT_3D('',#17104,#14009,#14010);
#11026=AXIS2_PLACEMENT_3D('',#17105,#14011,#14012);
#11027=AXIS2_PLACEMENT_3D('',#17107,#14013,#14014);
#11028=AXIS2_PLACEMENT_3D('',#17110,#14016,#14017);
#11029=AXIS2_PLACEMENT_3D('',#17111,#14018,#14019);
#11030=AXIS2_PLACEMENT_3D('',#17116,#14021,#14022);
#11031=AXIS2_PLACEMENT_3D('',#17119,#14024,#14025);
#11032=AXIS2_PLACEMENT_3D('',#17122,#14028,#14029);
#11033=AXIS2_PLACEMENT_3D('',#17123,#14030,#14031);
#11034=AXIS2_PLACEMENT_3D('',#17127,#14033,#14034);
#11035=AXIS2_PLACEMENT_3D('',#17128,#14035,#14036);
#11036=AXIS2_PLACEMENT_3D('',#17129,#14037,#14038);
#11037=AXIS2_PLACEMENT_3D('',#17131,#14039,#14040);
#11038=AXIS2_PLACEMENT_3D('',#17134,#14042,#14043);
#11039=AXIS2_PLACEMENT_3D('',#17135,#14044,#14045);
#11040=AXIS2_PLACEMENT_3D('',#17140,#14047,#14048);
#11041=AXIS2_PLACEMENT_3D('',#17143,#14050,#14051);
#11042=AXIS2_PLACEMENT_3D('',#17146,#14054,#14055);
#11043=AXIS2_PLACEMENT_3D('',#17147,#14056,#14057);
#11044=AXIS2_PLACEMENT_3D('',#17151,#14059,#14060);
#11045=AXIS2_PLACEMENT_3D('',#17152,#14061,#14062);
#11046=AXIS2_PLACEMENT_3D('',#17153,#14063,#14064);
#11047=AXIS2_PLACEMENT_3D('',#17155,#14065,#14066);
#11048=AXIS2_PLACEMENT_3D('',#17158,#14068,#14069);
#11049=AXIS2_PLACEMENT_3D('',#17159,#14070,#14071);
#11050=AXIS2_PLACEMENT_3D('',#17164,#14073,#14074);
#11051=AXIS2_PLACEMENT_3D('',#17167,#14076,#14077);
#11052=AXIS2_PLACEMENT_3D('',#17170,#14080,#14081);
#11053=AXIS2_PLACEMENT_3D('',#17171,#14082,#14083);
#11054=AXIS2_PLACEMENT_3D('',#17175,#14085,#14086);
#11055=AXIS2_PLACEMENT_3D('',#17176,#14087,#14088);
#11056=AXIS2_PLACEMENT_3D('',#17177,#14089,#14090);
#11057=AXIS2_PLACEMENT_3D('',#17179,#14091,#14092);
#11058=AXIS2_PLACEMENT_3D('',#17182,#14094,#14095);
#11059=AXIS2_PLACEMENT_3D('',#17183,#14096,#14097);
#11060=AXIS2_PLACEMENT_3D('',#17188,#14099,#14100);
#11061=AXIS2_PLACEMENT_3D('',#17191,#14102,#14103);
#11062=AXIS2_PLACEMENT_3D('',#17194,#14106,#14107);
#11063=AXIS2_PLACEMENT_3D('',#17195,#14108,#14109);
#11064=AXIS2_PLACEMENT_3D('',#17199,#14111,#14112);
#11065=AXIS2_PLACEMENT_3D('',#17200,#14113,#14114);
#11066=AXIS2_PLACEMENT_3D('',#17201,#14115,#14116);
#11067=AXIS2_PLACEMENT_3D('',#17203,#14117,#14118);
#11068=AXIS2_PLACEMENT_3D('',#17206,#14120,#14121);
#11069=AXIS2_PLACEMENT_3D('',#17207,#14122,#14123);
#11070=AXIS2_PLACEMENT_3D('',#17212,#14125,#14126);
#11071=AXIS2_PLACEMENT_3D('',#17215,#14128,#14129);
#11072=AXIS2_PLACEMENT_3D('',#17218,#14132,#14133);
#11073=AXIS2_PLACEMENT_3D('',#17219,#14134,#14135);
#11074=AXIS2_PLACEMENT_3D('',#17223,#14137,#14138);
#11075=AXIS2_PLACEMENT_3D('',#17224,#14139,#14140);
#11076=AXIS2_PLACEMENT_3D('',#17225,#14141,#14142);
#11077=AXIS2_PLACEMENT_3D('',#17227,#14143,#14144);
#11078=AXIS2_PLACEMENT_3D('',#17230,#14146,#14147);
#11079=AXIS2_PLACEMENT_3D('',#17231,#14148,#14149);
#11080=AXIS2_PLACEMENT_3D('',#17236,#14151,#14152);
#11081=AXIS2_PLACEMENT_3D('',#17239,#14154,#14155);
#11082=AXIS2_PLACEMENT_3D('',#17242,#14158,#14159);
#11083=AXIS2_PLACEMENT_3D('',#17243,#14160,#14161);
#11084=AXIS2_PLACEMENT_3D('',#17247,#14163,#14164);
#11085=AXIS2_PLACEMENT_3D('',#17248,#14165,#14166);
#11086=AXIS2_PLACEMENT_3D('',#17249,#14167,#14168);
#11087=AXIS2_PLACEMENT_3D('',#17251,#14169,#14170);
#11088=AXIS2_PLACEMENT_3D('',#17254,#14172,#14173);
#11089=AXIS2_PLACEMENT_3D('',#17255,#14174,#14175);
#11090=AXIS2_PLACEMENT_3D('',#17260,#14177,#14178);
#11091=AXIS2_PLACEMENT_3D('',#17263,#14180,#14181);
#11092=AXIS2_PLACEMENT_3D('',#17266,#14184,#14185);
#11093=AXIS2_PLACEMENT_3D('',#17267,#14186,#14187);
#11094=AXIS2_PLACEMENT_3D('',#17271,#14189,#14190);
#11095=AXIS2_PLACEMENT_3D('',#17272,#14191,#14192);
#11096=AXIS2_PLACEMENT_3D('',#17273,#14193,#14194);
#11097=AXIS2_PLACEMENT_3D('',#17275,#14195,#14196);
#11098=AXIS2_PLACEMENT_3D('',#17278,#14198,#14199);
#11099=AXIS2_PLACEMENT_3D('',#17279,#14200,#14201);
#11100=AXIS2_PLACEMENT_3D('',#17284,#14203,#14204);
#11101=AXIS2_PLACEMENT_3D('',#17287,#14206,#14207);
#11102=AXIS2_PLACEMENT_3D('',#17290,#14210,#14211);
#11103=AXIS2_PLACEMENT_3D('',#17291,#14212,#14213);
#11104=AXIS2_PLACEMENT_3D('',#17295,#14215,#14216);
#11105=AXIS2_PLACEMENT_3D('',#17296,#14217,#14218);
#11106=AXIS2_PLACEMENT_3D('',#17297,#14219,#14220);
#11107=AXIS2_PLACEMENT_3D('',#17299,#14221,#14222);
#11108=AXIS2_PLACEMENT_3D('',#17302,#14224,#14225);
#11109=AXIS2_PLACEMENT_3D('',#17303,#14226,#14227);
#11110=AXIS2_PLACEMENT_3D('',#17308,#14229,#14230);
#11111=AXIS2_PLACEMENT_3D('',#17311,#14232,#14233);
#11112=AXIS2_PLACEMENT_3D('',#17314,#14236,#14237);
#11113=AXIS2_PLACEMENT_3D('',#17315,#14238,#14239);
#11114=AXIS2_PLACEMENT_3D('',#17319,#14241,#14242);
#11115=AXIS2_PLACEMENT_3D('',#17320,#14243,#14244);
#11116=AXIS2_PLACEMENT_3D('',#17321,#14245,#14246);
#11117=AXIS2_PLACEMENT_3D('',#17323,#14247,#14248);
#11118=AXIS2_PLACEMENT_3D('',#17326,#14250,#14251);
#11119=AXIS2_PLACEMENT_3D('',#17327,#14252,#14253);
#11120=AXIS2_PLACEMENT_3D('',#17332,#14255,#14256);
#11121=AXIS2_PLACEMENT_3D('',#17335,#14258,#14259);
#11122=AXIS2_PLACEMENT_3D('',#17338,#14262,#14263);
#11123=AXIS2_PLACEMENT_3D('',#17339,#14264,#14265);
#11124=AXIS2_PLACEMENT_3D('',#17343,#14267,#14268);
#11125=AXIS2_PLACEMENT_3D('',#17344,#14269,#14270);
#11126=AXIS2_PLACEMENT_3D('',#17345,#14271,#14272);
#11127=AXIS2_PLACEMENT_3D('',#17347,#14273,#14274);
#11128=AXIS2_PLACEMENT_3D('',#17350,#14276,#14277);
#11129=AXIS2_PLACEMENT_3D('',#17351,#14278,#14279);
#11130=AXIS2_PLACEMENT_3D('',#17356,#14281,#14282);
#11131=AXIS2_PLACEMENT_3D('',#17359,#14284,#14285);
#11132=AXIS2_PLACEMENT_3D('',#17362,#14288,#14289);
#11133=AXIS2_PLACEMENT_3D('',#17363,#14290,#14291);
#11134=AXIS2_PLACEMENT_3D('',#17367,#14293,#14294);
#11135=AXIS2_PLACEMENT_3D('',#17368,#14295,#14296);
#11136=AXIS2_PLACEMENT_3D('',#17369,#14297,#14298);
#11137=AXIS2_PLACEMENT_3D('',#17371,#14299,#14300);
#11138=AXIS2_PLACEMENT_3D('',#17374,#14302,#14303);
#11139=AXIS2_PLACEMENT_3D('',#17375,#14304,#14305);
#11140=AXIS2_PLACEMENT_3D('',#17380,#14307,#14308);
#11141=AXIS2_PLACEMENT_3D('',#17383,#14310,#14311);
#11142=AXIS2_PLACEMENT_3D('',#17386,#14314,#14315);
#11143=AXIS2_PLACEMENT_3D('',#17387,#14316,#14317);
#11144=AXIS2_PLACEMENT_3D('',#17391,#14319,#14320);
#11145=AXIS2_PLACEMENT_3D('',#17392,#14321,#14322);
#11146=AXIS2_PLACEMENT_3D('',#17393,#14323,#14324);
#11147=AXIS2_PLACEMENT_3D('',#17395,#14325,#14326);
#11148=AXIS2_PLACEMENT_3D('',#17398,#14328,#14329);
#11149=AXIS2_PLACEMENT_3D('',#17399,#14330,#14331);
#11150=AXIS2_PLACEMENT_3D('',#17404,#14333,#14334);
#11151=AXIS2_PLACEMENT_3D('',#17407,#14336,#14337);
#11152=AXIS2_PLACEMENT_3D('',#17410,#14340,#14341);
#11153=AXIS2_PLACEMENT_3D('',#17411,#14342,#14343);
#11154=AXIS2_PLACEMENT_3D('',#17415,#14345,#14346);
#11155=AXIS2_PLACEMENT_3D('',#17416,#14347,#14348);
#11156=AXIS2_PLACEMENT_3D('',#17417,#14349,#14350);
#11157=AXIS2_PLACEMENT_3D('',#17419,#14351,#14352);
#11158=AXIS2_PLACEMENT_3D('',#17422,#14354,#14355);
#11159=AXIS2_PLACEMENT_3D('',#17423,#14356,#14357);
#11160=AXIS2_PLACEMENT_3D('',#17428,#14359,#14360);
#11161=AXIS2_PLACEMENT_3D('',#17431,#14362,#14363);
#11162=AXIS2_PLACEMENT_3D('',#17434,#14366,#14367);
#11163=AXIS2_PLACEMENT_3D('',#17435,#14368,#14369);
#11164=AXIS2_PLACEMENT_3D('',#17439,#14371,#14372);
#11165=AXIS2_PLACEMENT_3D('',#17440,#14373,#14374);
#11166=AXIS2_PLACEMENT_3D('',#17457,#14383,#14384);
#11167=AXIS2_PLACEMENT_3D('',#17461,#14386,#14387);
#11168=AXIS2_PLACEMENT_3D('',#17462,#14388,#14389);
#11169=AXIS2_PLACEMENT_3D('',#17463,#14390,#14391);
#11170=AXIS2_PLACEMENT_3D('',#17467,#14393,#14394);
#11171=AXIS2_PLACEMENT_3D('',#17468,#14395,#14396);
#11172=AXIS2_PLACEMENT_3D('',#17470,#14398,#14399);
#11173=AXIS2_PLACEMENT_3D('',#17472,#14401,#14402);
#11174=AXIS2_PLACEMENT_3D('',#17473,#14403,#14404);
#11175=AXIS2_PLACEMENT_3D('',#17474,#14405,#14406);
#11176=AXIS2_PLACEMENT_3D('',#17476,#14407,#14408);
#11177=AXIS2_PLACEMENT_3D('',#17478,#14409,#14410);
#11178=AXIS2_PLACEMENT_3D('',#17479,#14411,#14412);
#11179=AXIS2_PLACEMENT_3D('',#17481,#14413,#14414);
#11180=AXIS2_PLACEMENT_3D('',#17482,#14415,#14416);
#11181=AXIS2_PLACEMENT_3D('',#17483,#14417,#14418);
#11182=AXIS2_PLACEMENT_3D('',#17485,#14419,#14420);
#11183=AXIS2_PLACEMENT_3D('',#17486,#14421,#14422);
#11184=AXIS2_PLACEMENT_3D('',#17489,#14425,#14426);
#11185=AXIS2_PLACEMENT_3D('',#17492,#14429,#14430);
#11186=AXIS2_PLACEMENT_3D('',#17493,#14431,#14432);
#11187=AXIS2_PLACEMENT_3D('',#17495,#14433,#14434);
#11188=AXIS2_PLACEMENT_3D('',#17503,#14438,#14439);
#11189=AXIS2_PLACEMENT_3D('',#17509,#14443,#14444);
#11190=AXIS2_PLACEMENT_3D('',#17510,#14445,#14446);
#11191=AXIS2_PLACEMENT_3D('',#17515,#14448,#14449);
#11192=AXIS2_PLACEMENT_3D('',#17517,#14451,#14452);
#11193=AXIS2_PLACEMENT_3D('',#17520,#14455,#14456);
#11194=AXIS2_PLACEMENT_3D('',#17521,#14457,#14458);
#11195=AXIS2_PLACEMENT_3D('',#17522,#14459,#14460);
#11196=AXIS2_PLACEMENT_3D('',#17523,#14461,#14462);
#11197=AXIS2_PLACEMENT_3D('',#17524,#14463,#14464);
#11198=AXIS2_PLACEMENT_3D('',#17525,#14465,#14466);
#11199=AXIS2_PLACEMENT_3D('',#17526,#14467,#14468);
#11200=AXIS2_PLACEMENT_3D('',#17527,#14469,#14470);
#11201=AXIS2_PLACEMENT_3D('',#17528,#14471,#14472);
#11202=AXIS2_PLACEMENT_3D('',#17529,#14473,#14474);
#11203=AXIS2_PLACEMENT_3D('',#17530,#14475,#14476);
#11204=AXIS2_PLACEMENT_3D('',#17531,#14477,#14478);
#11205=AXIS2_PLACEMENT_3D('',#17532,#14479,#14480);
#11206=AXIS2_PLACEMENT_3D('',#17533,#14481,#14482);
#11207=AXIS2_PLACEMENT_3D('',#17534,#14483,#14484);
#11208=AXIS2_PLACEMENT_3D('',#17535,#14485,#14486);
#11209=AXIS2_PLACEMENT_3D('',#17536,#14487,#14488);
#11210=AXIS2_PLACEMENT_3D('',#17537,#14489,#14490);
#11211=AXIS2_PLACEMENT_3D('',#17538,#14491,#14492);
#11212=AXIS2_PLACEMENT_3D('',#17539,#14493,#14494);
#11213=AXIS2_PLACEMENT_3D('',#17542,#14497,#14498);
#11214=AXIS2_PLACEMENT_3D('',#17544,#14500,#14501);
#11215=AXIS2_PLACEMENT_3D('',#17546,#14503,#14504);
#11216=AXIS2_PLACEMENT_3D('',#17547,#14505,#14506);
#11217=AXIS2_PLACEMENT_3D('',#17548,#14507,#14508);
#11218=AXIS2_PLACEMENT_3D('',#17549,#14509,#14510);
#11219=AXIS2_PLACEMENT_3D('',#17550,#14511,#14512);
#11220=AXIS2_PLACEMENT_3D('',#17551,#14513,#14514);
#11221=DIRECTION('',(0.,0.,1.));
#11222=DIRECTION('',(1.,0.,0.));
#11223=DIRECTION('',(1.,2.31296463463574E-16,0.));
#11224=DIRECTION('',(-2.31296463463574E-16,1.,0.));
#11225=DIRECTION('',(1.,2.31296463463574E-16,0.));
#11226=DIRECTION('',(-2.31296463463574E-16,1.,0.));
#11227=DIRECTION('',(1.,2.31296463463574E-16,0.));
#11228=DIRECTION('',(-2.31296463463574E-16,1.,0.));
#11229=DIRECTION('',(1.,2.31296463463574E-16,0.));
#11230=DIRECTION('',(-2.31296463463574E-16,1.,0.));
#11231=DIRECTION('',(0.,0.,-1.));
#11232=DIRECTION('',(2.31296463463574E-16,-1.,0.));
#11233=DIRECTION('',(0.,0.,-1.));
#11234=DIRECTION('',(1.,2.31296463463574E-16,0.));
#11235=DIRECTION('',(-2.31296463463574E-16,1.,0.));
#11236=DIRECTION('',(-1.00308851270169E-32,4.33680868994202E-17,-1.));
#11237=DIRECTION('',(2.31296463463574E-16,-1.,0.));
#11238=DIRECTION('',(-1.00308851270169E-32,4.33680868994202E-17,-1.));
#11239=DIRECTION('',(2.31296463463574E-16,-1.,0.));
#11240=DIRECTION('',(1.,2.31296463463574E-16,0.));
#11241=DIRECTION('',(-2.31296463463574E-16,1.,0.));
#11242=DIRECTION('',(1.,2.31296463463574E-16,0.));
#11243=DIRECTION('',(-2.31296463463574E-16,1.,0.));
#11244=DIRECTION('',(1.,2.31296463463574E-16,0.));
#11245=DIRECTION('',(-2.31296463463574E-16,1.,0.));
#11246=DIRECTION('',(1.,2.31296463463574E-16,0.));
#11247=DIRECTION('',(-2.31296463463574E-16,1.,0.));
#11248=DIRECTION('',(-1.,-2.31296463463574E-16,0.));
#11249=DIRECTION('',(-2.31296463463574E-16,1.,0.));
#11250=DIRECTION('',(1.,2.31296463463574E-16,0.));
#11251=DIRECTION('',(-2.31296463463574E-16,1.,0.));
#11252=DIRECTION('',(0.,0.,-1.));
#11253=DIRECTION('',(1.,2.31296463463574E-16,0.));
#11254=DIRECTION('',(-2.31296463463574E-16,1.,0.));
#11255=DIRECTION('',(0.,0.,-1.));
#11256=DIRECTION('',(2.31296463463574E-16,-1.,0.));
#11257=DIRECTION('',(2.31296463463574E-16,-1.,0.));
#11258=DIRECTION('',(-1.00308851270169E-32,4.33680868994202E-17,-1.));
#11259=DIRECTION('',(2.31296463463574E-16,-1.,0.));
#11260=DIRECTION('',(-1.00308851270169E-32,4.33680868994202E-17,-1.));
#11261=DIRECTION('',(1.,2.31296463463574E-16,0.));
#11262=DIRECTION('',(-2.31296463463574E-16,1.,0.));
#11263=DIRECTION('',(-1.,-2.31296463463574E-16,0.));
#11264=DIRECTION('',(-2.31296463463574E-16,1.,0.));
#11265=DIRECTION('',(0.,0.,1.));
#11266=DIRECTION('',(1.,0.,0.));
#11267=DIRECTION('',(0.,0.,1.));
#11268=DIRECTION('',(1.,0.,0.));
#11269=DIRECTION('',(0.,0.,-1.));
#11270=DIRECTION('',(-1.,0.,0.));
#11271=DIRECTION('',(0.,0.,-1.));
#11272=DIRECTION('',(-1.,0.,0.));
#11273=DIRECTION('',(0.,0.,1.));
#11274=DIRECTION('',(1.,0.,0.));
#11275=DIRECTION('',(0.,0.,-1.));
#11276=DIRECTION('',(0.,0.,1.));
#11277=DIRECTION('',(1.,0.,0.));
#11278=DIRECTION('',(0.,0.,-1.));
#11279=DIRECTION('',(0.,0.,-1.));
#11280=DIRECTION('',(0.372439530249856,0.928056461809984,0.));
#11281=DIRECTION('',(0.,0.,-1.));
#11282=DIRECTION('',(-1.,0.,0.));
#11283=DIRECTION('',(0.,0.,-1.));
#11284=DIRECTION('',(-1.,0.,0.));
#11285=DIRECTION('',(0.,0.,-1.));
#11286=DIRECTION('',(0.,0.,-1.));
#11287=DIRECTION('',(0.273390951755531,-0.961903003165186,0.));
#11288=DIRECTION('',(0.,0.,-1.));
#11289=DIRECTION('',(-1.,0.,0.));
#11290=DIRECTION('',(0.,0.,-1.));
#11291=DIRECTION('',(0.,0.,-1.));
#11292=DIRECTION('',(-1.,0.,0.));
#11293=DIRECTION('',(0.,0.,-1.));
#11294=DIRECTION('',(-0.998629534754574,0.0523359562429444,0.));
#11295=DIRECTION('',(0.,0.,1.));
#11296=DIRECTION('',(0.0523359562429444,0.998629534754574,0.));
#11297=DIRECTION('',(0.0523359562429444,0.998629534754574,0.));
#11298=DIRECTION('',(0.,0.,-1.));
#11299=DIRECTION('',(-1.,0.,0.));
#11300=DIRECTION('',(0.,0.,1.));
#11301=DIRECTION('',(1.,0.,0.));
#11302=DIRECTION('',(0.,0.,-1.));
#11303=DIRECTION('',(0.,0.,1.));
#11304=DIRECTION('',(1.,0.,0.));
#11305=DIRECTION('',(0.,0.,-1.));
#11306=DIRECTION('',(0.42049983719389,0.907292613724983,0.));
#11307=DIRECTION('',(0.,0.,-1.));
#11308=DIRECTION('',(-1.,0.,0.));
#11309=DIRECTION('',(0.,0.,-1.));
#11310=DIRECTION('',(-1.,0.,0.));
#11311=DIRECTION('',(0.,0.,-1.));
#11312=DIRECTION('',(0.,0.,-1.));
#11313=DIRECTION('',(0.222674165474132,-0.974892925418171,0.));
#11314=DIRECTION('',(0.,0.,-1.));
#11315=DIRECTION('',(-1.,0.,0.));
#11316=DIRECTION('',(0.,0.,-1.));
#11317=DIRECTION('',(0.,0.,-1.));
#11318=DIRECTION('',(-1.,0.,0.));
#11319=DIRECTION('',(0.,0.,-1.));
#11320=DIRECTION('',(-0.994521895368273,0.104528463267653,0.));
#11321=DIRECTION('',(0.,0.,1.));
#11322=DIRECTION('',(0.104528463267653,0.994521895368273,0.));
#11323=DIRECTION('',(0.104528463267653,0.994521895368273,0.));
#11324=DIRECTION('',(0.,0.,-1.));
#11325=DIRECTION('',(-1.,0.,0.));
#11326=DIRECTION('',(0.,0.,1.));
#11327=DIRECTION('',(1.,0.,0.));
#11328=DIRECTION('',(0.,0.,-1.));
#11329=DIRECTION('',(0.,0.,1.));
#11330=DIRECTION('',(1.,0.,0.));
#11331=DIRECTION('',(0.,0.,-1.));
#11332=DIRECTION('',(0.467407583312767,0.884041939650896,0.));
#11333=DIRECTION('',(0.,0.,-1.));
#11334=DIRECTION('',(-1.,0.,0.));
#11335=DIRECTION('',(0.,0.,-1.));
#11336=DIRECTION('',(-1.,0.,0.));
#11337=DIRECTION('',(0.,0.,-1.));
#11338=DIRECTION('',(0.,0.,-1.));
#11339=DIRECTION('',(0.171347044783056,-0.985210733926561,0.));
#11340=DIRECTION('',(0.,0.,-1.));
#11341=DIRECTION('',(-1.,0.,0.));
#11342=DIRECTION('',(0.,0.,-1.));
#11343=DIRECTION('',(0.,0.,-1.));
#11344=DIRECTION('',(-1.,0.,0.));
#11345=DIRECTION('',(0.,0.,-1.));
#11346=DIRECTION('',(-0.987688340595138,0.156434465040231,0.));
#11347=DIRECTION('',(0.,0.,1.));
#11348=DIRECTION('',(0.156434465040231,0.987688340595138,0.));
#11349=DIRECTION('',(0.156434465040231,0.987688340595138,0.));
#11350=DIRECTION('',(0.,0.,-1.));
#11351=DIRECTION('',(-1.,0.,0.));
#11352=DIRECTION('',(0.,0.,1.));
#11353=DIRECTION('',(1.,0.,0.));
#11354=DIRECTION('',(0.,0.,-1.));
#11355=DIRECTION('',(0.,0.,1.));
#11356=DIRECTION('',(1.,0.,0.));
#11357=DIRECTION('',(0.,0.,-1.));
#11358=DIRECTION('',(0.513034197734881,0.85836816806923,0.));
#11359=DIRECTION('',(0.,0.,-1.));
#11360=DIRECTION('',(-1.,0.,0.));
#11361=DIRECTION('',(0.,0.,-1.));
#11362=DIRECTION('',(-1.,0.,0.));
#11363=DIRECTION('',(0.,0.,-1.));
#11364=DIRECTION('',(0.,0.,-1.));
#11365=DIRECTION('',(0.11955027375241,-0.992828148294418,0.));
#11366=DIRECTION('',(0.,0.,-1.));
#11367=DIRECTION('',(-1.,0.,0.));
#11368=DIRECTION('',(0.,0.,-1.));
#11369=DIRECTION('',(0.,0.,-1.));
#11370=DIRECTION('',(-1.,0.,0.));
#11371=DIRECTION('',(0.,0.,-1.));
#11372=DIRECTION('',(-0.978147600733806,0.207911690817759,0.));
#11373=DIRECTION('',(0.,0.,1.));
#11374=DIRECTION('',(0.207911690817759,0.978147600733806,0.));
#11375=DIRECTION('',(0.207911690817759,0.978147600733806,0.));
#11376=DIRECTION('',(0.,0.,-1.));
#11377=DIRECTION('',(-1.,0.,0.));
#11378=DIRECTION('',(0.,0.,1.));
#11379=DIRECTION('',(1.,0.,0.));
#11380=DIRECTION('',(0.,0.,-1.));
#11381=DIRECTION('',(0.,0.,1.));
#11382=DIRECTION('',(1.,0.,0.));
#11383=DIRECTION('',(0.,0.,-1.));
#11384=DIRECTION('',(0.557254621081582,0.830341669003322,0.));
#11385=DIRECTION('',(0.,0.,-1.));
#11386=DIRECTION('',(-1.,0.,0.));
#11387=DIRECTION('',(0.,0.,-1.));
#11388=DIRECTION('',(-1.,0.,0.));
#11389=DIRECTION('',(0.,0.,-1.));
#11390=DIRECTION('',(0.,0.,-1.));
#11391=DIRECTION('',(0.0674258237312598,-0.997724289718438,0.));
#11392=DIRECTION('',(0.,0.,-1.));
#11393=DIRECTION('',(-1.,0.,0.));
#11394=DIRECTION('',(0.,0.,-1.));
#11395=DIRECTION('',(0.,0.,-1.));
#11396=DIRECTION('',(-1.,0.,0.));
#11397=DIRECTION('',(0.,0.,-1.));
#11398=DIRECTION('',(-0.965925826289068,0.258819045102521,0.));
#11399=DIRECTION('',(0.,0.,1.));
#11400=DIRECTION('',(0.258819045102521,0.965925826289068,0.));
#11401=DIRECTION('',(0.258819045102521,0.965925826289068,0.));
#11402=DIRECTION('',(0.,0.,-1.));
#11403=DIRECTION('',(-1.,0.,0.));
#11404=DIRECTION('',(0.,0.,1.));
#11405=DIRECTION('',(1.,0.,0.));
#11406=DIRECTION('',(0.,0.,-1.));
#11407=DIRECTION('',(0.,0.,1.));
#11408=DIRECTION('',(1.,0.,0.));
#11409=DIRECTION('',(0.,0.,-1.));
#11410=DIRECTION('',(0.599947648246172,0.800039261139031,0.));
#11411=DIRECTION('',(0.,0.,-1.));
#11412=DIRECTION('',(-1.,0.,0.));
#11413=DIRECTION('',(0.,0.,-1.));
#11414=DIRECTION('',(-1.,0.,0.));
#11415=DIRECTION('',(0.,0.,-1.));
#11416=DIRECTION('',(0.,0.,-1.));
#11417=DIRECTION('',(0.0151165642139613,-0.999885738215305,0.));
#11418=DIRECTION('',(0.,0.,-1.));
#11419=DIRECTION('',(-1.,0.,0.));
#11420=DIRECTION('',(0.,0.,-1.));
#11421=DIRECTION('',(0.,0.,-1.));
#11422=DIRECTION('',(-1.,0.,0.));
#11423=DIRECTION('',(0.,0.,-1.));
#11424=DIRECTION('',(-0.951056516295154,0.309016994374947,0.));
#11425=DIRECTION('',(0.,0.,1.));
#11426=DIRECTION('',(0.309016994374947,0.951056516295154,0.));
#11427=DIRECTION('',(0.309016994374947,0.951056516295154,0.));
#11428=DIRECTION('',(0.,0.,-1.));
#11429=DIRECTION('',(-1.,0.,0.));
#11430=DIRECTION('',(0.,0.,1.));
#11431=DIRECTION('',(1.,0.,0.));
#11432=DIRECTION('',(0.,0.,-1.));
#11433=DIRECTION('',(0.,0.,1.));
#11434=DIRECTION('',(1.,0.,0.));
#11435=DIRECTION('',(0.,0.,-1.));
#11436=DIRECTION('',(0.640996260608795,0.767544001269987,0.));
#11437=DIRECTION('',(0.,0.,-1.));
#11438=DIRECTION('',(-1.,0.,0.));
#11439=DIRECTION('',(0.,0.,-1.));
#11440=DIRECTION('',(-1.,0.,0.));
#11441=DIRECTION('',(0.,0.,-1.));
#11442=DIRECTION('',(0.,0.,-1.));
#11443=DIRECTION('',(-0.0372341287550988,-0.999306569404929,0.));
#11444=DIRECTION('',(0.,0.,-1.));
#11445=DIRECTION('',(-1.,0.,0.));
#11446=DIRECTION('',(0.,0.,-1.));
#11447=DIRECTION('',(0.,0.,-1.));
#11448=DIRECTION('',(-1.,0.,0.));
#11449=DIRECTION('',(0.,0.,-1.));
#11450=DIRECTION('',(-0.933580426497202,0.358367949545301,0.));
#11451=DIRECTION('',(0.,0.,1.));
#11452=DIRECTION('',(0.358367949545301,0.933580426497202,0.));
#11453=DIRECTION('',(0.358367949545301,0.933580426497202,0.));
#11454=DIRECTION('',(0.,0.,-1.));
#11455=DIRECTION('',(-1.,0.,0.));
#11456=DIRECTION('',(0.,0.,1.));
#11457=DIRECTION('',(1.,0.,0.));
#11458=DIRECTION('',(0.,0.,-1.));
#11459=DIRECTION('',(0.,0.,1.));
#11460=DIRECTION('',(1.,0.,0.));
#11461=DIRECTION('',(0.,0.,-1.));
#11462=DIRECTION('',(0.680287946776184,0.732944956644798,0.));
#11463=DIRECTION('',(0.,0.,-1.));
#11464=DIRECTION('',(-1.,0.,0.));
#11465=DIRECTION('',(0.,0.,-1.));
#11466=DIRECTION('',(-1.,0.,0.));
#11467=DIRECTION('',(0.,0.,-1.));
#11468=DIRECTION('',(0.,0.,-1.));
#11469=DIRECTION('',(-0.089482765565361,-0.995988370748763,0.));
#11470=DIRECTION('',(0.,0.,-1.));
#11471=DIRECTION('',(-1.,0.,0.));
#11472=DIRECTION('',(0.,0.,-1.));
#11473=DIRECTION('',(0.,0.,-1.));
#11474=DIRECTION('',(-1.,0.,0.));
#11475=DIRECTION('',(0.,0.,-1.));
#11476=DIRECTION('',(-0.913545457642601,0.4067366430758,0.));
#11477=DIRECTION('',(0.,0.,1.));
#11478=DIRECTION('',(0.4067366430758,0.913545457642601,0.));
#11479=DIRECTION('',(0.4067366430758,0.913545457642601,0.));
#11480=DIRECTION('',(0.,0.,-1.));
#11481=DIRECTION('',(-1.,0.,0.));
#11482=DIRECTION('',(0.,0.,1.));
#11483=DIRECTION('',(1.,0.,0.));
#11484=DIRECTION('',(0.,0.,-1.));
#11485=DIRECTION('',(0.,0.,1.));
#11486=DIRECTION('',(1.,0.,0.));
#11487=DIRECTION('',(0.,0.,-1.));
#11488=DIRECTION('',(0.71771501096769,0.696336960839829,0.));
#11489=DIRECTION('',(0.,0.,-1.));
#11490=DIRECTION('',(-1.,0.,0.));
#11491=DIRECTION('',(0.,0.,-1.));
#11492=DIRECTION('',(-1.,0.,0.));
#11493=DIRECTION('',(0.,0.,-1.));
#11494=DIRECTION('',(0.,0.,-1.));
#11495=DIRECTION('',(-0.141486136335089,-0.989940237198675,0.));
#11496=DIRECTION('',(0.,0.,-1.));
#11497=DIRECTION('',(-1.,0.,0.));
#11498=DIRECTION('',(0.,0.,-1.));
#11499=DIRECTION('',(0.,0.,-1.));
#11500=DIRECTION('',(-1.,0.,0.));
#11501=DIRECTION('',(0.,0.,-1.));
#11502=DIRECTION('',(-0.891006524188368,0.453990499739547,0.));
#11503=DIRECTION('',(0.,0.,1.));
#11504=DIRECTION('',(0.453990499739547,0.891006524188368,0.));
#11505=DIRECTION('',(0.453990499739547,0.891006524188368,0.));
#11506=DIRECTION('',(0.,0.,-1.));
#11507=DIRECTION('',(-1.,0.,0.));
#11508=DIRECTION('',(0.,0.,1.));
#11509=DIRECTION('',(1.,0.,0.));
#11510=DIRECTION('',(0.,0.,-1.));
#11511=DIRECTION('',(0.,0.,1.));
#11512=DIRECTION('',(1.,0.,0.));
#11513=DIRECTION('',(0.,0.,-1.));
#11514=DIRECTION('',(0.753174868201896,0.657820353826983,0.));
#11515=DIRECTION('',(0.,0.,-1.));
#11516=DIRECTION('',(-1.,0.,0.));
#11517=DIRECTION('',(0.,0.,-1.));
#11518=DIRECTION('',(-1.,0.,0.));
#11519=DIRECTION('',(0.,0.,-1.));
#11520=DIRECTION('',(0.,0.,-1.));
#11521=DIRECTION('',(-0.193101703440407,-0.981178746268188,0.));
#11522=DIRECTION('',(0.,0.,-1.));
#11523=DIRECTION('',(-1.,0.,0.));
#11524=DIRECTION('',(0.,0.,-1.));
#11525=DIRECTION('',(0.,0.,-1.));
#11526=DIRECTION('',(-1.,0.,0.));
#11527=DIRECTION('',(0.,0.,-1.));
#11528=DIRECTION('',(-0.866025403784439,0.5,0.));
#11529=DIRECTION('',(0.,0.,1.));
#11530=DIRECTION('',(0.5,0.866025403784439,0.));
#11531=DIRECTION('',(0.5,0.866025403784439,0.));
#11532=DIRECTION('',(0.,0.,-1.));
#11533=DIRECTION('',(-1.,0.,0.));
#11534=DIRECTION('',(0.,0.,1.));
#11535=DIRECTION('',(1.,0.,0.));
#11536=DIRECTION('',(0.,0.,-1.));
#11537=DIRECTION('',(0.,0.,1.));
#11538=DIRECTION('',(1.,0.,0.));
#11539=DIRECTION('',(0.,0.,-1.));
#11540=DIRECTION('',(0.786570325474902,0.617500706948832,0.));
#11541=DIRECTION('',(0.,0.,-1.));
#11542=DIRECTION('',(-1.,0.,0.));
#11543=DIRECTION('',(0.,0.,-1.));
#11544=DIRECTION('',(-1.,0.,0.));
#11545=DIRECTION('',(0.,0.,-1.));
#11546=DIRECTION('',(0.,0.,-1.));
#11547=DIRECTION('',(-0.24418799219749,-0.969727912595362,0.));
#11548=DIRECTION('',(0.,0.,-1.));
#11549=DIRECTION('',(-1.,0.,0.));
#11550=DIRECTION('',(0.,0.,-1.));
#11551=DIRECTION('',(0.,0.,-1.));
#11552=DIRECTION('',(-1.,0.,0.));
#11553=DIRECTION('',(0.,0.,-1.));
#11554=DIRECTION('',(-0.838670567945424,0.544639035015027,0.));
#11555=DIRECTION('',(0.,0.,1.));
#11556=DIRECTION('',(0.544639035015027,0.838670567945424,0.));
#11557=DIRECTION('',(0.544639035015027,0.838670567945424,0.));
#11558=DIRECTION('',(0.,0.,-1.));
#11559=DIRECTION('',(-1.,0.,0.));
#11560=DIRECTION('',(0.,0.,1.));
#11561=DIRECTION('',(1.,0.,0.));
#11562=DIRECTION('',(0.,0.,-1.));
#11563=DIRECTION('',(0.,0.,1.));
#11564=DIRECTION('',(1.,0.,0.));
#11565=DIRECTION('',(0.,0.,-1.));
#11566=DIRECTION('',(0.817809848159619,0.575488533554875,0.));
#11567=DIRECTION('',(0.,0.,-1.));
#11568=DIRECTION('',(-1.,0.,0.));
#11569=DIRECTION('',(0.,0.,-1.));
#11570=DIRECTION('',(-1.,0.,0.));
#11571=DIRECTION('',(0.,0.,-1.));
#11572=DIRECTION('',(0.,0.,-1.));
#11573=DIRECTION('',(-0.29460497864199,-0.955619122118929,0.));
#11574=DIRECTION('',(0.,0.,-1.));
#11575=DIRECTION('',(-1.,0.,0.));
#11576=DIRECTION('',(0.,0.,-1.));
#11577=DIRECTION('',(0.,0.,-1.));
#11578=DIRECTION('',(-1.,0.,0.));
#11579=DIRECTION('',(0.,0.,-1.));
#11580=DIRECTION('',(-0.809016994374947,0.587785252292473,0.));
#11581=DIRECTION('',(0.,0.,1.));
#11582=DIRECTION('',(0.587785252292473,0.809016994374947,0.));
#11583=DIRECTION('',(0.587785252292473,0.809016994374947,0.));
#11584=DIRECTION('',(0.,0.,-1.));
#11585=DIRECTION('',(-1.,0.,0.));
#11586=DIRECTION('',(0.,0.,1.));
#11587=DIRECTION('',(1.,0.,0.));
#11588=DIRECTION('',(0.,0.,-1.));
#11589=DIRECTION('',(0.,0.,1.));
#11590=DIRECTION('',(1.,0.,0.));
#11591=DIRECTION('',(0.,0.,-1.));
#11592=DIRECTION('',(0.846807810895795,0.531898986092164,0.));
#11593=DIRECTION('',(0.,0.,-1.));
#11594=DIRECTION('',(-1.,0.,0.));
#11595=DIRECTION('',(0.,0.,-1.));
#11596=DIRECTION('',(-1.,0.,0.));
#11597=DIRECTION('',(0.,0.,-1.));
#11598=DIRECTION('',(0.,0.,-1.));
#11599=DIRECTION('',(-0.344214473317762,-0.938891046053042,0.));
#11600=DIRECTION('',(0.,0.,-1.));
#11601=DIRECTION('',(-1.,0.,0.));
#11602=DIRECTION('',(0.,0.,-1.));
#11603=DIRECTION('',(0.,0.,-1.));
#11604=DIRECTION('',(-1.,0.,0.));
#11605=DIRECTION('',(0.,0.,-1.));
#11606=DIRECTION('',(-0.777145961456971,0.629320391049838,0.));
#11607=DIRECTION('',(0.,0.,1.));
#11608=DIRECTION('',(0.629320391049838,0.777145961456971,0.));
#11609=DIRECTION('',(0.629320391049838,0.777145961456971,0.));
#11610=DIRECTION('',(0.,0.,-1.));
#11611=DIRECTION('',(-1.,0.,0.));
#11612=DIRECTION('',(0.,0.,1.));
#11613=DIRECTION('',(1.,0.,0.));
#11614=DIRECTION('',(0.,0.,-1.));
#11615=DIRECTION('',(0.,0.,1.));
#11616=DIRECTION('',(1.,0.,0.));
#11617=DIRECTION('',(0.,0.,-1.));
#11618=DIRECTION('',(0.873484732283193,0.486851540480421,0.));
#11619=DIRECTION('',(0.,0.,-1.));
#11620=DIRECTION('',(-1.,0.,0.));
#11621=DIRECTION('',(0.,0.,-1.));
#11622=DIRECTION('',(-1.,0.,0.));
#11623=DIRECTION('',(0.,0.,-1.));
#11624=DIRECTION('',(0.,0.,-1.));
#11625=DIRECTION('',(-0.392880500048237,-0.919589534891436,0.));
#11626=DIRECTION('',(0.,0.,-1.));
#11627=DIRECTION('',(-1.,0.,0.));
#11628=DIRECTION('',(0.,0.,-1.));
#11629=DIRECTION('',(0.,0.,-1.));
#11630=DIRECTION('',(-1.,0.,0.));
#11631=DIRECTION('',(0.,0.,-1.));
#11632=DIRECTION('',(-0.743144825477394,0.669130606358858,0.));
#11633=DIRECTION('',(0.,0.,1.));
#11634=DIRECTION('',(0.669130606358858,0.743144825477394,0.));
#11635=DIRECTION('',(0.669130606358858,0.743144825477394,0.));
#11636=DIRECTION('',(0.,0.,-1.));
#11637=DIRECTION('',(-1.,0.,0.));
#11638=DIRECTION('',(0.,0.,1.));
#11639=DIRECTION('',(1.,0.,0.));
#11640=DIRECTION('',(0.,0.,-1.));
#11641=DIRECTION('',(0.,0.,1.));
#11642=DIRECTION('',(1.,0.,0.));
#11643=DIRECTION('',(0.,0.,-1.));
#11644=DIRECTION('',(0.897767492734582,0.440469668636856,0.));
#11645=DIRECTION('',(0.,0.,-1.));
#11646=DIRECTION('',(-1.,0.,0.));
#11647=DIRECTION('',(0.,0.,-1.));
#11648=DIRECTION('',(-1.,0.,0.));
#11649=DIRECTION('',(0.,0.,-1.));
#11650=DIRECTION('',(0.,0.,-1.));
#11651=DIRECTION('',(-0.440469668636864,-0.897767492734578,0.));
#11652=DIRECTION('',(0.,0.,-1.));
#11653=DIRECTION('',(-1.,0.,0.));
#11654=DIRECTION('',(0.,0.,-1.));
#11655=DIRECTION('',(0.,0.,-1.));
#11656=DIRECTION('',(-1.,0.,0.));
#11657=DIRECTION('',(0.,0.,-1.));
#11658=DIRECTION('',(-0.707106781186547,0.707106781186548,0.));
#11659=DIRECTION('',(0.,0.,1.));
#11660=DIRECTION('',(0.707106781186548,0.707106781186547,0.));
#11661=DIRECTION('',(0.707106781186548,0.707106781186547,0.));
#11662=DIRECTION('',(0.,0.,-1.));
#11663=DIRECTION('',(-1.,0.,0.));
#11664=DIRECTION('',(0.,0.,1.));
#11665=DIRECTION('',(1.,0.,0.));
#11666=DIRECTION('',(0.,0.,-1.));
#11667=DIRECTION('',(0.,0.,1.));
#11668=DIRECTION('',(1.,0.,0.));
#11669=DIRECTION('',(0.,0.,-1.));
#11670=DIRECTION('',(0.91958953489144,0.392880500048228,0.));
#11671=DIRECTION('',(0.,0.,-1.));
#11672=DIRECTION('',(-1.,0.,0.));
#11673=DIRECTION('',(0.,0.,-1.));
#11674=DIRECTION('',(-1.,0.,0.));
#11675=DIRECTION('',(0.,0.,-1.));
#11676=DIRECTION('',(0.,0.,-1.));
#11677=DIRECTION('',(-0.486851540480515,-0.87348473228314,0.));
#11678=DIRECTION('',(0.,0.,-1.));
#11679=DIRECTION('',(-1.,0.,0.));
#11680=DIRECTION('',(0.,0.,-1.));
#11681=DIRECTION('',(0.,0.,-1.));
#11682=DIRECTION('',(-1.,0.,0.));
#11683=DIRECTION('',(0.,0.,-1.));
#11684=DIRECTION('',(-0.669130606358859,0.743144825477394,0.));
#11685=DIRECTION('',(0.,0.,1.));
#11686=DIRECTION('',(0.743144825477394,0.669130606358859,0.));
#11687=DIRECTION('',(0.743144825477394,0.669130606358859,0.));
#11688=DIRECTION('',(0.,0.,-1.));
#11689=DIRECTION('',(-1.,0.,0.));
#11690=DIRECTION('',(0.,0.,1.));
#11691=DIRECTION('',(1.,0.,0.));
#11692=DIRECTION('',(0.,0.,-1.));
#11693=DIRECTION('',(0.,0.,1.));
#11694=DIRECTION('',(1.,0.,0.));
#11695=DIRECTION('',(0.,0.,-1.));
#11696=DIRECTION('',(0.938891046052976,0.344214473317942,0.));
#11697=DIRECTION('',(0.,0.,-1.));
#11698=DIRECTION('',(-1.,0.,0.));
#11699=DIRECTION('',(0.,0.,-1.));
#11700=DIRECTION('',(-1.,0.,0.));
#11701=DIRECTION('',(0.,0.,-1.));
#11702=DIRECTION('',(0.,0.,-1.));
#11703=DIRECTION('',(-0.531898986017037,-0.846807810942984,0.));
#11704=DIRECTION('',(0.,0.,-1.));
#11705=DIRECTION('',(-1.,0.,0.));
#11706=DIRECTION('',(0.,0.,-1.));
#11707=DIRECTION('',(0.,0.,-1.));
#11708=DIRECTION('',(-1.,0.,0.));
#11709=DIRECTION('',(0.,0.,-1.));
#11710=DIRECTION('',(-0.629320391049837,0.777145961456971,0.));
#11711=DIRECTION('',(0.,0.,1.));
#11712=DIRECTION('',(0.777145961456971,0.629320391049837,0.));
#11713=DIRECTION('',(0.777145961456971,0.629320391049837,0.));
#11714=DIRECTION('',(0.,0.,-1.));
#11715=DIRECTION('',(-1.,0.,0.));
#11716=DIRECTION('',(0.,0.,1.));
#11717=DIRECTION('',(1.,0.,0.));
#11718=DIRECTION('',(0.,0.,-1.));
#11719=DIRECTION('',(0.,0.,1.));
#11720=DIRECTION('',(1.,0.,0.));
#11721=DIRECTION('',(0.,0.,-1.));
#11722=DIRECTION('',(0.955619122118929,0.294604978641989,0.));
#11723=DIRECTION('',(0.,0.,-1.));
#11724=DIRECTION('',(-1.,0.,0.));
#11725=DIRECTION('',(0.,0.,-1.));
#11726=DIRECTION('',(-1.,0.,0.));
#11727=DIRECTION('',(0.,0.,-1.));
#11728=DIRECTION('',(0.,0.,-1.));
#11729=DIRECTION('',(-0.57548853355488,-0.817809848159615,0.));
#11730=DIRECTION('',(0.,0.,-1.));
#11731=DIRECTION('',(-1.,0.,0.));
#11732=DIRECTION('',(0.,0.,-1.));
#11733=DIRECTION('',(0.,0.,-1.));
#11734=DIRECTION('',(-1.,0.,0.));
#11735=DIRECTION('',(0.,0.,-1.));
#11736=DIRECTION('',(-0.587785252292473,0.809016994374948,0.));
#11737=DIRECTION('',(0.,0.,1.));
#11738=DIRECTION('',(0.809016994374948,0.587785252292473,0.));
#11739=DIRECTION('',(0.809016994374948,0.587785252292473,0.));
#11740=DIRECTION('',(0.,0.,-1.));
#11741=DIRECTION('',(-1.,0.,0.));
#11742=DIRECTION('',(0.,0.,1.));
#11743=DIRECTION('',(1.,0.,0.));
#11744=DIRECTION('',(0.,0.,-1.));
#11745=DIRECTION('',(0.,0.,1.));
#11746=DIRECTION('',(1.,0.,0.));
#11747=DIRECTION('',(0.,0.,-1.));
#11748=DIRECTION('',(0.969727912595363,0.244187992197489,0.));
#11749=DIRECTION('',(0.,0.,-1.));
#11750=DIRECTION('',(-1.,0.,0.));
#11751=DIRECTION('',(0.,0.,-1.));
#11752=DIRECTION('',(-1.,0.,0.));
#11753=DIRECTION('',(0.,0.,-1.));
#11754=DIRECTION('',(0.,0.,-1.));
#11755=DIRECTION('',(-0.617500706948818,-0.786570325474913,0.));
#11756=DIRECTION('',(0.,0.,-1.));
#11757=DIRECTION('',(-1.,0.,0.));
#11758=DIRECTION('',(0.,0.,-1.));
#11759=DIRECTION('',(0.,0.,-1.));
#11760=DIRECTION('',(-1.,0.,0.));
#11761=DIRECTION('',(0.,0.,-1.));
#11762=DIRECTION('',(-0.544639035015027,0.838670567945424,0.));
#11763=DIRECTION('',(0.,0.,1.));
#11764=DIRECTION('',(0.838670567945424,0.544639035015027,0.));
#11765=DIRECTION('',(0.838670567945424,0.544639035015027,0.));
#11766=DIRECTION('',(0.,0.,-1.));
#11767=DIRECTION('',(-1.,0.,0.));
#11768=DIRECTION('',(0.,0.,1.));
#11769=DIRECTION('',(1.,0.,0.));
#11770=DIRECTION('',(0.,0.,-1.));
#11771=DIRECTION('',(0.,0.,1.));
#11772=DIRECTION('',(1.,0.,0.));
#11773=DIRECTION('',(0.,0.,-1.));
#11774=DIRECTION('',(0.981178746268332,0.193101703439674,0.));
#11775=DIRECTION('',(0.,0.,-1.));
#11776=DIRECTION('',(-1.,0.,0.));
#11777=DIRECTION('',(0.,0.,-1.));
#11778=DIRECTION('',(-1.,0.,0.));
#11779=DIRECTION('',(0.,0.,-1.));
#11780=DIRECTION('',(0.,0.,-1.));
#11781=DIRECTION('',(-0.657820353826978,-0.7531748682019,0.));
#11782=DIRECTION('',(0.,0.,-1.));
#11783=DIRECTION('',(-1.,0.,0.));
#11784=DIRECTION('',(0.,0.,-1.));
#11785=DIRECTION('',(0.,0.,-1.));
#11786=DIRECTION('',(-1.,0.,0.));
#11787=DIRECTION('',(0.,0.,-1.));
#11788=DIRECTION('',(-0.5,0.866025403784439,0.));
#11789=DIRECTION('',(0.,0.,1.));
#11790=DIRECTION('',(0.866025403784439,0.5,0.));
#11791=DIRECTION('',(0.866025403784439,0.5,0.));
#11792=DIRECTION('',(0.,0.,-1.));
#11793=DIRECTION('',(-1.,0.,0.));
#11794=DIRECTION('',(0.,0.,1.));
#11795=DIRECTION('',(1.,0.,0.));
#11796=DIRECTION('',(0.,0.,-1.));
#11797=DIRECTION('',(0.,0.,1.));
#11798=DIRECTION('',(1.,0.,0.));
#11799=DIRECTION('',(0.,0.,-1.));
#11800=DIRECTION('',(0.989940237198676,0.141486136335081,0.));
#11801=DIRECTION('',(0.,0.,-1.));
#11802=DIRECTION('',(-1.,0.,0.));
#11803=DIRECTION('',(0.,0.,-1.));
#11804=DIRECTION('',(-1.,0.,0.));
#11805=DIRECTION('',(0.,0.,-1.));
#11806=DIRECTION('',(0.,0.,-1.));
#11807=DIRECTION('',(-0.696336960839827,-0.717715010967691,0.));
#11808=DIRECTION('',(0.,0.,-1.));
#11809=DIRECTION('',(-1.,0.,0.));
#11810=DIRECTION('',(0.,0.,-1.));
#11811=DIRECTION('',(0.,0.,-1.));
#11812=DIRECTION('',(-1.,0.,0.));
#11813=DIRECTION('',(0.,0.,-1.));
#11814=DIRECTION('',(-0.453990499739547,0.891006524188368,0.));
#11815=DIRECTION('',(0.,0.,1.));
#11816=DIRECTION('',(0.891006524188368,0.453990499739547,0.));
#11817=DIRECTION('',(0.891006524188368,0.453990499739547,0.));
#11818=DIRECTION('',(0.,0.,-1.));
#11819=DIRECTION('',(-1.,0.,0.));
#11820=DIRECTION('',(0.,0.,1.));
#11821=DIRECTION('',(1.,0.,0.));
#11822=DIRECTION('',(0.,0.,-1.));
#11823=DIRECTION('',(0.,0.,1.));
#11824=DIRECTION('',(1.,0.,0.));
#11825=DIRECTION('',(0.,0.,-1.));
#11826=DIRECTION('',(0.995988370748706,0.0894827655659902,0.));
#11827=DIRECTION('',(0.,0.,-1.));
#11828=DIRECTION('',(-1.,0.,0.));
#11829=DIRECTION('',(0.,0.,-1.));
#11830=DIRECTION('',(-1.,0.,0.));
#11831=DIRECTION('',(0.,0.,-1.));
#11832=DIRECTION('',(0.,0.,-1.));
#11833=DIRECTION('',(-0.732944956644804,-0.680287946776177,0.));
#11834=DIRECTION('',(0.,0.,-1.));
#11835=DIRECTION('',(-1.,0.,0.));
#11836=DIRECTION('',(0.,0.,-1.));
#11837=DIRECTION('',(0.,0.,-1.));
#11838=DIRECTION('',(-1.,0.,0.));
#11839=DIRECTION('',(0.,0.,-1.));
#11840=DIRECTION('',(-0.4067366430758,0.913545457642601,0.));
#11841=DIRECTION('',(0.,0.,1.));
#11842=DIRECTION('',(0.913545457642601,0.4067366430758,0.));
#11843=DIRECTION('',(0.913545457642601,0.4067366430758,0.));
#11844=DIRECTION('',(0.,0.,-1.));
#11845=DIRECTION('',(-1.,0.,0.));
#11846=DIRECTION('',(0.,0.,1.));
#11847=DIRECTION('',(1.,0.,0.));
#11848=DIRECTION('',(0.,0.,-1.));
#11849=DIRECTION('',(0.,0.,1.));
#11850=DIRECTION('',(1.,0.,0.));
#11851=DIRECTION('',(0.,0.,-1.));
#11852=DIRECTION('',(0.999306569404929,0.0372341287551008,0.));
#11853=DIRECTION('',(0.,0.,-1.));
#11854=DIRECTION('',(-1.,0.,0.));
#11855=DIRECTION('',(0.,0.,-1.));
#11856=DIRECTION('',(-1.,0.,0.));
#11857=DIRECTION('',(0.,0.,-1.));
#11858=DIRECTION('',(0.,0.,-1.));
#11859=DIRECTION('',(-0.767544001269987,-0.640996260608795,0.));
#11860=DIRECTION('',(0.,0.,-1.));
#11861=DIRECTION('',(-1.,0.,0.));
#11862=DIRECTION('',(0.,0.,-1.));
#11863=DIRECTION('',(0.,0.,-1.));
#11864=DIRECTION('',(-1.,0.,0.));
#11865=DIRECTION('',(0.,0.,-1.));
#11866=DIRECTION('',(-0.3583679495453,0.933580426497202,0.));
#11867=DIRECTION('',(0.,0.,1.));
#11868=DIRECTION('',(0.933580426497202,0.3583679495453,0.));
#11869=DIRECTION('',(0.933580426497202,0.3583679495453,0.));
#11870=DIRECTION('',(0.,0.,-1.));
#11871=DIRECTION('',(-1.,0.,0.));
#11872=DIRECTION('',(0.,0.,1.));
#11873=DIRECTION('',(1.,0.,0.));
#11874=DIRECTION('',(0.,0.,-1.));
#11875=DIRECTION('',(0.,0.,1.));
#11876=DIRECTION('',(1.,0.,0.));
#11877=DIRECTION('',(0.,0.,-1.));
#11878=DIRECTION('',(0.999885738215305,-0.0151165642139606,0.));
#11879=DIRECTION('',(0.,0.,-1.));
#11880=DIRECTION('',(-1.,0.,0.));
#11881=DIRECTION('',(0.,0.,-1.));
#11882=DIRECTION('',(-1.,0.,0.));
#11883=DIRECTION('',(0.,0.,-1.));
#11884=DIRECTION('',(0.,0.,-1.));
#11885=DIRECTION('',(-0.800039261139024,-0.599947648246181,0.));
#11886=DIRECTION('',(0.,0.,-1.));
#11887=DIRECTION('',(-1.,0.,0.));
#11888=DIRECTION('',(0.,0.,-1.));
#11889=DIRECTION('',(0.,0.,-1.));
#11890=DIRECTION('',(-1.,0.,0.));
#11891=DIRECTION('',(0.,0.,-1.));
#11892=DIRECTION('',(-0.309016994374948,0.951056516295154,0.));
#11893=DIRECTION('',(0.,0.,1.));
#11894=DIRECTION('',(0.951056516295154,0.309016994374948,0.));
#11895=DIRECTION('',(0.951056516295154,0.309016994374948,0.));
#11896=DIRECTION('',(0.,0.,-1.));
#11897=DIRECTION('',(-1.,0.,0.));
#11898=DIRECTION('',(0.,0.,1.));
#11899=DIRECTION('',(1.,0.,0.));
#11900=DIRECTION('',(0.,0.,-1.));
#11901=DIRECTION('',(0.,0.,1.));
#11902=DIRECTION('',(1.,0.,0.));
#11903=DIRECTION('',(0.,0.,-1.));
#11904=DIRECTION('',(0.997724289718438,-0.0674258237312604,0.));
#11905=DIRECTION('',(0.,0.,-1.));
#11906=DIRECTION('',(-1.,0.,0.));
#11907=DIRECTION('',(0.,0.,-1.));
#11908=DIRECTION('',(-1.,0.,0.));
#11909=DIRECTION('',(0.,0.,-1.));
#11910=DIRECTION('',(0.,0.,-1.));
#11911=DIRECTION('',(-0.830341669003322,-0.557254621081583,0.));
#11912=DIRECTION('',(0.,0.,-1.));
#11913=DIRECTION('',(-1.,0.,0.));
#11914=DIRECTION('',(0.,0.,-1.));
#11915=DIRECTION('',(0.,0.,-1.));
#11916=DIRECTION('',(-1.,0.,0.));
#11917=DIRECTION('',(0.,0.,-1.));
#11918=DIRECTION('',(-0.258819045102521,0.965925826289068,0.));
#11919=DIRECTION('',(0.,0.,1.));
#11920=DIRECTION('',(0.965925826289068,0.258819045102521,0.));
#11921=DIRECTION('',(0.965925826289068,0.258819045102521,0.));
#11922=DIRECTION('',(0.,0.,-1.));
#11923=DIRECTION('',(-1.,0.,0.));
#11924=DIRECTION('',(0.,0.,1.));
#11925=DIRECTION('',(1.,0.,0.));
#11926=DIRECTION('',(0.,0.,-1.));
#11927=DIRECTION('',(0.,0.,1.));
#11928=DIRECTION('',(1.,0.,0.));
#11929=DIRECTION('',(0.,0.,-1.));
#11930=DIRECTION('',(0.992828148294418,-0.119550273752411,0.));
#11931=DIRECTION('',(0.,0.,-1.));
#11932=DIRECTION('',(-1.,0.,0.));
#11933=DIRECTION('',(0.,0.,-1.));
#11934=DIRECTION('',(-1.,0.,0.));
#11935=DIRECTION('',(0.,0.,-1.));
#11936=DIRECTION('',(0.,0.,-1.));
#11937=DIRECTION('',(-0.858368168069383,-0.513034197734627,0.));
#11938=DIRECTION('',(0.,0.,-1.));
#11939=DIRECTION('',(-1.,0.,0.));
#11940=DIRECTION('',(0.,0.,-1.));
#11941=DIRECTION('',(0.,0.,-1.));
#11942=DIRECTION('',(-1.,0.,0.));
#11943=DIRECTION('',(0.,0.,-1.));
#11944=DIRECTION('',(-0.207911690817759,0.978147600733806,0.));
#11945=DIRECTION('',(0.,0.,1.));
#11946=DIRECTION('',(0.978147600733806,0.207911690817759,0.));
#11947=DIRECTION('',(0.978147600733806,0.207911690817759,0.));
#11948=DIRECTION('',(0.,0.,-1.));
#11949=DIRECTION('',(-1.,0.,0.));
#11950=DIRECTION('',(0.,0.,1.));
#11951=DIRECTION('',(1.,0.,0.));
#11952=DIRECTION('',(0.,0.,-1.));
#11953=DIRECTION('',(0.,0.,1.));
#11954=DIRECTION('',(1.,0.,0.));
#11955=DIRECTION('',(0.,0.,-1.));
#11956=DIRECTION('',(0.985210733926723,-0.171347044782125,0.));
#11957=DIRECTION('',(0.,0.,-1.));
#11958=DIRECTION('',(-1.,0.,0.));
#11959=DIRECTION('',(0.,0.,-1.));
#11960=DIRECTION('',(-1.,0.,0.));
#11961=DIRECTION('',(0.,0.,-1.));
#11962=DIRECTION('',(0.,0.,-1.));
#11963=DIRECTION('',(-0.884041939650895,-0.467407583312769,0.));
#11964=DIRECTION('',(0.,0.,-1.));
#11965=DIRECTION('',(-1.,0.,0.));
#11966=DIRECTION('',(0.,0.,-1.));
#11967=DIRECTION('',(0.,0.,-1.));
#11968=DIRECTION('',(-1.,0.,0.));
#11969=DIRECTION('',(0.,0.,-1.));
#11970=DIRECTION('',(-0.156434465040232,0.987688340595138,0.));
#11971=DIRECTION('',(0.,0.,1.));
#11972=DIRECTION('',(0.987688340595138,0.156434465040232,0.));
#11973=DIRECTION('',(0.987688340595138,0.156434465040232,0.));
#11974=DIRECTION('',(0.,0.,-1.));
#11975=DIRECTION('',(-1.,0.,0.));
#11976=DIRECTION('',(0.,0.,1.));
#11977=DIRECTION('',(1.,0.,0.));
#11978=DIRECTION('',(0.,0.,-1.));
#11979=DIRECTION('',(0.,0.,1.));
#11980=DIRECTION('',(1.,0.,0.));
#11981=DIRECTION('',(0.,0.,-1.));
#11982=DIRECTION('',(0.974892925418171,-0.222674165474132,0.));
#11983=DIRECTION('',(0.,0.,-1.));
#11984=DIRECTION('',(-1.,0.,0.));
#11985=DIRECTION('',(0.,0.,-1.));
#11986=DIRECTION('',(-1.,0.,0.));
#11987=DIRECTION('',(0.,0.,-1.));
#11988=DIRECTION('',(0.,0.,-1.));
#11989=DIRECTION('',(-0.907292613724986,-0.420499837193884,0.));
#11990=DIRECTION('',(0.,0.,-1.));
#11991=DIRECTION('',(-1.,0.,0.));
#11992=DIRECTION('',(0.,0.,-1.));
#11993=DIRECTION('',(0.,0.,-1.));
#11994=DIRECTION('',(-1.,0.,0.));
#11995=DIRECTION('',(0.,0.,-1.));
#11996=DIRECTION('',(-0.104528463267653,0.994521895368273,0.));
#11997=DIRECTION('',(0.,0.,1.));
#11998=DIRECTION('',(0.994521895368273,0.104528463267653,0.));
#11999=DIRECTION('',(0.994521895368273,0.104528463267653,0.));
#12000=DIRECTION('',(0.,0.,-1.));
#12001=DIRECTION('',(-1.,0.,0.));
#12002=DIRECTION('',(0.,0.,1.));
#12003=DIRECTION('',(1.,0.,0.));
#12004=DIRECTION('',(0.,0.,-1.));
#12005=DIRECTION('',(0.,0.,1.));
#12006=DIRECTION('',(1.,0.,0.));
#12007=DIRECTION('',(0.,0.,-1.));
#12008=DIRECTION('',(0.961903003165186,-0.273390951755532,0.));
#12009=DIRECTION('',(0.,0.,-1.));
#12010=DIRECTION('',(-1.,0.,0.));
#12011=DIRECTION('',(0.,0.,-1.));
#12012=DIRECTION('',(-1.,0.,0.));
#12013=DIRECTION('',(0.,0.,-1.));
#12014=DIRECTION('',(0.,0.,-1.));
#12015=DIRECTION('',(-0.928056461809985,-0.372439530249853,0.));
#12016=DIRECTION('',(0.,0.,-1.));
#12017=DIRECTION('',(-1.,0.,0.));
#12018=DIRECTION('',(0.,0.,-1.));
#12019=DIRECTION('',(0.,0.,-1.));
#12020=DIRECTION('',(-1.,0.,0.));
#12021=DIRECTION('',(0.,0.,-1.));
#12022=DIRECTION('',(-0.052335956242944,0.998629534754574,0.));
#12023=DIRECTION('',(0.,0.,1.));
#12024=DIRECTION('',(0.998629534754574,0.052335956242944,0.));
#12025=DIRECTION('',(0.998629534754574,0.052335956242944,0.));
#12026=DIRECTION('',(0.,0.,-1.));
#12027=DIRECTION('',(-1.,0.,0.));
#12028=DIRECTION('',(0.,0.,1.));
#12029=DIRECTION('',(1.,0.,0.));
#12030=DIRECTION('',(0.,0.,-1.));
#12031=DIRECTION('',(0.,0.,1.));
#12032=DIRECTION('',(1.,0.,0.));
#12033=DIRECTION('',(0.,0.,-1.));
#12034=DIRECTION('',(0.946276571641583,-0.323358392441348,0.));
#12035=DIRECTION('',(0.,0.,-1.));
#12036=DIRECTION('',(-1.,0.,0.));
#12037=DIRECTION('',(0.,0.,-1.));
#12038=DIRECTION('',(-1.,0.,0.));
#12039=DIRECTION('',(0.,0.,-1.));
#12040=DIRECTION('',(0.,0.,-1.));
#12041=DIRECTION('',(-0.946276571641583,-0.323358392441347,0.));
#12042=DIRECTION('',(0.,0.,-1.));
#12043=DIRECTION('',(-1.,0.,0.));
#12044=DIRECTION('',(0.,0.,-1.));
#12045=DIRECTION('',(0.,0.,-1.));
#12046=DIRECTION('',(-1.,0.,0.));
#12047=DIRECTION('',(0.,0.,-1.));
#12048=DIRECTION('',(1.83697019872103E-16,1.,0.));
#12049=DIRECTION('',(0.,0.,1.));
#12050=DIRECTION('',(1.,-1.83697019872103E-16,0.));
#12051=DIRECTION('',(1.,-1.83697019872103E-16,0.));
#12052=DIRECTION('',(0.,0.,-1.));
#12053=DIRECTION('',(-1.,0.,0.));
#12054=DIRECTION('',(0.,0.,1.));
#12055=DIRECTION('',(1.,0.,0.));
#12056=DIRECTION('',(0.,0.,-1.));
#12057=DIRECTION('',(0.,0.,1.));
#12058=DIRECTION('',(1.,0.,0.));
#12059=DIRECTION('',(0.,0.,-1.));
#12060=DIRECTION('',(0.928056461809982,-0.372439530249861,0.));
#12061=DIRECTION('',(0.,0.,-1.));
#12062=DIRECTION('',(-1.,0.,0.));
#12063=DIRECTION('',(0.,0.,-1.));
#12064=DIRECTION('',(-1.,0.,0.));
#12065=DIRECTION('',(0.,0.,-1.));
#12066=DIRECTION('',(0.,0.,-1.));
#12067=DIRECTION('',(-0.961903003165186,-0.273390951755532,0.));
#12068=DIRECTION('',(0.,0.,-1.));
#12069=DIRECTION('',(-1.,0.,0.));
#12070=DIRECTION('',(0.,0.,-1.));
#12071=DIRECTION('',(0.,0.,-1.));
#12072=DIRECTION('',(-1.,0.,0.));
#12073=DIRECTION('',(0.,0.,-1.));
#12074=DIRECTION('',(0.0523359562429434,0.998629534754574,0.));
#12075=DIRECTION('',(0.,0.,1.));
#12076=DIRECTION('',(0.998629534754574,-0.0523359562429434,0.));
#12077=DIRECTION('',(0.998629534754574,-0.0523359562429434,0.));
#12078=DIRECTION('',(0.,0.,-1.));
#12079=DIRECTION('',(-1.,0.,0.));
#12080=DIRECTION('',(0.,0.,1.));
#12081=DIRECTION('',(1.,0.,0.));
#12082=DIRECTION('',(0.,0.,-1.));
#12083=DIRECTION('',(0.,0.,1.));
#12084=DIRECTION('',(1.,0.,0.));
#12085=DIRECTION('',(0.,0.,-1.));
#12086=DIRECTION('',(0.907292613724984,-0.420499837193889,0.));
#12087=DIRECTION('',(0.,0.,-1.));
#12088=DIRECTION('',(-1.,0.,0.));
#12089=DIRECTION('',(0.,0.,-1.));
#12090=DIRECTION('',(-1.,0.,0.));
#12091=DIRECTION('',(0.,0.,-1.));
#12092=DIRECTION('',(0.,0.,-1.));
#12093=DIRECTION('',(-0.974892925418171,-0.222674165474128,0.));
#12094=DIRECTION('',(0.,0.,-1.));
#12095=DIRECTION('',(-1.,0.,0.));
#12096=DIRECTION('',(0.,0.,-1.));
#12097=DIRECTION('',(0.,0.,-1.));
#12098=DIRECTION('',(-1.,0.,0.));
#12099=DIRECTION('',(0.,0.,-1.));
#12100=DIRECTION('',(0.104528463267653,0.994521895368273,0.));
#12101=DIRECTION('',(0.,0.,1.));
#12102=DIRECTION('',(0.994521895368273,-0.104528463267653,0.));
#12103=DIRECTION('',(0.994521895368273,-0.104528463267653,0.));
#12104=DIRECTION('',(0.,0.,-1.));
#12105=DIRECTION('',(-1.,0.,0.));
#12106=DIRECTION('',(0.,0.,1.));
#12107=DIRECTION('',(1.,0.,0.));
#12108=DIRECTION('',(0.,0.,-1.));
#12109=DIRECTION('',(0.,0.,1.));
#12110=DIRECTION('',(1.,0.,0.));
#12111=DIRECTION('',(0.,0.,-1.));
#12112=DIRECTION('',(0.884041939650896,-0.467407583312767,0.));
#12113=DIRECTION('',(0.,0.,-1.));
#12114=DIRECTION('',(-1.,0.,0.));
#12115=DIRECTION('',(0.,0.,-1.));
#12116=DIRECTION('',(-1.,0.,0.));
#12117=DIRECTION('',(0.,0.,-1.));
#12118=DIRECTION('',(0.,0.,-1.));
#12119=DIRECTION('',(-0.985210733926562,-0.171347044783052,0.));
#12120=DIRECTION('',(0.,0.,-1.));
#12121=DIRECTION('',(-1.,0.,0.));
#12122=DIRECTION('',(0.,0.,-1.));
#12123=DIRECTION('',(0.,0.,-1.));
#12124=DIRECTION('',(-1.,0.,0.));
#12125=DIRECTION('',(0.,0.,-1.));
#12126=DIRECTION('',(0.156434465040231,0.987688340595138,0.));
#12127=DIRECTION('',(0.,0.,1.));
#12128=DIRECTION('',(0.987688340595138,-0.156434465040231,0.));
#12129=DIRECTION('',(0.987688340595138,-0.156434465040231,0.));
#12130=DIRECTION('',(0.,0.,-1.));
#12131=DIRECTION('',(-1.,0.,0.));
#12132=DIRECTION('',(0.,0.,1.));
#12133=DIRECTION('',(1.,0.,0.));
#12134=DIRECTION('',(0.,0.,-1.));
#12135=DIRECTION('',(0.,0.,1.));
#12136=DIRECTION('',(1.,0.,0.));
#12137=DIRECTION('',(0.,0.,-1.));
#12138=DIRECTION('',(0.858368168069232,-0.513034197734879,0.));
#12139=DIRECTION('',(0.,0.,-1.));
#12140=DIRECTION('',(-1.,0.,0.));
#12141=DIRECTION('',(0.,0.,-1.));
#12142=DIRECTION('',(-1.,0.,0.));
#12143=DIRECTION('',(0.,0.,-1.));
#12144=DIRECTION('',(0.,0.,-1.));
#12145=DIRECTION('',(-0.992828148294418,-0.119550273752412,0.));
#12146=DIRECTION('',(0.,0.,-1.));
#12147=DIRECTION('',(-1.,0.,0.));
#12148=DIRECTION('',(0.,0.,-1.));
#12149=DIRECTION('',(0.,0.,-1.));
#12150=DIRECTION('',(-1.,0.,0.));
#12151=DIRECTION('',(0.,0.,-1.));
#12152=DIRECTION('',(0.20791169081776,0.978147600733806,0.));
#12153=DIRECTION('',(0.,0.,1.));
#12154=DIRECTION('',(0.978147600733806,-0.20791169081776,0.));
#12155=DIRECTION('',(0.978147600733806,-0.20791169081776,0.));
#12156=DIRECTION('',(0.,0.,-1.));
#12157=DIRECTION('',(-1.,0.,0.));
#12158=DIRECTION('',(0.,0.,1.));
#12159=DIRECTION('',(1.,0.,0.));
#12160=DIRECTION('',(0.,0.,-1.));
#12161=DIRECTION('',(0.,0.,1.));
#12162=DIRECTION('',(1.,0.,0.));
#12163=DIRECTION('',(0.,0.,-1.));
#12164=DIRECTION('',(0.830341669003321,-0.557254621081584,0.));
#12165=DIRECTION('',(0.,0.,-1.));
#12166=DIRECTION('',(-1.,0.,0.));
#12167=DIRECTION('',(0.,0.,-1.));
#12168=DIRECTION('',(-1.,0.,0.));
#12169=DIRECTION('',(0.,0.,-1.));
#12170=DIRECTION('',(0.,0.,-1.));
#12171=DIRECTION('',(-0.997724289718438,-0.0674258237312522,0.));
#12172=DIRECTION('',(0.,0.,-1.));
#12173=DIRECTION('',(-1.,0.,0.));
#12174=DIRECTION('',(0.,0.,-1.));
#12175=DIRECTION('',(0.,0.,-1.));
#12176=DIRECTION('',(-1.,0.,0.));
#12177=DIRECTION('',(0.,0.,-1.));
#12178=DIRECTION('',(0.258819045102521,0.965925826289068,0.));
#12179=DIRECTION('',(0.,0.,1.));
#12180=DIRECTION('',(0.965925826289068,-0.258819045102521,0.));
#12181=DIRECTION('',(0.965925826289068,-0.258819045102521,0.));
#12182=DIRECTION('',(0.,0.,-1.));
#12183=DIRECTION('',(-1.,0.,0.));
#12184=DIRECTION('',(0.,0.,1.));
#12185=DIRECTION('',(1.,0.,0.));
#12186=DIRECTION('',(0.,0.,-1.));
#12187=DIRECTION('',(0.,0.,1.));
#12188=DIRECTION('',(1.,0.,0.));
#12189=DIRECTION('',(0.,0.,-1.));
#12190=DIRECTION('',(0.800039261139029,-0.599947648246175,0.));
#12191=DIRECTION('',(0.,0.,-1.));
#12192=DIRECTION('',(-1.,0.,0.));
#12193=DIRECTION('',(0.,0.,-1.));
#12194=DIRECTION('',(-1.,0.,0.));
#12195=DIRECTION('',(0.,0.,-1.));
#12196=DIRECTION('',(0.,0.,-1.));
#12197=DIRECTION('',(-0.999885738215318,-0.0151165642131191,0.));
#12198=DIRECTION('',(0.,0.,-1.));
#12199=DIRECTION('',(-1.,0.,0.));
#12200=DIRECTION('',(0.,0.,-1.));
#12201=DIRECTION('',(0.,0.,-1.));
#12202=DIRECTION('',(-1.,0.,0.));
#12203=DIRECTION('',(0.,0.,-1.));
#12204=DIRECTION('',(0.309016994374948,0.951056516295154,0.));
#12205=DIRECTION('',(0.,0.,1.));
#12206=DIRECTION('',(0.951056516295154,-0.309016994374948,0.));
#12207=DIRECTION('',(0.951056516295154,-0.309016994374948,0.));
#12208=DIRECTION('',(0.,0.,-1.));
#12209=DIRECTION('',(-1.,0.,0.));
#12210=DIRECTION('',(0.,0.,1.));
#12211=DIRECTION('',(1.,0.,0.));
#12212=DIRECTION('',(0.,0.,-1.));
#12213=DIRECTION('',(0.,0.,1.));
#12214=DIRECTION('',(1.,0.,0.));
#12215=DIRECTION('',(0.,0.,-1.));
#12216=DIRECTION('',(0.767544001269993,-0.640996260608787,0.));
#12217=DIRECTION('',(0.,0.,-1.));
#12218=DIRECTION('',(-1.,0.,0.));
#12219=DIRECTION('',(0.,0.,-1.));
#12220=DIRECTION('',(-1.,0.,0.));
#12221=DIRECTION('',(0.,0.,-1.));
#12222=DIRECTION('',(0.,0.,-1.));
#12223=DIRECTION('',(-0.999306569404929,0.0372341287550951,0.));
#12224=DIRECTION('',(0.,0.,-1.));
#12225=DIRECTION('',(-1.,0.,0.));
#12226=DIRECTION('',(0.,0.,-1.));
#12227=DIRECTION('',(0.,0.,-1.));
#12228=DIRECTION('',(-1.,0.,0.));
#12229=DIRECTION('',(0.,0.,-1.));
#12230=DIRECTION('',(0.3583679495453,0.933580426497202,0.));
#12231=DIRECTION('',(0.,0.,1.));
#12232=DIRECTION('',(0.933580426497202,-0.3583679495453,0.));
#12233=DIRECTION('',(0.933580426497202,-0.3583679495453,0.));
#12234=DIRECTION('',(0.,0.,-1.));
#12235=DIRECTION('',(-1.,0.,0.));
#12236=DIRECTION('',(0.,0.,1.));
#12237=DIRECTION('',(1.,0.,0.));
#12238=DIRECTION('',(0.,0.,-1.));
#12239=DIRECTION('',(0.,0.,1.));
#12240=DIRECTION('',(1.,0.,0.));
#12241=DIRECTION('',(0.,0.,-1.));
#12242=DIRECTION('',(0.732944956645163,-0.68028794677579,0.));
#12243=DIRECTION('',(0.,0.,-1.));
#12244=DIRECTION('',(-1.,0.,0.));
#12245=DIRECTION('',(0.,0.,-1.));
#12246=DIRECTION('',(-1.,0.,0.));
#12247=DIRECTION('',(0.,0.,-1.));
#12248=DIRECTION('',(0.,0.,-1.));
#12249=DIRECTION('',(-0.995988370748763,0.0894827655653617,0.));
#12250=DIRECTION('',(0.,0.,-1.));
#12251=DIRECTION('',(-1.,0.,0.));
#12252=DIRECTION('',(0.,0.,-1.));
#12253=DIRECTION('',(0.,0.,-1.));
#12254=DIRECTION('',(-1.,0.,0.));
#12255=DIRECTION('',(0.,0.,-1.));
#12256=DIRECTION('',(0.406736643075801,0.913545457642601,0.));
#12257=DIRECTION('',(0.,0.,1.));
#12258=DIRECTION('',(0.913545457642601,-0.406736643075801,0.));
#12259=DIRECTION('',(0.913545457642601,-0.406736643075801,0.));
#12260=DIRECTION('',(0.,0.,-1.));
#12261=DIRECTION('',(-1.,0.,0.));
#12262=DIRECTION('',(0.,0.,1.));
#12263=DIRECTION('',(1.,0.,0.));
#12264=DIRECTION('',(0.,0.,-1.));
#12265=DIRECTION('',(0.,0.,1.));
#12266=DIRECTION('',(1.,0.,0.));
#12267=DIRECTION('',(0.,0.,-1.));
#12268=DIRECTION('',(0.696336960839823,-0.717715010967695,0.));
#12269=DIRECTION('',(0.,0.,-1.));
#12270=DIRECTION('',(-1.,0.,0.));
#12271=DIRECTION('',(0.,0.,-1.));
#12272=DIRECTION('',(-1.,0.,0.));
#12273=DIRECTION('',(0.,0.,-1.));
#12274=DIRECTION('',(0.,0.,-1.));
#12275=DIRECTION('',(-0.989940237198675,0.141486136335092,0.));
#12276=DIRECTION('',(0.,0.,-1.));
#12277=DIRECTION('',(-1.,0.,0.));
#12278=DIRECTION('',(0.,0.,-1.));
#12279=DIRECTION('',(0.,0.,-1.));
#12280=DIRECTION('',(-1.,0.,0.));
#12281=DIRECTION('',(0.,0.,-1.));
#12282=DIRECTION('',(0.453990499739547,0.891006524188368,0.));
#12283=DIRECTION('',(0.,0.,1.));
#12284=DIRECTION('',(0.891006524188368,-0.453990499739547,0.));
#12285=DIRECTION('',(0.891006524188368,-0.453990499739547,0.));
#12286=DIRECTION('',(0.,0.,-1.));
#12287=DIRECTION('',(-1.,0.,0.));
#12288=DIRECTION('',(0.,0.,1.));
#12289=DIRECTION('',(1.,0.,0.));
#12290=DIRECTION('',(0.,0.,-1.));
#12291=DIRECTION('',(0.,0.,1.));
#12292=DIRECTION('',(1.,0.,0.));
#12293=DIRECTION('',(0.,0.,-1.));
#12294=DIRECTION('',(0.65782035382698,-0.753174868201898,0.));
#12295=DIRECTION('',(0.,0.,-1.));
#12296=DIRECTION('',(-1.,0.,0.));
#12297=DIRECTION('',(0.,0.,-1.));
#12298=DIRECTION('',(-1.,0.,0.));
#12299=DIRECTION('',(0.,0.,-1.));
#12300=DIRECTION('',(0.,0.,-1.));
#12301=DIRECTION('',(-0.98117874626833,0.193101703439683,0.));
#12302=DIRECTION('',(0.,0.,-1.));
#12303=DIRECTION('',(-1.,0.,0.));
#12304=DIRECTION('',(0.,0.,-1.));
#12305=DIRECTION('',(0.,0.,-1.));
#12306=DIRECTION('',(-1.,0.,0.));
#12307=DIRECTION('',(0.,0.,-1.));
#12308=DIRECTION('',(0.5,0.866025403784438,0.));
#12309=DIRECTION('',(0.,0.,1.));
#12310=DIRECTION('',(0.866025403784438,-0.5,0.));
#12311=DIRECTION('',(0.866025403784438,-0.5,0.));
#12312=DIRECTION('',(0.,0.,-1.));
#12313=DIRECTION('',(-1.,0.,0.));
#12314=DIRECTION('',(0.,0.,1.));
#12315=DIRECTION('',(1.,0.,0.));
#12316=DIRECTION('',(0.,0.,-1.));
#12317=DIRECTION('',(0.,0.,1.));
#12318=DIRECTION('',(1.,0.,0.));
#12319=DIRECTION('',(0.,0.,-1.));
#12320=DIRECTION('',(0.617500706948831,-0.786570325474902,0.));
#12321=DIRECTION('',(0.,0.,-1.));
#12322=DIRECTION('',(-1.,0.,0.));
#12323=DIRECTION('',(0.,0.,-1.));
#12324=DIRECTION('',(-1.,0.,0.));
#12325=DIRECTION('',(0.,0.,-1.));
#12326=DIRECTION('',(0.,0.,-1.));
#12327=DIRECTION('',(-0.969727912595362,0.244187992197491,0.));
#12328=DIRECTION('',(0.,0.,-1.));
#12329=DIRECTION('',(-1.,0.,0.));
#12330=DIRECTION('',(0.,0.,-1.));
#12331=DIRECTION('',(0.,0.,-1.));
#12332=DIRECTION('',(-1.,0.,0.));
#12333=DIRECTION('',(0.,0.,-1.));
#12334=DIRECTION('',(0.544639035015027,0.838670567945424,0.));
#12335=DIRECTION('',(0.,0.,1.));
#12336=DIRECTION('',(0.838670567945424,-0.544639035015027,0.));
#12337=DIRECTION('',(0.838670567945424,-0.544639035015027,0.));
#12338=DIRECTION('',(0.,0.,-1.));
#12339=DIRECTION('',(-1.,0.,0.));
#12340=DIRECTION('',(0.,0.,1.));
#12341=DIRECTION('',(1.,0.,0.));
#12342=DIRECTION('',(0.,0.,-1.));
#12343=DIRECTION('',(0.,0.,1.));
#12344=DIRECTION('',(1.,0.,0.));
#12345=DIRECTION('',(0.,0.,-1.));
#12346=DIRECTION('',(0.575488533554879,-0.817809848159617,0.));
#12347=DIRECTION('',(0.,0.,-1.));
#12348=DIRECTION('',(-1.,0.,0.));
#12349=DIRECTION('',(0.,0.,-1.));
#12350=DIRECTION('',(-1.,0.,0.));
#12351=DIRECTION('',(0.,0.,-1.));
#12352=DIRECTION('',(0.,0.,-1.));
#12353=DIRECTION('',(-0.955619122118927,0.294604978641997,0.));
#12354=DIRECTION('',(0.,0.,-1.));
#12355=DIRECTION('',(-1.,0.,0.));
#12356=DIRECTION('',(0.,0.,-1.));
#12357=DIRECTION('',(0.,0.,-1.));
#12358=DIRECTION('',(-1.,0.,0.));
#12359=DIRECTION('',(0.,0.,-1.));
#12360=DIRECTION('',(0.587785252292473,0.809016994374947,0.));
#12361=DIRECTION('',(0.,0.,1.));
#12362=DIRECTION('',(0.809016994374947,-0.587785252292473,0.));
#12363=DIRECTION('',(0.809016994374947,-0.587785252292473,0.));
#12364=DIRECTION('',(0.,0.,-1.));
#12365=DIRECTION('',(-1.,0.,0.));
#12366=DIRECTION('',(0.,0.,1.));
#12367=DIRECTION('',(1.,0.,0.));
#12368=DIRECTION('',(0.,0.,-1.));
#12369=DIRECTION('',(0.,0.,1.));
#12370=DIRECTION('',(1.,0.,0.));
#12371=DIRECTION('',(0.,0.,-1.));
#12372=DIRECTION('',(0.531898986092164,-0.846807810895794,0.));
#12373=DIRECTION('',(0.,0.,-1.));
#12374=DIRECTION('',(-1.,0.,0.));
#12375=DIRECTION('',(0.,0.,-1.));
#12376=DIRECTION('',(-1.,0.,0.));
#12377=DIRECTION('',(0.,0.,-1.));
#12378=DIRECTION('',(0.,0.,-1.));
#12379=DIRECTION('',(-0.938891046053042,0.344214473317762,0.));
#12380=DIRECTION('',(0.,0.,-1.));
#12381=DIRECTION('',(-1.,0.,0.));
#12382=DIRECTION('',(0.,0.,-1.));
#12383=DIRECTION('',(0.,0.,-1.));
#12384=DIRECTION('',(-1.,0.,0.));
#12385=DIRECTION('',(0.,0.,-1.));
#12386=DIRECTION('',(0.629320391049838,0.777145961456971,0.));
#12387=DIRECTION('',(0.,0.,1.));
#12388=DIRECTION('',(0.777145961456971,-0.629320391049838,0.));
#12389=DIRECTION('',(0.777145961456971,-0.629320391049838,0.));
#12390=DIRECTION('',(0.,0.,-1.));
#12391=DIRECTION('',(-1.,0.,0.));
#12392=DIRECTION('',(0.,0.,1.));
#12393=DIRECTION('',(1.,0.,0.));
#12394=DIRECTION('',(0.,0.,-1.));
#12395=DIRECTION('',(0.,0.,1.));
#12396=DIRECTION('',(1.,0.,0.));
#12397=DIRECTION('',(0.,0.,-1.));
#12398=DIRECTION('',(0.486851540480416,-0.873484732283196,0.));
#12399=DIRECTION('',(0.,0.,-1.));
#12400=DIRECTION('',(-1.,0.,0.));
#12401=DIRECTION('',(0.,0.,-1.));
#12402=DIRECTION('',(-1.,0.,0.));
#12403=DIRECTION('',(0.,0.,-1.));
#12404=DIRECTION('',(0.,0.,-1.));
#12405=DIRECTION('',(-0.919589534891436,0.392880500048238,0.));
#12406=DIRECTION('',(0.,0.,-1.));
#12407=DIRECTION('',(-1.,0.,0.));
#12408=DIRECTION('',(0.,0.,-1.));
#12409=DIRECTION('',(0.,0.,-1.));
#12410=DIRECTION('',(-1.,0.,0.));
#12411=DIRECTION('',(0.,0.,-1.));
#12412=DIRECTION('',(0.669130606358858,0.743144825477394,0.));
#12413=DIRECTION('',(0.,0.,1.));
#12414=DIRECTION('',(0.743144825477394,-0.669130606358858,0.));
#12415=DIRECTION('',(0.743144825477394,-0.669130606358858,0.));
#12416=DIRECTION('',(0.,0.,-1.));
#12417=DIRECTION('',(-1.,0.,0.));
#12418=DIRECTION('',(0.,0.,1.));
#12419=DIRECTION('',(1.,0.,0.));
#12420=DIRECTION('',(0.,0.,-1.));
#12421=DIRECTION('',(0.,0.,1.));
#12422=DIRECTION('',(1.,0.,0.));
#12423=DIRECTION('',(0.,0.,-1.));
#12424=DIRECTION('',(0.440469668636853,-0.897767492734584,0.));
#12425=DIRECTION('',(0.,0.,-1.));
#12426=DIRECTION('',(-1.,0.,0.));
#12427=DIRECTION('',(0.,0.,-1.));
#12428=DIRECTION('',(-1.,0.,0.));
#12429=DIRECTION('',(0.,0.,-1.));
#12430=DIRECTION('',(0.,0.,-1.));
#12431=DIRECTION('',(-0.897767492734579,0.440469668636863,0.));
#12432=DIRECTION('',(0.,0.,-1.));
#12433=DIRECTION('',(-1.,0.,0.));
#12434=DIRECTION('',(0.,0.,-1.));
#12435=DIRECTION('',(0.,0.,-1.));
#12436=DIRECTION('',(-1.,0.,0.));
#12437=DIRECTION('',(0.,0.,-1.));
#12438=DIRECTION('',(0.707106781186548,0.707106781186548,0.));
#12439=DIRECTION('',(0.,0.,1.));
#12440=DIRECTION('',(0.707106781186548,-0.707106781186548,0.));
#12441=DIRECTION('',(0.707106781186548,-0.707106781186548,0.));
#12442=DIRECTION('',(0.,0.,-1.));
#12443=DIRECTION('',(-1.,0.,0.));
#12444=DIRECTION('',(0.,0.,1.));
#12445=DIRECTION('',(1.,0.,0.));
#12446=DIRECTION('',(0.,0.,-1.));
#12447=DIRECTION('',(0.,0.,1.));
#12448=DIRECTION('',(1.,0.,0.));
#12449=DIRECTION('',(0.,0.,-1.));
#12450=DIRECTION('',(0.392880500048229,-0.919589534891439,0.));
#12451=DIRECTION('',(0.,0.,-1.));
#12452=DIRECTION('',(-1.,0.,0.));
#12453=DIRECTION('',(0.,0.,-1.));
#12454=DIRECTION('',(-1.,0.,0.));
#12455=DIRECTION('',(0.,0.,-1.));
#12456=DIRECTION('',(0.,0.,-1.));
#12457=DIRECTION('',(-0.873484732283194,0.486851540480419,0.));
#12458=DIRECTION('',(0.,0.,-1.));
#12459=DIRECTION('',(-1.,0.,0.));
#12460=DIRECTION('',(0.,0.,-1.));
#12461=DIRECTION('',(0.,0.,-1.));
#12462=DIRECTION('',(-1.,0.,0.));
#12463=DIRECTION('',(0.,0.,-1.));
#12464=DIRECTION('',(0.743144825477394,0.669130606358858,0.));
#12465=DIRECTION('',(0.,0.,1.));
#12466=DIRECTION('',(0.669130606358858,-0.743144825477394,0.));
#12467=DIRECTION('',(0.669130606358858,-0.743144825477394,0.));
#12468=DIRECTION('',(0.,0.,-1.));
#12469=DIRECTION('',(-1.,0.,0.));
#12470=DIRECTION('',(0.,0.,1.));
#12471=DIRECTION('',(1.,0.,0.));
#12472=DIRECTION('',(0.,0.,-1.));
#12473=DIRECTION('',(0.,0.,1.));
#12474=DIRECTION('',(1.,0.,0.));
#12475=DIRECTION('',(0.,0.,-1.));
#12476=DIRECTION('',(0.344214473317767,-0.93889104605304,0.));
#12477=DIRECTION('',(0.,0.,-1.));
#12478=DIRECTION('',(-1.,0.,0.));
#12479=DIRECTION('',(0.,0.,-1.));
#12480=DIRECTION('',(-1.,0.,0.));
#12481=DIRECTION('',(0.,0.,-1.));
#12482=DIRECTION('',(0.,0.,-1.));
#12483=DIRECTION('',(-0.846807810895799,0.531898986092158,0.));
#12484=DIRECTION('',(0.,0.,-1.));
#12485=DIRECTION('',(-1.,0.,0.));
#12486=DIRECTION('',(0.,0.,-1.));
#12487=DIRECTION('',(0.,0.,-1.));
#12488=DIRECTION('',(-1.,0.,0.));
#12489=DIRECTION('',(0.,0.,-1.));
#12490=DIRECTION('',(0.777145961456971,0.629320391049838,0.));
#12491=DIRECTION('',(0.,0.,1.));
#12492=DIRECTION('',(0.629320391049838,-0.777145961456971,0.));
#12493=DIRECTION('',(0.629320391049838,-0.777145961456971,0.));
#12494=DIRECTION('',(0.,0.,-1.));
#12495=DIRECTION('',(-1.,0.,0.));
#12496=DIRECTION('',(0.,0.,1.));
#12497=DIRECTION('',(1.,0.,0.));
#12498=DIRECTION('',(0.,0.,-1.));
#12499=DIRECTION('',(0.,0.,1.));
#12500=DIRECTION('',(1.,0.,0.));
#12501=DIRECTION('',(0.,0.,-1.));
#12502=DIRECTION('',(0.294604978641995,-0.955619122118928,0.));
#12503=DIRECTION('',(0.,0.,-1.));
#12504=DIRECTION('',(-1.,0.,0.));
#12505=DIRECTION('',(0.,0.,-1.));
#12506=DIRECTION('',(-1.,0.,0.));
#12507=DIRECTION('',(0.,0.,-1.));
#12508=DIRECTION('',(0.,0.,-1.));
#12509=DIRECTION('',(-0.817809848159616,0.575488533554879,0.));
#12510=DIRECTION('',(0.,0.,-1.));
#12511=DIRECTION('',(-1.,0.,0.));
#12512=DIRECTION('',(0.,0.,-1.));
#12513=DIRECTION('',(0.,0.,-1.));
#12514=DIRECTION('',(-1.,0.,0.));
#12515=DIRECTION('',(0.,0.,-1.));
#12516=DIRECTION('',(0.809016994374948,0.587785252292473,0.));
#12517=DIRECTION('',(0.,0.,1.));
#12518=DIRECTION('',(0.587785252292473,-0.809016994374948,0.));
#12519=DIRECTION('',(0.587785252292473,-0.809016994374948,0.));
#12520=DIRECTION('',(0.,0.,-1.));
#12521=DIRECTION('',(-1.,0.,0.));
#12522=DIRECTION('',(0.,0.,1.));
#12523=DIRECTION('',(1.,0.,0.));
#12524=DIRECTION('',(0.,0.,-1.));
#12525=DIRECTION('',(0.,0.,1.));
#12526=DIRECTION('',(1.,0.,0.));
#12527=DIRECTION('',(0.,0.,-1.));
#12528=DIRECTION('',(0.244187992197486,-0.969727912595363,0.));
#12529=DIRECTION('',(0.,0.,-1.));
#12530=DIRECTION('',(-1.,0.,0.));
#12531=DIRECTION('',(0.,0.,-1.));
#12532=DIRECTION('',(-1.,0.,0.));
#12533=DIRECTION('',(0.,0.,-1.));
#12534=DIRECTION('',(0.,0.,-1.));
#12535=DIRECTION('',(-0.786570325474904,0.617500706948829,0.));
#12536=DIRECTION('',(0.,0.,-1.));
#12537=DIRECTION('',(-1.,0.,0.));
#12538=DIRECTION('',(0.,0.,-1.));
#12539=DIRECTION('',(0.,0.,-1.));
#12540=DIRECTION('',(-1.,0.,0.));
#12541=DIRECTION('',(0.,0.,-1.));
#12542=DIRECTION('',(0.838670567945424,0.544639035015027,0.));
#12543=DIRECTION('',(0.,0.,1.));
#12544=DIRECTION('',(0.544639035015027,-0.838670567945424,0.));
#12545=DIRECTION('',(0.544639035015027,-0.838670567945424,0.));
#12546=DIRECTION('',(0.,0.,-1.));
#12547=DIRECTION('',(-1.,0.,0.));
#12548=DIRECTION('',(0.,0.,1.));
#12549=DIRECTION('',(1.,0.,0.));
#12550=DIRECTION('',(0.,0.,-1.));
#12551=DIRECTION('',(0.,0.,1.));
#12552=DIRECTION('',(1.,0.,0.));
#12553=DIRECTION('',(0.,0.,-1.));
#12554=DIRECTION('',(0.193101703439682,-0.981178746268331,0.));
#12555=DIRECTION('',(0.,0.,-1.));
#12556=DIRECTION('',(-1.,0.,0.));
#12557=DIRECTION('',(0.,0.,-1.));
#12558=DIRECTION('',(-1.,0.,0.));
#12559=DIRECTION('',(0.,0.,-1.));
#12560=DIRECTION('',(0.,0.,-1.));
#12561=DIRECTION('',(-0.753174868201896,0.657820353826983,0.));
#12562=DIRECTION('',(0.,0.,-1.));
#12563=DIRECTION('',(-1.,0.,0.));
#12564=DIRECTION('',(0.,0.,-1.));
#12565=DIRECTION('',(0.,0.,-1.));
#12566=DIRECTION('',(-1.,0.,0.));
#12567=DIRECTION('',(0.,0.,-1.));
#12568=DIRECTION('',(0.866025403784439,0.5,0.));
#12569=DIRECTION('',(0.,0.,1.));
#12570=DIRECTION('',(0.5,-0.866025403784439,0.));
#12571=DIRECTION('',(0.5,-0.866025403784439,0.));
#12572=DIRECTION('',(0.,0.,-1.));
#12573=DIRECTION('',(-1.,0.,0.));
#12574=DIRECTION('',(0.,0.,1.));
#12575=DIRECTION('',(1.,0.,0.));
#12576=DIRECTION('',(0.,0.,-1.));
#12577=DIRECTION('',(0.,0.,1.));
#12578=DIRECTION('',(1.,0.,0.));
#12579=DIRECTION('',(0.,0.,-1.));
#12580=DIRECTION('',(0.141486136335079,-0.989940237198676,0.));
#12581=DIRECTION('',(0.,0.,-1.));
#12582=DIRECTION('',(-1.,0.,0.));
#12583=DIRECTION('',(0.,0.,-1.));
#12584=DIRECTION('',(-1.,0.,0.));
#12585=DIRECTION('',(0.,0.,-1.));
#12586=DIRECTION('',(0.,0.,-1.));
#12587=DIRECTION('',(-0.717715010967691,0.696336960839828,0.));
#12588=DIRECTION('',(0.,0.,-1.));
#12589=DIRECTION('',(-1.,0.,0.));
#12590=DIRECTION('',(0.,0.,-1.));
#12591=DIRECTION('',(0.,0.,-1.));
#12592=DIRECTION('',(-1.,0.,0.));
#12593=DIRECTION('',(0.,0.,-1.));
#12594=DIRECTION('',(0.891006524188368,0.453990499739547,0.));
#12595=DIRECTION('',(0.,0.,1.));
#12596=DIRECTION('',(0.453990499739547,-0.891006524188368,0.));
#12597=DIRECTION('',(0.453990499739547,-0.891006524188368,0.));
#12598=DIRECTION('',(0.,0.,-1.));
#12599=DIRECTION('',(-1.,0.,0.));
#12600=DIRECTION('',(0.,0.,1.));
#12601=DIRECTION('',(1.,0.,0.));
#12602=DIRECTION('',(0.,0.,-1.));
#12603=DIRECTION('',(0.,0.,1.));
#12604=DIRECTION('',(1.,0.,0.));
#12605=DIRECTION('',(0.,0.,-1.));
#12606=DIRECTION('',(0.0894827655653619,-0.995988370748763,0.));
#12607=DIRECTION('',(0.,0.,-1.));
#12608=DIRECTION('',(-1.,0.,0.));
#12609=DIRECTION('',(0.,0.,-1.));
#12610=DIRECTION('',(-1.,0.,0.));
#12611=DIRECTION('',(0.,0.,-1.));
#12612=DIRECTION('',(0.,0.,-1.));
#12613=DIRECTION('',(-0.680287946776181,0.7329449566448,0.));
#12614=DIRECTION('',(0.,0.,-1.));
#12615=DIRECTION('',(-1.,0.,0.));
#12616=DIRECTION('',(0.,0.,-1.));
#12617=DIRECTION('',(0.,0.,-1.));
#12618=DIRECTION('',(-1.,0.,0.));
#12619=DIRECTION('',(0.,0.,-1.));
#12620=DIRECTION('',(0.913545457642601,0.4067366430758,0.));
#12621=DIRECTION('',(0.,0.,1.));
#12622=DIRECTION('',(0.4067366430758,-0.913545457642601,0.));
#12623=DIRECTION('',(0.4067366430758,-0.913545457642601,0.));
#12624=DIRECTION('',(0.,0.,-1.));
#12625=DIRECTION('',(-1.,0.,0.));
#12626=DIRECTION('',(0.,0.,1.));
#12627=DIRECTION('',(1.,0.,0.));
#12628=DIRECTION('',(0.,0.,-1.));
#12629=DIRECTION('',(0.,0.,1.));
#12630=DIRECTION('',(1.,0.,0.));
#12631=DIRECTION('',(0.,0.,-1.));
#12632=DIRECTION('',(0.0372341287560894,-0.999306569404892,0.));
#12633=DIRECTION('',(0.,0.,-1.));
#12634=DIRECTION('',(-1.,0.,0.));
#12635=DIRECTION('',(0.,0.,-1.));
#12636=DIRECTION('',(-1.,0.,0.));
#12637=DIRECTION('',(0.,0.,-1.));
#12638=DIRECTION('',(0.,0.,-1.));
#12639=DIRECTION('',(-0.640996260608795,0.767544001269986,0.));
#12640=DIRECTION('',(0.,0.,-1.));
#12641=DIRECTION('',(-1.,0.,0.));
#12642=DIRECTION('',(0.,0.,-1.));
#12643=DIRECTION('',(0.,0.,-1.));
#12644=DIRECTION('',(-1.,0.,0.));
#12645=DIRECTION('',(0.,0.,-1.));
#12646=DIRECTION('',(0.933580426497202,0.3583679495453,0.));
#12647=DIRECTION('',(0.,0.,1.));
#12648=DIRECTION('',(0.3583679495453,-0.933580426497202,0.));
#12649=DIRECTION('',(0.3583679495453,-0.933580426497202,0.));
#12650=DIRECTION('',(0.,0.,-1.));
#12651=DIRECTION('',(-1.,0.,0.));
#12652=DIRECTION('',(0.,0.,1.));
#12653=DIRECTION('',(1.,0.,0.));
#12654=DIRECTION('',(0.,0.,-1.));
#12655=DIRECTION('',(0.,0.,1.));
#12656=DIRECTION('',(1.,0.,0.));
#12657=DIRECTION('',(0.,0.,-1.));
#12658=DIRECTION('',(-0.0151165642139607,-0.999885738215305,0.));
#12659=DIRECTION('',(0.,0.,-1.));
#12660=DIRECTION('',(-1.,0.,0.));
#12661=DIRECTION('',(0.,0.,-1.));
#12662=DIRECTION('',(-1.,0.,0.));
#12663=DIRECTION('',(0.,0.,-1.));
#12664=DIRECTION('',(0.,0.,-1.));
#12665=DIRECTION('',(-0.599947648246182,0.800039261139024,0.));
#12666=DIRECTION('',(0.,0.,-1.));
#12667=DIRECTION('',(-1.,0.,0.));
#12668=DIRECTION('',(0.,0.,-1.));
#12669=DIRECTION('',(0.,0.,-1.));
#12670=DIRECTION('',(-1.,0.,0.));
#12671=DIRECTION('',(0.,0.,-1.));
#12672=DIRECTION('',(0.951056516295154,0.309016994374948,0.));
#12673=DIRECTION('',(0.,0.,1.));
#12674=DIRECTION('',(0.309016994374948,-0.951056516295154,0.));
#12675=DIRECTION('',(0.309016994374948,-0.951056516295154,0.));
#12676=DIRECTION('',(0.,0.,-1.));
#12677=DIRECTION('',(-1.,0.,0.));
#12678=DIRECTION('',(0.,0.,1.));
#12679=DIRECTION('',(1.,0.,0.));
#12680=DIRECTION('',(0.,0.,-1.));
#12681=DIRECTION('',(0.,0.,1.));
#12682=DIRECTION('',(1.,0.,0.));
#12683=DIRECTION('',(0.,0.,-1.));
#12684=DIRECTION('',(-0.0674258237312603,-0.997724289718438,0.));
#12685=DIRECTION('',(0.,0.,-1.));
#12686=DIRECTION('',(-1.,0.,0.));
#12687=DIRECTION('',(0.,0.,-1.));
#12688=DIRECTION('',(-1.,0.,0.));
#12689=DIRECTION('',(0.,0.,-1.));
#12690=DIRECTION('',(0.,0.,-1.));
#12691=DIRECTION('',(-0.557254621081586,0.83034166900332,0.));
#12692=DIRECTION('',(0.,0.,-1.));
#12693=DIRECTION('',(-1.,0.,0.));
#12694=DIRECTION('',(0.,0.,-1.));
#12695=DIRECTION('',(0.,0.,-1.));
#12696=DIRECTION('',(-1.,0.,0.));
#12697=DIRECTION('',(0.,0.,-1.));
#12698=DIRECTION('',(0.965925826289068,0.258819045102521,0.));
#12699=DIRECTION('',(0.,0.,1.));
#12700=DIRECTION('',(0.258819045102521,-0.965925826289068,0.));
#12701=DIRECTION('',(0.258819045102521,-0.965925826289068,0.));
#12702=DIRECTION('',(0.,0.,-1.));
#12703=DIRECTION('',(-1.,0.,0.));
#12704=DIRECTION('',(0.,0.,1.));
#12705=DIRECTION('',(1.,0.,0.));
#12706=DIRECTION('',(0.,0.,-1.));
#12707=DIRECTION('',(0.,0.,1.));
#12708=DIRECTION('',(1.,0.,0.));
#12709=DIRECTION('',(0.,0.,-1.));
#12710=DIRECTION('',(-0.119550273752409,-0.992828148294418,0.));
#12711=DIRECTION('',(0.,0.,-1.));
#12712=DIRECTION('',(-1.,0.,0.));
#12713=DIRECTION('',(0.,0.,-1.));
#12714=DIRECTION('',(-1.,0.,0.));
#12715=DIRECTION('',(0.,0.,-1.));
#12716=DIRECTION('',(0.,0.,-1.));
#12717=DIRECTION('',(-0.513034197734877,0.858368168069233,0.));
#12718=DIRECTION('',(0.,0.,-1.));
#12719=DIRECTION('',(-1.,0.,0.));
#12720=DIRECTION('',(0.,0.,-1.));
#12721=DIRECTION('',(0.,0.,-1.));
#12722=DIRECTION('',(-1.,0.,0.));
#12723=DIRECTION('',(0.,0.,-1.));
#12724=DIRECTION('',(0.978147600733806,0.207911690817759,0.));
#12725=DIRECTION('',(0.,0.,1.));
#12726=DIRECTION('',(0.207911690817759,-0.978147600733806,0.));
#12727=DIRECTION('',(0.207911690817759,-0.978147600733806,0.));
#12728=DIRECTION('',(0.,0.,-1.));
#12729=DIRECTION('',(-1.,0.,0.));
#12730=DIRECTION('',(0.,0.,1.));
#12731=DIRECTION('',(1.,0.,0.));
#12732=DIRECTION('',(0.,0.,-1.));
#12733=DIRECTION('',(0.,0.,1.));
#12734=DIRECTION('',(1.,0.,0.));
#12735=DIRECTION('',(0.,0.,-1.));
#12736=DIRECTION('',(-0.171347044783056,-0.985210733926561,0.));
#12737=DIRECTION('',(0.,0.,-1.));
#12738=DIRECTION('',(-1.,0.,0.));
#12739=DIRECTION('',(0.,0.,-1.));
#12740=DIRECTION('',(-1.,0.,0.));
#12741=DIRECTION('',(0.,0.,-1.));
#12742=DIRECTION('',(0.,0.,-1.));
#12743=DIRECTION('',(-0.467407583312352,0.884041939651115,0.));
#12744=DIRECTION('',(0.,0.,-1.));
#12745=DIRECTION('',(-1.,0.,0.));
#12746=DIRECTION('',(0.,0.,-1.));
#12747=DIRECTION('',(0.,0.,-1.));
#12748=DIRECTION('',(-1.,0.,0.));
#12749=DIRECTION('',(0.,0.,-1.));
#12750=DIRECTION('',(0.987688340595138,0.156434465040231,0.));
#12751=DIRECTION('',(0.,0.,1.));
#12752=DIRECTION('',(0.156434465040231,-0.987688340595138,0.));
#12753=DIRECTION('',(0.156434465040231,-0.987688340595138,0.));
#12754=DIRECTION('',(0.,0.,-1.));
#12755=DIRECTION('',(-1.,0.,0.));
#12756=DIRECTION('',(0.,0.,1.));
#12757=DIRECTION('',(1.,0.,0.));
#12758=DIRECTION('',(0.,0.,-1.));
#12759=DIRECTION('',(0.,0.,1.));
#12760=DIRECTION('',(1.,0.,0.));
#12761=DIRECTION('',(0.,0.,-1.));
#12762=DIRECTION('',(-0.222674165474131,-0.974892925418171,0.));
#12763=DIRECTION('',(0.,0.,-1.));
#12764=DIRECTION('',(-1.,0.,0.));
#12765=DIRECTION('',(0.,0.,-1.));
#12766=DIRECTION('',(-1.,0.,0.));
#12767=DIRECTION('',(0.,0.,-1.));
#12768=DIRECTION('',(0.,0.,-1.));
#12769=DIRECTION('',(-0.42049983727435,0.907292613687693,0.));
#12770=DIRECTION('',(0.,0.,-1.));
#12771=DIRECTION('',(-1.,0.,0.));
#12772=DIRECTION('',(0.,0.,-1.));
#12773=DIRECTION('',(0.,0.,-1.));
#12774=DIRECTION('',(-1.,0.,0.));
#12775=DIRECTION('',(0.,0.,-1.));
#12776=DIRECTION('',(0.994521895368273,0.104528463267653,0.));
#12777=DIRECTION('',(0.,0.,1.));
#12778=DIRECTION('',(0.104528463267653,-0.994521895368273,0.));
#12779=DIRECTION('',(0.104528463267653,-0.994521895368273,0.));
#12780=DIRECTION('',(0.,0.,-1.));
#12781=DIRECTION('',(-1.,0.,0.));
#12782=DIRECTION('',(0.,0.,1.));
#12783=DIRECTION('',(1.,0.,0.));
#12784=DIRECTION('',(0.,0.,-1.));
#12785=DIRECTION('',(0.,0.,1.));
#12786=DIRECTION('',(1.,0.,0.));
#12787=DIRECTION('',(0.,0.,-1.));
#12788=DIRECTION('',(-0.273390951755533,-0.961903003165186,0.));
#12789=DIRECTION('',(0.,0.,-1.));
#12790=DIRECTION('',(-1.,0.,0.));
#12791=DIRECTION('',(0.,0.,-1.));
#12792=DIRECTION('',(-1.,0.,0.));
#12793=DIRECTION('',(0.,0.,-1.));
#12794=DIRECTION('',(0.,0.,-1.));
#12795=DIRECTION('',(-0.372439530249853,0.928056461809985,0.));
#12796=DIRECTION('',(0.,0.,-1.));
#12797=DIRECTION('',(-1.,0.,0.));
#12798=DIRECTION('',(0.,0.,-1.));
#12799=DIRECTION('',(0.,0.,-1.));
#12800=DIRECTION('',(-1.,0.,0.));
#12801=DIRECTION('',(0.,0.,-1.));
#12802=DIRECTION('',(0.998629534754574,0.0523359562429436,0.));
#12803=DIRECTION('',(0.,0.,1.));
#12804=DIRECTION('',(0.0523359562429436,-0.998629534754574,0.));
#12805=DIRECTION('',(0.0523359562429436,-0.998629534754574,0.));
#12806=DIRECTION('',(0.,0.,-1.));
#12807=DIRECTION('',(-1.,0.,0.));
#12808=DIRECTION('',(0.,0.,1.));
#12809=DIRECTION('',(1.,0.,0.));
#12810=DIRECTION('',(0.,0.,-1.));
#12811=DIRECTION('',(0.,0.,1.));
#12812=DIRECTION('',(1.,0.,0.));
#12813=DIRECTION('',(0.,0.,-1.));
#12814=DIRECTION('',(-0.323358392440667,-0.946276571641815,0.));
#12815=DIRECTION('',(0.,0.,-1.));
#12816=DIRECTION('',(-1.,0.,0.));
#12817=DIRECTION('',(0.,0.,-1.));
#12818=DIRECTION('',(-1.,0.,0.));
#12819=DIRECTION('',(0.,0.,-1.));
#12820=DIRECTION('',(0.,0.,-1.));
#12821=DIRECTION('',(-0.323358392441348,0.946276571641583,0.));
#12822=DIRECTION('',(0.,0.,-1.));
#12823=DIRECTION('',(-1.,0.,0.));
#12824=DIRECTION('',(0.,0.,-1.));
#12825=DIRECTION('',(0.,0.,-1.));
#12826=DIRECTION('',(-1.,0.,0.));
#12827=DIRECTION('',(0.,0.,-1.));
#12828=DIRECTION('',(1.,3.21624529935327E-16,0.));
#12829=DIRECTION('',(0.,0.,1.));
#12830=DIRECTION('',(3.21624529935327E-16,-1.,0.));
#12831=DIRECTION('',(3.21624529935327E-16,-1.,0.));
#12832=DIRECTION('',(0.,0.,-1.));
#12833=DIRECTION('',(-1.,0.,0.));
#12834=DIRECTION('',(0.,0.,1.));
#12835=DIRECTION('',(1.,0.,0.));
#12836=DIRECTION('',(0.,0.,-1.));
#12837=DIRECTION('',(0.,0.,1.));
#12838=DIRECTION('',(1.,0.,0.));
#12839=DIRECTION('',(0.,0.,-1.));
#12840=DIRECTION('',(-0.372439530249693,-0.92805646181005,0.));
#12841=DIRECTION('',(0.,0.,-1.));
#12842=DIRECTION('',(-1.,0.,0.));
#12843=DIRECTION('',(0.,0.,-1.));
#12844=DIRECTION('',(-1.,0.,0.));
#12845=DIRECTION('',(0.,0.,-1.));
#12846=DIRECTION('',(0.,0.,-1.));
#12847=DIRECTION('',(-0.273390951755532,0.961903003165186,0.));
#12848=DIRECTION('',(0.,0.,-1.));
#12849=DIRECTION('',(-1.,0.,0.));
#12850=DIRECTION('',(0.,0.,-1.));
#12851=DIRECTION('',(0.,0.,-1.));
#12852=DIRECTION('',(-1.,0.,0.));
#12853=DIRECTION('',(0.,0.,-1.));
#12854=DIRECTION('',(0.998629534754574,-0.0523359562429438,0.));
#12855=DIRECTION('',(0.,0.,1.));
#12856=DIRECTION('',(-0.0523359562429438,-0.998629534754574,0.));
#12857=DIRECTION('',(-0.0523359562429438,-0.998629534754574,0.));
#12858=DIRECTION('',(0.,0.,-1.));
#12859=DIRECTION('',(-1.,0.,0.));
#12860=DIRECTION('',(0.,0.,1.));
#12861=DIRECTION('',(1.,0.,0.));
#12862=DIRECTION('',(0.,0.,-1.));
#12863=DIRECTION('',(0.,0.,1.));
#12864=DIRECTION('',(1.,0.,0.));
#12865=DIRECTION('',(0.,0.,-1.));
#12866=DIRECTION('',(-0.420499837193888,-0.907292613724984,0.));
#12867=DIRECTION('',(0.,0.,-1.));
#12868=DIRECTION('',(-1.,0.,0.));
#12869=DIRECTION('',(0.,0.,-1.));
#12870=DIRECTION('',(-1.,0.,0.));
#12871=DIRECTION('',(0.,0.,-1.));
#12872=DIRECTION('',(0.,0.,-1.));
#12873=DIRECTION('',(-0.222674165474132,0.974892925418171,0.));
#12874=DIRECTION('',(0.,0.,-1.));
#12875=DIRECTION('',(-1.,0.,0.));
#12876=DIRECTION('',(0.,0.,-1.));
#12877=DIRECTION('',(0.,0.,-1.));
#12878=DIRECTION('',(-1.,0.,0.));
#12879=DIRECTION('',(0.,0.,-1.));
#12880=DIRECTION('',(0.994521895368273,-0.104528463267653,0.));
#12881=DIRECTION('',(0.,0.,1.));
#12882=DIRECTION('',(-0.104528463267653,-0.994521895368273,0.));
#12883=DIRECTION('',(-0.104528463267653,-0.994521895368273,0.));
#12884=DIRECTION('',(0.,0.,-1.));
#12885=DIRECTION('',(-1.,0.,0.));
#12886=DIRECTION('',(0.,0.,1.));
#12887=DIRECTION('',(1.,0.,0.));
#12888=DIRECTION('',(0.,0.,-1.));
#12889=DIRECTION('',(0.,0.,1.));
#12890=DIRECTION('',(1.,0.,0.));
#12891=DIRECTION('',(0.,0.,-1.));
#12892=DIRECTION('',(-0.467407583312768,-0.884041939650896,0.));
#12893=DIRECTION('',(0.,0.,-1.));
#12894=DIRECTION('',(-1.,0.,0.));
#12895=DIRECTION('',(0.,0.,-1.));
#12896=DIRECTION('',(-1.,0.,0.));
#12897=DIRECTION('',(0.,0.,-1.));
#12898=DIRECTION('',(0.,0.,-1.));
#12899=DIRECTION('',(-0.171347044783058,0.985210733926561,0.));
#12900=DIRECTION('',(0.,0.,-1.));
#12901=DIRECTION('',(-1.,0.,0.));
#12902=DIRECTION('',(0.,0.,-1.));
#12903=DIRECTION('',(0.,0.,-1.));
#12904=DIRECTION('',(-1.,0.,0.));
#12905=DIRECTION('',(0.,0.,-1.));
#12906=DIRECTION('',(0.987688340595138,-0.156434465040231,0.));
#12907=DIRECTION('',(0.,0.,1.));
#12908=DIRECTION('',(-0.156434465040231,-0.987688340595138,0.));
#12909=DIRECTION('',(-0.156434465040231,-0.987688340595138,0.));
#12910=DIRECTION('',(0.,0.,-1.));
#12911=DIRECTION('',(-1.,0.,0.));
#12912=DIRECTION('',(0.,0.,1.));
#12913=DIRECTION('',(1.,0.,0.));
#12914=DIRECTION('',(0.,0.,-1.));
#12915=DIRECTION('',(0.,0.,1.));
#12916=DIRECTION('',(1.,0.,0.));
#12917=DIRECTION('',(0.,0.,-1.));
#12918=DIRECTION('',(-0.513034197734879,-0.858368168069232,0.));
#12919=DIRECTION('',(0.,0.,-1.));
#12920=DIRECTION('',(-1.,0.,0.));
#12921=DIRECTION('',(0.,0.,-1.));
#12922=DIRECTION('',(-1.,0.,0.));
#12923=DIRECTION('',(0.,0.,-1.));
#12924=DIRECTION('',(0.,0.,-1.));
#12925=DIRECTION('',(-0.119550273752411,0.992828148294418,0.));
#12926=DIRECTION('',(0.,0.,-1.));
#12927=DIRECTION('',(-1.,0.,0.));
#12928=DIRECTION('',(0.,0.,-1.));
#12929=DIRECTION('',(0.,0.,-1.));
#12930=DIRECTION('',(-1.,0.,0.));
#12931=DIRECTION('',(0.,0.,-1.));
#12932=DIRECTION('',(0.978147600733806,-0.207911690817759,0.));
#12933=DIRECTION('',(0.,0.,1.));
#12934=DIRECTION('',(-0.207911690817759,-0.978147600733806,0.));
#12935=DIRECTION('',(-0.207911690817759,-0.978147600733806,0.));
#12936=DIRECTION('',(0.,0.,-1.));
#12937=DIRECTION('',(-1.,0.,0.));
#12938=DIRECTION('',(0.,0.,1.));
#12939=DIRECTION('',(1.,0.,0.));
#12940=DIRECTION('',(0.,0.,-1.));
#12941=DIRECTION('',(0.,0.,1.));
#12942=DIRECTION('',(1.,0.,0.));
#12943=DIRECTION('',(0.,0.,-1.));
#12944=DIRECTION('',(-0.557254621081585,-0.83034166900332,0.));
#12945=DIRECTION('',(0.,0.,-1.));
#12946=DIRECTION('',(-1.,0.,0.));
#12947=DIRECTION('',(0.,0.,-1.));
#12948=DIRECTION('',(-1.,0.,0.));
#12949=DIRECTION('',(0.,0.,-1.));
#12950=DIRECTION('',(0.,0.,-1.));
#12951=DIRECTION('',(-0.0674258237312523,0.997724289718438,0.));
#12952=DIRECTION('',(0.,0.,-1.));
#12953=DIRECTION('',(-1.,0.,0.));
#12954=DIRECTION('',(0.,0.,-1.));
#12955=DIRECTION('',(0.,0.,-1.));
#12956=DIRECTION('',(-1.,0.,0.));
#12957=DIRECTION('',(0.,0.,-1.));
#12958=DIRECTION('',(0.965925826289068,-0.258819045102521,0.));
#12959=DIRECTION('',(0.,0.,1.));
#12960=DIRECTION('',(-0.258819045102521,-0.965925826289068,0.));
#12961=DIRECTION('',(-0.258819045102521,-0.965925826289068,0.));
#12962=DIRECTION('',(0.,0.,-1.));
#12963=DIRECTION('',(-1.,0.,0.));
#12964=DIRECTION('',(0.,0.,1.));
#12965=DIRECTION('',(1.,0.,0.));
#12966=DIRECTION('',(0.,0.,-1.));
#12967=DIRECTION('',(0.,0.,1.));
#12968=DIRECTION('',(1.,0.,0.));
#12969=DIRECTION('',(0.,0.,-1.));
#12970=DIRECTION('',(-0.599947648246176,-0.800039261139029,0.));
#12971=DIRECTION('',(0.,0.,-1.));
#12972=DIRECTION('',(-1.,0.,0.));
#12973=DIRECTION('',(0.,0.,-1.));
#12974=DIRECTION('',(-1.,0.,0.));
#12975=DIRECTION('',(0.,0.,-1.));
#12976=DIRECTION('',(0.,0.,-1.));
#12977=DIRECTION('',(-0.0151165642139674,0.999885738215305,0.));
#12978=DIRECTION('',(0.,0.,-1.));
#12979=DIRECTION('',(-1.,0.,0.));
#12980=DIRECTION('',(0.,0.,-1.));
#12981=DIRECTION('',(0.,0.,-1.));
#12982=DIRECTION('',(-1.,0.,0.));
#12983=DIRECTION('',(0.,0.,-1.));
#12984=DIRECTION('',(0.951056516295154,-0.309016994374948,0.));
#12985=DIRECTION('',(0.,0.,1.));
#12986=DIRECTION('',(-0.309016994374948,-0.951056516295154,0.));
#12987=DIRECTION('',(-0.309016994374948,-0.951056516295154,0.));
#12988=DIRECTION('',(0.,0.,-1.));
#12989=DIRECTION('',(-1.,0.,0.));
#12990=DIRECTION('',(0.,0.,1.));
#12991=DIRECTION('',(1.,0.,0.));
#12992=DIRECTION('',(0.,0.,-1.));
#12993=DIRECTION('',(0.,0.,1.));
#12994=DIRECTION('',(1.,0.,0.));
#12995=DIRECTION('',(0.,0.,-1.));
#12996=DIRECTION('',(-0.640996260608797,-0.767544001269986,0.));
#12997=DIRECTION('',(0.,0.,-1.));
#12998=DIRECTION('',(-1.,0.,0.));
#12999=DIRECTION('',(0.,0.,-1.));
#13000=DIRECTION('',(-1.,0.,0.));
#13001=DIRECTION('',(0.,0.,-1.));
#13002=DIRECTION('',(0.,0.,-1.));
#13003=DIRECTION('',(0.0372341287551087,0.999306569404929,0.));
#13004=DIRECTION('',(0.,0.,-1.));
#13005=DIRECTION('',(-1.,0.,0.));
#13006=DIRECTION('',(0.,0.,-1.));
#13007=DIRECTION('',(0.,0.,-1.));
#13008=DIRECTION('',(-1.,0.,0.));
#13009=DIRECTION('',(0.,0.,-1.));
#13010=DIRECTION('',(0.933580426497202,-0.3583679495453,0.));
#13011=DIRECTION('',(0.,0.,1.));
#13012=DIRECTION('',(-0.3583679495453,-0.933580426497202,0.));
#13013=DIRECTION('',(-0.3583679495453,-0.933580426497202,0.));
#13014=DIRECTION('',(0.,0.,-1.));
#13015=DIRECTION('',(-1.,0.,0.));
#13016=DIRECTION('',(0.,0.,1.));
#13017=DIRECTION('',(1.,0.,0.));
#13018=DIRECTION('',(0.,0.,-1.));
#13019=DIRECTION('',(0.,0.,1.));
#13020=DIRECTION('',(1.,0.,0.));
#13021=DIRECTION('',(0.,0.,-1.));
#13022=DIRECTION('',(-0.680287946776182,-0.7329449566448,0.));
#13023=DIRECTION('',(0.,0.,-1.));
#13024=DIRECTION('',(-1.,0.,0.));
#13025=DIRECTION('',(0.,0.,-1.));
#13026=DIRECTION('',(-1.,0.,0.));
#13027=DIRECTION('',(0.,0.,-1.));
#13028=DIRECTION('',(0.,0.,-1.));
#13029=DIRECTION('',(0.0894827655653595,0.995988370748763,0.));
#13030=DIRECTION('',(0.,0.,-1.));
#13031=DIRECTION('',(-1.,0.,0.));
#13032=DIRECTION('',(0.,0.,-1.));
#13033=DIRECTION('',(0.,0.,-1.));
#13034=DIRECTION('',(-1.,0.,0.));
#13035=DIRECTION('',(0.,0.,-1.));
#13036=DIRECTION('',(0.913545457642601,-0.4067366430758,0.));
#13037=DIRECTION('',(0.,0.,1.));
#13038=DIRECTION('',(-0.4067366430758,-0.913545457642601,0.));
#13039=DIRECTION('',(-0.4067366430758,-0.913545457642601,0.));
#13040=DIRECTION('',(0.,0.,-1.));
#13041=DIRECTION('',(-1.,0.,0.));
#13042=DIRECTION('',(0.,0.,1.));
#13043=DIRECTION('',(1.,0.,0.));
#13044=DIRECTION('',(0.,0.,-1.));
#13045=DIRECTION('',(0.,0.,1.));
#13046=DIRECTION('',(1.,0.,0.));
#13047=DIRECTION('',(0.,0.,-1.));
#13048=DIRECTION('',(-0.717715010967695,-0.696336960839823,0.));
#13049=DIRECTION('',(0.,0.,-1.));
#13050=DIRECTION('',(-1.,0.,0.));
#13051=DIRECTION('',(0.,0.,-1.));
#13052=DIRECTION('',(-1.,0.,0.));
#13053=DIRECTION('',(0.,0.,-1.));
#13054=DIRECTION('',(0.,0.,-1.));
#13055=DIRECTION('',(0.141486136335084,0.989940237198676,0.));
#13056=DIRECTION('',(0.,0.,-1.));
#13057=DIRECTION('',(-1.,0.,0.));
#13058=DIRECTION('',(0.,0.,-1.));
#13059=DIRECTION('',(0.,0.,-1.));
#13060=DIRECTION('',(-1.,0.,0.));
#13061=DIRECTION('',(0.,0.,-1.));
#13062=DIRECTION('',(0.891006524188368,-0.453990499739547,0.));
#13063=DIRECTION('',(0.,0.,1.));
#13064=DIRECTION('',(-0.453990499739547,-0.891006524188368,0.));
#13065=DIRECTION('',(-0.453990499739547,-0.891006524188368,0.));
#13066=DIRECTION('',(0.,0.,-1.));
#13067=DIRECTION('',(-1.,0.,0.));
#13068=DIRECTION('',(0.,0.,1.));
#13069=DIRECTION('',(1.,0.,0.));
#13070=DIRECTION('',(0.,0.,-1.));
#13071=DIRECTION('',(0.,0.,1.));
#13072=DIRECTION('',(1.,0.,0.));
#13073=DIRECTION('',(0.,0.,-1.));
#13074=DIRECTION('',(-0.753174868201896,-0.657820353826983,0.));
#13075=DIRECTION('',(0.,0.,-1.));
#13076=DIRECTION('',(-1.,0.,0.));
#13077=DIRECTION('',(0.,0.,-1.));
#13078=DIRECTION('',(-1.,0.,0.));
#13079=DIRECTION('',(0.,0.,-1.));
#13080=DIRECTION('',(0.,0.,-1.));
#13081=DIRECTION('',(0.193101703439684,0.98117874626833,0.));
#13082=DIRECTION('',(0.,0.,-1.));
#13083=DIRECTION('',(-1.,0.,0.));
#13084=DIRECTION('',(0.,0.,-1.));
#13085=DIRECTION('',(0.,0.,-1.));
#13086=DIRECTION('',(-1.,0.,0.));
#13087=DIRECTION('',(0.,0.,-1.));
#13088=DIRECTION('',(0.866025403784439,-0.5,0.));
#13089=DIRECTION('',(0.,0.,1.));
#13090=DIRECTION('',(-0.5,-0.866025403784439,0.));
#13091=DIRECTION('',(-0.5,-0.866025403784439,0.));
#13092=DIRECTION('',(0.,0.,-1.));
#13093=DIRECTION('',(-1.,0.,0.));
#13094=DIRECTION('',(0.,0.,1.));
#13095=DIRECTION('',(1.,0.,0.));
#13096=DIRECTION('',(0.,0.,-1.));
#13097=DIRECTION('',(0.,0.,1.));
#13098=DIRECTION('',(1.,0.,0.));
#13099=DIRECTION('',(0.,0.,-1.));
#13100=DIRECTION('',(-0.786570325474902,-0.617500706948831,0.));
#13101=DIRECTION('',(0.,0.,-1.));
#13102=DIRECTION('',(-1.,0.,0.));
#13103=DIRECTION('',(0.,0.,-1.));
#13104=DIRECTION('',(-1.,0.,0.));
#13105=DIRECTION('',(0.,0.,-1.));
#13106=DIRECTION('',(0.,0.,-1.));
#13107=DIRECTION('',(0.244187992197489,0.969727912595363,0.));
#13108=DIRECTION('',(0.,0.,-1.));
#13109=DIRECTION('',(-1.,0.,0.));
#13110=DIRECTION('',(0.,0.,-1.));
#13111=DIRECTION('',(0.,0.,-1.));
#13112=DIRECTION('',(-1.,0.,0.));
#13113=DIRECTION('',(0.,0.,-1.));
#13114=DIRECTION('',(0.838670567945424,-0.544639035015027,0.));
#13115=DIRECTION('',(0.,0.,1.));
#13116=DIRECTION('',(-0.544639035015027,-0.838670567945424,0.));
#13117=DIRECTION('',(-0.544639035015027,-0.838670567945424,0.));
#13118=DIRECTION('',(0.,0.,-1.));
#13119=DIRECTION('',(-1.,0.,0.));
#13120=DIRECTION('',(0.,0.,1.));
#13121=DIRECTION('',(1.,0.,0.));
#13122=DIRECTION('',(0.,0.,-1.));
#13123=DIRECTION('',(0.,0.,1.));
#13124=DIRECTION('',(1.,0.,0.));
#13125=DIRECTION('',(0.,0.,-1.));
#13126=DIRECTION('',(-0.817809848159616,-0.575488533554879,0.));
#13127=DIRECTION('',(0.,0.,-1.));
#13128=DIRECTION('',(-1.,0.,0.));
#13129=DIRECTION('',(0.,0.,-1.));
#13130=DIRECTION('',(-1.,0.,0.));
#13131=DIRECTION('',(0.,0.,-1.));
#13132=DIRECTION('',(0.,0.,-1.));
#13133=DIRECTION('',(0.294604978641998,0.955619122118927,0.));
#13134=DIRECTION('',(0.,0.,-1.));
#13135=DIRECTION('',(-1.,0.,0.));
#13136=DIRECTION('',(0.,0.,-1.));
#13137=DIRECTION('',(0.,0.,-1.));
#13138=DIRECTION('',(-1.,0.,0.));
#13139=DIRECTION('',(0.,0.,-1.));
#13140=DIRECTION('',(0.809016994374947,-0.587785252292473,0.));
#13141=DIRECTION('',(0.,0.,1.));
#13142=DIRECTION('',(-0.587785252292473,-0.809016994374947,0.));
#13143=DIRECTION('',(-0.587785252292473,-0.809016994374947,0.));
#13144=DIRECTION('',(0.,0.,-1.));
#13145=DIRECTION('',(-1.,0.,0.));
#13146=DIRECTION('',(0.,0.,1.));
#13147=DIRECTION('',(1.,0.,0.));
#13148=DIRECTION('',(0.,0.,-1.));
#13149=DIRECTION('',(0.,0.,1.));
#13150=DIRECTION('',(1.,0.,0.));
#13151=DIRECTION('',(0.,0.,-1.));
#13152=DIRECTION('',(-0.846807810895795,-0.531898986092163,0.));
#13153=DIRECTION('',(0.,0.,-1.));
#13154=DIRECTION('',(-1.,0.,0.));
#13155=DIRECTION('',(0.,0.,-1.));
#13156=DIRECTION('',(-1.,0.,0.));
#13157=DIRECTION('',(0.,0.,-1.));
#13158=DIRECTION('',(0.,0.,-1.));
#13159=DIRECTION('',(0.344214473317762,0.938891046053042,0.));
#13160=DIRECTION('',(0.,0.,-1.));
#13161=DIRECTION('',(-1.,0.,0.));
#13162=DIRECTION('',(0.,0.,-1.));
#13163=DIRECTION('',(0.,0.,-1.));
#13164=DIRECTION('',(-1.,0.,0.));
#13165=DIRECTION('',(0.,0.,-1.));
#13166=DIRECTION('',(0.777145961456971,-0.629320391049837,0.));
#13167=DIRECTION('',(0.,0.,1.));
#13168=DIRECTION('',(-0.629320391049837,-0.777145961456971,0.));
#13169=DIRECTION('',(-0.629320391049837,-0.777145961456971,0.));
#13170=DIRECTION('',(0.,0.,-1.));
#13171=DIRECTION('',(-1.,0.,0.));
#13172=DIRECTION('',(0.,0.,1.));
#13173=DIRECTION('',(1.,0.,0.));
#13174=DIRECTION('',(0.,0.,-1.));
#13175=DIRECTION('',(0.,0.,1.));
#13176=DIRECTION('',(1.,0.,0.));
#13177=DIRECTION('',(0.,0.,-1.));
#13178=DIRECTION('',(-0.873484732283193,-0.48685154048042,0.));
#13179=DIRECTION('',(0.,0.,-1.));
#13180=DIRECTION('',(-1.,0.,0.));
#13181=DIRECTION('',(0.,0.,-1.));
#13182=DIRECTION('',(-1.,0.,0.));
#13183=DIRECTION('',(0.,0.,-1.));
#13184=DIRECTION('',(0.,0.,-1.));
#13185=DIRECTION('',(0.392880500048229,0.919589534891439,0.));
#13186=DIRECTION('',(0.,0.,-1.));
#13187=DIRECTION('',(-1.,0.,0.));
#13188=DIRECTION('',(0.,0.,-1.));
#13189=DIRECTION('',(0.,0.,-1.));
#13190=DIRECTION('',(-1.,0.,0.));
#13191=DIRECTION('',(0.,0.,-1.));
#13192=DIRECTION('',(0.743144825477394,-0.669130606358858,0.));
#13193=DIRECTION('',(0.,0.,1.));
#13194=DIRECTION('',(-0.669130606358858,-0.743144825477394,0.));
#13195=DIRECTION('',(-0.669130606358858,-0.743144825477394,0.));
#13196=DIRECTION('',(0.,0.,-1.));
#13197=DIRECTION('',(-1.,0.,0.));
#13198=DIRECTION('',(0.,0.,1.));
#13199=DIRECTION('',(1.,0.,0.));
#13200=DIRECTION('',(0.,0.,-1.));
#13201=DIRECTION('',(0.,0.,1.));
#13202=DIRECTION('',(1.,0.,0.));
#13203=DIRECTION('',(0.,0.,-1.));
#13204=DIRECTION('',(-0.897767492734582,-0.440469668636856,0.));
#13205=DIRECTION('',(0.,0.,-1.));
#13206=DIRECTION('',(-1.,0.,0.));
#13207=DIRECTION('',(0.,0.,-1.));
#13208=DIRECTION('',(-1.,0.,0.));
#13209=DIRECTION('',(0.,0.,-1.));
#13210=DIRECTION('',(0.,0.,-1.));
#13211=DIRECTION('',(0.440469668637157,0.897767492734435,0.));
#13212=DIRECTION('',(0.,0.,-1.));
#13213=DIRECTION('',(-1.,0.,0.));
#13214=DIRECTION('',(0.,0.,-1.));
#13215=DIRECTION('',(0.,0.,-1.));
#13216=DIRECTION('',(-1.,0.,0.));
#13217=DIRECTION('',(0.,0.,-1.));
#13218=DIRECTION('',(0.707106781186548,-0.707106781186548,0.));
#13219=DIRECTION('',(0.,0.,1.));
#13220=DIRECTION('',(-0.707106781186548,-0.707106781186548,0.));
#13221=DIRECTION('',(-0.707106781186548,-0.707106781186548,0.));
#13222=DIRECTION('',(0.,0.,-1.));
#13223=DIRECTION('',(-1.,0.,0.));
#13224=DIRECTION('',(0.,0.,1.));
#13225=DIRECTION('',(1.,0.,0.));
#13226=DIRECTION('',(0.,0.,-1.));
#13227=DIRECTION('',(0.,0.,1.));
#13228=DIRECTION('',(1.,0.,0.));
#13229=DIRECTION('',(0.,0.,-1.));
#13230=DIRECTION('',(-0.919589534927752,-0.392880499963235,0.));
#13231=DIRECTION('',(0.,0.,-1.));
#13232=DIRECTION('',(-1.,0.,0.));
#13233=DIRECTION('',(0.,0.,-1.));
#13234=DIRECTION('',(-1.,0.,0.));
#13235=DIRECTION('',(0.,0.,-1.));
#13236=DIRECTION('',(0.,0.,-1.));
#13237=DIRECTION('',(0.486851540480419,0.873484732283194,0.));
#13238=DIRECTION('',(0.,0.,-1.));
#13239=DIRECTION('',(-1.,0.,0.));
#13240=DIRECTION('',(0.,0.,-1.));
#13241=DIRECTION('',(0.,0.,-1.));
#13242=DIRECTION('',(-1.,0.,0.));
#13243=DIRECTION('',(0.,0.,-1.));
#13244=DIRECTION('',(0.669130606358858,-0.743144825477394,0.));
#13245=DIRECTION('',(0.,0.,1.));
#13246=DIRECTION('',(-0.743144825477394,-0.669130606358858,0.));
#13247=DIRECTION('',(-0.743144825477394,-0.669130606358858,0.));
#13248=DIRECTION('',(0.,0.,-1.));
#13249=DIRECTION('',(-1.,0.,0.));
#13250=DIRECTION('',(0.,0.,1.));
#13251=DIRECTION('',(1.,0.,0.));
#13252=DIRECTION('',(0.,0.,-1.));
#13253=DIRECTION('',(0.,0.,1.));
#13254=DIRECTION('',(1.,0.,0.));
#13255=DIRECTION('',(0.,0.,-1.));
#13256=DIRECTION('',(-0.938891046053042,-0.344214473317763,0.));
#13257=DIRECTION('',(0.,0.,-1.));
#13258=DIRECTION('',(-1.,0.,0.));
#13259=DIRECTION('',(0.,0.,-1.));
#13260=DIRECTION('',(-1.,0.,0.));
#13261=DIRECTION('',(0.,0.,-1.));
#13262=DIRECTION('',(0.,0.,-1.));
#13263=DIRECTION('',(0.531898986092159,0.846807810895798,0.));
#13264=DIRECTION('',(0.,0.,-1.));
#13265=DIRECTION('',(-1.,0.,0.));
#13266=DIRECTION('',(0.,0.,-1.));
#13267=DIRECTION('',(0.,0.,-1.));
#13268=DIRECTION('',(-1.,0.,0.));
#13269=DIRECTION('',(0.,0.,-1.));
#13270=DIRECTION('',(0.629320391049837,-0.777145961456971,0.));
#13271=DIRECTION('',(0.,0.,1.));
#13272=DIRECTION('',(-0.777145961456971,-0.629320391049837,0.));
#13273=DIRECTION('',(-0.777145961456971,-0.629320391049837,0.));
#13274=DIRECTION('',(0.,0.,-1.));
#13275=DIRECTION('',(-1.,0.,0.));
#13276=DIRECTION('',(0.,0.,1.));
#13277=DIRECTION('',(1.,0.,0.));
#13278=DIRECTION('',(0.,0.,-1.));
#13279=DIRECTION('',(0.,0.,1.));
#13280=DIRECTION('',(1.,0.,0.));
#13281=DIRECTION('',(0.,0.,-1.));
#13282=DIRECTION('',(-0.955619122118927,-0.294604978641998,0.));
#13283=DIRECTION('',(0.,0.,-1.));
#13284=DIRECTION('',(-1.,0.,0.));
#13285=DIRECTION('',(0.,0.,-1.));
#13286=DIRECTION('',(-1.,0.,0.));
#13287=DIRECTION('',(0.,0.,-1.));
#13288=DIRECTION('',(0.,0.,-1.));
#13289=DIRECTION('',(0.575488533554879,0.817809848159617,0.));
#13290=DIRECTION('',(0.,0.,-1.));
#13291=DIRECTION('',(-1.,0.,0.));
#13292=DIRECTION('',(0.,0.,-1.));
#13293=DIRECTION('',(0.,0.,-1.));
#13294=DIRECTION('',(-1.,0.,0.));
#13295=DIRECTION('',(0.,0.,-1.));
#13296=DIRECTION('',(0.587785252292473,-0.809016994374948,0.));
#13297=DIRECTION('',(0.,0.,1.));
#13298=DIRECTION('',(-0.809016994374948,-0.587785252292473,0.));
#13299=DIRECTION('',(-0.809016994374948,-0.587785252292473,0.));
#13300=DIRECTION('',(0.,0.,-1.));
#13301=DIRECTION('',(-1.,0.,0.));
#13302=DIRECTION('',(0.,0.,1.));
#13303=DIRECTION('',(1.,0.,0.));
#13304=DIRECTION('',(0.,0.,-1.));
#13305=DIRECTION('',(0.,0.,1.));
#13306=DIRECTION('',(1.,0.,0.));
#13307=DIRECTION('',(0.,0.,-1.));
#13308=DIRECTION('',(-0.96972791259536,-0.244187992197498,0.));
#13309=DIRECTION('',(0.,0.,-1.));
#13310=DIRECTION('',(-1.,0.,0.));
#13311=DIRECTION('',(0.,0.,-1.));
#13312=DIRECTION('',(-1.,0.,0.));
#13313=DIRECTION('',(0.,0.,-1.));
#13314=DIRECTION('',(0.,0.,-1.));
#13315=DIRECTION('',(0.617500706948817,0.786570325474913,0.));
#13316=DIRECTION('',(0.,0.,-1.));
#13317=DIRECTION('',(-1.,0.,0.));
#13318=DIRECTION('',(0.,0.,-1.));
#13319=DIRECTION('',(0.,0.,-1.));
#13320=DIRECTION('',(-1.,0.,0.));
#13321=DIRECTION('',(0.,0.,-1.));
#13322=DIRECTION('',(0.544639035015027,-0.838670567945424,0.));
#13323=DIRECTION('',(0.,0.,1.));
#13324=DIRECTION('',(-0.838670567945424,-0.544639035015027,0.));
#13325=DIRECTION('',(-0.838670567945424,-0.544639035015027,0.));
#13326=DIRECTION('',(0.,0.,-1.));
#13327=DIRECTION('',(-1.,0.,0.));
#13328=DIRECTION('',(0.,0.,1.));
#13329=DIRECTION('',(1.,0.,0.));
#13330=DIRECTION('',(0.,0.,-1.));
#13331=DIRECTION('',(0.,0.,1.));
#13332=DIRECTION('',(1.,0.,0.));
#13333=DIRECTION('',(0.,0.,-1.));
#13334=DIRECTION('',(-0.981178746268331,-0.193101703439678,0.));
#13335=DIRECTION('',(0.,0.,-1.));
#13336=DIRECTION('',(-1.,0.,0.));
#13337=DIRECTION('',(0.,0.,-1.));
#13338=DIRECTION('',(-1.,0.,0.));
#13339=DIRECTION('',(0.,0.,-1.));
#13340=DIRECTION('',(0.,0.,-1.));
#13341=DIRECTION('',(0.657820353827484,0.753174868201458,0.));
#13342=DIRECTION('',(0.,0.,-1.));
#13343=DIRECTION('',(-1.,0.,0.));
#13344=DIRECTION('',(0.,0.,-1.));
#13345=DIRECTION('',(0.,0.,-1.));
#13346=DIRECTION('',(-1.,0.,0.));
#13347=DIRECTION('',(0.,0.,-1.));
#13348=DIRECTION('',(0.5,-0.866025403784439,0.));
#13349=DIRECTION('',(0.,0.,1.));
#13350=DIRECTION('',(-0.866025403784439,-0.5,0.));
#13351=DIRECTION('',(-0.866025403784439,-0.5,0.));
#13352=DIRECTION('',(0.,0.,-1.));
#13353=DIRECTION('',(-1.,0.,0.));
#13354=DIRECTION('',(0.,0.,1.));
#13355=DIRECTION('',(1.,0.,0.));
#13356=DIRECTION('',(0.,0.,-1.));
#13357=DIRECTION('',(0.,0.,1.));
#13358=DIRECTION('',(1.,0.,0.));
#13359=DIRECTION('',(0.,0.,-1.));
#13360=DIRECTION('',(-0.989940237198676,-0.14148613633508,0.));
#13361=DIRECTION('',(0.,0.,-1.));
#13362=DIRECTION('',(-1.,0.,0.));
#13363=DIRECTION('',(0.,0.,-1.));
#13364=DIRECTION('',(-1.,0.,0.));
#13365=DIRECTION('',(0.,0.,-1.));
#13366=DIRECTION('',(0.,0.,-1.));
#13367=DIRECTION('',(0.696336960839828,0.717715010967691,0.));
#13368=DIRECTION('',(0.,0.,-1.));
#13369=DIRECTION('',(-1.,0.,0.));
#13370=DIRECTION('',(0.,0.,-1.));
#13371=DIRECTION('',(0.,0.,-1.));
#13372=DIRECTION('',(-1.,0.,0.));
#13373=DIRECTION('',(0.,0.,-1.));
#13374=DIRECTION('',(0.453990499739547,-0.891006524188368,0.));
#13375=DIRECTION('',(0.,0.,1.));
#13376=DIRECTION('',(-0.891006524188368,-0.453990499739547,0.));
#13377=DIRECTION('',(-0.891006524188368,-0.453990499739547,0.));
#13378=DIRECTION('',(0.,0.,-1.));
#13379=DIRECTION('',(-1.,0.,0.));
#13380=DIRECTION('',(0.,0.,1.));
#13381=DIRECTION('',(1.,0.,0.));
#13382=DIRECTION('',(0.,0.,-1.));
#13383=DIRECTION('',(0.,0.,1.));
#13384=DIRECTION('',(1.,0.,0.));
#13385=DIRECTION('',(0.,0.,-1.));
#13386=DIRECTION('',(-0.995988370748763,-0.0894827655653561,0.));
#13387=DIRECTION('',(0.,0.,-1.));
#13388=DIRECTION('',(-1.,0.,0.));
#13389=DIRECTION('',(0.,0.,-1.));
#13390=DIRECTION('',(-1.,0.,0.));
#13391=DIRECTION('',(0.,0.,-1.));
#13392=DIRECTION('',(0.,0.,-1.));
#13393=DIRECTION('',(0.7329449566448,0.680287946776181,0.));
#13394=DIRECTION('',(0.,0.,-1.));
#13395=DIRECTION('',(-1.,0.,0.));
#13396=DIRECTION('',(0.,0.,-1.));
#13397=DIRECTION('',(0.,0.,-1.));
#13398=DIRECTION('',(-1.,0.,0.));
#13399=DIRECTION('',(0.,0.,-1.));
#13400=DIRECTION('',(0.4067366430758,-0.913545457642601,0.));
#13401=DIRECTION('',(0.,0.,1.));
#13402=DIRECTION('',(-0.913545457642601,-0.4067366430758,0.));
#13403=DIRECTION('',(-0.913545457642601,-0.4067366430758,0.));
#13404=DIRECTION('',(0.,0.,-1.));
#13405=DIRECTION('',(-1.,0.,0.));
#13406=DIRECTION('',(0.,0.,1.));
#13407=DIRECTION('',(1.,0.,0.));
#13408=DIRECTION('',(0.,0.,-1.));
#13409=DIRECTION('',(0.,0.,1.));
#13410=DIRECTION('',(1.,0.,0.));
#13411=DIRECTION('',(0.,0.,-1.));
#13412=DIRECTION('',(-0.999306569404929,-0.037234128755108,0.));
#13413=DIRECTION('',(0.,0.,-1.));
#13414=DIRECTION('',(-1.,0.,0.));
#13415=DIRECTION('',(0.,0.,-1.));
#13416=DIRECTION('',(-1.,0.,0.));
#13417=DIRECTION('',(0.,0.,-1.));
#13418=DIRECTION('',(0.,0.,-1.));
#13419=DIRECTION('',(0.767544001269986,0.640996260608797,0.));
#13420=DIRECTION('',(0.,0.,-1.));
#13421=DIRECTION('',(-1.,0.,0.));
#13422=DIRECTION('',(0.,0.,-1.));
#13423=DIRECTION('',(0.,0.,-1.));
#13424=DIRECTION('',(-1.,0.,0.));
#13425=DIRECTION('',(0.,0.,-1.));
#13426=DIRECTION('',(0.358367949545301,-0.933580426497202,0.));
#13427=DIRECTION('',(0.,0.,1.));
#13428=DIRECTION('',(-0.933580426497202,-0.358367949545301,0.));
#13429=DIRECTION('',(-0.933580426497202,-0.358367949545301,0.));
#13430=DIRECTION('',(0.,0.,-1.));
#13431=DIRECTION('',(-1.,0.,0.));
#13432=DIRECTION('',(0.,0.,1.));
#13433=DIRECTION('',(1.,0.,0.));
#13434=DIRECTION('',(0.,0.,-1.));
#13435=DIRECTION('',(0.,0.,1.));
#13436=DIRECTION('',(1.,0.,0.));
#13437=DIRECTION('',(0.,0.,-1.));
#13438=DIRECTION('',(-0.999885738213964,0.0151165643026442,0.));
#13439=DIRECTION('',(0.,0.,-1.));
#13440=DIRECTION('',(-1.,0.,0.));
#13441=DIRECTION('',(0.,0.,-1.));
#13442=DIRECTION('',(-1.,0.,0.));
#13443=DIRECTION('',(0.,0.,-1.));
#13444=DIRECTION('',(0.,0.,-1.));
#13445=DIRECTION('',(0.800039261139024,0.599947648246182,0.));
#13446=DIRECTION('',(0.,0.,-1.));
#13447=DIRECTION('',(-1.,0.,0.));
#13448=DIRECTION('',(0.,0.,-1.));
#13449=DIRECTION('',(0.,0.,-1.));
#13450=DIRECTION('',(-1.,0.,0.));
#13451=DIRECTION('',(0.,0.,-1.));
#13452=DIRECTION('',(0.309016994374948,-0.951056516295154,0.));
#13453=DIRECTION('',(0.,0.,1.));
#13454=DIRECTION('',(-0.951056516295154,-0.309016994374948,0.));
#13455=DIRECTION('',(-0.951056516295154,-0.309016994374948,0.));
#13456=DIRECTION('',(0.,0.,-1.));
#13457=DIRECTION('',(-1.,0.,0.));
#13458=DIRECTION('',(0.,0.,1.));
#13459=DIRECTION('',(1.,0.,0.));
#13460=DIRECTION('',(0.,0.,-1.));
#13461=DIRECTION('',(0.,0.,1.));
#13462=DIRECTION('',(1.,0.,0.));
#13463=DIRECTION('',(0.,0.,-1.));
#13464=DIRECTION('',(-0.997724289718464,0.0674258237308623,0.));
#13465=DIRECTION('',(0.,0.,-1.));
#13466=DIRECTION('',(-1.,0.,0.));
#13467=DIRECTION('',(0.,0.,-1.));
#13468=DIRECTION('',(-1.,0.,0.));
#13469=DIRECTION('',(0.,0.,-1.));
#13470=DIRECTION('',(0.,0.,-1.));
#13471=DIRECTION('',(0.830341669003323,0.55725462108158,0.));
#13472=DIRECTION('',(0.,0.,-1.));
#13473=DIRECTION('',(-1.,0.,0.));
#13474=DIRECTION('',(0.,0.,-1.));
#13475=DIRECTION('',(0.,0.,-1.));
#13476=DIRECTION('',(-1.,0.,0.));
#13477=DIRECTION('',(0.,0.,-1.));
#13478=DIRECTION('',(0.258819045102521,-0.965925826289068,0.));
#13479=DIRECTION('',(0.,0.,1.));
#13480=DIRECTION('',(-0.965925826289068,-0.258819045102521,0.));
#13481=DIRECTION('',(-0.965925826289068,-0.258819045102521,0.));
#13482=DIRECTION('',(0.,0.,-1.));
#13483=DIRECTION('',(-1.,0.,0.));
#13484=DIRECTION('',(0.,0.,1.));
#13485=DIRECTION('',(1.,0.,0.));
#13486=DIRECTION('',(0.,0.,-1.));
#13487=DIRECTION('',(0.,0.,1.));
#13488=DIRECTION('',(1.,0.,0.));
#13489=DIRECTION('',(0.,0.,-1.));
#13490=DIRECTION('',(-0.992828148294419,0.11955027375241,0.));
#13491=DIRECTION('',(0.,0.,-1.));
#13492=DIRECTION('',(-1.,0.,0.));
#13493=DIRECTION('',(0.,0.,-1.));
#13494=DIRECTION('',(-1.,0.,0.));
#13495=DIRECTION('',(0.,0.,-1.));
#13496=DIRECTION('',(0.,0.,-1.));
#13497=DIRECTION('',(0.858368168069233,0.513034197734877,0.));
#13498=DIRECTION('',(0.,0.,-1.));
#13499=DIRECTION('',(-1.,0.,0.));
#13500=DIRECTION('',(0.,0.,-1.));
#13501=DIRECTION('',(0.,0.,-1.));
#13502=DIRECTION('',(-1.,0.,0.));
#13503=DIRECTION('',(0.,0.,-1.));
#13504=DIRECTION('',(0.207911690817759,-0.978147600733806,0.));
#13505=DIRECTION('',(0.,0.,1.));
#13506=DIRECTION('',(-0.978147600733806,-0.207911690817759,0.));
#13507=DIRECTION('',(-0.978147600733806,-0.207911690817759,0.));
#13508=DIRECTION('',(0.,0.,-1.));
#13509=DIRECTION('',(-1.,0.,0.));
#13510=DIRECTION('',(0.,0.,1.));
#13511=DIRECTION('',(1.,0.,0.));
#13512=DIRECTION('',(0.,0.,-1.));
#13513=DIRECTION('',(0.,0.,1.));
#13514=DIRECTION('',(1.,0.,0.));
#13515=DIRECTION('',(0.,0.,-1.));
#13516=DIRECTION('',(-0.985210733926561,0.171347044783059,0.));
#13517=DIRECTION('',(0.,0.,-1.));
#13518=DIRECTION('',(-1.,0.,0.));
#13519=DIRECTION('',(0.,0.,-1.));
#13520=DIRECTION('',(-1.,0.,0.));
#13521=DIRECTION('',(0.,0.,-1.));
#13522=DIRECTION('',(0.,0.,-1.));
#13523=DIRECTION('',(0.884041939650895,0.467407583312769,0.));
#13524=DIRECTION('',(0.,0.,-1.));
#13525=DIRECTION('',(-1.,0.,0.));
#13526=DIRECTION('',(0.,0.,-1.));
#13527=DIRECTION('',(0.,0.,-1.));
#13528=DIRECTION('',(-1.,0.,0.));
#13529=DIRECTION('',(0.,0.,-1.));
#13530=DIRECTION('',(0.156434465040231,-0.987688340595138,0.));
#13531=DIRECTION('',(0.,0.,1.));
#13532=DIRECTION('',(-0.987688340595138,-0.156434465040231,0.));
#13533=DIRECTION('',(-0.987688340595138,-0.156434465040231,0.));
#13534=DIRECTION('',(0.,0.,-1.));
#13535=DIRECTION('',(-1.,0.,0.));
#13536=DIRECTION('',(0.,0.,1.));
#13537=DIRECTION('',(1.,0.,0.));
#13538=DIRECTION('',(0.,0.,-1.));
#13539=DIRECTION('',(0.,0.,1.));
#13540=DIRECTION('',(1.,0.,0.));
#13541=DIRECTION('',(0.,0.,-1.));
#13542=DIRECTION('',(-0.974892925418171,0.222674165474132,0.));
#13543=DIRECTION('',(0.,0.,-1.));
#13544=DIRECTION('',(-1.,0.,0.));
#13545=DIRECTION('',(0.,0.,-1.));
#13546=DIRECTION('',(-1.,0.,0.));
#13547=DIRECTION('',(0.,0.,-1.));
#13548=DIRECTION('',(0.,0.,-1.));
#13549=DIRECTION('',(0.907292613724986,0.420499837193885,0.));
#13550=DIRECTION('',(0.,0.,-1.));
#13551=DIRECTION('',(-1.,0.,0.));
#13552=DIRECTION('',(0.,0.,-1.));
#13553=DIRECTION('',(0.,0.,-1.));
#13554=DIRECTION('',(-1.,0.,0.));
#13555=DIRECTION('',(0.,0.,-1.));
#13556=DIRECTION('',(0.104528463267653,-0.994521895368273,0.));
#13557=DIRECTION('',(0.,0.,1.));
#13558=DIRECTION('',(-0.994521895368273,-0.104528463267653,0.));
#13559=DIRECTION('',(-0.994521895368273,-0.104528463267653,0.));
#13560=DIRECTION('',(0.,0.,-1.));
#13561=DIRECTION('',(-1.,0.,0.));
#13562=DIRECTION('',(0.,0.,1.));
#13563=DIRECTION('',(1.,0.,0.));
#13564=DIRECTION('',(0.,0.,-1.));
#13565=DIRECTION('',(0.,0.,1.));
#13566=DIRECTION('',(1.,0.,0.));
#13567=DIRECTION('',(0.,0.,-1.));
#13568=DIRECTION('',(-0.961903003165249,0.273390951755311,0.));
#13569=DIRECTION('',(0.,0.,-1.));
#13570=DIRECTION('',(-1.,0.,0.));
#13571=DIRECTION('',(0.,0.,-1.));
#13572=DIRECTION('',(-1.,0.,0.));
#13573=DIRECTION('',(0.,0.,-1.));
#13574=DIRECTION('',(0.,0.,-1.));
#13575=DIRECTION('',(0.928056461809986,0.372439530249853,0.));
#13576=DIRECTION('',(0.,0.,-1.));
#13577=DIRECTION('',(-1.,0.,0.));
#13578=DIRECTION('',(0.,0.,-1.));
#13579=DIRECTION('',(0.,0.,-1.));
#13580=DIRECTION('',(-1.,0.,0.));
#13581=DIRECTION('',(0.,0.,-1.));
#13582=DIRECTION('',(0.0523359562429436,-0.998629534754574,0.));
#13583=DIRECTION('',(0.,0.,1.));
#13584=DIRECTION('',(-0.998629534754574,-0.0523359562429436,0.));
#13585=DIRECTION('',(-0.998629534754574,-0.0523359562429436,0.));
#13586=DIRECTION('',(0.,0.,-1.));
#13587=DIRECTION('',(-1.,0.,0.));
#13588=DIRECTION('',(0.,0.,1.));
#13589=DIRECTION('',(1.,0.,0.));
#13590=DIRECTION('',(0.,0.,-1.));
#13591=DIRECTION('',(0.,0.,1.));
#13592=DIRECTION('',(1.,0.,0.));
#13593=DIRECTION('',(0.,0.,-1.));
#13594=DIRECTION('',(-0.946276571641583,0.323358392441348,0.));
#13595=DIRECTION('',(0.,0.,-1.));
#13596=DIRECTION('',(-1.,0.,0.));
#13597=DIRECTION('',(0.,0.,-1.));
#13598=DIRECTION('',(-1.,0.,0.));
#13599=DIRECTION('',(0.,0.,-1.));
#13600=DIRECTION('',(0.,0.,-1.));
#13601=DIRECTION('',(0.946276571641583,0.323358392441347,0.));
#13602=DIRECTION('',(0.,0.,-1.));
#13603=DIRECTION('',(-1.,0.,0.));
#13604=DIRECTION('',(0.,0.,-1.));
#13605=DIRECTION('',(0.,0.,-1.));
#13606=DIRECTION('',(-1.,0.,0.));
#13607=DIRECTION('',(0.,0.,-1.));
#13608=DIRECTION('',(1.60812264967663E-16,-1.,0.));
#13609=DIRECTION('',(0.,0.,1.));
#13610=DIRECTION('',(-1.,-1.60812264967663E-16,0.));
#13611=DIRECTION('',(-1.,-1.60812264967663E-16,0.));
#13612=DIRECTION('',(0.,0.,-1.));
#13613=DIRECTION('',(-1.,0.,0.));
#13614=DIRECTION('',(0.,0.,1.));
#13615=DIRECTION('',(1.,0.,0.));
#13616=DIRECTION('',(0.,0.,-1.));
#13617=DIRECTION('',(0.,0.,1.));
#13618=DIRECTION('',(1.,0.,0.));
#13619=DIRECTION('',(0.,0.,-1.));
#13620=DIRECTION('',(-0.928056461809984,0.372439530249857,0.));
#13621=DIRECTION('',(0.,0.,-1.));
#13622=DIRECTION('',(-1.,0.,0.));
#13623=DIRECTION('',(0.,0.,-1.));
#13624=DIRECTION('',(-1.,0.,0.));
#13625=DIRECTION('',(0.,0.,-1.));
#13626=DIRECTION('',(0.,0.,-1.));
#13627=DIRECTION('',(0.961903003165187,0.273390951755532,0.));
#13628=DIRECTION('',(0.,0.,-1.));
#13629=DIRECTION('',(-1.,0.,0.));
#13630=DIRECTION('',(0.,0.,-1.));
#13631=DIRECTION('',(0.,0.,-1.));
#13632=DIRECTION('',(-1.,0.,0.));
#13633=DIRECTION('',(0.,0.,-1.));
#13634=DIRECTION('',(-0.0523359562429437,-0.998629534754574,0.));
#13635=DIRECTION('',(0.,0.,1.));
#13636=DIRECTION('',(-0.998629534754574,0.0523359562429437,0.));
#13637=DIRECTION('',(-0.998629534754574,0.0523359562429437,0.));
#13638=DIRECTION('',(0.,0.,-1.));
#13639=DIRECTION('',(-1.,0.,0.));
#13640=DIRECTION('',(0.,0.,1.));
#13641=DIRECTION('',(1.,0.,0.));
#13642=DIRECTION('',(0.,0.,-1.));
#13643=DIRECTION('',(0.,0.,1.));
#13644=DIRECTION('',(1.,0.,0.));
#13645=DIRECTION('',(0.,0.,-1.));
#13646=DIRECTION('',(-0.907292613725174,0.420499837193479,0.));
#13647=DIRECTION('',(0.,0.,-1.));
#13648=DIRECTION('',(-1.,0.,0.));
#13649=DIRECTION('',(0.,0.,-1.));
#13650=DIRECTION('',(-1.,0.,0.));
#13651=DIRECTION('',(0.,0.,-1.));
#13652=DIRECTION('',(0.,0.,-1.));
#13653=DIRECTION('',(0.97489292541817,0.222674165474134,0.));
#13654=DIRECTION('',(0.,0.,-1.));
#13655=DIRECTION('',(-1.,0.,0.));
#13656=DIRECTION('',(0.,0.,-1.));
#13657=DIRECTION('',(0.,0.,-1.));
#13658=DIRECTION('',(-1.,0.,0.));
#13659=DIRECTION('',(0.,0.,-1.));
#13660=DIRECTION('',(-0.104528463267653,-0.994521895368273,0.));
#13661=DIRECTION('',(0.,0.,1.));
#13662=DIRECTION('',(-0.994521895368273,0.104528463267653,0.));
#13663=DIRECTION('',(-0.994521895368273,0.104528463267653,0.));
#13664=DIRECTION('',(0.,0.,-1.));
#13665=DIRECTION('',(-1.,0.,0.));
#13666=DIRECTION('',(0.,0.,1.));
#13667=DIRECTION('',(1.,0.,0.));
#13668=DIRECTION('',(0.,0.,-1.));
#13669=DIRECTION('',(0.,0.,1.));
#13670=DIRECTION('',(1.,0.,0.));
#13671=DIRECTION('',(0.,0.,-1.));
#13672=DIRECTION('',(-0.884041939650895,0.467407583312769,0.));
#13673=DIRECTION('',(0.,0.,-1.));
#13674=DIRECTION('',(-1.,0.,0.));
#13675=DIRECTION('',(0.,0.,-1.));
#13676=DIRECTION('',(-1.,0.,0.));
#13677=DIRECTION('',(0.,0.,-1.));
#13678=DIRECTION('',(0.,0.,-1.));
#13679=DIRECTION('',(0.985210733926561,0.171347044783055,0.));
#13680=DIRECTION('',(0.,0.,-1.));
#13681=DIRECTION('',(-1.,0.,0.));
#13682=DIRECTION('',(0.,0.,-1.));
#13683=DIRECTION('',(0.,0.,-1.));
#13684=DIRECTION('',(-1.,0.,0.));
#13685=DIRECTION('',(0.,0.,-1.));
#13686=DIRECTION('',(-0.156434465040231,-0.987688340595138,0.));
#13687=DIRECTION('',(0.,0.,1.));
#13688=DIRECTION('',(-0.987688340595138,0.156434465040231,0.));
#13689=DIRECTION('',(-0.987688340595138,0.156434465040231,0.));
#13690=DIRECTION('',(0.,0.,-1.));
#13691=DIRECTION('',(-1.,0.,0.));
#13692=DIRECTION('',(0.,0.,1.));
#13693=DIRECTION('',(1.,0.,0.));
#13694=DIRECTION('',(0.,0.,-1.));
#13695=DIRECTION('',(0.,0.,1.));
#13696=DIRECTION('',(1.,0.,0.));
#13697=DIRECTION('',(0.,0.,-1.));
#13698=DIRECTION('',(-0.858368168069233,0.513034197734878,0.));
#13699=DIRECTION('',(0.,0.,-1.));
#13700=DIRECTION('',(-1.,0.,0.));
#13701=DIRECTION('',(0.,0.,-1.));
#13702=DIRECTION('',(-1.,0.,0.));
#13703=DIRECTION('',(0.,0.,-1.));
#13704=DIRECTION('',(0.,0.,-1.));
#13705=DIRECTION('',(0.992828148294419,0.119550273752405,0.));
#13706=DIRECTION('',(0.,0.,-1.));
#13707=DIRECTION('',(-1.,0.,0.));
#13708=DIRECTION('',(0.,0.,-1.));
#13709=DIRECTION('',(0.,0.,-1.));
#13710=DIRECTION('',(-1.,0.,0.));
#13711=DIRECTION('',(0.,0.,-1.));
#13712=DIRECTION('',(-0.207911690817759,-0.978147600733806,0.));
#13713=DIRECTION('',(0.,0.,1.));
#13714=DIRECTION('',(-0.978147600733806,0.207911690817759,0.));
#13715=DIRECTION('',(-0.978147600733806,0.207911690817759,0.));
#13716=DIRECTION('',(0.,0.,-1.));
#13717=DIRECTION('',(-1.,0.,0.));
#13718=DIRECTION('',(0.,0.,1.));
#13719=DIRECTION('',(1.,0.,0.));
#13720=DIRECTION('',(0.,0.,-1.));
#13721=DIRECTION('',(0.,0.,1.));
#13722=DIRECTION('',(1.,0.,0.));
#13723=DIRECTION('',(0.,0.,-1.));
#13724=DIRECTION('',(-0.83034166900332,0.557254621081586,0.));
#13725=DIRECTION('',(0.,0.,-1.));
#13726=DIRECTION('',(-1.,0.,0.));
#13727=DIRECTION('',(0.,0.,-1.));
#13728=DIRECTION('',(-1.,0.,0.));
#13729=DIRECTION('',(0.,0.,-1.));
#13730=DIRECTION('',(0.,0.,-1.));
#13731=DIRECTION('',(0.997724289718438,0.0674258237312597,0.));
#13732=DIRECTION('',(0.,0.,-1.));
#13733=DIRECTION('',(-1.,0.,0.));
#13734=DIRECTION('',(0.,0.,-1.));
#13735=DIRECTION('',(0.,0.,-1.));
#13736=DIRECTION('',(-1.,0.,0.));
#13737=DIRECTION('',(0.,0.,-1.));
#13738=DIRECTION('',(-0.258819045102521,-0.965925826289068,0.));
#13739=DIRECTION('',(0.,0.,1.));
#13740=DIRECTION('',(-0.965925826289068,0.258819045102521,0.));
#13741=DIRECTION('',(-0.965925826289068,0.258819045102521,0.));
#13742=DIRECTION('',(0.,0.,-1.));
#13743=DIRECTION('',(-1.,0.,0.));
#13744=DIRECTION('',(0.,0.,1.));
#13745=DIRECTION('',(1.,0.,0.));
#13746=DIRECTION('',(0.,0.,-1.));
#13747=DIRECTION('',(0.,0.,1.));
#13748=DIRECTION('',(1.,0.,0.));
#13749=DIRECTION('',(0.,0.,-1.));
#13750=DIRECTION('',(-0.800039261139027,0.599947648246179,0.));
#13751=DIRECTION('',(0.,0.,-1.));
#13752=DIRECTION('',(-1.,0.,0.));
#13753=DIRECTION('',(0.,0.,-1.));
#13754=DIRECTION('',(-1.,0.,0.));
#13755=DIRECTION('',(0.,0.,-1.));
#13756=DIRECTION('',(0.,0.,-1.));
#13757=DIRECTION('',(0.999885738215305,0.0151165642139659,0.));
#13758=DIRECTION('',(0.,0.,-1.));
#13759=DIRECTION('',(-1.,0.,0.));
#13760=DIRECTION('',(0.,0.,-1.));
#13761=DIRECTION('',(0.,0.,-1.));
#13762=DIRECTION('',(-1.,0.,0.));
#13763=DIRECTION('',(0.,0.,-1.));
#13764=DIRECTION('',(-0.309016994374948,-0.951056516295154,0.));
#13765=DIRECTION('',(0.,0.,1.));
#13766=DIRECTION('',(-0.951056516295154,0.309016994374948,0.));
#13767=DIRECTION('',(-0.951056516295154,0.309016994374948,0.));
#13768=DIRECTION('',(0.,0.,-1.));
#13769=DIRECTION('',(-1.,0.,0.));
#13770=DIRECTION('',(0.,0.,1.));
#13771=DIRECTION('',(1.,0.,0.));
#13772=DIRECTION('',(0.,0.,-1.));
#13773=DIRECTION('',(0.,0.,1.));
#13774=DIRECTION('',(1.,0.,0.));
#13775=DIRECTION('',(0.,0.,-1.));
#13776=DIRECTION('',(-0.767544001269988,0.640996260608794,0.));
#13777=DIRECTION('',(0.,0.,-1.));
#13778=DIRECTION('',(-1.,0.,0.));
#13779=DIRECTION('',(0.,0.,-1.));
#13780=DIRECTION('',(-1.,0.,0.));
#13781=DIRECTION('',(0.,0.,-1.));
#13782=DIRECTION('',(0.,0.,-1.));
#13783=DIRECTION('',(0.999306569404929,-0.037234128755104,0.));
#13784=DIRECTION('',(0.,0.,-1.));
#13785=DIRECTION('',(-1.,0.,0.));
#13786=DIRECTION('',(0.,0.,-1.));
#13787=DIRECTION('',(0.,0.,-1.));
#13788=DIRECTION('',(-1.,0.,0.));
#13789=DIRECTION('',(0.,0.,-1.));
#13790=DIRECTION('',(-0.358367949545301,-0.933580426497202,0.));
#13791=DIRECTION('',(0.,0.,1.));
#13792=DIRECTION('',(-0.933580426497202,0.358367949545301,0.));
#13793=DIRECTION('',(-0.933580426497202,0.358367949545301,0.));
#13794=DIRECTION('',(0.,0.,-1.));
#13795=DIRECTION('',(-1.,0.,0.));
#13796=DIRECTION('',(0.,0.,1.));
#13797=DIRECTION('',(1.,0.,0.));
#13798=DIRECTION('',(0.,0.,-1.));
#13799=DIRECTION('',(0.,0.,1.));
#13800=DIRECTION('',(1.,0.,0.));
#13801=DIRECTION('',(0.,0.,-1.));
#13802=DIRECTION('',(-0.732944956644796,0.680287946776186,0.));
#13803=DIRECTION('',(0.,0.,-1.));
#13804=DIRECTION('',(-1.,0.,0.));
#13805=DIRECTION('',(0.,0.,-1.));
#13806=DIRECTION('',(-1.,0.,0.));
#13807=DIRECTION('',(0.,0.,-1.));
#13808=DIRECTION('',(0.,0.,-1.));
#13809=DIRECTION('',(0.995988370748763,-0.0894827655653609,0.));
#13810=DIRECTION('',(0.,0.,-1.));
#13811=DIRECTION('',(-1.,0.,0.));
#13812=DIRECTION('',(0.,0.,-1.));
#13813=DIRECTION('',(0.,0.,-1.));
#13814=DIRECTION('',(-1.,0.,0.));
#13815=DIRECTION('',(0.,0.,-1.));
#13816=DIRECTION('',(-0.4067366430758,-0.913545457642601,0.));
#13817=DIRECTION('',(0.,0.,1.));
#13818=DIRECTION('',(-0.913545457642601,0.4067366430758,0.));
#13819=DIRECTION('',(-0.913545457642601,0.4067366430758,0.));
#13820=DIRECTION('',(0.,0.,-1.));
#13821=DIRECTION('',(-1.,0.,0.));
#13822=DIRECTION('',(0.,0.,1.));
#13823=DIRECTION('',(1.,0.,0.));
#13824=DIRECTION('',(0.,0.,-1.));
#13825=DIRECTION('',(0.,0.,1.));
#13826=DIRECTION('',(1.,0.,0.));
#13827=DIRECTION('',(0.,0.,-1.));
#13828=DIRECTION('',(-0.696336960839823,0.717715010967695,0.));
#13829=DIRECTION('',(0.,0.,-1.));
#13830=DIRECTION('',(-1.,0.,0.));
#13831=DIRECTION('',(0.,0.,-1.));
#13832=DIRECTION('',(-1.,0.,0.));
#13833=DIRECTION('',(0.,0.,-1.));
#13834=DIRECTION('',(0.,0.,-1.));
#13835=DIRECTION('',(0.989940237198676,-0.141486136335084,0.));
#13836=DIRECTION('',(0.,0.,-1.));
#13837=DIRECTION('',(-1.,0.,0.));
#13838=DIRECTION('',(0.,0.,-1.));
#13839=DIRECTION('',(0.,0.,-1.));
#13840=DIRECTION('',(-1.,0.,0.));
#13841=DIRECTION('',(0.,0.,-1.));
#13842=DIRECTION('',(-0.453990499739547,-0.891006524188368,0.));
#13843=DIRECTION('',(0.,0.,1.));
#13844=DIRECTION('',(-0.891006524188368,0.453990499739547,0.));
#13845=DIRECTION('',(-0.891006524188368,0.453990499739547,0.));
#13846=DIRECTION('',(0.,0.,-1.));
#13847=DIRECTION('',(-1.,0.,0.));
#13848=DIRECTION('',(0.,0.,1.));
#13849=DIRECTION('',(1.,0.,0.));
#13850=DIRECTION('',(0.,0.,-1.));
#13851=DIRECTION('',(0.,0.,1.));
#13852=DIRECTION('',(1.,0.,0.));
#13853=DIRECTION('',(0.,0.,-1.));
#13854=DIRECTION('',(-0.657820353826978,0.7531748682019,0.));
#13855=DIRECTION('',(0.,0.,-1.));
#13856=DIRECTION('',(-1.,0.,0.));
#13857=DIRECTION('',(0.,0.,-1.));
#13858=DIRECTION('',(-1.,0.,0.));
#13859=DIRECTION('',(0.,0.,-1.));
#13860=DIRECTION('',(0.,0.,-1.));
#13861=DIRECTION('',(0.981178746268331,-0.193101703439678,0.));
#13862=DIRECTION('',(0.,0.,-1.));
#13863=DIRECTION('',(-1.,0.,0.));
#13864=DIRECTION('',(0.,0.,-1.));
#13865=DIRECTION('',(0.,0.,-1.));
#13866=DIRECTION('',(-1.,0.,0.));
#13867=DIRECTION('',(0.,0.,-1.));
#13868=DIRECTION('',(-0.5,-0.866025403784439,0.));
#13869=DIRECTION('',(0.,0.,1.));
#13870=DIRECTION('',(-0.866025403784439,0.5,0.));
#13871=DIRECTION('',(-0.866025403784439,0.5,0.));
#13872=DIRECTION('',(0.,0.,-1.));
#13873=DIRECTION('',(-1.,0.,0.));
#13874=DIRECTION('',(0.,0.,1.));
#13875=DIRECTION('',(1.,0.,0.));
#13876=DIRECTION('',(0.,0.,-1.));
#13877=DIRECTION('',(0.,0.,1.));
#13878=DIRECTION('',(1.,0.,0.));
#13879=DIRECTION('',(0.,0.,-1.));
#13880=DIRECTION('',(-0.617500706948831,0.786570325474902,0.));
#13881=DIRECTION('',(0.,0.,-1.));
#13882=DIRECTION('',(-1.,0.,0.));
#13883=DIRECTION('',(0.,0.,-1.));
#13884=DIRECTION('',(-1.,0.,0.));
#13885=DIRECTION('',(0.,0.,-1.));
#13886=DIRECTION('',(0.,0.,-1.));
#13887=DIRECTION('',(0.969727912595365,-0.244187992197481,0.));
#13888=DIRECTION('',(0.,0.,-1.));
#13889=DIRECTION('',(-1.,0.,0.));
#13890=DIRECTION('',(0.,0.,-1.));
#13891=DIRECTION('',(0.,0.,-1.));
#13892=DIRECTION('',(-1.,0.,0.));
#13893=DIRECTION('',(0.,0.,-1.));
#13894=DIRECTION('',(-0.544639035015027,-0.838670567945424,0.));
#13895=DIRECTION('',(0.,0.,1.));
#13896=DIRECTION('',(-0.838670567945424,0.544639035015027,0.));
#13897=DIRECTION('',(-0.838670567945424,0.544639035015027,0.));
#13898=DIRECTION('',(0.,0.,-1.));
#13899=DIRECTION('',(-1.,0.,0.));
#13900=DIRECTION('',(0.,0.,1.));
#13901=DIRECTION('',(1.,0.,0.));
#13902=DIRECTION('',(0.,0.,-1.));
#13903=DIRECTION('',(0.,0.,1.));
#13904=DIRECTION('',(1.,0.,0.));
#13905=DIRECTION('',(0.,0.,-1.));
#13906=DIRECTION('',(-0.575488533554877,0.817809848159618,0.));
#13907=DIRECTION('',(0.,0.,-1.));
#13908=DIRECTION('',(-1.,0.,0.));
#13909=DIRECTION('',(0.,0.,-1.));
#13910=DIRECTION('',(-1.,0.,0.));
#13911=DIRECTION('',(0.,0.,-1.));
#13912=DIRECTION('',(0.,0.,-1.));
#13913=DIRECTION('',(0.955619122118927,-0.294604978641996,0.));
#13914=DIRECTION('',(0.,0.,-1.));
#13915=DIRECTION('',(-1.,0.,0.));
#13916=DIRECTION('',(0.,0.,-1.));
#13917=DIRECTION('',(0.,0.,-1.));
#13918=DIRECTION('',(-1.,0.,0.));
#13919=DIRECTION('',(0.,0.,-1.));
#13920=DIRECTION('',(-0.587785252292473,-0.809016994374948,0.));
#13921=DIRECTION('',(0.,0.,1.));
#13922=DIRECTION('',(-0.809016994374948,0.587785252292473,0.));
#13923=DIRECTION('',(-0.809016994374948,0.587785252292473,0.));
#13924=DIRECTION('',(0.,0.,-1.));
#13925=DIRECTION('',(-1.,0.,0.));
#13926=DIRECTION('',(0.,0.,1.));
#13927=DIRECTION('',(1.,0.,0.));
#13928=DIRECTION('',(0.,0.,-1.));
#13929=DIRECTION('',(0.,0.,1.));
#13930=DIRECTION('',(1.,0.,0.));
#13931=DIRECTION('',(0.,0.,-1.));
#13932=DIRECTION('',(-0.531898986092163,0.846807810895795,0.));
#13933=DIRECTION('',(0.,0.,-1.));
#13934=DIRECTION('',(-1.,0.,0.));
#13935=DIRECTION('',(0.,0.,-1.));
#13936=DIRECTION('',(-1.,0.,0.));
#13937=DIRECTION('',(0.,0.,-1.));
#13938=DIRECTION('',(0.,0.,-1.));
#13939=DIRECTION('',(0.93889104605304,-0.344214473317769,0.));
#13940=DIRECTION('',(0.,0.,-1.));
#13941=DIRECTION('',(-1.,0.,0.));
#13942=DIRECTION('',(0.,0.,-1.));
#13943=DIRECTION('',(0.,0.,-1.));
#13944=DIRECTION('',(-1.,0.,0.));
#13945=DIRECTION('',(0.,0.,-1.));
#13946=DIRECTION('',(-0.629320391049838,-0.777145961456971,0.));
#13947=DIRECTION('',(0.,0.,1.));
#13948=DIRECTION('',(-0.777145961456971,0.629320391049838,0.));
#13949=DIRECTION('',(-0.777145961456971,0.629320391049838,0.));
#13950=DIRECTION('',(0.,0.,-1.));
#13951=DIRECTION('',(-1.,0.,0.));
#13952=DIRECTION('',(0.,0.,1.));
#13953=DIRECTION('',(1.,0.,0.));
#13954=DIRECTION('',(0.,0.,-1.));
#13955=DIRECTION('',(0.,0.,1.));
#13956=DIRECTION('',(1.,0.,0.));
#13957=DIRECTION('',(0.,0.,-1.));
#13958=DIRECTION('',(-0.486851540480416,0.873484732283195,0.));
#13959=DIRECTION('',(0.,0.,-1.));
#13960=DIRECTION('',(-1.,0.,0.));
#13961=DIRECTION('',(0.,0.,-1.));
#13962=DIRECTION('',(-1.,0.,0.));
#13963=DIRECTION('',(0.,0.,-1.));
#13964=DIRECTION('',(0.,0.,-1.));
#13965=DIRECTION('',(0.919589534891437,-0.392880500048235,0.));
#13966=DIRECTION('',(0.,0.,-1.));
#13967=DIRECTION('',(-1.,0.,0.));
#13968=DIRECTION('',(0.,0.,-1.));
#13969=DIRECTION('',(0.,0.,-1.));
#13970=DIRECTION('',(-1.,0.,0.));
#13971=DIRECTION('',(0.,0.,-1.));
#13972=DIRECTION('',(-0.669130606358858,-0.743144825477394,0.));
#13973=DIRECTION('',(0.,0.,1.));
#13974=DIRECTION('',(-0.743144825477394,0.669130606358858,0.));
#13975=DIRECTION('',(-0.743144825477394,0.669130606358858,0.));
#13976=DIRECTION('',(0.,0.,-1.));
#13977=DIRECTION('',(-1.,0.,0.));
#13978=DIRECTION('',(0.,0.,1.));
#13979=DIRECTION('',(1.,0.,0.));
#13980=DIRECTION('',(0.,0.,-1.));
#13981=DIRECTION('',(0.,0.,1.));
#13982=DIRECTION('',(1.,0.,0.));
#13983=DIRECTION('',(0.,0.,-1.));
#13984=DIRECTION('',(-0.440469668636861,0.89776749273458,0.));
#13985=DIRECTION('',(0.,0.,-1.));
#13986=DIRECTION('',(-1.,0.,0.));
#13987=DIRECTION('',(0.,0.,-1.));
#13988=DIRECTION('',(-1.,0.,0.));
#13989=DIRECTION('',(0.,0.,-1.));
#13990=DIRECTION('',(0.,0.,-1.));
#13991=DIRECTION('',(0.897767492734583,-0.440469668636854,0.));
#13992=DIRECTION('',(0.,0.,-1.));
#13993=DIRECTION('',(-1.,0.,0.));
#13994=DIRECTION('',(0.,0.,-1.));
#13995=DIRECTION('',(0.,0.,-1.));
#13996=DIRECTION('',(-1.,0.,0.));
#13997=DIRECTION('',(0.,0.,-1.));
#13998=DIRECTION('',(-0.707106781186548,-0.707106781186548,0.));
#13999=DIRECTION('',(0.,0.,1.));
#14000=DIRECTION('',(-0.707106781186548,0.707106781186548,0.));
#14001=DIRECTION('',(-0.707106781186548,0.707106781186548,0.));
#14002=DIRECTION('',(0.,0.,-1.));
#14003=DIRECTION('',(-1.,0.,0.));
#14004=DIRECTION('',(0.,0.,1.));
#14005=DIRECTION('',(1.,0.,0.));
#14006=DIRECTION('',(0.,0.,-1.));
#14007=DIRECTION('',(0.,0.,1.));
#14008=DIRECTION('',(1.,0.,0.));
#14009=DIRECTION('',(0.,0.,-1.));
#14010=DIRECTION('',(-0.392880500048227,0.91958953489144,0.));
#14011=DIRECTION('',(0.,0.,-1.));
#14012=DIRECTION('',(-1.,0.,0.));
#14013=DIRECTION('',(0.,0.,-1.));
#14014=DIRECTION('',(-1.,0.,0.));
#14015=DIRECTION('',(0.,0.,-1.));
#14016=DIRECTION('',(0.,0.,-1.));
#14017=DIRECTION('',(0.873484732283194,-0.48685154048042,0.));
#14018=DIRECTION('',(0.,0.,-1.));
#14019=DIRECTION('',(-1.,0.,0.));
#14020=DIRECTION('',(0.,0.,-1.));
#14021=DIRECTION('',(0.,0.,-1.));
#14022=DIRECTION('',(-1.,0.,0.));
#14023=DIRECTION('',(0.,0.,-1.));
#14024=DIRECTION('',(-0.743144825477394,-0.669130606358858,0.));
#14025=DIRECTION('',(0.,0.,1.));
#14026=DIRECTION('',(-0.669130606358858,0.743144825477394,0.));
#14027=DIRECTION('',(-0.669130606358858,0.743144825477394,0.));
#14028=DIRECTION('',(0.,0.,-1.));
#14029=DIRECTION('',(-1.,0.,0.));
#14030=DIRECTION('',(0.,0.,1.));
#14031=DIRECTION('',(1.,0.,0.));
#14032=DIRECTION('',(0.,0.,-1.));
#14033=DIRECTION('',(0.,0.,1.));
#14034=DIRECTION('',(1.,0.,0.));
#14035=DIRECTION('',(0.,0.,-1.));
#14036=DIRECTION('',(-0.344214473317773,0.938891046053038,0.));
#14037=DIRECTION('',(0.,0.,-1.));
#14038=DIRECTION('',(-1.,0.,0.));
#14039=DIRECTION('',(0.,0.,-1.));
#14040=DIRECTION('',(-1.,0.,0.));
#14041=DIRECTION('',(0.,0.,-1.));
#14042=DIRECTION('',(0.,0.,-1.));
#14043=DIRECTION('',(0.846807810895796,-0.531898986092162,0.));
#14044=DIRECTION('',(0.,0.,-1.));
#14045=DIRECTION('',(-1.,0.,0.));
#14046=DIRECTION('',(0.,0.,-1.));
#14047=DIRECTION('',(0.,0.,-1.));
#14048=DIRECTION('',(-1.,0.,0.));
#14049=DIRECTION('',(0.,0.,-1.));
#14050=DIRECTION('',(-0.777145961456971,-0.629320391049838,0.));
#14051=DIRECTION('',(0.,0.,1.));
#14052=DIRECTION('',(-0.629320391049838,0.777145961456971,0.));
#14053=DIRECTION('',(-0.629320391049838,0.777145961456971,0.));
#14054=DIRECTION('',(0.,0.,-1.));
#14055=DIRECTION('',(-1.,0.,0.));
#14056=DIRECTION('',(0.,0.,1.));
#14057=DIRECTION('',(1.,0.,0.));
#14058=DIRECTION('',(0.,0.,-1.));
#14059=DIRECTION('',(0.,0.,1.));
#14060=DIRECTION('',(1.,0.,0.));
#14061=DIRECTION('',(0.,0.,-1.));
#14062=DIRECTION('',(-0.294604978641999,0.955619122118926,0.));
#14063=DIRECTION('',(0.,0.,-1.));
#14064=DIRECTION('',(-1.,0.,0.));
#14065=DIRECTION('',(0.,0.,-1.));
#14066=DIRECTION('',(-1.,0.,0.));
#14067=DIRECTION('',(0.,0.,-1.));
#14068=DIRECTION('',(0.,0.,-1.));
#14069=DIRECTION('',(0.817809848159617,-0.575488533554878,0.));
#14070=DIRECTION('',(0.,0.,-1.));
#14071=DIRECTION('',(-1.,0.,0.));
#14072=DIRECTION('',(0.,0.,-1.));
#14073=DIRECTION('',(0.,0.,-1.));
#14074=DIRECTION('',(-1.,0.,0.));
#14075=DIRECTION('',(0.,0.,-1.));
#14076=DIRECTION('',(-0.809016994374948,-0.587785252292473,0.));
#14077=DIRECTION('',(0.,0.,1.));
#14078=DIRECTION('',(-0.587785252292473,0.809016994374948,0.));
#14079=DIRECTION('',(-0.587785252292473,0.809016994374948,0.));
#14080=DIRECTION('',(0.,0.,-1.));
#14081=DIRECTION('',(-1.,0.,0.));
#14082=DIRECTION('',(0.,0.,1.));
#14083=DIRECTION('',(1.,0.,0.));
#14084=DIRECTION('',(0.,0.,-1.));
#14085=DIRECTION('',(0.,0.,1.));
#14086=DIRECTION('',(1.,0.,0.));
#14087=DIRECTION('',(0.,0.,-1.));
#14088=DIRECTION('',(-0.244187992197486,0.969727912595363,0.));
#14089=DIRECTION('',(0.,0.,-1.));
#14090=DIRECTION('',(-1.,0.,0.));
#14091=DIRECTION('',(0.,0.,-1.));
#14092=DIRECTION('',(-1.,0.,0.));
#14093=DIRECTION('',(0.,0.,-1.));
#14094=DIRECTION('',(0.,0.,-1.));
#14095=DIRECTION('',(0.786570325474903,-0.617500706948831,0.));
#14096=DIRECTION('',(0.,0.,-1.));
#14097=DIRECTION('',(-1.,0.,0.));
#14098=DIRECTION('',(0.,0.,-1.));
#14099=DIRECTION('',(0.,0.,-1.));
#14100=DIRECTION('',(-1.,0.,0.));
#14101=DIRECTION('',(0.,0.,-1.));
#14102=DIRECTION('',(-0.838670567945424,-0.544639035015027,0.));
#14103=DIRECTION('',(0.,0.,1.));
#14104=DIRECTION('',(-0.544639035015027,0.838670567945424,0.));
#14105=DIRECTION('',(-0.544639035015027,0.838670567945424,0.));
#14106=DIRECTION('',(0.,0.,-1.));
#14107=DIRECTION('',(-1.,0.,0.));
#14108=DIRECTION('',(0.,0.,1.));
#14109=DIRECTION('',(1.,0.,0.));
#14110=DIRECTION('',(0.,0.,-1.));
#14111=DIRECTION('',(0.,0.,1.));
#14112=DIRECTION('',(1.,0.,0.));
#14113=DIRECTION('',(0.,0.,-1.));
#14114=DIRECTION('',(-0.193101703439685,0.98117874626833,0.));
#14115=DIRECTION('',(0.,0.,-1.));
#14116=DIRECTION('',(-1.,0.,0.));
#14117=DIRECTION('',(0.,0.,-1.));
#14118=DIRECTION('',(-1.,0.,0.));
#14119=DIRECTION('',(0.,0.,-1.));
#14120=DIRECTION('',(0.,0.,-1.));
#14121=DIRECTION('',(0.753174868201297,-0.657820353827669,0.));
#14122=DIRECTION('',(0.,0.,-1.));
#14123=DIRECTION('',(-1.,0.,0.));
#14124=DIRECTION('',(0.,0.,-1.));
#14125=DIRECTION('',(0.,0.,-1.));
#14126=DIRECTION('',(-1.,0.,0.));
#14127=DIRECTION('',(0.,0.,-1.));
#14128=DIRECTION('',(-0.866025403784439,-0.5,0.));
#14129=DIRECTION('',(0.,0.,1.));
#14130=DIRECTION('',(-0.5,0.866025403784439,0.));
#14131=DIRECTION('',(-0.5,0.866025403784439,0.));
#14132=DIRECTION('',(0.,0.,-1.));
#14133=DIRECTION('',(-1.,0.,0.));
#14134=DIRECTION('',(0.,0.,1.));
#14135=DIRECTION('',(1.,0.,0.));
#14136=DIRECTION('',(0.,0.,-1.));
#14137=DIRECTION('',(0.,0.,1.));
#14138=DIRECTION('',(1.,0.,0.));
#14139=DIRECTION('',(0.,0.,-1.));
#14140=DIRECTION('',(-0.141486136335257,0.989940237198651,0.));
#14141=DIRECTION('',(0.,0.,-1.));
#14142=DIRECTION('',(-1.,0.,0.));
#14143=DIRECTION('',(0.,0.,-1.));
#14144=DIRECTION('',(-1.,0.,0.));
#14145=DIRECTION('',(0.,0.,-1.));
#14146=DIRECTION('',(0.,0.,-1.));
#14147=DIRECTION('',(0.717715010967694,-0.696336960839824,0.));
#14148=DIRECTION('',(0.,0.,-1.));
#14149=DIRECTION('',(-1.,0.,0.));
#14150=DIRECTION('',(0.,0.,-1.));
#14151=DIRECTION('',(0.,0.,-1.));
#14152=DIRECTION('',(-1.,0.,0.));
#14153=DIRECTION('',(0.,0.,-1.));
#14154=DIRECTION('',(-0.891006524188368,-0.453990499739547,0.));
#14155=DIRECTION('',(0.,0.,1.));
#14156=DIRECTION('',(-0.453990499739547,0.891006524188368,0.));
#14157=DIRECTION('',(-0.453990499739547,0.891006524188368,0.));
#14158=DIRECTION('',(0.,0.,-1.));
#14159=DIRECTION('',(-1.,0.,0.));
#14160=DIRECTION('',(0.,0.,1.));
#14161=DIRECTION('',(1.,0.,0.));
#14162=DIRECTION('',(0.,0.,-1.));
#14163=DIRECTION('',(0.,0.,1.));
#14164=DIRECTION('',(1.,0.,0.));
#14165=DIRECTION('',(0.,0.,-1.));
#14166=DIRECTION('',(-0.0894827655653607,0.995988370748763,0.));
#14167=DIRECTION('',(0.,0.,-1.));
#14168=DIRECTION('',(-1.,0.,0.));
#14169=DIRECTION('',(0.,0.,-1.));
#14170=DIRECTION('',(-1.,0.,0.));
#14171=DIRECTION('',(0.,0.,-1.));
#14172=DIRECTION('',(0.,0.,-1.));
#14173=DIRECTION('',(0.68028794677618,-0.732944956644801,0.));
#14174=DIRECTION('',(0.,0.,-1.));
#14175=DIRECTION('',(-1.,0.,0.));
#14176=DIRECTION('',(0.,0.,-1.));
#14177=DIRECTION('',(0.,0.,-1.));
#14178=DIRECTION('',(-1.,0.,0.));
#14179=DIRECTION('',(0.,0.,-1.));
#14180=DIRECTION('',(-0.913545457642601,-0.4067366430758,0.));
#14181=DIRECTION('',(0.,0.,1.));
#14182=DIRECTION('',(-0.4067366430758,0.913545457642601,0.));
#14183=DIRECTION('',(-0.4067366430758,0.913545457642601,0.));
#14184=DIRECTION('',(0.,0.,-1.));
#14185=DIRECTION('',(-1.,0.,0.));
#14186=DIRECTION('',(0.,0.,1.));
#14187=DIRECTION('',(1.,0.,0.));
#14188=DIRECTION('',(0.,0.,-1.));
#14189=DIRECTION('',(0.,0.,1.));
#14190=DIRECTION('',(1.,0.,0.));
#14191=DIRECTION('',(0.,0.,-1.));
#14192=DIRECTION('',(-0.0372341287551077,0.999306569404929,0.));
#14193=DIRECTION('',(0.,0.,-1.));
#14194=DIRECTION('',(-1.,0.,0.));
#14195=DIRECTION('',(0.,0.,-1.));
#14196=DIRECTION('',(-1.,0.,0.));
#14197=DIRECTION('',(0.,0.,-1.));
#14198=DIRECTION('',(0.,0.,-1.));
#14199=DIRECTION('',(0.640996260608797,-0.767544001269986,0.));
#14200=DIRECTION('',(0.,0.,-1.));
#14201=DIRECTION('',(-1.,0.,0.));
#14202=DIRECTION('',(0.,0.,-1.));
#14203=DIRECTION('',(0.,0.,-1.));
#14204=DIRECTION('',(-1.,0.,0.));
#14205=DIRECTION('',(0.,0.,-1.));
#14206=DIRECTION('',(-0.933580426497202,-0.358367949545301,0.));
#14207=DIRECTION('',(0.,0.,1.));
#14208=DIRECTION('',(-0.358367949545301,0.933580426497202,0.));
#14209=DIRECTION('',(-0.358367949545301,0.933580426497202,0.));
#14210=DIRECTION('',(0.,0.,-1.));
#14211=DIRECTION('',(-1.,0.,0.));
#14212=DIRECTION('',(0.,0.,1.));
#14213=DIRECTION('',(1.,0.,0.));
#14214=DIRECTION('',(0.,0.,-1.));
#14215=DIRECTION('',(0.,0.,1.));
#14216=DIRECTION('',(1.,0.,0.));
#14217=DIRECTION('',(0.,0.,-1.));
#14218=DIRECTION('',(0.0151165642139667,0.999885738215305,0.));
#14219=DIRECTION('',(0.,0.,-1.));
#14220=DIRECTION('',(-1.,0.,0.));
#14221=DIRECTION('',(0.,0.,-1.));
#14222=DIRECTION('',(-1.,0.,0.));
#14223=DIRECTION('',(0.,0.,-1.));
#14224=DIRECTION('',(0.,0.,-1.));
#14225=DIRECTION('',(0.59994764824618,-0.800039261139025,0.));
#14226=DIRECTION('',(0.,0.,-1.));
#14227=DIRECTION('',(-1.,0.,0.));
#14228=DIRECTION('',(0.,0.,-1.));
#14229=DIRECTION('',(0.,0.,-1.));
#14230=DIRECTION('',(-1.,0.,0.));
#14231=DIRECTION('',(0.,0.,-1.));
#14232=DIRECTION('',(-0.951056516295154,-0.309016994374948,0.));
#14233=DIRECTION('',(0.,0.,1.));
#14234=DIRECTION('',(-0.309016994374948,0.951056516295154,0.));
#14235=DIRECTION('',(-0.309016994374948,0.951056516295154,0.));
#14236=DIRECTION('',(0.,0.,-1.));
#14237=DIRECTION('',(-1.,0.,0.));
#14238=DIRECTION('',(0.,0.,1.));
#14239=DIRECTION('',(1.,0.,0.));
#14240=DIRECTION('',(0.,0.,-1.));
#14241=DIRECTION('',(0.,0.,1.));
#14242=DIRECTION('',(1.,0.,0.));
#14243=DIRECTION('',(0.,0.,-1.));
#14244=DIRECTION('',(0.0674258237312603,0.997724289718438,0.));
#14245=DIRECTION('',(0.,0.,-1.));
#14246=DIRECTION('',(-1.,0.,0.));
#14247=DIRECTION('',(0.,0.,-1.));
#14248=DIRECTION('',(-1.,0.,0.));
#14249=DIRECTION('',(0.,0.,-1.));
#14250=DIRECTION('',(0.,0.,-1.));
#14251=DIRECTION('',(0.557254621081585,-0.83034166900332,0.));
#14252=DIRECTION('',(0.,0.,-1.));
#14253=DIRECTION('',(-1.,0.,0.));
#14254=DIRECTION('',(0.,0.,-1.));
#14255=DIRECTION('',(0.,0.,-1.));
#14256=DIRECTION('',(-1.,0.,0.));
#14257=DIRECTION('',(0.,0.,-1.));
#14258=DIRECTION('',(-0.965925826289068,-0.258819045102521,0.));
#14259=DIRECTION('',(0.,0.,1.));
#14260=DIRECTION('',(-0.258819045102521,0.965925826289068,0.));
#14261=DIRECTION('',(-0.258819045102521,0.965925826289068,0.));
#14262=DIRECTION('',(0.,0.,-1.));
#14263=DIRECTION('',(-1.,0.,0.));
#14264=DIRECTION('',(0.,0.,1.));
#14265=DIRECTION('',(1.,0.,0.));
#14266=DIRECTION('',(0.,0.,-1.));
#14267=DIRECTION('',(0.,0.,1.));
#14268=DIRECTION('',(1.,0.,0.));
#14269=DIRECTION('',(0.,0.,-1.));
#14270=DIRECTION('',(0.119550273752409,0.992828148294419,0.));
#14271=DIRECTION('',(0.,0.,-1.));
#14272=DIRECTION('',(-1.,0.,0.));
#14273=DIRECTION('',(0.,0.,-1.));
#14274=DIRECTION('',(-1.,0.,0.));
#14275=DIRECTION('',(0.,0.,-1.));
#14276=DIRECTION('',(0.,0.,-1.));
#14277=DIRECTION('',(0.513034197734877,-0.858368168069233,0.));
#14278=DIRECTION('',(0.,0.,-1.));
#14279=DIRECTION('',(-1.,0.,0.));
#14280=DIRECTION('',(0.,0.,-1.));
#14281=DIRECTION('',(0.,0.,-1.));
#14282=DIRECTION('',(-1.,0.,0.));
#14283=DIRECTION('',(0.,0.,-1.));
#14284=DIRECTION('',(-0.978147600733806,-0.207911690817759,0.));
#14285=DIRECTION('',(0.,0.,1.));
#14286=DIRECTION('',(-0.207911690817759,0.978147600733806,0.));
#14287=DIRECTION('',(-0.207911690817759,0.978147600733806,0.));
#14288=DIRECTION('',(0.,0.,-1.));
#14289=DIRECTION('',(-1.,0.,0.));
#14290=DIRECTION('',(0.,0.,1.));
#14291=DIRECTION('',(1.,0.,0.));
#14292=DIRECTION('',(0.,0.,-1.));
#14293=DIRECTION('',(0.,0.,1.));
#14294=DIRECTION('',(1.,0.,0.));
#14295=DIRECTION('',(0.,0.,-1.));
#14296=DIRECTION('',(0.171347044783056,0.985210733926561,0.));
#14297=DIRECTION('',(0.,0.,-1.));
#14298=DIRECTION('',(-1.,0.,0.));
#14299=DIRECTION('',(0.,0.,-1.));
#14300=DIRECTION('',(-1.,0.,0.));
#14301=DIRECTION('',(0.,0.,-1.));
#14302=DIRECTION('',(0.,0.,-1.));
#14303=DIRECTION('',(0.467407583312769,-0.884041939650895,0.));
#14304=DIRECTION('',(0.,0.,-1.));
#14305=DIRECTION('',(-1.,0.,0.));
#14306=DIRECTION('',(0.,0.,-1.));
#14307=DIRECTION('',(0.,0.,-1.));
#14308=DIRECTION('',(-1.,0.,0.));
#14309=DIRECTION('',(0.,0.,-1.));
#14310=DIRECTION('',(-0.987688340595138,-0.156434465040231,0.));
#14311=DIRECTION('',(0.,0.,1.));
#14312=DIRECTION('',(-0.156434465040231,0.987688340595138,0.));
#14313=DIRECTION('',(-0.156434465040231,0.987688340595138,0.));
#14314=DIRECTION('',(0.,0.,-1.));
#14315=DIRECTION('',(-1.,0.,0.));
#14316=DIRECTION('',(0.,0.,1.));
#14317=DIRECTION('',(1.,0.,0.));
#14318=DIRECTION('',(0.,0.,-1.));
#14319=DIRECTION('',(0.,0.,1.));
#14320=DIRECTION('',(1.,0.,0.));
#14321=DIRECTION('',(0.,0.,-1.));
#14322=DIRECTION('',(0.222674165474135,0.97489292541817,0.));
#14323=DIRECTION('',(0.,0.,-1.));
#14324=DIRECTION('',(-1.,0.,0.));
#14325=DIRECTION('',(0.,0.,-1.));
#14326=DIRECTION('',(-1.,0.,0.));
#14327=DIRECTION('',(0.,0.,-1.));
#14328=DIRECTION('',(0.,0.,-1.));
#14329=DIRECTION('',(0.420499837271064,-0.907292613689216,0.));
#14330=DIRECTION('',(0.,0.,-1.));
#14331=DIRECTION('',(-1.,0.,0.));
#14332=DIRECTION('',(0.,0.,-1.));
#14333=DIRECTION('',(0.,0.,-1.));
#14334=DIRECTION('',(-1.,0.,0.));
#14335=DIRECTION('',(0.,0.,-1.));
#14336=DIRECTION('',(-0.994521895368273,-0.104528463267653,0.));
#14337=DIRECTION('',(0.,0.,1.));
#14338=DIRECTION('',(-0.104528463267653,0.994521895368273,0.));
#14339=DIRECTION('',(-0.104528463267653,0.994521895368273,0.));
#14340=DIRECTION('',(0.,0.,-1.));
#14341=DIRECTION('',(-1.,0.,0.));
#14342=DIRECTION('',(0.,0.,1.));
#14343=DIRECTION('',(1.,0.,0.));
#14344=DIRECTION('',(0.,0.,-1.));
#14345=DIRECTION('',(0.,0.,1.));
#14346=DIRECTION('',(1.,0.,0.));
#14347=DIRECTION('',(0.,0.,-1.));
#14348=DIRECTION('',(0.273390951755532,0.961903003165186,0.));
#14349=DIRECTION('',(0.,0.,-1.));
#14350=DIRECTION('',(-1.,0.,0.));
#14351=DIRECTION('',(0.,0.,-1.));
#14352=DIRECTION('',(-1.,0.,0.));
#14353=DIRECTION('',(0.,0.,-1.));
#14354=DIRECTION('',(0.,0.,-1.));
#14355=DIRECTION('',(0.372439530249855,-0.928056461809984,0.));
#14356=DIRECTION('',(0.,0.,-1.));
#14357=DIRECTION('',(-1.,0.,0.));
#14358=DIRECTION('',(0.,0.,-1.));
#14359=DIRECTION('',(0.,0.,-1.));
#14360=DIRECTION('',(-1.,0.,0.));
#14361=DIRECTION('',(0.,0.,-1.));
#14362=DIRECTION('',(-0.998629534754574,-0.0523359562429438,0.));
#14363=DIRECTION('',(0.,0.,1.));
#14364=DIRECTION('',(-0.0523359562429438,0.998629534754574,0.));
#14365=DIRECTION('',(-0.0523359562429438,0.998629534754574,0.));
#14366=DIRECTION('',(0.,0.,-1.));
#14367=DIRECTION('',(-1.,0.,0.));
#14368=DIRECTION('',(0.,0.,1.));
#14369=DIRECTION('',(1.,0.,0.));
#14370=DIRECTION('',(0.,0.,-1.));
#14371=DIRECTION('',(0.,0.,1.));
#14372=DIRECTION('',(1.,0.,0.));
#14373=DIRECTION('',(0.,0.,1.));
#14374=DIRECTION('',(1.,0.,0.));
#14375=DIRECTION('',(-1.,0.,0.));
#14376=DIRECTION('',(0.,-1.,0.));
#14377=DIRECTION('',(-1.,0.,0.));
#14378=DIRECTION('',(0.,-1.,0.));
#14379=DIRECTION('',(1.,0.,0.));
#14380=DIRECTION('',(2.31296463463574E-16,-1.,0.));
#14381=DIRECTION('',(1.,0.,0.));
#14382=DIRECTION('',(2.31296463463574E-16,-1.,0.));
#14383=DIRECTION('',(0.,0.,-1.));
#14384=DIRECTION('',(-1.,0.,0.));
#14385=DIRECTION('',(0.,1.,0.));
#14386=DIRECTION('',(0.,0.,-1.));
#14387=DIRECTION('',(-1.,0.,0.));
#14388=DIRECTION('',(0.,0.,1.));
#14389=DIRECTION('',(1.,0.,0.));
#14390=DIRECTION('',(0.,0.,-1.));
#14391=DIRECTION('',(-1.,0.,0.));
#14392=DIRECTION('',(0.,1.,0.));
#14393=DIRECTION('',(0.,0.,-1.));
#14394=DIRECTION('',(-1.,0.,0.));
#14395=DIRECTION('',(0.,0.,-1.));
#14396=DIRECTION('',(0.323358392441347,0.946276571641583,0.));
#14397=DIRECTION('',(0.,0.,-1.));
#14398=DIRECTION('',(0.,0.,-1.));
#14399=DIRECTION('',(0.323358392441347,-0.946276571641583,0.));
#14400=DIRECTION('',(0.,0.,-1.));
#14401=DIRECTION('',(-1.,0.,0.));
#14402=DIRECTION('',(0.,0.,1.));
#14403=DIRECTION('',(0.,0.,1.));
#14404=DIRECTION('',(1.,0.,0.));
#14405=DIRECTION('',(0.,0.,-1.));
#14406=DIRECTION('',(-1.,0.,0.));
#14407=DIRECTION('',(0.,0.,-1.));
#14408=DIRECTION('',(-1.,0.,0.));
#14409=DIRECTION('',(0.,0.,-1.));
#14410=DIRECTION('',(1.,0.,0.));
#14411=DIRECTION('',(0.,0.,1.));
#14412=DIRECTION('',(1.,0.,0.));
#14413=DIRECTION('',(0.,0.,-1.));
#14414=DIRECTION('',(1.,0.,0.));
#14415=DIRECTION('',(0.,0.,-1.));
#14416=DIRECTION('',(1.,0.,0.));
#14417=DIRECTION('',(0.,0.,-1.));
#14418=DIRECTION('',(-1.,0.,0.));
#14419=DIRECTION('',(0.,0.,1.));
#14420=DIRECTION('',(1.,0.,0.));
#14421=DIRECTION('',(0.,1.,0.));
#14422=DIRECTION('',(0.,0.,1.));
#14423=DIRECTION('',(1.,0.,0.));
#14424=DIRECTION('',(1.,0.,0.));
#14425=DIRECTION('',(0.,1.,0.));
#14426=DIRECTION('',(0.,0.,1.));
#14427=DIRECTION('',(1.,0.,0.));
#14428=DIRECTION('',(1.,0.,0.));
#14429=DIRECTION('',(1.,0.,0.));
#14430=DIRECTION('',(0.,0.,-1.));
#14431=DIRECTION('',(1.,0.,0.));
#14432=DIRECTION('',(0.,0.,-1.));
#14433=DIRECTION('',(1.,0.,0.));
#14434=DIRECTION('',(0.,0.,-1.));
#14435=DIRECTION('',(0.,0.,-1.));
#14436=DIRECTION('',(0.,-1.,0.));
#14437=DIRECTION('',(0.,0.,-1.));
#14438=DIRECTION('',(0.,-1.,0.));
#14439=DIRECTION('',(0.,0.,-1.));
#14440=DIRECTION('',(0.,0.,-1.));
#14441=DIRECTION('',(-1.,0.,0.));
#14442=DIRECTION('',(-1.,0.,0.));
#14443=DIRECTION('',(1.,0.,0.));
#14444=DIRECTION('',(0.,0.,-1.));
#14445=DIRECTION('',(1.,0.,0.));
#14446=DIRECTION('',(0.,0.,-1.));
#14447=DIRECTION('',(0.,0.,-1.));
#14448=DIRECTION('',(1.,0.,0.));
#14449=DIRECTION('',(0.,0.,-1.));
#14450=DIRECTION('',(0.,-1.,0.));
#14451=DIRECTION('',(0.,-1.,0.));
#14452=DIRECTION('',(0.,0.,-1.));
#14453=DIRECTION('',(-1.,0.,0.));
#14454=DIRECTION('',(-1.,0.,0.));
#14455=DIRECTION('',(0.,1.,0.));
#14456=DIRECTION('',(0.,0.,1.));
#14457=DIRECTION('',(0.707106781186548,0.707106781186548,0.));
#14458=DIRECTION('',(0.707106781186548,-0.707106781186548,0.));
#14459=DIRECTION('',(-0.707106781186548,0.707106781186548,0.));
#14460=DIRECTION('',(0.707106781186548,0.707106781186548,0.));
#14461=DIRECTION('',(-1.,0.,0.));
#14462=DIRECTION('',(0.,0.,1.));
#14463=DIRECTION('',(-0.707106781186548,-0.707106781186548,0.));
#14464=DIRECTION('',(-0.707106781186548,0.707106781186548,0.));
#14465=DIRECTION('',(1.,0.,0.));
#14466=DIRECTION('',(0.,0.,-1.));
#14467=DIRECTION('',(0.707106781186548,-0.707106781186548,0.));
#14468=DIRECTION('',(0.707106781186548,0.707106781186548,0.));
#14469=DIRECTION('',(0.,-1.,0.));
#14470=DIRECTION('',(0.,0.,-1.));
#14471=DIRECTION('',(-1.,0.,0.));
#14472=DIRECTION('',(0.,0.,1.));
#14473=DIRECTION('',(-0.707106781186548,0.707106781186548,0.));
#14474=DIRECTION('',(0.707106781186548,0.707106781186548,0.));
#14475=DIRECTION('',(-0.707106781186548,-0.707106781186548,0.));
#14476=DIRECTION('',(0.707106781186548,-0.707106781186548,0.));
#14477=DIRECTION('',(2.31296463463574E-16,-1.,0.));
#14478=DIRECTION('',(1.,2.31296463463574E-16,0.));
#14479=DIRECTION('',(0.707106781186548,-0.707106781186548,0.));
#14480=DIRECTION('',(-0.707106781186548,-0.707106781186548,0.));
#14481=DIRECTION('',(-2.31296463463574E-16,1.,0.));
#14482=DIRECTION('',(-1.,-2.31296463463574E-16,0.));
#14483=DIRECTION('',(0.707106781186548,0.707106781186548,0.));
#14484=DIRECTION('',(-0.707106781186548,0.707106781186548,0.));
#14485=DIRECTION('',(1.,0.,0.));
#14486=DIRECTION('',(0.,0.,-1.));
#14487=DIRECTION('',(1.,0.,0.));
#14488=DIRECTION('',(0.,0.,-1.));
#14489=DIRECTION('',(-1.,0.,0.));
#14490=DIRECTION('',(0.,0.,1.));
#14491=DIRECTION('',(1.,2.31296463463574E-16,0.));
#14492=DIRECTION('',(-2.31296463463574E-16,1.,0.));
#14493=DIRECTION('',(2.31296463463574E-16,-1.,-4.33680868994202E-17));
#14494=DIRECTION('',(1.,2.31296463463574E-16,0.));
#14495=DIRECTION('',(1.,2.31296463463574E-16,0.));
#14496=DIRECTION('',(1.,2.31296463463574E-16,0.));
#14497=DIRECTION('',(0.,0.,1.));
#14498=DIRECTION('',(1.,0.,0.));
#14499=DIRECTION('',(1.,2.31296463463574E-16,0.));
#14500=DIRECTION('',(2.31296463463574E-16,-1.,-4.33680868994202E-17));
#14501=DIRECTION('',(1.,2.31296463463574E-16,0.));
#14502=DIRECTION('',(1.,2.31296463463574E-16,0.));
#14503=DIRECTION('',(0.,0.,1.));
#14504=DIRECTION('',(1.,0.,0.));
#14505=DIRECTION('',(1.,2.31296463463574E-16,0.));
#14506=DIRECTION('',(-2.31296463463574E-16,1.,0.));
#14507=DIRECTION('',(1.,2.31296463463574E-16,0.));
#14508=DIRECTION('',(-2.31296463463574E-16,1.,0.));
#14509=DIRECTION('',(1.,2.31296463463574E-16,0.));
#14510=DIRECTION('',(-2.31296463463574E-16,1.,0.));
#14511=DIRECTION('',(1.,2.31296463463574E-16,0.));
#14512=DIRECTION('',(-2.31296463463574E-16,1.,0.));
#14513=DIRECTION('',(1.,2.31296463463574E-16,0.));
#14514=DIRECTION('',(-2.31296463463574E-16,1.,0.));
#14515=CARTESIAN_POINT('',(0.,0.,0.));
#14516=CARTESIAN_POINT('',(0.0325,0.,0.145));
#14517=CARTESIAN_POINT('',(0.0325,-2.89120579329468E-18,0.127848364093307));
#14518=CARTESIAN_POINT('',(0.0325,0.0081,0.127848364093307));
#14519=CARTESIAN_POINT('',(0.0325,0.005,0.0626483640933072));
#14520=CARTESIAN_POINT('',(0.0325,0.00725,0.0626483640933072));
#14521=CARTESIAN_POINT('',(0.0325,0.,0.13));
#14522=CARTESIAN_POINT('',(0.0325,-0.015,0.13));
#14523=CARTESIAN_POINT('',(0.0325,0.015,0.13));
#14524=CARTESIAN_POINT('',(0.0325,0.015,0.145));
#14525=CARTESIAN_POINT('',(0.0325,0.015,0.01));
#14526=CARTESIAN_POINT('',(0.0325,0.,0.01));
#14527=CARTESIAN_POINT('',(0.0325,-0.015,0.01));
#14528=CARTESIAN_POINT('',(0.0325,-0.015,0.145));
#14529=CARTESIAN_POINT('',(0.0325,-0.005,0.0131483640933072));
#14530=CARTESIAN_POINT('',(0.0325,-0.00275,0.0131483640933072));
#14531=CARTESIAN_POINT('',(0.0325,0.01025,0.145));
#14532=CARTESIAN_POINT('',(0.0325,0.01025,0.0578983640933072));
#14533=CARTESIAN_POINT('',(0.0325,0.01025,0.0178983640933072));
#14534=CARTESIAN_POINT('',(0.0325,0.,0.0578983640933072));
#14535=CARTESIAN_POINT('',(0.0325,-0.01025,0.0578983640933072));
#14536=CARTESIAN_POINT('',(0.0325,-0.01025,0.145));
#14537=CARTESIAN_POINT('',(0.0325,-0.01025,0.0178983640933072));
#14538=CARTESIAN_POINT('',(0.0325,0.,0.0178983640933072));
#14539=CARTESIAN_POINT('',(0.0325,0.005,0.0131483640933072));
#14540=CARTESIAN_POINT('',(0.0325,0.00725,0.0131483640933072));
#14541=CARTESIAN_POINT('',(0.0325,-0.005,0.0626483640933072));
#14542=CARTESIAN_POINT('',(0.0325,-0.00275,0.0626483640933072));
#14543=CARTESIAN_POINT('',(0.0375,2.60208521396521E-18,0.145));
#14544=CARTESIAN_POINT('',(0.0375,-1.7347234759768E-18,0.127848364093307));
#14545=CARTESIAN_POINT('',(0.0375,0.0081,0.127848364093307));
#14546=CARTESIAN_POINT('',(0.0375,0.005,0.0131483640933072));
#14547=CARTESIAN_POINT('',(0.0375,0.00725,0.0131483640933072));
#14548=CARTESIAN_POINT('',(0.0375,-0.005,0.0131483640933072));
#14549=CARTESIAN_POINT('',(0.0375,-0.00275,0.0131483640933072));
#14550=CARTESIAN_POINT('',(0.0375,0.015,0.145));
#14551=CARTESIAN_POINT('',(0.0375,0.015,0.13));
#14552=CARTESIAN_POINT('',(0.0375,0.015,0.01));
#14553=CARTESIAN_POINT('',(0.0375,0.,0.13));
#14554=CARTESIAN_POINT('',(0.0375,-0.015,0.13));
#14555=CARTESIAN_POINT('',(0.0375,-0.015,0.145));
#14556=CARTESIAN_POINT('',(0.0375,-0.015,0.01));
#14557=CARTESIAN_POINT('',(0.0375,0.015,0.01));
#14558=CARTESIAN_POINT('',(0.0375,1.38777878078145E-17,0.0578983640933072));
#14559=CARTESIAN_POINT('',(0.0375,0.01025,0.0578983640933072));
#14560=CARTESIAN_POINT('',(0.0375,-0.01025,0.0578983640933072));
#14561=CARTESIAN_POINT('',(0.0375,0.01025,0.0378983640933072));
#14562=CARTESIAN_POINT('',(0.0375,0.01025,0.0178983640933072));
#14563=CARTESIAN_POINT('',(0.0375,1.38777878078145E-17,0.0178983640933072));
#14564=CARTESIAN_POINT('',(0.0375,-0.01025,0.0178983640933072));
#14565=CARTESIAN_POINT('',(0.0375,-0.01025,0.0378983640933072));
#14566=CARTESIAN_POINT('',(0.0375,0.005,0.0626483640933072));
#14567=CARTESIAN_POINT('',(0.0375,0.00725,0.0626483640933072));
#14568=CARTESIAN_POINT('',(0.0375,-0.005,0.0626483640933072));
#14569=CARTESIAN_POINT('',(0.0375,-0.00275,0.0626483640933072));
#14570=CARTESIAN_POINT('',(0.,-2.47990976827339E-19,-0.015));
#14571=CARTESIAN_POINT('',(0.,-2.47990976827339E-19,0.));
#14572=CARTESIAN_POINT('',(0.00405,-2.47990976827339E-19,0.));
#14573=CARTESIAN_POINT('',(0.,-2.47990976827339E-19,-0.01095));
#14574=CARTESIAN_POINT('',(-0.00405,-2.47990976827339E-19,-0.01095));
#14575=CARTESIAN_POINT('',(0.,3.59739997249535E-18,0.005));
#14576=CARTESIAN_POINT('',(0.,3.59739997249535E-18,0.005));
#14577=CARTESIAN_POINT('',(0.0587180610487093,-0.00193695809971289,0.005));
#14578=CARTESIAN_POINT('',(0.0587389625411143,-0.0011387623077604,0.005));
#14579=CARTESIAN_POINT('',(0.0587180610487093,-0.0019369580997129,0.005));
#14580=CARTESIAN_POINT('',(0.0587180610487093,-0.00193695809971289,0.));
#14581=CARTESIAN_POINT('',(0.,3.59739997249535E-18,0.));
#14582=CARTESIAN_POINT('',(0.0587389625411143,-0.0011387623077604,0.));
#14583=CARTESIAN_POINT('',(0.0587389625411143,-0.0011387623077604,0.005));
#14584=CARTESIAN_POINT('',(0.0523684635537449,-0.0209504689173491,0.00499999999999993));
#14585=CARTESIAN_POINT('',(0.0523684635537449,-0.0209504689173491,0.));
#14586=CARTESIAN_POINT('',(0.0609344463109064,-0.00282714357776421,0.));
#14587=CARTESIAN_POINT('',(0.0523684635537449,-0.0209504689173491,0.005));
#14588=CARTESIAN_POINT('',(0.0609344463109064,-0.00282714357776421,0.005));
#14589=CARTESIAN_POINT('',(0.0609344463109064,-0.00282714357776421,0.005));
#14590=CARTESIAN_POINT('',(0.0542715039516604,0.0153617050375811,0.00499999999999993));
#14591=CARTESIAN_POINT('',(0.0542715039516604,0.0153617050375811,0.));
#14592=CARTESIAN_POINT('',(0.0585988646200892,-0.00421136144690251,0.));
#14593=CARTESIAN_POINT('',(0.0608961580128709,-0.00355772784419117,0.));
#14594=CARTESIAN_POINT('',(0.0608961580137822,-0.00355772784487417,0.005));
#14595=CARTESIAN_POINT('',(0.0608961580128709,-0.00355772784419117,0.005));
#14596=CARTESIAN_POINT('',(0.0542715039516604,0.0153617050375811,0.005));
#14597=CARTESIAN_POINT('',(0.0585988646200892,-0.00421136144690251,0.005));
#14598=CARTESIAN_POINT('',(0.0585988646200892,-0.00421136144690251,0.005));
#14599=CARTESIAN_POINT('',(0.060915302161433,-0.00319243571063618,0.005));
#14600=CARTESIAN_POINT('',(0.060915302161433,-0.00319243571063618,0.));
#14601=CARTESIAN_POINT('',(0.060915302161433,-0.00319243571063618,0.005));
#14602=CARTESIAN_POINT('',(0.,3.59739997249535E-18,0.005));
#14603=CARTESIAN_POINT('',(0.,3.59739997249535E-18,0.005));
#14604=CARTESIAN_POINT('',(0.0585362174324123,-0.00500736943967112,0.005));
#14605=CARTESIAN_POINT('',(0.0585362174324123,-0.00500736943967112,0.005));
#14606=CARTESIAN_POINT('',(0.0585362174324123,-0.00500736943967112,0.));
#14607=CARTESIAN_POINT('',(0.,3.59739997249535E-18,0.));
#14608=CARTESIAN_POINT('',(0.0512002315699629,-0.0236625106448767,0.00499999999999993));
#14609=CARTESIAN_POINT('',(0.0512002315699629,-0.0236625106448767,0.));
#14610=CARTESIAN_POINT('',(0.0607029765074097,-0.00601233159156264,0.));
#14611=CARTESIAN_POINT('',(0.0512002315699629,-0.0236625106448767,0.005));
#14612=CARTESIAN_POINT('',(0.0607029765074097,-0.00601233159156264,0.005));
#14613=CARTESIAN_POINT('',(0.0607029765074097,-0.00601233159156264,0.005));
#14614=CARTESIAN_POINT('',(0.0550010962643414,0.0125003012986639,0.00499999999999993));
#14615=CARTESIAN_POINT('',(0.0550010962643414,0.0125003012986639,0.));
#14616=CARTESIAN_POINT('',(0.0582981512842976,-0.00727241753704675,0.));
#14617=CARTESIAN_POINT('',(0.0606265048550821,-0.0067399107622232,0.));
#14618=CARTESIAN_POINT('',(0.0606265048550821,-0.0067399107622232,0.005));
#14619=CARTESIAN_POINT('',(0.0606265048550821,-0.0067399107622232,0.005));
#14620=CARTESIAN_POINT('',(0.0550010962643414,0.0125003012986639,0.005));
#14621=CARTESIAN_POINT('',(0.0582981512842976,-0.00727241753704675,0.005));
#14622=CARTESIAN_POINT('',(0.0582981512842976,-0.00727241753704675,0.005));
#14623=CARTESIAN_POINT('',(0.0606647406812459,-0.00637612117689292,0.005));
#14624=CARTESIAN_POINT('',(0.0606647406812459,-0.00637612117689292,0.));
#14625=CARTESIAN_POINT('',(0.0606647406812459,-0.00637612117689292,0.005));
#14626=CARTESIAN_POINT('',(0.,3.59739997249535E-18,0.005));
#14627=CARTESIAN_POINT('',(0.,3.59739997249535E-18,0.005));
#14628=CARTESIAN_POINT('',(0.0581939301129356,-0.00806405592805322,0.005));
#14629=CARTESIAN_POINT('',(0.0581939301129356,-0.00806405592805322,0.005));
#14630=CARTESIAN_POINT('',(0.0581939301129356,-0.00806405592805322,0.));
#14631=CARTESIAN_POINT('',(0.,3.59739997249535E-18,0.));
#14632=CARTESIAN_POINT('',(0.0498916633103264,-0.0263096950754993,0.00499999999999993));
#14633=CARTESIAN_POINT('',(0.0498916633103264,-0.0263096950754993,0.));
#14634=CARTESIAN_POINT('',(0.0603051240647182,-0.00918104022238068,0.));
#14635=CARTESIAN_POINT('',(0.0498916633103264,-0.0263096950754993,0.005));
#14636=CARTESIAN_POINT('',(0.0603051240647182,-0.00918104022238068,0.005));
#14637=CARTESIAN_POINT('',(0.0603051240647182,-0.00918104022238068,0.005));
#14638=CARTESIAN_POINT('',(0.0555799343952414,0.00960463510277123,0.00499999999999993));
#14639=CARTESIAN_POINT('',(0.0555799343952414,0.00960463510277123,0.));
#14640=CARTESIAN_POINT('',(0.0578376467680906,-0.0103135404362215,0.));
#14641=CARTESIAN_POINT('',(0.0601906786624935,-0.00990362005402451,0.));
#14642=CARTESIAN_POINT('',(0.0601906786624935,-0.00990362005402451,0.005));
#14643=CARTESIAN_POINT('',(0.0601906786624935,-0.00990362005402451,0.005));
#14644=CARTESIAN_POINT('',(0.0555799343952414,0.00960463510277123,0.005));
#14645=CARTESIAN_POINT('',(0.0578376467680906,-0.0103135404362215,0.005));
#14646=CARTESIAN_POINT('',(0.0578376467680906,-0.0103135404362215,0.005));
#14647=CARTESIAN_POINT('',(0.0602479013636059,-0.00954233013820259,0.005));
#14648=CARTESIAN_POINT('',(0.0602479013636059,-0.00954233013820259,0.));
#14649=CARTESIAN_POINT('',(0.0602479013636059,-0.00954233013820259,0.005));
#14650=CARTESIAN_POINT('',(0.,3.59739997249535E-18,0.005));
#14651=CARTESIAN_POINT('',(0.,3.59739997249535E-18,0.005));
#14652=CARTESIAN_POINT('',(0.0576921372760298,-0.0110986393996621,0.005));
#14653=CARTESIAN_POINT('',(0.0576921372760298,-0.0110986393996621,0.005));
#14654=CARTESIAN_POINT('',(0.0576921372760298,-0.0110986393996621,0.));
#14655=CARTESIAN_POINT('',(0.,3.59739997249535E-18,0.));
#14656=CARTESIAN_POINT('',(0.0484463454694811,-0.0288847664606868,0.00499999999999993));
#14657=CARTESIAN_POINT('',(0.0484463454694811,-0.0288847664606868,0.));
#14658=CARTESIAN_POINT('',(0.0597419794687232,-0.0123245842601154,0.));
#14659=CARTESIAN_POINT('',(0.0484463454694811,-0.0288847664606868,0.005));
#14660=CARTESIAN_POINT('',(0.0597419794687232,-0.0123245842601154,0.005));
#14661=CARTESIAN_POINT('',(0.0597419794687232,-0.0123245842601154,0.005));
#14662=CARTESIAN_POINT('',(0.0560064317892779,0.0066826432696728,0.00499999999999993));
#14663=CARTESIAN_POINT('',(0.0560064317892779,0.0066826432696728,0.));
#14664=CARTESIAN_POINT('',(0.0572186132823378,-0.013326394637946,0.));
#14665=CARTESIAN_POINT('',(0.0595898740034938,-0.0130401842116499,0.));
#14666=CARTESIAN_POINT('',(0.0595898740034938,-0.0130401842116499,0.005));
#14667=CARTESIAN_POINT('',(0.0595898740034938,-0.0130401842116499,0.005));
#14668=CARTESIAN_POINT('',(0.0560064317892779,0.0066826432696728,0.005));
#14669=CARTESIAN_POINT('',(0.0572186132823378,-0.013326394637946,0.005));
#14670=CARTESIAN_POINT('',(0.0572186132823378,-0.013326394637946,0.005));
#14671=CARTESIAN_POINT('',(0.0596659267361085,-0.0126823842358826,0.005));
#14672=CARTESIAN_POINT('',(0.0596659267361085,-0.0126823842358826,0.));
#14673=CARTESIAN_POINT('',(0.0596659267361085,-0.0126823842358826,0.005));
#14674=CARTESIAN_POINT('',(0.,3.59739997249535E-18,0.005));
#14675=CARTESIAN_POINT('',(0.,3.59739997249535E-18,0.005));
#14676=CARTESIAN_POINT('',(0.0570322143009817,-0.0141028022721336,0.005));
#14677=CARTESIAN_POINT('',(0.0570322143009817,-0.0141028022721336,0.005));
#14678=CARTESIAN_POINT('',(0.0570322143009817,-0.0141028022721336,0.));
#14679=CARTESIAN_POINT('',(0.,3.59739997249535E-18,0.));
#14680=CARTESIAN_POINT('',(0.0468682395631788,-0.0313806667087428,0.00499999999999993));
#14681=CARTESIAN_POINT('',(0.0468682395631788,-0.0313806667087428,0.));
#14682=CARTESIAN_POINT('',(0.0590150862596184,-0.0154343474690645,0.));
#14683=CARTESIAN_POINT('',(0.0468682395631788,-0.0313806667087428,0.005));
#14684=CARTESIAN_POINT('',(0.0590150862596184,-0.0154343474690645,0.005));
#14685=CARTESIAN_POINT('',(0.0590150862596184,-0.0154343474690645,0.005));
#14686=CARTESIAN_POINT('',(0.0562794194467393,0.00374233477587312,0.00499999999999993));
#14687=CARTESIAN_POINT('',(0.0562794194467393,0.00374233477587312,0.));
#14688=CARTESIAN_POINT('',(0.0564427475547951,-0.0163027221182742,0.));
#14689=CARTESIAN_POINT('',(0.0588257376418918,-0.0161410061307633,0.));
#14690=CARTESIAN_POINT('',(0.0588257376418918,-0.0161410061307633,0.005));
#14691=CARTESIAN_POINT('',(0.0588257376418918,-0.0161410061307633,0.005));
#14692=CARTESIAN_POINT('',(0.0562794194467393,0.00374233477587312,0.005));
#14693=CARTESIAN_POINT('',(0.0564427475547951,-0.0163027221182742,0.005));
#14694=CARTESIAN_POINT('',(0.0564427475547951,-0.0163027221182742,0.005));
#14695=CARTESIAN_POINT('',(0.0589204119507551,-0.0157876767999139,0.005));
#14696=CARTESIAN_POINT('',(0.0589204119507551,-0.0157876767999139,0.));
#14697=CARTESIAN_POINT('',(0.0589204119507551,-0.0157876767999139,0.005));
#14698=CARTESIAN_POINT('',(0.,3.59739997249535E-18,0.005));
#14699=CARTESIAN_POINT('',(0.,3.59739997249535E-18,0.005));
#14700=CARTESIAN_POINT('',(0.0562159699907953,-0.0170683103438509,0.005));
#14701=CARTESIAN_POINT('',(0.0562159699907953,-0.0170683103438509,0.005));
#14702=CARTESIAN_POINT('',(0.0562159699907953,-0.0170683103438509,0.));
#14703=CARTESIAN_POINT('',(0.,3.59739997249535E-18,0.));
#14704=CARTESIAN_POINT('',(0.0451616710699929,-0.0337905547306126,0.00499999999999993));
#14705=CARTESIAN_POINT('',(0.0451616710699929,-0.0337905547306126,0.));
#14706=CARTESIAN_POINT('',(0.0581264368011645,-0.0185018062044292,0.));
#14707=CARTESIAN_POINT('',(0.0451616710699929,-0.0337905547306126,0.005));
#14708=CARTESIAN_POINT('',(0.0581264368011645,-0.0185018062044292,0.005));
#14709=CARTESIAN_POINT('',(0.0581264368011645,-0.0185018062044292,0.005));
#14710=CARTESIAN_POINT('',(0.0563981491274315,0.000791768802576901,0.00499999999999993));
#14711=CARTESIAN_POINT('',(0.0563981491274315,0.000791768802576901,0.));
#14712=CARTESIAN_POINT('',(0.0555121761794921,-0.0192343649704645,0.));
#14713=CARTESIAN_POINT('',(0.0579003640223403,-0.0191975866740198,0.));
#14714=CARTESIAN_POINT('',(0.0579003640223403,-0.0191975866740198,0.005));
#14715=CARTESIAN_POINT('',(0.0579003640223403,-0.0191975866740198,0.005));
#14716=CARTESIAN_POINT('',(0.0563981491274315,0.000791768802576901,0.005));
#14717=CARTESIAN_POINT('',(0.0555121761794921,-0.0192343649704645,0.005));
#14718=CARTESIAN_POINT('',(0.0555121761794921,-0.0192343649704645,0.005));
#14719=CARTESIAN_POINT('',(0.0580134004117524,-0.0188496964392245,0.005));
#14720=CARTESIAN_POINT('',(0.0580134004117524,-0.0188496964392245,0.));
#14721=CARTESIAN_POINT('',(0.0580134004117524,-0.0188496964392245,0.005));
#14722=CARTESIAN_POINT('',(0.,3.59739997249535E-18,0.005));
#14723=CARTESIAN_POINT('',(0.,3.59739997249535E-18,0.005));
#14724=CARTESIAN_POINT('',(0.0552456416143882,-0.0199870353633195,0.005));
#14725=CARTESIAN_POINT('',(0.0552456416143882,-0.0199870353633195,0.005));
#14726=CARTESIAN_POINT('',(0.0552456416143882,-0.0199870353633195,0.));
#14727=CARTESIAN_POINT('',(0.,3.59739997249535E-18,0.));
#14728=CARTESIAN_POINT('',(0.043331317575573,-0.036107825190692,0.00499999999999993));
#14729=CARTESIAN_POINT('',(0.043331317575573,-0.036107825190692,0.));
#14730=CARTESIAN_POINT('',(0.0570784668197576,-0.0215185527750326,0.));
#14731=CARTESIAN_POINT('',(0.043331317575573,-0.036107825190692,0.005));
#14732=CARTESIAN_POINT('',(0.0570784668197576,-0.0215185527750326,0.005));
#14733=CARTESIAN_POINT('',(0.0570784668197576,-0.0215185527750326,0.005));
#14734=CARTESIAN_POINT('',(0.0563622954015521,-0.00216096735396397,0.00499999999999993));
#14735=CARTESIAN_POINT('',(0.0563622954015521,-0.00216096735396397,0.));
#14736=CARTESIAN_POINT('',(0.054429449787885,-0.0221132877652352,0.));
#14737=CARTESIAN_POINT('',(0.0568162895296086,-0.0222015479666108,0.));
#14738=CARTESIAN_POINT('',(0.0568162895296086,-0.0222015479666108,0.005));
#14739=CARTESIAN_POINT('',(0.0568162895296086,-0.0222015479666108,0.005));
#14740=CARTESIAN_POINT('',(0.0563622954015521,-0.00216096735396397,0.005));
#14741=CARTESIAN_POINT('',(0.054429449787885,-0.0221132877652352,0.005));
#14742=CARTESIAN_POINT('',(0.054429449787885,-0.0221132877652352,0.005));
#14743=CARTESIAN_POINT('',(0.0569473781746831,-0.0218600503708217,0.005));
#14744=CARTESIAN_POINT('',(0.0569473781746831,-0.0218600503708217,0.));
#14745=CARTESIAN_POINT('',(0.0569473781746831,-0.0218600503708217,0.005));
#14746=CARTESIAN_POINT('',(0.,3.59739997249535E-18,0.005));
#14747=CARTESIAN_POINT('',(0.,3.59739997249535E-18,0.005));
#14748=CARTESIAN_POINT('',(0.0541238887743935,-0.0228509773081388,0.005));
#14749=CARTESIAN_POINT('',(0.0541238887743935,-0.0228509773081388,0.005));
#14750=CARTESIAN_POINT('',(0.0541238887743935,-0.0228509773081388,0.));
#14751=CARTESIAN_POINT('',(0.,3.59739997249535E-18,0.));
#14752=CARTESIAN_POINT('',(0.041382195951571,-0.0383261266117841,0.00499999999999993));
#14753=CARTESIAN_POINT('',(0.041382195951571,-0.0383261266117841,0.));
#14754=CARTESIAN_POINT('',(0.0558740487282734,-0.0244763184882156,0.));
#14755=CARTESIAN_POINT('',(0.041382195951571,-0.0383261266117841,0.005));
#14756=CARTESIAN_POINT('',(0.0558740487282734,-0.0244763184882156,0.005));
#14757=CARTESIAN_POINT('',(0.0558740487282734,-0.0244763184882156,0.005));
#14758=CARTESIAN_POINT('',(0.0561719565416717,-0.00510778044920415,0.00499999999999993));
#14759=CARTESIAN_POINT('',(0.0561719565416717,-0.00510778044920415,0.));
#14760=CARTESIAN_POINT('',(0.0531975360577541,-0.0249315995753171,0.));
#14761=CARTESIAN_POINT('',(0.0555764855365281,-0.0251446563594358,0.));
#14762=CARTESIAN_POINT('',(0.0555764855365281,-0.0251446563594358,0.005));
#14763=CARTESIAN_POINT('',(0.0555764855365281,-0.0251446563594358,0.005));
#14764=CARTESIAN_POINT('',(0.0561719565416717,-0.00510778044920415,0.005));
#14765=CARTESIAN_POINT('',(0.0531975360577541,-0.0249315995753171,0.005));
#14766=CARTESIAN_POINT('',(0.0531975360577541,-0.0249315995753171,0.005));
#14767=CARTESIAN_POINT('',(0.0557252671324007,-0.0248104874238258,0.005));
#14768=CARTESIAN_POINT('',(0.0557252671324007,-0.0248104874238258,0.));
#14769=CARTESIAN_POINT('',(0.0557252671324007,-0.0248104874238258,0.005));
#14770=CARTESIAN_POINT('',(0.,3.59739997249535E-18,0.005));
#14771=CARTESIAN_POINT('',(0.,3.59739997249535E-18,0.005));
#14772=CARTESIAN_POINT('',(0.0528537861173736,-0.0256522863125087,0.005));
#14773=CARTESIAN_POINT('',(0.0528537861173736,-0.0256522863125087,0.005));
#14774=CARTESIAN_POINT('',(0.0528537861173736,-0.0256522863125087,0.));
#14775=CARTESIAN_POINT('',(0.,3.59739997249535E-18,0.));
#14776=CARTESIAN_POINT('',(0.0393196486049441,-0.04043937878381,0.00499999999999993));
#14777=CARTESIAN_POINT('',(0.0393196486049441,-0.04043937878381,0.));
#14778=CARTESIAN_POINT('',(0.0545164837529824,-0.0273669963137506,0.));
#14779=CARTESIAN_POINT('',(0.0393196486049441,-0.04043937878381,0.005));
#14780=CARTESIAN_POINT('',(0.0545164837529824,-0.0273669963137506,0.005));
#14781=CARTESIAN_POINT('',(0.0545164837529824,-0.0273669963137506,0.005));
#14782=CARTESIAN_POINT('',(0.0558276542533784,-0.00804059347324538,0.00499999999999993));
#14783=CARTESIAN_POINT('',(0.0558276542533784,-0.00804059347324538,0.));
#14784=CARTESIAN_POINT('',(0.0518198115790043,-0.0276815756039373,0.));
#14785=CARTESIAN_POINT('',(0.0541843502602207,-0.028018844997958,0.));
#14786=CARTESIAN_POINT('',(0.0541843502607754,-0.0280188449989526,0.005));
#14787=CARTESIAN_POINT('',(0.0541843502602207,-0.028018844997958,0.005));
#14788=CARTESIAN_POINT('',(0.0558276542533784,-0.00804059347324538,0.005));
#14789=CARTESIAN_POINT('',(0.0518198115790043,-0.0276815756039373,0.005));
#14790=CARTESIAN_POINT('',(0.0518198115790043,-0.0276815756039373,0.005));
#14791=CARTESIAN_POINT('',(0.0543504170063242,-0.027692920655357,0.005));
#14792=CARTESIAN_POINT('',(0.0543504170063242,-0.027692920655357,0.));
#14793=CARTESIAN_POINT('',(0.0543504170063242,-0.027692920655357,0.005));
#14794=CARTESIAN_POINT('',(0.,3.59739997249535E-18,0.005));
#14795=CARTESIAN_POINT('',(0.,3.59739997249535E-18,0.005));
#14796=CARTESIAN_POINT('',(0.0514388149064277,-0.0283832841831644,0.005));
#14797=CARTESIAN_POINT('',(0.0514388149064277,-0.0283832841831644,0.005));
#14798=CARTESIAN_POINT('',(0.0514388149064277,-0.0283832841831644,0.));
#14799=CARTESIAN_POINT('',(0.,3.59739997249535E-18,0.));
#14800=CARTESIAN_POINT('',(0.0371493288345447,-0.0424417894295187,0.00499999999999993));
#14801=CARTESIAN_POINT('',(0.0371493288345447,-0.0424417894295187,0.));
#14802=CARTESIAN_POINT('',(0.0530094928851188,-0.0301826631046461,0.));
#14803=CARTESIAN_POINT('',(0.0371493288345447,-0.0424417894295187,0.005));
#14804=CARTESIAN_POINT('',(0.0530094928851188,-0.0301826631046461,0.005));
#14805=CARTESIAN_POINT('',(0.0530094928851188,-0.0301826631046461,0.005));
#14806=CARTESIAN_POINT('',(0.0553303322338977,-0.0109513678475384,0.00499999999999993));
#14807=CARTESIAN_POINT('',(0.0553303322338977,-0.0109513678475384,0.));
#14808=CARTESIAN_POINT('',(0.050300052598703,-0.0303556783578906,0.));
#14809=CARTESIAN_POINT('',(0.052643699445588,-0.0308162359288803,0.));
#14810=CARTESIAN_POINT('',(0.0526436994460899,-0.0308162359299026,0.005));
#14811=CARTESIAN_POINT('',(0.052643699445588,-0.0308162359288803,0.005));
#14812=CARTESIAN_POINT('',(0.0553303322338977,-0.0109513678475384,0.005));
#14813=CARTESIAN_POINT('',(0.050300052598703,-0.0303556783578906,0.005));
#14814=CARTESIAN_POINT('',(0.050300052598703,-0.0303556783578906,0.005));
#14815=CARTESIAN_POINT('',(0.0528265961650845,-0.0304994495162832,0.005));
#14816=CARTESIAN_POINT('',(0.0528265961650845,-0.0304994495162832,0.));
#14817=CARTESIAN_POINT('',(0.0528265961650845,-0.0304994495162832,0.005));
#14818=CARTESIAN_POINT('',(0.,3.59739997249535E-18,0.005));
#14819=CARTESIAN_POINT('',(0.,3.59739997249535E-18,0.005));
#14820=CARTESIAN_POINT('',(0.0498828534792914,-0.0310364854447721,0.005));
#14821=CARTESIAN_POINT('',(0.0498828534792914,-0.0310364854447721,0.005));
#14822=CARTESIAN_POINT('',(0.0498828534792914,-0.0310364854447721,0.));
#14823=CARTESIAN_POINT('',(0.,3.59739997249535E-18,0.));
#14824=CARTESIAN_POINT('',(0.0348771853360325,-0.0443278700804898,0.00499999999999993));
#14825=CARTESIAN_POINT('',(0.0348771853360325,-0.0443278700804898,0.));
#14826=CARTESIAN_POINT('',(0.0513572066819018,-0.032915601313943,0.));
#14827=CARTESIAN_POINT('',(0.0348771853360325,-0.0443278700804898,0.005));
#14828=CARTESIAN_POINT('',(0.0513572066819018,-0.032915601313943,0.005));
#14829=CARTESIAN_POINT('',(0.0513572066819018,-0.032915601313943,0.005));
#14830=CARTESIAN_POINT('',(0.0546813536425178,-0.013832125167834,0.00499999999999993));
#14831=CARTESIAN_POINT('',(0.0546813536425178,-0.013832125167834,0.));
#14832=CARTESIAN_POINT('',(0.0486424246704712,-0.0329465783075805,0.));
#14833=CARTESIAN_POINT('',(0.0509587559094742,-0.0335291616982091,0.));
#14834=CARTESIAN_POINT('',(0.0509587559094742,-0.0335291616982091,0.005));
#14835=CARTESIAN_POINT('',(0.0509587559094742,-0.0335291616982091,0.005));
#14836=CARTESIAN_POINT('',(0.0546813536425178,-0.013832125167834,0.005));
#14837=CARTESIAN_POINT('',(0.0486424246704712,-0.0329465783075805,0.005));
#14838=CARTESIAN_POINT('',(0.0486424246704712,-0.0329465783075805,0.005));
#14839=CARTESIAN_POINT('',(0.051157981295688,-0.0332223815060761,0.005));
#14840=CARTESIAN_POINT('',(0.051157981295688,-0.0332223815060761,0.));
#14841=CARTESIAN_POINT('',(0.051157981295688,-0.0332223815060761,0.005));
#14842=CARTESIAN_POINT('',(0.,3.59739997249535E-18,0.005));
#14843=CARTESIAN_POINT('',(0.,3.59739997249535E-18,0.005));
#14844=CARTESIAN_POINT('',(0.048190166618083,-0.0336046178570952,0.005));
#14845=CARTESIAN_POINT('',(0.048190166618083,-0.0336046178570952,0.005));
#14846=CARTESIAN_POINT('',(0.048190166618083,-0.0336046178570952,0.));
#14847=CARTESIAN_POINT('',(0.,3.59739997249535E-18,0.));
#14848=CARTESIAN_POINT('',(0.0325094458967888,-0.0460924511207692,0.00499999999999993));
#14849=CARTESIAN_POINT('',(0.0325094458967888,-0.0460924511207692,0.));
#14850=CARTESIAN_POINT('',(0.0495641539449654,-0.0355583201479738,0.));
#14851=CARTESIAN_POINT('',(0.0325094458967888,-0.0460924511207692,0.005));
#14852=CARTESIAN_POINT('',(0.0495641539449654,-0.0355583201479738,0.005));
#14853=CARTESIAN_POINT('',(0.0495641539449654,-0.0355583201479738,0.005));
#14854=CARTESIAN_POINT('',(0.0538824972502436,-0.0166749696525729,0.00499999999999993));
#14855=CARTESIAN_POINT('',(0.0538824972502436,-0.0166749696525729,0.));
#14856=CARTESIAN_POINT('',(0.0468514712373468,-0.0354471739761588,0.));
#14857=CARTESIAN_POINT('',(0.0491341379664424,-0.0361501863679357,0.));
#14858=CARTESIAN_POINT('',(0.0491341379668347,-0.0361501863690048,0.005));
#14859=CARTESIAN_POINT('',(0.0491341379664424,-0.0361501863679357,0.005));
#14860=CARTESIAN_POINT('',(0.0538824972502436,-0.0166749696525729,0.005));
#14861=CARTESIAN_POINT('',(0.0468514712373468,-0.0354471739761588,0.005));
#14862=CARTESIAN_POINT('',(0.0468514712373468,-0.0354471739761588,0.005));
#14863=CARTESIAN_POINT('',(0.0493491459555078,-0.0358542532574202,0.005));
#14864=CARTESIAN_POINT('',(0.0493491459555078,-0.0358542532574202,0.));
#14865=CARTESIAN_POINT('',(0.0493491459555078,-0.0358542532574202,0.005));
#14866=CARTESIAN_POINT('',(0.,3.59739997249535E-18,0.005));
#14867=CARTESIAN_POINT('',(0.,3.59739997249535E-18,0.005));
#14868=CARTESIAN_POINT('',(0.0463653938598318,-0.0360806423477004,0.005));
#14869=CARTESIAN_POINT('',(0.0463653938598318,-0.0360806423477004,0.005));
#14870=CARTESIAN_POINT('',(0.0463653938598318,-0.0360806423477004,0.));
#14871=CARTESIAN_POINT('',(0.,3.59739997249535E-18,0.));
#14872=CARTESIAN_POINT('',(0.0300526003260549,-0.0477306959563669,0.00499999999999993));
#14873=CARTESIAN_POINT('',(0.0300526003260549,-0.0477306959563669,0.));
#14874=CARTESIAN_POINT('',(0.0476352493072279,-0.0381035760981075,0.));
#14875=CARTESIAN_POINT('',(0.0300526003260549,-0.0477306959563669,0.005));
#14876=CARTESIAN_POINT('',(0.0476352493072279,-0.0381035760981075,0.005));
#14877=CARTESIAN_POINT('',(0.0476352493072279,-0.0381035760981075,0.005));
#14878=CARTESIAN_POINT('',(0.0529359526783359,-0.0194721092045447,0.00499999999999993));
#14879=CARTESIAN_POINT('',(0.0529359526783359,-0.0194721092045447,0.));
#14880=CARTESIAN_POINT('',(0.0449321011781666,-0.0378506114047712,0.));
#14881=CARTESIAN_POINT('',(0.0471748467657331,-0.038672125887461,0.));
#14882=CARTESIAN_POINT('',(0.0471748467657331,-0.038672125887461,0.005));
#14883=CARTESIAN_POINT('',(0.0471748467657331,-0.038672125887461,0.005));
#14884=CARTESIAN_POINT('',(0.0529359526783359,-0.0194721092045447,0.005));
#14885=CARTESIAN_POINT('',(0.0449321011781666,-0.0378506114047712,0.005));
#14886=CARTESIAN_POINT('',(0.0449321011781666,-0.0378506114047712,0.005));
#14887=CARTESIAN_POINT('',(0.0474050480364805,-0.0383878509927843,0.005));
#14888=CARTESIAN_POINT('',(0.0474050480364805,-0.0383878509927843,0.));
#14889=CARTESIAN_POINT('',(0.0474050480364805,-0.0383878509927843,0.005));
#14890=CARTESIAN_POINT('',(0.,3.59739997249535E-18,0.005));
#14891=CARTESIAN_POINT('',(0.,3.59739997249535E-18,0.005));
#14892=CARTESIAN_POINT('',(0.0444135367798299,-0.0384577723055652,0.005));
#14893=CARTESIAN_POINT('',(0.0444135367798299,-0.0384577723055652,0.005));
#14894=CARTESIAN_POINT('',(0.0444135367798299,-0.0384577723055652,0.));
#14895=CARTESIAN_POINT('',(0.,3.59739997249535E-18,0.));
#14896=CARTESIAN_POINT('',(0.0275133826667515,-0.049238114272072,0.00499999999999993));
#14897=CARTESIAN_POINT('',(0.0275133826667515,-0.049238114272072,0.));
#14898=CARTESIAN_POINT('',(0.0455757797622249,-0.0405443927947033,0.));
#14899=CARTESIAN_POINT('',(0.0275133826667515,-0.049238114272072,0.005));
#14900=CARTESIAN_POINT('',(0.0455757797622249,-0.0405443927947033,0.005));
#14901=CARTESIAN_POINT('',(0.0455757797622249,-0.0405443927947033,0.005));
#14902=CARTESIAN_POINT('',(0.0518443143396646,-0.0222158770586891,0.00499999999999993));
#14903=CARTESIAN_POINT('',(0.0518443143396646,-0.0222158770586891,0.));
#14904=CARTESIAN_POINT('',(0.0428895753528492,-0.0401503029384869,0.));
#14905=CARTESIAN_POINT('',(0.0450862525897929,-0.0410880678001687,0.));
#14906=CARTESIAN_POINT('',(0.0450862525900713,-0.041088067801273,0.005));
#14907=CARTESIAN_POINT('',(0.0450862525897929,-0.0410880678001687,0.005));
#14908=CARTESIAN_POINT('',(0.0518443143396646,-0.0222158770586891,0.005));
#14909=CARTESIAN_POINT('',(0.0428895753528492,-0.0401503029384869,0.005));
#14910=CARTESIAN_POINT('',(0.0428895753528492,-0.0401503029384869,0.005));
#14911=CARTESIAN_POINT('',(0.0453310161758697,-0.0408162302968839,0.005));
#14912=CARTESIAN_POINT('',(0.0453310161758697,-0.0408162302968839,0.));
#14913=CARTESIAN_POINT('',(0.0453310161758697,-0.0408162302968839,0.005));
#14914=CARTESIAN_POINT('',(0.,3.59739997249535E-18,0.005));
#14915=CARTESIAN_POINT('',(0.,3.59739997249535E-18,0.005));
#14916=CARTESIAN_POINT('',(0.0423399452826615,-0.0407294921827075,0.005));
#14917=CARTESIAN_POINT('',(0.0423399452826615,-0.0407294921827075,0.005));
#14918=CARTESIAN_POINT('',(0.0423399452826615,-0.0407294921827075,0.));
#14919=CARTESIAN_POINT('',(0.,3.59739997249535E-18,0.));
#14920=CARTESIAN_POINT('',(0.0248987527379992,-0.0506105743390519,0.00499999999999993));
#14921=CARTESIAN_POINT('',(0.0248987527379992,-0.0506105743390519,0.));
#14922=CARTESIAN_POINT('',(0.0433913901728273,-0.0428740801288552,0.));
#14923=CARTESIAN_POINT('',(0.0248987527379992,-0.0506105743390519,0.005));
#14924=CARTESIAN_POINT('',(0.0433913901728273,-0.0428740801288552,0.005));
#14925=CARTESIAN_POINT('',(0.0433913901728273,-0.0428740801288552,0.005));
#14926=CARTESIAN_POINT('',(0.0506105743390498,-0.0248987527380039,0.00499999999999993));
#14927=CARTESIAN_POINT('',(0.0506105743390498,-0.0248987527380039,0.));
#14928=CARTESIAN_POINT('',(0.0407294921827075,-0.0423399452826615,0.));
#14929=CARTESIAN_POINT('',(0.0428740801288552,-0.0433913901728273,0.));
#14930=CARTESIAN_POINT('',(0.0428740801288552,-0.0433913901728273,0.005));
#14931=CARTESIAN_POINT('',(0.0428740801288552,-0.0433913901728273,0.005));
#14932=CARTESIAN_POINT('',(0.0506105743390498,-0.0248987527380039,0.005));
#14933=CARTESIAN_POINT('',(0.0407294921827075,-0.0423399452826615,0.005));
#14934=CARTESIAN_POINT('',(0.0407294921827075,-0.0423399452826615,0.005));
#14935=CARTESIAN_POINT('',(0.0431327351508412,-0.0431327351508412,0.005));
#14936=CARTESIAN_POINT('',(0.0431327351508412,-0.0431327351508412,0.));
#14937=CARTESIAN_POINT('',(0.0431327351508412,-0.0431327351508412,0.005));
#14938=CARTESIAN_POINT('',(0.,3.59739997249535E-18,0.005));
#14939=CARTESIAN_POINT('',(0.,3.59739997249535E-18,0.005));
#14940=CARTESIAN_POINT('',(0.0401503029384869,-0.0428895753528492,0.005));
#14941=CARTESIAN_POINT('',(0.0401503029384869,-0.0428895753528492,0.005));
#14942=CARTESIAN_POINT('',(0.0401503029384869,-0.0428895753528492,0.));
#14943=CARTESIAN_POINT('',(0.,3.59739997249535E-18,0.));
#14944=CARTESIAN_POINT('',(0.0222158770586855,-0.0518443143396659,0.00499999999999993));
#14945=CARTESIAN_POINT('',(0.0222158770586855,-0.0518443143396659,0.));
#14946=CARTESIAN_POINT('',(0.0410880677990645,-0.0450862525895145,0.));
#14947=CARTESIAN_POINT('',(0.0222158770586855,-0.0518443143396659,0.005));
#14948=CARTESIAN_POINT('',(0.0410880677990645,-0.0450862525895145,0.005));
#14949=CARTESIAN_POINT('',(0.0410880677990645,-0.0450862525895145,0.005));
#14950=CARTESIAN_POINT('',(0.0492381142682072,-0.0275133826736901,0.00499999999999993));
#14951=CARTESIAN_POINT('',(0.0492381142682072,-0.0275133826736901,0.));
#14952=CARTESIAN_POINT('',(0.0384577723055722,-0.0444135367798238,0.));
#14953=CARTESIAN_POINT('',(0.040544392794872,-0.0455757797633458,0.));
#14954=CARTESIAN_POINT('',(0.0405443927950334,-0.0455757797644731,0.005));
#14955=CARTESIAN_POINT('',(0.040544392794872,-0.0455757797633458,0.005));
#14956=CARTESIAN_POINT('',(0.0492381142682072,-0.0275133826736901,0.005));
#14957=CARTESIAN_POINT('',(0.0384577723055722,-0.0444135367798238,0.005));
#14958=CARTESIAN_POINT('',(0.0384577723055722,-0.0444135367798238,0.005));
#14959=CARTESIAN_POINT('',(0.0408162302968839,-0.0453310161758697,0.005));
#14960=CARTESIAN_POINT('',(0.0408162302968839,-0.0453310161758697,0.));
#14961=CARTESIAN_POINT('',(0.0408162302968839,-0.0453310161758697,0.005));
#14962=CARTESIAN_POINT('',(0.,3.59739997249535E-18,0.005));
#14963=CARTESIAN_POINT('',(0.,3.59739997249535E-18,0.005));
#14964=CARTESIAN_POINT('',(0.0378506114047581,-0.0449321011781776,0.005));
#14965=CARTESIAN_POINT('',(0.0378506114047581,-0.0449321011781776,0.005));
#14966=CARTESIAN_POINT('',(0.0378506114047581,-0.0449321011781776,0.));
#14967=CARTESIAN_POINT('',(0.,3.59739997249535E-18,0.));
#14968=CARTESIAN_POINT('',(0.0194721092182236,-0.052935952673325,0.00499999999999993));
#14969=CARTESIAN_POINT('',(0.0194721092182236,-0.052935952673325,0.));
#14970=CARTESIAN_POINT('',(0.0386721258874472,-0.0471748467657442,0.));
#14971=CARTESIAN_POINT('',(0.0194721092182236,-0.052935952673325,0.005));
#14972=CARTESIAN_POINT('',(0.0386721258874472,-0.0471748467657442,0.005));
#14973=CARTESIAN_POINT('',(0.0386721258874472,-0.0471748467657442,0.005));
#14974=CARTESIAN_POINT('',(0.047730695903486,-0.0300526004069001,0.00499999999999993));
#14975=CARTESIAN_POINT('',(0.047730695903486,-0.0300526004069001,0.));
#14976=CARTESIAN_POINT('',(0.0360806423478979,-0.0463653938596781,0.));
#14977=CARTESIAN_POINT('',(0.0381035760985918,-0.0476352493080527,0.));
#14978=CARTESIAN_POINT('',(0.038103576098694,-0.0476352493091869,0.005));
#14979=CARTESIAN_POINT('',(0.0381035760985918,-0.0476352493080527,0.005));
#14980=CARTESIAN_POINT('',(0.047730695903486,-0.0300526004069001,0.005));
#14981=CARTESIAN_POINT('',(0.0360806423478979,-0.0463653938596781,0.005));
#14982=CARTESIAN_POINT('',(0.0360806423478979,-0.0463653938596781,0.005));
#14983=CARTESIAN_POINT('',(0.0383878509927842,-0.0474050480364805,0.005));
#14984=CARTESIAN_POINT('',(0.0383878509927842,-0.0474050480364805,0.));
#14985=CARTESIAN_POINT('',(0.0383878509927842,-0.0474050480364805,0.005));
#14986=CARTESIAN_POINT('',(0.,3.59739997249535E-18,0.005));
#14987=CARTESIAN_POINT('',(0.,3.59739997249535E-18,0.005));
#14988=CARTESIAN_POINT('',(0.0354471739761588,-0.0468514712373468,0.005));
#14989=CARTESIAN_POINT('',(0.0354471739761588,-0.0468514712373468,0.005));
#14990=CARTESIAN_POINT('',(0.0354471739761588,-0.0468514712373468,0.));
#14991=CARTESIAN_POINT('',(0.,3.59739997249535E-18,0.));
#14992=CARTESIAN_POINT('',(0.0166749696525633,-0.0538824972502466,0.00499999999999993));
#14993=CARTESIAN_POINT('',(0.0166749696525633,-0.0538824972502466,0.));
#14994=CARTESIAN_POINT('',(0.0361501863668665,-0.0491341379660501,0.));
#14995=CARTESIAN_POINT('',(0.0166749696525633,-0.0538824972502466,0.005));
#14996=CARTESIAN_POINT('',(0.0361501863668665,-0.0491341379660501,0.005));
#14997=CARTESIAN_POINT('',(0.0361501863668665,-0.0491341379660501,0.005));
#14998=CARTESIAN_POINT('',(0.0460924511207666,-0.0325094458967927,0.00499999999999993));
#14999=CARTESIAN_POINT('',(0.0460924511207666,-0.0325094458967927,0.));
#15000=CARTESIAN_POINT('',(0.0336046178570952,-0.048190166618083,0.));
#15001=CARTESIAN_POINT('',(0.0355583201480165,-0.0495641539461035,0.));
#15002=CARTESIAN_POINT('',(0.0355583201480592,-0.0495641539472415,0.005));
#15003=CARTESIAN_POINT('',(0.0355583201480165,-0.0495641539461035,0.005));
#15004=CARTESIAN_POINT('',(0.0460924511207666,-0.0325094458967927,0.005));
#15005=CARTESIAN_POINT('',(0.0336046178570952,-0.048190166618083,0.005));
#15006=CARTESIAN_POINT('',(0.0336046178570952,-0.048190166618083,0.005));
#15007=CARTESIAN_POINT('',(0.0358542532574201,-0.0493491459555078,0.005));
#15008=CARTESIAN_POINT('',(0.0358542532574201,-0.0493491459555078,0.));
#15009=CARTESIAN_POINT('',(0.0358542532574201,-0.0493491459555078,0.005));
#15010=CARTESIAN_POINT('',(0.,3.59739997249535E-18,0.005));
#15011=CARTESIAN_POINT('',(0.,3.59739997249535E-18,0.005));
#15012=CARTESIAN_POINT('',(0.0329465783075805,-0.0486424246704712,0.005));
#15013=CARTESIAN_POINT('',(0.0329465783075805,-0.0486424246704712,0.005));
#15014=CARTESIAN_POINT('',(0.0329465783075805,-0.0486424246704712,0.));
#15015=CARTESIAN_POINT('',(0.,3.59739997249535E-18,0.));
#15016=CARTESIAN_POINT('',(0.01383212516785,-0.0546813536425138,0.00499999999999993));
#15017=CARTESIAN_POINT('',(0.01383212516785,-0.0546813536425138,0.));
#15018=CARTESIAN_POINT('',(0.033529161698209,-0.0509587559094742,0.));
#15019=CARTESIAN_POINT('',(0.01383212516785,-0.0546813536425138,0.005));
#15020=CARTESIAN_POINT('',(0.033529161698209,-0.0509587559094742,0.005));
#15021=CARTESIAN_POINT('',(0.033529161698209,-0.0509587559094742,0.005));
#15022=CARTESIAN_POINT('',(0.0443278700804882,-0.034877185336034,0.00499999999999993));
#15023=CARTESIAN_POINT('',(0.0443278700804882,-0.034877185336034,0.));
#15024=CARTESIAN_POINT('',(0.031036485444772,-0.0498828534792914,0.));
#15025=CARTESIAN_POINT('',(0.032915601313926,-0.0513572066830405,0.));
#15026=CARTESIAN_POINT('',(0.0329156013139091,-0.0513572066841792,0.005));
#15027=CARTESIAN_POINT('',(0.032915601313926,-0.0513572066830405,0.005));
#15028=CARTESIAN_POINT('',(0.0443278700804882,-0.034877185336034,0.005));
#15029=CARTESIAN_POINT('',(0.031036485444772,-0.0498828534792914,0.005));
#15030=CARTESIAN_POINT('',(0.031036485444772,-0.0498828534792914,0.005));
#15031=CARTESIAN_POINT('',(0.033222381506076,-0.051157981295688,0.005));
#15032=CARTESIAN_POINT('',(0.033222381506076,-0.051157981295688,0.));
#15033=CARTESIAN_POINT('',(0.033222381506076,-0.051157981295688,0.005));
#15034=CARTESIAN_POINT('',(0.,3.59739997249535E-18,0.005));
#15035=CARTESIAN_POINT('',(0.,3.59739997249535E-18,0.005));
#15036=CARTESIAN_POINT('',(0.0303556783579498,-0.0503000525986673,0.005));
#15037=CARTESIAN_POINT('',(0.0303556783579499,-0.0503000525986673,0.005));
#15038=CARTESIAN_POINT('',(0.0303556783579498,-0.0503000525986673,0.));
#15039=CARTESIAN_POINT('',(0.,3.59739997249535E-18,0.));
#15040=CARTESIAN_POINT('',(0.0109513677894838,-0.055330332245308,0.00499999999999993));
#15041=CARTESIAN_POINT('',(0.0109513677894838,-0.055330332245308,0.));
#15042=CARTESIAN_POINT('',(0.0308162359279203,-0.0526436994450502,0.));
#15043=CARTESIAN_POINT('',(0.0109513677894838,-0.055330332245308,0.005));
#15044=CARTESIAN_POINT('',(0.0308162359279203,-0.0526436994450502,0.005));
#15045=CARTESIAN_POINT('',(0.0308162359279203,-0.0526436994450502,0.005));
#15046=CARTESIAN_POINT('',(0.0424417894295257,-0.0371493288345365,0.00499999999999993));
#15047=CARTESIAN_POINT('',(0.0424417894295257,-0.0371493288345365,0.));
#15048=CARTESIAN_POINT('',(0.0283832841831644,-0.0514388149064277,0.));
#15049=CARTESIAN_POINT('',(0.0301826631046461,-0.0530094928851188,0.));
#15050=CARTESIAN_POINT('',(0.0301826631046461,-0.0530094928851188,0.005));
#15051=CARTESIAN_POINT('',(0.0301826631046461,-0.0530094928851188,0.005));
#15052=CARTESIAN_POINT('',(0.0424417894295257,-0.0371493288345365,0.005));
#15053=CARTESIAN_POINT('',(0.0283832841831644,-0.0514388149064277,0.005));
#15054=CARTESIAN_POINT('',(0.0283832841831644,-0.0514388149064277,0.005));
#15055=CARTESIAN_POINT('',(0.0304994495162832,-0.0528265961650845,0.005));
#15056=CARTESIAN_POINT('',(0.0304994495162832,-0.0528265961650845,0.));
#15057=CARTESIAN_POINT('',(0.0304994495162832,-0.0528265961650845,0.005));
#15058=CARTESIAN_POINT('',(0.,3.59739997249535E-18,0.005));
#15059=CARTESIAN_POINT('',(0.,3.59739997249535E-18,0.005));
#15060=CARTESIAN_POINT('',(0.0276815756039373,-0.0518198115790043,0.005));
#15061=CARTESIAN_POINT('',(0.0276815756039373,-0.0518198115790043,0.005));
#15062=CARTESIAN_POINT('',(0.0276815756039373,-0.0518198115790043,0.));
#15063=CARTESIAN_POINT('',(0.,3.59739997249535E-18,0.));
#15064=CARTESIAN_POINT('',(0.00804059347325985,-0.0558276542533761,0.00499999999999993));
#15065=CARTESIAN_POINT('',(0.00804059347325985,-0.0558276542533761,0.));
#15066=CARTESIAN_POINT('',(0.0280188449969634,-0.054184350259666,0.));
#15067=CARTESIAN_POINT('',(0.00804059347325985,-0.0558276542533761,0.005));
#15068=CARTESIAN_POINT('',(0.0280188449969634,-0.054184350259666,0.005));
#15069=CARTESIAN_POINT('',(0.0280188449969634,-0.054184350259666,0.005));
#15070=CARTESIAN_POINT('',(0.0404393787838278,-0.0393196486049256,0.00499999999999993));
#15071=CARTESIAN_POINT('',(0.0404393787838278,-0.0393196486049256,0.));
#15072=CARTESIAN_POINT('',(0.0256522863125086,-0.0528537861173737,0.));
#15073=CARTESIAN_POINT('',(0.0273669963136147,-0.0545164837541131,0.));
#15074=CARTESIAN_POINT('',(0.0273669963134788,-0.0545164837552438,0.005));
#15075=CARTESIAN_POINT('',(0.0273669963136147,-0.0545164837541131,0.005));
#15076=CARTESIAN_POINT('',(0.0404393787838278,-0.0393196486049256,0.005));
#15077=CARTESIAN_POINT('',(0.0256522863125086,-0.0528537861173737,0.005));
#15078=CARTESIAN_POINT('',(0.0256522863125086,-0.0528537861173737,0.005));
#15079=CARTESIAN_POINT('',(0.027692920655357,-0.0543504170063242,0.005));
#15080=CARTESIAN_POINT('',(0.027692920655357,-0.0543504170063242,0.));
#15081=CARTESIAN_POINT('',(0.027692920655357,-0.0543504170063242,0.005));
#15082=CARTESIAN_POINT('',(0.,3.59739997249535E-18,0.005));
#15083=CARTESIAN_POINT('',(0.,3.59739997249535E-18,0.005));
#15084=CARTESIAN_POINT('',(0.0249315995752606,-0.0531975360577806,0.005));
#15085=CARTESIAN_POINT('',(0.0249315995752606,-0.0531975360577806,0.005));
#15086=CARTESIAN_POINT('',(0.0249315995752606,-0.0531975360577806,0.));
#15087=CARTESIAN_POINT('',(0.,3.59739997249535E-18,0.));
#15088=CARTESIAN_POINT('',(0.0051077805023621,-0.0561719565369085,0.00499999999999993));
#15089=CARTESIAN_POINT('',(0.0051077805023621,-0.0561719565369085,0.));
#15090=CARTESIAN_POINT('',(0.0251446563593765,-0.0555764855365544,0.));
#15091=CARTESIAN_POINT('',(0.0051077805023621,-0.0561719565369085,0.005));
#15092=CARTESIAN_POINT('',(0.0251446563593765,-0.0555764855365544,0.005));
#15093=CARTESIAN_POINT('',(0.0251446563593765,-0.0555764855365544,0.005));
#15094=CARTESIAN_POINT('',(0.038326126611775,-0.0413821959515797,0.00499999999999993));
#15095=CARTESIAN_POINT('',(0.038326126611775,-0.0413821959515797,0.));
#15096=CARTESIAN_POINT('',(0.0228509773081388,-0.0541238887743935,0.));
#15097=CARTESIAN_POINT('',(0.0244763184880207,-0.0558740487293954,0.));
#15098=CARTESIAN_POINT('',(0.0244763184878259,-0.0558740487305174,0.005));
#15099=CARTESIAN_POINT('',(0.0244763184880207,-0.0558740487293954,0.005));
#15100=CARTESIAN_POINT('',(0.038326126611775,-0.0413821959515797,0.005));
#15101=CARTESIAN_POINT('',(0.0228509773081388,-0.0541238887743935,0.005));
#15102=CARTESIAN_POINT('',(0.0228509773081389,-0.0541238887743935,0.005));
#15103=CARTESIAN_POINT('',(0.0248104874238257,-0.0557252671324007,0.005));
#15104=CARTESIAN_POINT('',(0.0248104874238257,-0.0557252671324007,0.));
#15105=CARTESIAN_POINT('',(0.0248104874238257,-0.0557252671324007,0.005));
#15106=CARTESIAN_POINT('',(0.,3.59739997249535E-18,0.005));
#15107=CARTESIAN_POINT('',(0.,3.59739997249535E-18,0.005));
#15108=CARTESIAN_POINT('',(0.0221132877652352,-0.0544294497878851,0.005));
#15109=CARTESIAN_POINT('',(0.0221132877652352,-0.0544294497878851,0.005));
#15110=CARTESIAN_POINT('',(0.0221132877652352,-0.0544294497878851,0.));
#15111=CARTESIAN_POINT('',(0.,3.59739997249535E-18,0.));
#15112=CARTESIAN_POINT('',(0.00216096735395976,-0.0563622954015523,0.00499999999999993));
#15113=CARTESIAN_POINT('',(0.00216096735395976,-0.0563622954015523,0.));
#15114=CARTESIAN_POINT('',(0.0222015479666107,-0.0568162895296086,0.));
#15115=CARTESIAN_POINT('',(0.00216096735395976,-0.0563622954015523,0.005));
#15116=CARTESIAN_POINT('',(0.0222015479666107,-0.0568162895296086,0.005));
#15117=CARTESIAN_POINT('',(0.0222015479666107,-0.0568162895296086,0.005));
#15118=CARTESIAN_POINT('',(0.0361078251906971,-0.0433313175755687,0.00499999999999993));
#15119=CARTESIAN_POINT('',(0.0361078251906971,-0.0433313175755687,0.));
#15120=CARTESIAN_POINT('',(0.0199870353633194,-0.0552456416143882,0.));
#15121=CARTESIAN_POINT('',(0.0215185527747792,-0.0570784668208679,0.));
#15122=CARTESIAN_POINT('',(0.0215185527745259,-0.0570784668219782,0.005));
#15123=CARTESIAN_POINT('',(0.0215185527747792,-0.0570784668208679,0.005));
#15124=CARTESIAN_POINT('',(0.0361078251906971,-0.0433313175755687,0.005));
#15125=CARTESIAN_POINT('',(0.0199870353633194,-0.0552456416143882,0.005));
#15126=CARTESIAN_POINT('',(0.0199870353633194,-0.0552456416143882,0.005));
#15127=CARTESIAN_POINT('',(0.0218600503708216,-0.0569473781746831,0.005));
#15128=CARTESIAN_POINT('',(0.0218600503708216,-0.0569473781746831,0.));
#15129=CARTESIAN_POINT('',(0.0218600503708216,-0.0569473781746831,0.005));
#15130=CARTESIAN_POINT('',(0.,3.59739997249535E-18,0.005));
#15131=CARTESIAN_POINT('',(0.,3.59739997249535E-18,0.005));
#15132=CARTESIAN_POINT('',(0.0192343649704646,-0.055512176179492,0.005));
#15133=CARTESIAN_POINT('',(0.0192343649704646,-0.055512176179492,0.005));
#15134=CARTESIAN_POINT('',(0.0192343649704646,-0.055512176179492,0.));
#15135=CARTESIAN_POINT('',(0.,3.59739997249535E-18,0.));
#15136=CARTESIAN_POINT('',(-0.000791768802592491,-0.0563981491274312,0.00499999999999993));
#15137=CARTESIAN_POINT('',(-0.000791768802592491,-0.0563981491274312,0.));
#15138=CARTESIAN_POINT('',(0.0191975866740198,-0.0579003640223403,0.));
#15139=CARTESIAN_POINT('',(-0.000791768802592491,-0.0563981491274312,0.005));
#15140=CARTESIAN_POINT('',(0.0191975866740198,-0.0579003640223403,0.005));
#15141=CARTESIAN_POINT('',(0.0191975866740198,-0.0579003640223403,0.005));
#15142=CARTESIAN_POINT('',(0.0337905547306023,-0.0451616710700003,0.00499999999999993));
#15143=CARTESIAN_POINT('',(0.0337905547306023,-0.0451616710700003,0.));
#15144=CARTESIAN_POINT('',(0.0170683103438509,-0.0562159699907952,0.));
#15145=CARTESIAN_POINT('',(0.0185018062041182,-0.05812643680226,0.));
#15146=CARTESIAN_POINT('',(0.0185018062038072,-0.0581264368033555,0.005));
#15147=CARTESIAN_POINT('',(0.0185018062041182,-0.05812643680226,0.005));
#15148=CARTESIAN_POINT('',(0.0337905547306023,-0.0451616710700003,0.005));
#15149=CARTESIAN_POINT('',(0.0170683103438509,-0.0562159699907952,0.005));
#15150=CARTESIAN_POINT('',(0.0170683103438509,-0.0562159699907952,0.005));
#15151=CARTESIAN_POINT('',(0.0188496964392246,-0.0580134004117524,0.005));
#15152=CARTESIAN_POINT('',(0.0188496964392246,-0.0580134004117524,0.));
#15153=CARTESIAN_POINT('',(0.0188496964392246,-0.0580134004117524,0.005));
#15154=CARTESIAN_POINT('',(0.,3.59739997249535E-18,0.005));
#15155=CARTESIAN_POINT('',(0.,3.59739997249535E-18,0.005));
#15156=CARTESIAN_POINT('',(0.0163027221182743,-0.0564427475547951,0.005));
#15157=CARTESIAN_POINT('',(0.0163027221182743,-0.0564427475547951,0.005));
#15158=CARTESIAN_POINT('',(0.0163027221182743,-0.0564427475547951,0.));
#15159=CARTESIAN_POINT('',(0.,3.59739997249535E-18,0.));
#15160=CARTESIAN_POINT('',(-0.00374233477587919,-0.0562794194467388,0.00499999999999993));
#15161=CARTESIAN_POINT('',(-0.00374233477587919,-0.0562794194467388,0.));
#15162=CARTESIAN_POINT('',(0.0161410061307633,-0.0588257376418918,0.));
#15163=CARTESIAN_POINT('',(-0.00374233477587919,-0.0562794194467388,0.005));
#15164=CARTESIAN_POINT('',(0.0161410061307633,-0.0588257376418918,0.005));
#15165=CARTESIAN_POINT('',(0.0161410061307633,-0.0588257376418918,0.005));
#15166=CARTESIAN_POINT('',(0.0313806667087452,-0.0468682395631772,0.00499999999999993));
#15167=CARTESIAN_POINT('',(0.0313806667087452,-0.0468682395631772,0.));
#15168=CARTESIAN_POINT('',(0.0141028022721336,-0.0570322143009817,0.));
#15169=CARTESIAN_POINT('',(0.0154343474690645,-0.0590150862596184,0.));
#15170=CARTESIAN_POINT('',(0.0154343474690645,-0.0590150862596184,0.005));
#15171=CARTESIAN_POINT('',(0.0154343474690645,-0.0590150862596184,0.005));
#15172=CARTESIAN_POINT('',(0.0313806667087452,-0.0468682395631772,0.005));
#15173=CARTESIAN_POINT('',(0.0141028022721336,-0.0570322143009817,0.005));
#15174=CARTESIAN_POINT('',(0.0141028022721336,-0.0570322143009817,0.005));
#15175=CARTESIAN_POINT('',(0.015787676799914,-0.0589204119507551,0.005));
#15176=CARTESIAN_POINT('',(0.015787676799914,-0.0589204119507551,0.));
#15177=CARTESIAN_POINT('',(0.015787676799914,-0.0589204119507551,0.005));
#15178=CARTESIAN_POINT('',(0.,3.59739997249535E-18,0.005));
#15179=CARTESIAN_POINT('',(0.,3.59739997249535E-18,0.005));
#15180=CARTESIAN_POINT('',(0.013326394637946,-0.0572186132823378,0.005));
#15181=CARTESIAN_POINT('',(0.013326394637946,-0.0572186132823378,0.005));
#15182=CARTESIAN_POINT('',(0.013326394637946,-0.0572186132823378,0.));
#15183=CARTESIAN_POINT('',(0.,3.59739997249535E-18,0.));
#15184=CARTESIAN_POINT('',(-0.0066826432696677,-0.0560064317892785,0.00499999999999993));
#15185=CARTESIAN_POINT('',(-0.0066826432696677,-0.0560064317892785,0.));
#15186=CARTESIAN_POINT('',(0.0130401842116499,-0.0595898740034938,0.));
#15187=CARTESIAN_POINT('',(-0.0066826432696677,-0.0560064317892785,0.005));
#15188=CARTESIAN_POINT('',(0.0130401842116499,-0.0595898740034938,0.005));
#15189=CARTESIAN_POINT('',(0.0130401842116499,-0.0595898740034938,0.005));
#15190=CARTESIAN_POINT('',(0.0288847664346488,-0.0484463454850505,0.00499999999999993));
#15191=CARTESIAN_POINT('',(0.0288847664346488,-0.0484463454850505,0.));
#15192=CARTESIAN_POINT('',(0.0110986393996969,-0.0576921372760231,0.));
#15193=CARTESIAN_POINT('',(0.0123245842597277,-0.0597419794697725,0.));
#15194=CARTESIAN_POINT('',(0.0123245842593038,-0.0597419794708295,0.005));
#15195=CARTESIAN_POINT('',(0.0123245842597277,-0.0597419794697725,0.005));
#15196=CARTESIAN_POINT('',(0.0288847664346488,-0.0484463454850505,0.005));
#15197=CARTESIAN_POINT('',(0.0110986393996969,-0.0576921372760231,0.005));
#15198=CARTESIAN_POINT('',(0.0110986393996969,-0.0576921372760231,0.005));
#15199=CARTESIAN_POINT('',(0.0126823842358827,-0.0596659267361085,0.005));
#15200=CARTESIAN_POINT('',(0.0126823842358827,-0.0596659267361085,0.));
#15201=CARTESIAN_POINT('',(0.0126823842358827,-0.0596659267361085,0.005));
#15202=CARTESIAN_POINT('',(0.,3.59739997249535E-18,0.005));
#15203=CARTESIAN_POINT('',(0.,3.59739997249535E-18,0.005));
#15204=CARTESIAN_POINT('',(0.0103135404361159,-0.0578376467681094,0.005));
#15205=CARTESIAN_POINT('',(0.0103135404361159,-0.0578376467681094,0.005));
#15206=CARTESIAN_POINT('',(0.0103135404361159,-0.0578376467681094,0.));
#15207=CARTESIAN_POINT('',(0.,3.59739997249535E-18,0.));
#15208=CARTESIAN_POINT('',(-0.00960463501208782,-0.0555799344110322,0.00499999999999993));
#15209=CARTESIAN_POINT('',(-0.00960463501208782,-0.0555799344110322,0.));
#15210=CARTESIAN_POINT('',(0.00990362005391383,-0.0601906786625111,0.));
#15211=CARTESIAN_POINT('',(-0.00960463501208782,-0.0555799344110322,0.005));
#15212=CARTESIAN_POINT('',(0.00990362005391383,-0.0601906786625111,0.005));
#15213=CARTESIAN_POINT('',(0.00990362005391383,-0.0601906786625111,0.005));
#15214=CARTESIAN_POINT('',(0.0263096950754984,-0.0498916633103269,0.00499999999999993));
#15215=CARTESIAN_POINT('',(0.0263096950754984,-0.0498916633103269,0.));
#15216=CARTESIAN_POINT('',(0.00806405592805325,-0.0581939301129356,0.));
#15217=CARTESIAN_POINT('',(0.00918104022238071,-0.0603051240647182,0.));
#15218=CARTESIAN_POINT('',(0.00918104022238071,-0.0603051240647182,0.005));
#15219=CARTESIAN_POINT('',(0.00918104022238071,-0.0603051240647182,0.005));
#15220=CARTESIAN_POINT('',(0.0263096950754984,-0.0498916633103269,0.005));
#15221=CARTESIAN_POINT('',(0.00806405592805325,-0.0581939301129356,0.005));
#15222=CARTESIAN_POINT('',(0.00806405592805325,-0.0581939301129356,0.005));
#15223=CARTESIAN_POINT('',(0.00954233013820262,-0.0602479013636059,0.005));
#15224=CARTESIAN_POINT('',(0.00954233013820262,-0.0602479013636059,0.));
#15225=CARTESIAN_POINT('',(0.00954233013820262,-0.0602479013636059,0.005));
#15226=CARTESIAN_POINT('',(0.,3.59739997249535E-18,0.005));
#15227=CARTESIAN_POINT('',(0.,3.59739997249535E-18,0.005));
#15228=CARTESIAN_POINT('',(0.00727241753704673,-0.0582981512842976,0.005));
#15229=CARTESIAN_POINT('',(0.00727241753704673,-0.0582981512842976,0.005));
#15230=CARTESIAN_POINT('',(0.00727241753704673,-0.0582981512842976,0.));
#15231=CARTESIAN_POINT('',(0.,3.59739997249535E-18,0.));
#15232=CARTESIAN_POINT('',(-0.0125003012986613,-0.055001096264342,0.00499999999999993));
#15233=CARTESIAN_POINT('',(-0.0125003012986613,-0.055001096264342,0.));
#15234=CARTESIAN_POINT('',(0.00673991076222319,-0.0606265048550821,0.));
#15235=CARTESIAN_POINT('',(-0.0125003012986613,-0.055001096264342,0.005));
#15236=CARTESIAN_POINT('',(0.00673991076222319,-0.0606265048550821,0.005));
#15237=CARTESIAN_POINT('',(0.00673991076222319,-0.0606265048550821,0.005));
#15238=CARTESIAN_POINT('',(0.0236625106448781,-0.0512002315699624,0.00499999999999993));
#15239=CARTESIAN_POINT('',(0.0236625106448781,-0.0512002315699624,0.));
#15240=CARTESIAN_POINT('',(0.0050073694396711,-0.0585362174324123,0.));
#15241=CARTESIAN_POINT('',(0.00601233159103057,-0.0607029765084166,0.));
#15242=CARTESIAN_POINT('',(0.00601233159049853,-0.0607029765094235,0.005));
#15243=CARTESIAN_POINT('',(0.00601233159103057,-0.0607029765084166,0.005));
#15244=CARTESIAN_POINT('',(0.0236625106448781,-0.0512002315699624,0.005));
#15245=CARTESIAN_POINT('',(0.0050073694396711,-0.0585362174324123,0.005));
#15246=CARTESIAN_POINT('',(0.0050073694396711,-0.0585362174324123,0.005));
#15247=CARTESIAN_POINT('',(0.00637612117689289,-0.0606647406812459,0.005));
#15248=CARTESIAN_POINT('',(0.00637612117689289,-0.0606647406812459,0.));
#15249=CARTESIAN_POINT('',(0.00637612117689289,-0.0606647406812459,0.005));
#15250=CARTESIAN_POINT('',(0.,3.59739997249535E-18,0.005));
#15251=CARTESIAN_POINT('',(0.,3.59739997249535E-18,0.005));
#15252=CARTESIAN_POINT('',(0.00421136144690249,-0.0585988646200892,0.005));
#15253=CARTESIAN_POINT('',(0.00421136144690249,-0.0585988646200892,0.005));
#15254=CARTESIAN_POINT('',(0.00421136144690249,-0.0585988646200892,0.));
#15255=CARTESIAN_POINT('',(0.,3.59739997249535E-18,0.));
#15256=CARTESIAN_POINT('',(-0.0153617050375808,-0.0542715039516605,0.00499999999999993));
#15257=CARTESIAN_POINT('',(-0.0153617050375808,-0.0542715039516605,0.));
#15258=CARTESIAN_POINT('',(0.00355772784350814,-0.0608961580119596,0.));
#15259=CARTESIAN_POINT('',(-0.0153617050375808,-0.0542715039516605,0.005));
#15260=CARTESIAN_POINT('',(0.00355772784350814,-0.0608961580119596,0.005));
#15261=CARTESIAN_POINT('',(0.00355772784350814,-0.0608961580119596,0.005));
#15262=CARTESIAN_POINT('',(0.0209504689173492,-0.0523684635537449,0.00499999999999993));
#15263=CARTESIAN_POINT('',(0.0209504689173492,-0.0523684635537449,0.));
#15264=CARTESIAN_POINT('',(0.00193695809971288,-0.0587180610487093,0.));
#15265=CARTESIAN_POINT('',(0.00282714357718018,-0.0609344463118841,0.));
#15266=CARTESIAN_POINT('',(0.00282714357659618,-0.0609344463128618,0.005));
#15267=CARTESIAN_POINT('',(0.00282714357718018,-0.0609344463118841,0.005));
#15268=CARTESIAN_POINT('',(0.0209504689173492,-0.0523684635537449,0.005));
#15269=CARTESIAN_POINT('',(0.00193695809971288,-0.0587180610487093,0.005));
#15270=CARTESIAN_POINT('',(0.00193695809971288,-0.0587180610487093,0.005));
#15271=CARTESIAN_POINT('',(0.00319243571063615,-0.060915302161433,0.005));
#15272=CARTESIAN_POINT('',(0.00319243571063615,-0.060915302161433,0.));
#15273=CARTESIAN_POINT('',(0.00319243571063615,-0.060915302161433,0.005));
#15274=CARTESIAN_POINT('',(0.,3.59739997249535E-18,0.005));
#15275=CARTESIAN_POINT('',(0.,3.59739997249535E-18,0.005));
#15276=CARTESIAN_POINT('',(0.00113876230776039,-0.0587389625411142,0.005));
#15277=CARTESIAN_POINT('',(0.00113876230776039,-0.0587389625411142,0.005));
#15278=CARTESIAN_POINT('',(0.00113876230776039,-0.0587389625411142,0.));
#15279=CARTESIAN_POINT('',(0.,3.59739997249535E-18,0.));
#15280=CARTESIAN_POINT('',(-0.018181003410768,-0.0533931572190143,0.00499999999999993));
#15281=CARTESIAN_POINT('',(-0.018181003410768,-0.0533931572190143,0.));
#15282=CARTESIAN_POINT('',(0.000365793440068593,-0.0609988990325664,0.));
#15283=CARTESIAN_POINT('',(-0.018181003410768,-0.0533931572190143,0.005));
#15284=CARTESIAN_POINT('',(0.000365793440068593,-0.0609988990325664,0.005));
#15285=CARTESIAN_POINT('',(0.000365793440068593,-0.0609988990325664,0.005));
#15286=CARTESIAN_POINT('',(0.0181810034107677,-0.0533931572190144,0.00499999999999993));
#15287=CARTESIAN_POINT('',(0.0181810034107677,-0.0533931572190144,0.));
#15288=CARTESIAN_POINT('',(-0.00113876230776041,-0.0587389625411142,0.));
#15289=CARTESIAN_POINT('',(-0.000365793440068615,-0.0609988990325664,0.));
#15290=CARTESIAN_POINT('',(-0.000365793440068618,-0.0609988990325664,0.005));
#15291=CARTESIAN_POINT('',(-0.000365793440068615,-0.0609988990325664,0.005));
#15292=CARTESIAN_POINT('',(0.0181810034107677,-0.0533931572190144,0.005));
#15293=CARTESIAN_POINT('',(-0.00113876230776041,-0.0587389625411142,0.005));
#15294=CARTESIAN_POINT('',(-0.00113876230776041,-0.0587389625411142,0.005));
#15295=CARTESIAN_POINT('',(-1.12053159677617E-17,-0.0609988990325664,0.005));
#15296=CARTESIAN_POINT('',(-1.12053159677617E-17,-0.0609988990325664,0.));
#15297=CARTESIAN_POINT('',(-1.12053159677617E-17,-0.0609988990325664,0.005));
#15298=CARTESIAN_POINT('',(0.,3.59739997249535E-18,0.005));
#15299=CARTESIAN_POINT('',(0.,3.59739997249535E-18,0.005));
#15300=CARTESIAN_POINT('',(-0.00193695809971283,-0.0587180610487093,0.005));
#15301=CARTESIAN_POINT('',(-0.00193695809971283,-0.0587180610487093,0.005));
#15302=CARTESIAN_POINT('',(-0.00193695809971283,-0.0587180610487093,0.));
#15303=CARTESIAN_POINT('',(0.,3.59739997249535E-18,0.));
#15304=CARTESIAN_POINT('',(-0.0209504689173483,-0.0523684635537451,0.00499999999999993));
#15305=CARTESIAN_POINT('',(-0.0209504689173483,-0.0523684635537451,0.));
#15306=CARTESIAN_POINT('',(-0.00282714357776416,-0.0609344463109064,0.));
#15307=CARTESIAN_POINT('',(-0.0209504689173483,-0.0523684635537451,0.005));
#15308=CARTESIAN_POINT('',(-0.00282714357776416,-0.0609344463109064,0.005));
#15309=CARTESIAN_POINT('',(-0.00282714357776416,-0.0609344463109064,0.005));
#15310=CARTESIAN_POINT('',(0.015361705037579,-0.054271503951661,0.00499999999999993));
#15311=CARTESIAN_POINT('',(0.015361705037579,-0.054271503951661,0.));
#15312=CARTESIAN_POINT('',(-0.00421136144690245,-0.0585988646200892,0.));
#15313=CARTESIAN_POINT('',(-0.0035577278441911,-0.0608961580128709,0.));
#15314=CARTESIAN_POINT('',(-0.00355772784487411,-0.0608961580137822,0.005));
#15315=CARTESIAN_POINT('',(-0.0035577278441911,-0.0608961580128709,0.005));
#15316=CARTESIAN_POINT('',(0.015361705037579,-0.054271503951661,0.005));
#15317=CARTESIAN_POINT('',(-0.00421136144690245,-0.0585988646200892,0.005));
#15318=CARTESIAN_POINT('',(-0.00421136144690246,-0.0585988646200892,0.005));
#15319=CARTESIAN_POINT('',(-0.00319243571063612,-0.060915302161433,0.005));
#15320=CARTESIAN_POINT('',(-0.00319243571063612,-0.060915302161433,0.));
#15321=CARTESIAN_POINT('',(-0.00319243571063612,-0.060915302161433,0.005));
#15322=CARTESIAN_POINT('',(0.,3.59739997249535E-18,0.005));
#15323=CARTESIAN_POINT('',(0.,3.59739997249535E-18,0.005));
#15324=CARTESIAN_POINT('',(-0.00500736943967112,-0.0585362174324123,0.005));
#15325=CARTESIAN_POINT('',(-0.00500736943967112,-0.0585362174324123,0.005));
#15326=CARTESIAN_POINT('',(-0.00500736943967112,-0.0585362174324123,0.));
#15327=CARTESIAN_POINT('',(0.,3.59739997249535E-18,0.));
#15328=CARTESIAN_POINT('',(-0.0236625106448737,-0.0512002315699643,0.00499999999999993));
#15329=CARTESIAN_POINT('',(-0.0236625106448737,-0.0512002315699643,0.));
#15330=CARTESIAN_POINT('',(-0.00601233159156264,-0.0607029765074097,0.));
#15331=CARTESIAN_POINT('',(-0.0236625106448737,-0.0512002315699643,0.005));
#15332=CARTESIAN_POINT('',(-0.00601233159156264,-0.0607029765074097,0.005));
#15333=CARTESIAN_POINT('',(-0.00601233159156264,-0.0607029765074097,0.005));
#15334=CARTESIAN_POINT('',(0.0125003012986599,-0.0550010962643424,0.00499999999999993));
#15335=CARTESIAN_POINT('',(0.0125003012986599,-0.0550010962643424,0.));
#15336=CARTESIAN_POINT('',(-0.00727241753704675,-0.0582981512842976,0.));
#15337=CARTESIAN_POINT('',(-0.00673991076295297,-0.0606265048559564,0.));
#15338=CARTESIAN_POINT('',(-0.00673991076368273,-0.0606265048568307,0.005));
#15339=CARTESIAN_POINT('',(-0.00673991076295297,-0.0606265048559564,0.005));
#15340=CARTESIAN_POINT('',(0.0125003012986599,-0.0550010962643424,0.005));
#15341=CARTESIAN_POINT('',(-0.00727241753704675,-0.0582981512842976,0.005));
#15342=CARTESIAN_POINT('',(-0.00727241753704675,-0.0582981512842976,0.005));
#15343=CARTESIAN_POINT('',(-0.00637612117689291,-0.0606647406812459,0.005));
#15344=CARTESIAN_POINT('',(-0.00637612117689291,-0.0606647406812459,0.));
#15345=CARTESIAN_POINT('',(-0.00637612117689291,-0.0606647406812459,0.005));
#15346=CARTESIAN_POINT('',(0.,3.59739997249535E-18,0.005));
#15347=CARTESIAN_POINT('',(0.,3.59739997249535E-18,0.005));
#15348=CARTESIAN_POINT('',(-0.00806405592805322,-0.0581939301129356,0.005));
#15349=CARTESIAN_POINT('',(-0.00806405592805322,-0.0581939301129356,0.005));
#15350=CARTESIAN_POINT('',(-0.00806405592805322,-0.0581939301129356,0.));
#15351=CARTESIAN_POINT('',(0.,3.59739997249535E-18,0.));
#15352=CARTESIAN_POINT('',(-0.0263096950755004,-0.0498916633103259,0.00499999999999993));
#15353=CARTESIAN_POINT('',(-0.0263096950755004,-0.0498916633103259,0.));
#15354=CARTESIAN_POINT('',(-0.00918104022238068,-0.0603051240647182,0.));
#15355=CARTESIAN_POINT('',(-0.0263096950755004,-0.0498916633103259,0.005));
#15356=CARTESIAN_POINT('',(-0.00918104022238068,-0.0603051240647182,0.005));
#15357=CARTESIAN_POINT('',(-0.00918104022238068,-0.0603051240647182,0.005));
#15358=CARTESIAN_POINT('',(0.00960463510276872,-0.0555799343952419,0.00499999999999993));
#15359=CARTESIAN_POINT('',(0.00960463510276872,-0.0555799343952419,0.));
#15360=CARTESIAN_POINT('',(-0.0103135404362215,-0.0578376467680906,0.));
#15361=CARTESIAN_POINT('',(-0.00990362005402451,-0.0601906786624935,0.));
#15362=CARTESIAN_POINT('',(-0.00990362005402451,-0.0601906786624935,0.005));
#15363=CARTESIAN_POINT('',(-0.00990362005402451,-0.0601906786624935,0.005));
#15364=CARTESIAN_POINT('',(0.00960463510276872,-0.0555799343952419,0.005));
#15365=CARTESIAN_POINT('',(-0.0103135404362215,-0.0578376467680906,0.005));
#15366=CARTESIAN_POINT('',(-0.0103135404362215,-0.0578376467680906,0.005));
#15367=CARTESIAN_POINT('',(-0.00954233013820259,-0.0602479013636059,0.005));
#15368=CARTESIAN_POINT('',(-0.00954233013820259,-0.0602479013636059,0.));
#15369=CARTESIAN_POINT('',(-0.00954233013820259,-0.0602479013636059,0.005));
#15370=CARTESIAN_POINT('',(0.,3.59739997249535E-18,0.005));
#15371=CARTESIAN_POINT('',(0.,3.59739997249535E-18,0.005));
#15372=CARTESIAN_POINT('',(-0.0110986393996622,-0.0576921372760298,0.005));
#15373=CARTESIAN_POINT('',(-0.0110986393996622,-0.0576921372760298,0.005));
#15374=CARTESIAN_POINT('',(-0.0110986393996622,-0.0576921372760298,0.));
#15375=CARTESIAN_POINT('',(0.,3.59739997249535E-18,0.));
#15376=CARTESIAN_POINT('',(-0.0288847664606833,-0.0484463454694832,0.00499999999999993));
#15377=CARTESIAN_POINT('',(-0.0288847664606833,-0.0484463454694832,0.));
#15378=CARTESIAN_POINT('',(-0.0123245842601154,-0.0597419794687232,0.));
#15379=CARTESIAN_POINT('',(-0.0288847664606833,-0.0484463454694832,0.005));
#15380=CARTESIAN_POINT('',(-0.0123245842601154,-0.0597419794687232,0.005));
#15381=CARTESIAN_POINT('',(-0.0123245842601154,-0.0597419794687232,0.005));
#15382=CARTESIAN_POINT('',(0.00668264326966714,-0.0560064317892785,0.00499999999999993));
#15383=CARTESIAN_POINT('',(0.00668264326966714,-0.0560064317892785,0.));
#15384=CARTESIAN_POINT('',(-0.013326394637946,-0.0572186132823378,0.));
#15385=CARTESIAN_POINT('',(-0.0130401842116499,-0.0595898740034938,0.));
#15386=CARTESIAN_POINT('',(-0.0130401842116499,-0.0595898740034938,0.005));
#15387=CARTESIAN_POINT('',(-0.0130401842116499,-0.0595898740034938,0.005));
#15388=CARTESIAN_POINT('',(0.00668264326966714,-0.0560064317892785,0.005));
#15389=CARTESIAN_POINT('',(-0.013326394637946,-0.0572186132823378,0.005));
#15390=CARTESIAN_POINT('',(-0.013326394637946,-0.0572186132823378,0.005));
#15391=CARTESIAN_POINT('',(-0.0126823842358827,-0.0596659267361085,0.005));
#15392=CARTESIAN_POINT('',(-0.0126823842358827,-0.0596659267361085,0.));
#15393=CARTESIAN_POINT('',(-0.0126823842358827,-0.0596659267361085,0.005));
#15394=CARTESIAN_POINT('',(0.,3.59739997249535E-18,0.005));
#15395=CARTESIAN_POINT('',(0.,3.59739997249535E-18,0.005));
#15396=CARTESIAN_POINT('',(-0.0141028022721336,-0.0570322143009817,0.005));
#15397=CARTESIAN_POINT('',(-0.0141028022721336,-0.0570322143009817,0.005));
#15398=CARTESIAN_POINT('',(-0.0141028022721336,-0.0570322143009817,0.));
#15399=CARTESIAN_POINT('',(0.,3.59739997249535E-18,0.));
#15400=CARTESIAN_POINT('',(-0.0313806667087403,-0.0468682395631805,0.00499999999999993));
#15401=CARTESIAN_POINT('',(-0.0313806667087403,-0.0468682395631805,0.));
#15402=CARTESIAN_POINT('',(-0.0154343474690645,-0.0590150862596184,0.));
#15403=CARTESIAN_POINT('',(-0.0313806667087403,-0.0468682395631805,0.005));
#15404=CARTESIAN_POINT('',(-0.0154343474690645,-0.0590150862596184,0.005));
#15405=CARTESIAN_POINT('',(-0.0154343474690645,-0.0590150862596184,0.005));
#15406=CARTESIAN_POINT('',(0.00374233477587694,-0.0562794194467392,0.00499999999999993));
#15407=CARTESIAN_POINT('',(0.00374233477587694,-0.0562794194467392,0.));
#15408=CARTESIAN_POINT('',(-0.0163027221182742,-0.0564427475547951,0.));
#15409=CARTESIAN_POINT('',(-0.0161410061316208,-0.0588257376426412,0.));
#15410=CARTESIAN_POINT('',(-0.0161410061324784,-0.0588257376433905,0.005));
#15411=CARTESIAN_POINT('',(-0.0161410061316208,-0.0588257376426412,0.005));
#15412=CARTESIAN_POINT('',(0.00374233477587694,-0.0562794194467392,0.005));
#15413=CARTESIAN_POINT('',(-0.0163027221182742,-0.0564427475547951,0.005));
#15414=CARTESIAN_POINT('',(-0.0163027221182742,-0.0564427475547951,0.005));
#15415=CARTESIAN_POINT('',(-0.0157876767999139,-0.0589204119507551,0.005));
#15416=CARTESIAN_POINT('',(-0.0157876767999139,-0.0589204119507551,0.));
#15417=CARTESIAN_POINT('',(-0.0157876767999139,-0.0589204119507551,0.005));
#15418=CARTESIAN_POINT('',(0.,3.59739997249535E-18,0.005));
#15419=CARTESIAN_POINT('',(0.,3.59739997249535E-18,0.005));
#15420=CARTESIAN_POINT('',(-0.0170683103438509,-0.0562159699907952,0.005));
#15421=CARTESIAN_POINT('',(-0.0170683103438509,-0.0562159699907952,0.005));
#15422=CARTESIAN_POINT('',(-0.0170683103438509,-0.0562159699907952,0.));
#15423=CARTESIAN_POINT('',(0.,3.59739997249535E-18,0.));
#15424=CARTESIAN_POINT('',(-0.0337905547306075,-0.0451616710699966,0.00499999999999993));
#15425=CARTESIAN_POINT('',(-0.0337905547306075,-0.0451616710699966,0.));
#15426=CARTESIAN_POINT('',(-0.0185018062044293,-0.0581264368011645,0.));
#15427=CARTESIAN_POINT('',(-0.0337905547306075,-0.0451616710699966,0.005));
#15428=CARTESIAN_POINT('',(-0.0185018062044293,-0.0581264368011645,0.005));
#15429=CARTESIAN_POINT('',(-0.0185018062044293,-0.0581264368011645,0.005));
#15430=CARTESIAN_POINT('',(0.000791768726550841,-0.0563981491285977,0.00499999999999993));
#15431=CARTESIAN_POINT('',(0.000791768726550841,-0.0563981491285977,0.));
#15432=CARTESIAN_POINT('',(-0.0192343649703807,-0.0555121761795211,0.));
#15433=CARTESIAN_POINT('',(-0.0191975866748274,-0.0579003640230724,0.));
#15434=CARTESIAN_POINT('',(-0.019197586675723,-0.0579003640237758,0.005));
#15435=CARTESIAN_POINT('',(-0.0191975866748274,-0.0579003640230724,0.005));
#15436=CARTESIAN_POINT('',(0.000791768726550841,-0.0563981491285977,0.005));
#15437=CARTESIAN_POINT('',(-0.0192343649703807,-0.0555121761795211,0.005));
#15438=CARTESIAN_POINT('',(-0.0192343649703807,-0.0555121761795211,0.005));
#15439=CARTESIAN_POINT('',(-0.0188496964392246,-0.0580134004117524,0.005));
#15440=CARTESIAN_POINT('',(-0.0188496964392246,-0.0580134004117524,0.));
#15441=CARTESIAN_POINT('',(-0.0188496964392246,-0.0580134004117524,0.005));
#15442=CARTESIAN_POINT('',(0.,3.59739997249535E-18,0.005));
#15443=CARTESIAN_POINT('',(0.,3.59739997249535E-18,0.005));
#15444=CARTESIAN_POINT('',(-0.0199870353633194,-0.0552456416143882,0.005));
#15445=CARTESIAN_POINT('',(-0.0199870353633194,-0.0552456416143882,0.005));
#15446=CARTESIAN_POINT('',(-0.0199870353633194,-0.0552456416143882,0.));
#15447=CARTESIAN_POINT('',(0.,3.59739997249535E-18,0.));
#15448=CARTESIAN_POINT('',(-0.0361078251907003,-0.0433313175755663,0.00499999999999993));
#15449=CARTESIAN_POINT('',(-0.0361078251907003,-0.0433313175755663,0.));
#15450=CARTESIAN_POINT('',(-0.0215185527750325,-0.0570784668197576,0.));
#15451=CARTESIAN_POINT('',(-0.0361078251907003,-0.0433313175755663,0.005));
#15452=CARTESIAN_POINT('',(-0.0215185527750325,-0.0570784668197576,0.005));
#15453=CARTESIAN_POINT('',(-0.0215185527750325,-0.0570784668197576,0.005));
#15454=CARTESIAN_POINT('',(-0.00216096735396489,-0.056362295401552,0.00499999999999993));
#15455=CARTESIAN_POINT('',(-0.00216096735396489,-0.056362295401552,0.));
#15456=CARTESIAN_POINT('',(-0.0221132877652352,-0.054429449787885,0.));
#15457=CARTESIAN_POINT('',(-0.0222015479675419,-0.0568162895302642,0.));
#15458=CARTESIAN_POINT('',(-0.0222015479684731,-0.0568162895309199,0.005));
#15459=CARTESIAN_POINT('',(-0.0222015479675419,-0.0568162895302642,0.005));
#15460=CARTESIAN_POINT('',(-0.00216096735396489,-0.056362295401552,0.005));
#15461=CARTESIAN_POINT('',(-0.0221132877652352,-0.054429449787885,0.005));
#15462=CARTESIAN_POINT('',(-0.0221132877652352,-0.054429449787885,0.005));
#15463=CARTESIAN_POINT('',(-0.0218600503708216,-0.0569473781746831,0.005));
#15464=CARTESIAN_POINT('',(-0.0218600503708216,-0.0569473781746831,0.));
#15465=CARTESIAN_POINT('',(-0.0218600503708216,-0.0569473781746831,0.005));
#15466=CARTESIAN_POINT('',(0.,3.59739997249535E-18,0.005));
#15467=CARTESIAN_POINT('',(0.,3.59739997249535E-18,0.005));
#15468=CARTESIAN_POINT('',(-0.0228509773081924,-0.0541238887743709,0.005));
#15469=CARTESIAN_POINT('',(-0.0228509773081924,-0.0541238887743709,0.005));
#15470=CARTESIAN_POINT('',(-0.0228509773081924,-0.0541238887743709,0.));
#15471=CARTESIAN_POINT('',(0.,3.59739997249535E-18,0.));
#15472=CARTESIAN_POINT('',(-0.0383261265752846,-0.0413821959854631,0.00499999999999993));
#15473=CARTESIAN_POINT('',(-0.0383261265752846,-0.0413821959854631,0.));
#15474=CARTESIAN_POINT('',(-0.024476318488271,-0.0558740487282487,0.));
#15475=CARTESIAN_POINT('',(-0.0383261265752846,-0.0413821959854631,0.005));
#15476=CARTESIAN_POINT('',(-0.024476318488271,-0.0558740487282487,0.005));
#15477=CARTESIAN_POINT('',(-0.024476318488271,-0.0558740487282487,0.005));
#15478=CARTESIAN_POINT('',(-0.00510778044920629,-0.0561719565416715,0.00499999999999993));
#15479=CARTESIAN_POINT('',(-0.00510778044920629,-0.0561719565416715,0.));
#15480=CARTESIAN_POINT('',(-0.0249315995753171,-0.0531975360577541,0.));
#15481=CARTESIAN_POINT('',(-0.0251446563604001,-0.055576485537134,0.));
#15482=CARTESIAN_POINT('',(-0.0251446563613643,-0.05557648553774,0.005));
#15483=CARTESIAN_POINT('',(-0.0251446563604001,-0.055576485537134,0.005));
#15484=CARTESIAN_POINT('',(-0.00510778044920629,-0.0561719565416715,0.005));
#15485=CARTESIAN_POINT('',(-0.0249315995753171,-0.0531975360577541,0.005));
#15486=CARTESIAN_POINT('',(-0.0249315995753171,-0.0531975360577541,0.005));
#15487=CARTESIAN_POINT('',(-0.0248104874238258,-0.0557252671324007,0.005));
#15488=CARTESIAN_POINT('',(-0.0248104874238258,-0.0557252671324007,0.));
#15489=CARTESIAN_POINT('',(-0.0248104874238258,-0.0557252671324007,0.005));
#15490=CARTESIAN_POINT('',(0.,3.59739997249535E-18,0.005));
#15491=CARTESIAN_POINT('',(0.,3.59739997249535E-18,0.005));
#15492=CARTESIAN_POINT('',(-0.0256522863125087,-0.0528537861173736,0.005));
#15493=CARTESIAN_POINT('',(-0.0256522863125087,-0.0528537861173736,0.005));
#15494=CARTESIAN_POINT('',(-0.0256522863125087,-0.0528537861173736,0.));
#15495=CARTESIAN_POINT('',(0.,3.59739997249535E-18,0.));
#15496=CARTESIAN_POINT('',(-0.040439378783814,-0.0393196486049397,0.00499999999999993));
#15497=CARTESIAN_POINT('',(-0.040439378783814,-0.0393196486049397,0.));
#15498=CARTESIAN_POINT('',(-0.0273669963137506,-0.0545164837529824,0.));
#15499=CARTESIAN_POINT('',(-0.040439378783814,-0.0393196486049397,0.005));
#15500=CARTESIAN_POINT('',(-0.0273669963137506,-0.0545164837529824,0.005));
#15501=CARTESIAN_POINT('',(-0.0273669963137506,-0.0545164837529824,0.005));
#15502=CARTESIAN_POINT('',(-0.00804059347324313,-0.0558276542533787,0.00499999999999993));
#15503=CARTESIAN_POINT('',(-0.00804059347324313,-0.0558276542533787,0.));
#15504=CARTESIAN_POINT('',(-0.0276815756039373,-0.0518198115790043,0.));
#15505=CARTESIAN_POINT('',(-0.028018844997958,-0.0541843502602207,0.));
#15506=CARTESIAN_POINT('',(-0.0280188449989526,-0.0541843502607754,0.005));
#15507=CARTESIAN_POINT('',(-0.028018844997958,-0.0541843502602207,0.005));
#15508=CARTESIAN_POINT('',(-0.00804059347324313,-0.0558276542533787,0.005));
#15509=CARTESIAN_POINT('',(-0.0276815756039373,-0.0518198115790043,0.005));
#15510=CARTESIAN_POINT('',(-0.0276815756039373,-0.0518198115790043,0.005));
#15511=CARTESIAN_POINT('',(-0.027692920655357,-0.0543504170063242,0.005));
#15512=CARTESIAN_POINT('',(-0.027692920655357,-0.0543504170063242,0.));
#15513=CARTESIAN_POINT('',(-0.027692920655357,-0.0543504170063242,0.005));
#15514=CARTESIAN_POINT('',(0.,3.59739997249535E-18,0.005));
#15515=CARTESIAN_POINT('',(0.,3.59739997249535E-18,0.005));
#15516=CARTESIAN_POINT('',(-0.0283832841831645,-0.0514388149064277,0.005));
#15517=CARTESIAN_POINT('',(-0.0283832841831644,-0.0514388149064277,0.005));
#15518=CARTESIAN_POINT('',(-0.0283832841831645,-0.0514388149064277,0.));
#15519=CARTESIAN_POINT('',(0.,3.59739997249535E-18,0.));
#15520=CARTESIAN_POINT('',(-0.0424417894295244,-0.037149328834538,0.00499999999999993));
#15521=CARTESIAN_POINT('',(-0.0424417894295244,-0.037149328834538,0.));
#15522=CARTESIAN_POINT('',(-0.0301826631046461,-0.0530094928851188,0.));
#15523=CARTESIAN_POINT('',(-0.0424417894295244,-0.037149328834538,0.005));
#15524=CARTESIAN_POINT('',(-0.0301826631046461,-0.0530094928851188,0.005));
#15525=CARTESIAN_POINT('',(-0.0301826631046461,-0.0530094928851188,0.005));
#15526=CARTESIAN_POINT('',(-0.0109513677894862,-0.0553303322453077,0.00499999999999993));
#15527=CARTESIAN_POINT('',(-0.0109513677894862,-0.0553303322453077,0.));
#15528=CARTESIAN_POINT('',(-0.0303556783579499,-0.0503000525986673,0.));
#15529=CARTESIAN_POINT('',(-0.0308162359279203,-0.0526436994450502,0.));
#15530=CARTESIAN_POINT('',(-0.0308162359279203,-0.0526436994450502,0.005));
#15531=CARTESIAN_POINT('',(-0.0308162359279203,-0.0526436994450502,0.005));
#15532=CARTESIAN_POINT('',(-0.0109513677894862,-0.0553303322453077,0.005));
#15533=CARTESIAN_POINT('',(-0.0303556783579499,-0.0503000525986673,0.005));
#15534=CARTESIAN_POINT('',(-0.0303556783579499,-0.0503000525986673,0.005));
#15535=CARTESIAN_POINT('',(-0.0304994495162832,-0.0528265961650845,0.005));
#15536=CARTESIAN_POINT('',(-0.0304994495162832,-0.0528265961650845,0.));
#15537=CARTESIAN_POINT('',(-0.0304994495162832,-0.0528265961650845,0.005));
#15538=CARTESIAN_POINT('',(0.,3.59739997249535E-18,0.005));
#15539=CARTESIAN_POINT('',(0.,3.59739997249535E-18,0.005));
#15540=CARTESIAN_POINT('',(-0.0310364854447721,-0.0498828534792914,0.005));
#15541=CARTESIAN_POINT('',(-0.0310364854447721,-0.0498828534792914,0.005));
#15542=CARTESIAN_POINT('',(-0.0310364854447721,-0.0498828534792914,0.));
#15543=CARTESIAN_POINT('',(0.,3.59739997249535E-18,0.));
#15544=CARTESIAN_POINT('',(-0.0443278700804886,-0.034877185336034,0.00499999999999993));
#15545=CARTESIAN_POINT('',(-0.0443278700804886,-0.034877185336034,0.));
#15546=CARTESIAN_POINT('',(-0.032915601313943,-0.0513572066819018,0.));
#15547=CARTESIAN_POINT('',(-0.0443278700804886,-0.034877185336034,0.005));
#15548=CARTESIAN_POINT('',(-0.032915601313943,-0.0513572066819018,0.005));
#15549=CARTESIAN_POINT('',(-0.032915601313943,-0.0513572066819018,0.005));
#15550=CARTESIAN_POINT('',(-0.0138321251678344,-0.0546813536425178,0.00499999999999993));
#15551=CARTESIAN_POINT('',(-0.0138321251678344,-0.0546813536425178,0.));
#15552=CARTESIAN_POINT('',(-0.0329465783075805,-0.0486424246704712,0.));
#15553=CARTESIAN_POINT('',(-0.0335291616982091,-0.0509587559094742,0.));
#15554=CARTESIAN_POINT('',(-0.0335291616982091,-0.0509587559094742,0.005));
#15555=CARTESIAN_POINT('',(-0.0335291616982091,-0.0509587559094742,0.005));
#15556=CARTESIAN_POINT('',(-0.0138321251678344,-0.0546813536425178,0.005));
#15557=CARTESIAN_POINT('',(-0.0329465783075805,-0.0486424246704712,0.005));
#15558=CARTESIAN_POINT('',(-0.0329465783075805,-0.0486424246704712,0.005));
#15559=CARTESIAN_POINT('',(-0.0332223815060761,-0.051157981295688,0.005));
#15560=CARTESIAN_POINT('',(-0.0332223815060761,-0.051157981295688,0.));
#15561=CARTESIAN_POINT('',(-0.0332223815060761,-0.051157981295688,0.005));
#15562=CARTESIAN_POINT('',(0.,3.59739997249535E-18,0.005));
#15563=CARTESIAN_POINT('',(0.,3.59739997249535E-18,0.005));
#15564=CARTESIAN_POINT('',(-0.0336046178570952,-0.048190166618083,0.005));
#15565=CARTESIAN_POINT('',(-0.0336046178570952,-0.048190166618083,0.005));
#15566=CARTESIAN_POINT('',(-0.0336046178570952,-0.048190166618083,0.));
#15567=CARTESIAN_POINT('',(0.,3.59739997249535E-18,0.));
#15568=CARTESIAN_POINT('',(-0.0460924511207716,-0.0325094458967856,0.00499999999999993));
#15569=CARTESIAN_POINT('',(-0.0460924511207716,-0.0325094458967856,0.));
#15570=CARTESIAN_POINT('',(-0.0355583201479738,-0.0495641539449654,0.));
#15571=CARTESIAN_POINT('',(-0.0460924511207716,-0.0325094458967856,0.005));
#15572=CARTESIAN_POINT('',(-0.0355583201479738,-0.0495641539449654,0.005));
#15573=CARTESIAN_POINT('',(-0.0355583201479738,-0.0495641539449654,0.005));
#15574=CARTESIAN_POINT('',(-0.0166749696525697,-0.0538824972502447,0.00499999999999993));
#15575=CARTESIAN_POINT('',(-0.0166749696525697,-0.0538824972502447,0.));
#15576=CARTESIAN_POINT('',(-0.0354471739761588,-0.0468514712373468,0.));
#15577=CARTESIAN_POINT('',(-0.0361501863679357,-0.0491341379664424,0.));
#15578=CARTESIAN_POINT('',(-0.0361501863690048,-0.0491341379668347,0.005));
#15579=CARTESIAN_POINT('',(-0.0361501863679357,-0.0491341379664424,0.005));
#15580=CARTESIAN_POINT('',(-0.0166749696525697,-0.0538824972502447,0.005));
#15581=CARTESIAN_POINT('',(-0.0354471739761588,-0.0468514712373468,0.005));
#15582=CARTESIAN_POINT('',(-0.0354471739761588,-0.0468514712373468,0.005));
#15583=CARTESIAN_POINT('',(-0.0358542532574202,-0.0493491459555078,0.005));
#15584=CARTESIAN_POINT('',(-0.0358542532574202,-0.0493491459555078,0.));
#15585=CARTESIAN_POINT('',(-0.0358542532574202,-0.0493491459555078,0.005));
#15586=CARTESIAN_POINT('',(0.,3.59739997249535E-18,0.005));
#15587=CARTESIAN_POINT('',(0.,3.59739997249535E-18,0.005));
#15588=CARTESIAN_POINT('',(-0.0360806423477004,-0.0463653938598318,0.005));
#15589=CARTESIAN_POINT('',(-0.0360806423477004,-0.0463653938598318,0.005));
#15590=CARTESIAN_POINT('',(-0.0360806423477004,-0.0463653938598318,0.));
#15591=CARTESIAN_POINT('',(0.,3.59739997249535E-18,0.));
#15592=CARTESIAN_POINT('',(-0.047730695956367,-0.0300526003260548,0.00499999999999993));
#15593=CARTESIAN_POINT('',(-0.047730695956367,-0.0300526003260548,0.));
#15594=CARTESIAN_POINT('',(-0.0381035760981075,-0.0476352493072279,0.));
#15595=CARTESIAN_POINT('',(-0.047730695956367,-0.0300526003260548,0.005));
#15596=CARTESIAN_POINT('',(-0.0381035760981075,-0.0476352493072279,0.005));
#15597=CARTESIAN_POINT('',(-0.0381035760981075,-0.0476352493072279,0.005));
#15598=CARTESIAN_POINT('',(-0.0194721092045448,-0.0529359526783358,0.00499999999999993));
#15599=CARTESIAN_POINT('',(-0.0194721092045448,-0.0529359526783358,0.));
#15600=CARTESIAN_POINT('',(-0.0378506114047712,-0.0449321011781666,0.));
#15601=CARTESIAN_POINT('',(-0.038672125887461,-0.0471748467657331,0.));
#15602=CARTESIAN_POINT('',(-0.038672125887461,-0.0471748467657331,0.005));
#15603=CARTESIAN_POINT('',(-0.038672125887461,-0.0471748467657331,0.005));
#15604=CARTESIAN_POINT('',(-0.0194721092045448,-0.0529359526783358,0.005));
#15605=CARTESIAN_POINT('',(-0.0378506114047712,-0.0449321011781666,0.005));
#15606=CARTESIAN_POINT('',(-0.0378506114047712,-0.0449321011781666,0.005));
#15607=CARTESIAN_POINT('',(-0.0383878509927843,-0.0474050480364805,0.005));
#15608=CARTESIAN_POINT('',(-0.0383878509927843,-0.0474050480364805,0.));
#15609=CARTESIAN_POINT('',(-0.0383878509927843,-0.0474050480364805,0.005));
#15610=CARTESIAN_POINT('',(0.,3.59739997249535E-18,0.005));
#15611=CARTESIAN_POINT('',(0.,3.59739997249535E-18,0.005));
#15612=CARTESIAN_POINT('',(-0.0384577723055652,-0.0444135367798299,0.005));
#15613=CARTESIAN_POINT('',(-0.0384577723055652,-0.0444135367798299,0.005));
#15614=CARTESIAN_POINT('',(-0.0384577723055652,-0.0444135367798299,0.));
#15615=CARTESIAN_POINT('',(0.,3.59739997249535E-18,0.));
#15616=CARTESIAN_POINT('',(-0.0492381142720719,-0.0275133826667515,0.00499999999999993));
#15617=CARTESIAN_POINT('',(-0.0492381142720719,-0.0275133826667515,0.));
#15618=CARTESIAN_POINT('',(-0.0405443927947034,-0.0455757797622249,0.));
#15619=CARTESIAN_POINT('',(-0.0492381142720719,-0.0275133826667515,0.005));
#15620=CARTESIAN_POINT('',(-0.0405443927947034,-0.0455757797622249,0.005));
#15621=CARTESIAN_POINT('',(-0.0405443927947034,-0.0455757797622249,0.005));
#15622=CARTESIAN_POINT('',(-0.0222158770586865,-0.0518443143396657,0.00499999999999993));
#15623=CARTESIAN_POINT('',(-0.0222158770586865,-0.0518443143396657,0.));
#15624=CARTESIAN_POINT('',(-0.0401503029384869,-0.0428895753528492,0.));
#15625=CARTESIAN_POINT('',(-0.0410880678001688,-0.045086252589793,0.));
#15626=CARTESIAN_POINT('',(-0.041088067801273,-0.0450862525900713,0.005));
#15627=CARTESIAN_POINT('',(-0.0410880678001688,-0.045086252589793,0.005));
#15628=CARTESIAN_POINT('',(-0.0222158770586865,-0.0518443143396657,0.005));
#15629=CARTESIAN_POINT('',(-0.0401503029384869,-0.0428895753528492,0.005));
#15630=CARTESIAN_POINT('',(-0.0401503029384869,-0.0428895753528492,0.005));
#15631=CARTESIAN_POINT('',(-0.0408162302968839,-0.0453310161758698,0.005));
#15632=CARTESIAN_POINT('',(-0.0408162302968839,-0.0453310161758698,0.));
#15633=CARTESIAN_POINT('',(-0.0408162302968839,-0.0453310161758698,0.005));
#15634=CARTESIAN_POINT('',(0.,3.59739997249535E-18,0.005));
#15635=CARTESIAN_POINT('',(0.,3.59739997249535E-18,0.005));
#15636=CARTESIAN_POINT('',(-0.0407294921827075,-0.0423399452826615,0.005));
#15637=CARTESIAN_POINT('',(-0.0407294921827075,-0.0423399452826615,0.005));
#15638=CARTESIAN_POINT('',(-0.0407294921827075,-0.0423399452826615,0.));
#15639=CARTESIAN_POINT('',(0.,3.59739997249535E-18,0.));
#15640=CARTESIAN_POINT('',(-0.0506105743390512,-0.0248987527380004,0.00499999999999993));
#15641=CARTESIAN_POINT('',(-0.0506105743390512,-0.0248987527380004,0.));
#15642=CARTESIAN_POINT('',(-0.0428740801288552,-0.0433913901728273,0.));
#15643=CARTESIAN_POINT('',(-0.0506105743390512,-0.0248987527380004,0.005));
#15644=CARTESIAN_POINT('',(-0.0428740801288552,-0.0433913901728273,0.005));
#15645=CARTESIAN_POINT('',(-0.0428740801288552,-0.0433913901728273,0.005));
#15646=CARTESIAN_POINT('',(-0.0248987527380005,-0.0506105743390514,0.00499999999999993));
#15647=CARTESIAN_POINT('',(-0.0248987527380005,-0.0506105743390514,0.));
#15648=CARTESIAN_POINT('',(-0.0423399452826615,-0.0407294921827075,0.));
#15649=CARTESIAN_POINT('',(-0.0433913901728273,-0.0428740801288552,0.));
#15650=CARTESIAN_POINT('',(-0.0433913901728273,-0.0428740801288552,0.005));
#15651=CARTESIAN_POINT('',(-0.0433913901728273,-0.0428740801288552,0.005));
#15652=CARTESIAN_POINT('',(-0.0248987527380005,-0.0506105743390514,0.005));
#15653=CARTESIAN_POINT('',(-0.0423399452826615,-0.0407294921827075,0.005));
#15654=CARTESIAN_POINT('',(-0.0423399452826615,-0.0407294921827075,0.005));
#15655=CARTESIAN_POINT('',(-0.0431327351508412,-0.0431327351508412,0.005));
#15656=CARTESIAN_POINT('',(-0.0431327351508412,-0.0431327351508412,0.));
#15657=CARTESIAN_POINT('',(-0.0431327351508412,-0.0431327351508412,0.005));
#15658=CARTESIAN_POINT('',(0.,3.59739997249535E-18,0.005));
#15659=CARTESIAN_POINT('',(0.,3.59739997249535E-18,0.005));
#15660=CARTESIAN_POINT('',(-0.0428895753528492,-0.0401503029384869,0.005));
#15661=CARTESIAN_POINT('',(-0.0428895753528492,-0.0401503029384869,0.005));
#15662=CARTESIAN_POINT('',(-0.0428895753528492,-0.0401503029384869,0.));
#15663=CARTESIAN_POINT('',(0.,3.59739997249535E-18,0.));
#15664=CARTESIAN_POINT('',(-0.0518443143396654,-0.0222158770586868,0.00499999999999993));
#15665=CARTESIAN_POINT('',(-0.0518443143396654,-0.0222158770586868,0.));
#15666=CARTESIAN_POINT('',(-0.0450862525895145,-0.0410880677990644,0.));
#15667=CARTESIAN_POINT('',(-0.0518443143396654,-0.0222158770586868,0.005));
#15668=CARTESIAN_POINT('',(-0.0450862525895145,-0.0410880677990644,0.005));
#15669=CARTESIAN_POINT('',(-0.0450862525895145,-0.0410880677990644,0.005));
#15670=CARTESIAN_POINT('',(-0.0275133826667437,-0.0492381142720763,0.00499999999999993));
#15671=CARTESIAN_POINT('',(-0.0275133826667437,-0.0492381142720763,0.));
#15672=CARTESIAN_POINT('',(-0.0444135367798299,-0.0384577723055652,0.));
#15673=CARTESIAN_POINT('',(-0.0455757797622249,-0.0405443927947033,0.));
#15674=CARTESIAN_POINT('',(-0.0455757797622249,-0.0405443927947033,0.005));
#15675=CARTESIAN_POINT('',(-0.0455757797622249,-0.0405443927947033,0.005));
#15676=CARTESIAN_POINT('',(-0.0275133826667437,-0.0492381142720763,0.005));
#15677=CARTESIAN_POINT('',(-0.0444135367798299,-0.0384577723055652,0.005));
#15678=CARTESIAN_POINT('',(-0.0444135367798299,-0.0384577723055652,0.005));
#15679=CARTESIAN_POINT('',(-0.0453310161758697,-0.0408162302968839,0.005));
#15680=CARTESIAN_POINT('',(-0.0453310161758697,-0.0408162302968839,0.));
#15681=CARTESIAN_POINT('',(-0.0453310161758697,-0.0408162302968839,0.005));
#15682=CARTESIAN_POINT('',(0.,3.59739997249535E-18,0.005));
#15683=CARTESIAN_POINT('',(0.,3.59739997249535E-18,0.005));
#15684=CARTESIAN_POINT('',(-0.0449321011781666,-0.0378506114047712,0.005));
#15685=CARTESIAN_POINT('',(-0.0449321011781666,-0.0378506114047712,0.005));
#15686=CARTESIAN_POINT('',(-0.0449321011781666,-0.0378506114047712,0.));
#15687=CARTESIAN_POINT('',(0.,3.59739997249535E-18,0.));
#15688=CARTESIAN_POINT('',(-0.0529359526783367,-0.0194721092045425,0.00499999999999993));
#15689=CARTESIAN_POINT('',(-0.0529359526783367,-0.0194721092045425,0.));
#15690=CARTESIAN_POINT('',(-0.0471748467657331,-0.038672125887461,0.));
#15691=CARTESIAN_POINT('',(-0.0529359526783367,-0.0194721092045425,0.005));
#15692=CARTESIAN_POINT('',(-0.0471748467657331,-0.038672125887461,0.005));
#15693=CARTESIAN_POINT('',(-0.0471748467657331,-0.038672125887461,0.005));
#15694=CARTESIAN_POINT('',(-0.0300526003260516,-0.0477306959563688,0.00499999999999993));
#15695=CARTESIAN_POINT('',(-0.0300526003260516,-0.0477306959563688,0.));
#15696=CARTESIAN_POINT('',(-0.0463653938598318,-0.0360806423477004,0.));
#15697=CARTESIAN_POINT('',(-0.0476352493072279,-0.0381035760981075,0.));
#15698=CARTESIAN_POINT('',(-0.0476352493072279,-0.0381035760981075,0.005));
#15699=CARTESIAN_POINT('',(-0.0476352493072279,-0.0381035760981075,0.005));
#15700=CARTESIAN_POINT('',(-0.0300526003260516,-0.0477306959563688,0.005));
#15701=CARTESIAN_POINT('',(-0.0463653938598318,-0.0360806423477004,0.005));
#15702=CARTESIAN_POINT('',(-0.0463653938598318,-0.0360806423477004,0.005));
#15703=CARTESIAN_POINT('',(-0.0474050480364805,-0.0383878509927843,0.005));
#15704=CARTESIAN_POINT('',(-0.0474050480364805,-0.0383878509927843,0.));
#15705=CARTESIAN_POINT('',(-0.0474050480364805,-0.0383878509927843,0.005));
#15706=CARTESIAN_POINT('',(0.,3.59739997249535E-18,0.005));
#15707=CARTESIAN_POINT('',(0.,3.59739997249535E-18,0.005));
#15708=CARTESIAN_POINT('',(-0.0468514712373468,-0.0354471739761587,0.005));
#15709=CARTESIAN_POINT('',(-0.0468514712373468,-0.0354471739761587,0.005));
#15710=CARTESIAN_POINT('',(-0.0468514712373468,-0.0354471739761587,0.));
#15711=CARTESIAN_POINT('',(0.,3.59739997249535E-18,0.));
#15712=CARTESIAN_POINT('',(-0.0538824972502455,-0.0166749696525673,0.00499999999999993));
#15713=CARTESIAN_POINT('',(-0.0538824972502455,-0.0166749696525673,0.));
#15714=CARTESIAN_POINT('',(-0.0491341379660502,-0.0361501863668665,0.));
#15715=CARTESIAN_POINT('',(-0.0538824972502455,-0.0166749696525673,0.005));
#15716=CARTESIAN_POINT('',(-0.0491341379660502,-0.0361501863668665,0.005));
#15717=CARTESIAN_POINT('',(-0.0491341379660502,-0.0361501863668665,0.005));
#15718=CARTESIAN_POINT('',(-0.0325094458967916,-0.0460924511207673,0.00499999999999993));
#15719=CARTESIAN_POINT('',(-0.0325094458967916,-0.0460924511207673,0.));
#15720=CARTESIAN_POINT('',(-0.048190166618083,-0.0336046178570952,0.));
#15721=CARTESIAN_POINT('',(-0.0495641539449654,-0.0355583201479738,0.));
#15722=CARTESIAN_POINT('',(-0.0495641539449654,-0.0355583201479738,0.005));
#15723=CARTESIAN_POINT('',(-0.0495641539449654,-0.0355583201479738,0.005));
#15724=CARTESIAN_POINT('',(-0.0325094458967916,-0.0460924511207673,0.005));
#15725=CARTESIAN_POINT('',(-0.048190166618083,-0.0336046178570952,0.005));
#15726=CARTESIAN_POINT('',(-0.048190166618083,-0.0336046178570952,0.005));
#15727=CARTESIAN_POINT('',(-0.0493491459555078,-0.0358542532574202,0.005));
#15728=CARTESIAN_POINT('',(-0.0493491459555078,-0.0358542532574202,0.));
#15729=CARTESIAN_POINT('',(-0.0493491459555078,-0.0358542532574202,0.005));
#15730=CARTESIAN_POINT('',(0.,3.59739997249535E-18,0.005));
#15731=CARTESIAN_POINT('',(0.,3.59739997249535E-18,0.005));
#15732=CARTESIAN_POINT('',(-0.0486424246704712,-0.0329465783075805,0.005));
#15733=CARTESIAN_POINT('',(-0.0486424246704712,-0.0329465783075805,0.005));
#15734=CARTESIAN_POINT('',(-0.0486424246704712,-0.0329465783075805,0.));
#15735=CARTESIAN_POINT('',(0.,3.59739997249535E-18,0.));
#15736=CARTESIAN_POINT('',(-0.0546813536425144,-0.0138321251678474,0.00499999999999993));
#15737=CARTESIAN_POINT('',(-0.0546813536425144,-0.0138321251678474,0.));
#15738=CARTESIAN_POINT('',(-0.0509587559094742,-0.0335291616982091,0.));
#15739=CARTESIAN_POINT('',(-0.0546813536425144,-0.0138321251678474,0.005));
#15740=CARTESIAN_POINT('',(-0.0509587559094742,-0.0335291616982091,0.005));
#15741=CARTESIAN_POINT('',(-0.0509587559094742,-0.0335291616982091,0.005));
#15742=CARTESIAN_POINT('',(-0.0348771853360305,-0.0443278700804913,0.00499999999999993));
#15743=CARTESIAN_POINT('',(-0.0348771853360305,-0.0443278700804913,0.));
#15744=CARTESIAN_POINT('',(-0.0498828534792914,-0.0310364854447721,0.));
#15745=CARTESIAN_POINT('',(-0.0513572066819018,-0.032915601313943,0.));
#15746=CARTESIAN_POINT('',(-0.0513572066819018,-0.032915601313943,0.005));
#15747=CARTESIAN_POINT('',(-0.0513572066819018,-0.032915601313943,0.005));
#15748=CARTESIAN_POINT('',(-0.0348771853360305,-0.0443278700804913,0.005));
#15749=CARTESIAN_POINT('',(-0.0498828534792914,-0.0310364854447721,0.005));
#15750=CARTESIAN_POINT('',(-0.0498828534792914,-0.0310364854447721,0.005));
#15751=CARTESIAN_POINT('',(-0.051157981295688,-0.0332223815060761,0.005));
#15752=CARTESIAN_POINT('',(-0.051157981295688,-0.0332223815060761,0.));
#15753=CARTESIAN_POINT('',(-0.051157981295688,-0.0332223815060761,0.005));
#15754=CARTESIAN_POINT('',(0.,3.59739997249535E-18,0.005));
#15755=CARTESIAN_POINT('',(0.,3.59739997249535E-18,0.005));
#15756=CARTESIAN_POINT('',(-0.0503000525986673,-0.0303556783579498,0.005));
#15757=CARTESIAN_POINT('',(-0.0503000525986673,-0.0303556783579498,0.005));
#15758=CARTESIAN_POINT('',(-0.0503000525986673,-0.0303556783579498,0.));
#15759=CARTESIAN_POINT('',(0.,3.59739997249535E-18,0.));
#15760=CARTESIAN_POINT('',(-0.0553303322453055,-0.0109513677894971,0.00499999999999993));
#15761=CARTESIAN_POINT('',(-0.0553303322453055,-0.0109513677894971,0.));
#15762=CARTESIAN_POINT('',(-0.0526436994450502,-0.0308162359279203,0.));
#15763=CARTESIAN_POINT('',(-0.0553303322453055,-0.0109513677894971,0.005));
#15764=CARTESIAN_POINT('',(-0.0526436994450502,-0.0308162359279203,0.005));
#15765=CARTESIAN_POINT('',(-0.0526436994450502,-0.0308162359279203,0.005));
#15766=CARTESIAN_POINT('',(-0.037149328834554,-0.0424417894295107,0.00499999999999993));
#15767=CARTESIAN_POINT('',(-0.037149328834554,-0.0424417894295107,0.));
#15768=CARTESIAN_POINT('',(-0.0514388149064277,-0.0283832841831644,0.));
#15769=CARTESIAN_POINT('',(-0.0530094928862551,-0.0301826631045696,0.));
#15770=CARTESIAN_POINT('',(-0.0530094928873913,-0.0301826631044931,0.005));
#15771=CARTESIAN_POINT('',(-0.0530094928862551,-0.0301826631045696,0.005));
#15772=CARTESIAN_POINT('',(-0.037149328834554,-0.0424417894295107,0.005));
#15773=CARTESIAN_POINT('',(-0.0514388149064277,-0.0283832841831644,0.005));
#15774=CARTESIAN_POINT('',(-0.0514388149064277,-0.0283832841831644,0.005));
#15775=CARTESIAN_POINT('',(-0.0528265961650845,-0.0304994495162832,0.005));
#15776=CARTESIAN_POINT('',(-0.0528265961650845,-0.0304994495162832,0.));
#15777=CARTESIAN_POINT('',(-0.0528265961650845,-0.0304994495162832,0.005));
#15778=CARTESIAN_POINT('',(0.,3.59739997249535E-18,0.005));
#15779=CARTESIAN_POINT('',(0.,3.59739997249535E-18,0.005));
#15780=CARTESIAN_POINT('',(-0.0518198115790043,-0.0276815756039373,0.005));
#15781=CARTESIAN_POINT('',(-0.0518198115790043,-0.0276815756039373,0.005));
#15782=CARTESIAN_POINT('',(-0.0518198115790043,-0.0276815756039373,0.));
#15783=CARTESIAN_POINT('',(0.,3.59739997249535E-18,0.));
#15784=CARTESIAN_POINT('',(-0.0558276542533778,-0.00804059347324795,0.00499999999999993));
#15785=CARTESIAN_POINT('',(-0.0558276542533778,-0.00804059347324795,0.));
#15786=CARTESIAN_POINT('',(-0.054184350259666,-0.0280188449969634,0.));
#15787=CARTESIAN_POINT('',(-0.0558276542533778,-0.00804059347324795,0.005));
#15788=CARTESIAN_POINT('',(-0.054184350259666,-0.0280188449969634,0.005));
#15789=CARTESIAN_POINT('',(-0.054184350259666,-0.0280188449969634,0.005));
#15790=CARTESIAN_POINT('',(-0.039319648604926,-0.0404393787838275,0.00499999999999993));
#15791=CARTESIAN_POINT('',(-0.039319648604926,-0.0404393787838275,0.));
#15792=CARTESIAN_POINT('',(-0.0528537861173737,-0.0256522863125086,0.));
#15793=CARTESIAN_POINT('',(-0.0545164837541131,-0.0273669963136147,0.));
#15794=CARTESIAN_POINT('',(-0.0545164837552438,-0.0273669963134788,0.005));
#15795=CARTESIAN_POINT('',(-0.0545164837541131,-0.0273669963136147,0.005));
#15796=CARTESIAN_POINT('',(-0.039319648604926,-0.0404393787838275,0.005));
#15797=CARTESIAN_POINT('',(-0.0528537861173737,-0.0256522863125086,0.005));
#15798=CARTESIAN_POINT('',(-0.0528537861173737,-0.0256522863125086,0.005));
#15799=CARTESIAN_POINT('',(-0.0543504170063242,-0.027692920655357,0.005));
#15800=CARTESIAN_POINT('',(-0.0543504170063242,-0.027692920655357,0.));
#15801=CARTESIAN_POINT('',(-0.0543504170063242,-0.027692920655357,0.005));
#15802=CARTESIAN_POINT('',(0.,3.59739997249535E-18,0.005));
#15803=CARTESIAN_POINT('',(0.,3.59739997249535E-18,0.005));
#15804=CARTESIAN_POINT('',(-0.0531975360577541,-0.0249315995753171,0.005));
#15805=CARTESIAN_POINT('',(-0.0531975360577541,-0.0249315995753171,0.005));
#15806=CARTESIAN_POINT('',(-0.0531975360577541,-0.0249315995753171,0.));
#15807=CARTESIAN_POINT('',(0.,3.59739997249535E-18,0.));
#15808=CARTESIAN_POINT('',(-0.0561719565416718,-0.00510778044920328,0.00499999999999993));
#15809=CARTESIAN_POINT('',(-0.0561719565416718,-0.00510778044920328,0.));
#15810=CARTESIAN_POINT('',(-0.0555764855365281,-0.0251446563594358,0.));
#15811=CARTESIAN_POINT('',(-0.0561719565416718,-0.00510778044920328,0.005));
#15812=CARTESIAN_POINT('',(-0.0555764855365281,-0.0251446563594358,0.005));
#15813=CARTESIAN_POINT('',(-0.0555764855365281,-0.0251446563594358,0.005));
#15814=CARTESIAN_POINT('',(-0.0413821959515708,-0.0383261266117844,0.00499999999999993));
#15815=CARTESIAN_POINT('',(-0.0413821959515708,-0.0383261266117844,0.));
#15816=CARTESIAN_POINT('',(-0.0541238887743935,-0.0228509773081389,0.));
#15817=CARTESIAN_POINT('',(-0.0558740487282734,-0.0244763184882156,0.));
#15818=CARTESIAN_POINT('',(-0.0558740487282734,-0.0244763184882156,0.005));
#15819=CARTESIAN_POINT('',(-0.0558740487282734,-0.0244763184882156,0.005));
#15820=CARTESIAN_POINT('',(-0.0413821959515708,-0.0383261266117844,0.005));
#15821=CARTESIAN_POINT('',(-0.0541238887743935,-0.0228509773081389,0.005));
#15822=CARTESIAN_POINT('',(-0.0541238887743935,-0.0228509773081389,0.005));
#15823=CARTESIAN_POINT('',(-0.0557252671324007,-0.0248104874238258,0.005));
#15824=CARTESIAN_POINT('',(-0.0557252671324007,-0.0248104874238258,0.));
#15825=CARTESIAN_POINT('',(-0.0557252671324007,-0.0248104874238258,0.005));
#15826=CARTESIAN_POINT('',(0.,3.59739997249535E-18,0.005));
#15827=CARTESIAN_POINT('',(0.,3.59739997249535E-18,0.005));
#15828=CARTESIAN_POINT('',(-0.0544294497879225,-0.0221132877651431,0.005));
#15829=CARTESIAN_POINT('',(-0.0544294497879225,-0.0221132877651431,0.005));
#15830=CARTESIAN_POINT('',(-0.0544294497879225,-0.0221132877651431,0.));
#15831=CARTESIAN_POINT('',(0.,3.59739997249535E-18,0.));
#15832=CARTESIAN_POINT('',(-0.0563622953984021,-0.00216096743903911,0.00499999999999993));
#15833=CARTESIAN_POINT('',(-0.0563622953984021,-0.00216096743903911,0.));
#15834=CARTESIAN_POINT('',(-0.0568162895296457,-0.0222015479665141,0.));
#15835=CARTESIAN_POINT('',(-0.0563622953984021,-0.00216096743903911,0.005));
#15836=CARTESIAN_POINT('',(-0.0568162895296457,-0.0222015479665141,0.005));
#15837=CARTESIAN_POINT('',(-0.0568162895296457,-0.0222015479665141,0.005));
#15838=CARTESIAN_POINT('',(-0.0433313175755723,-0.0361078251906928,0.00499999999999993));
#15839=CARTESIAN_POINT('',(-0.0433313175755723,-0.0361078251906928,0.));
#15840=CARTESIAN_POINT('',(-0.0552456416143882,-0.0199870353633194,0.));
#15841=CARTESIAN_POINT('',(-0.0570784668208679,-0.0215185527747792,0.));
#15842=CARTESIAN_POINT('',(-0.0570784668219782,-0.0215185527745259,0.005));
#15843=CARTESIAN_POINT('',(-0.0570784668208679,-0.0215185527747792,0.005));
#15844=CARTESIAN_POINT('',(-0.0433313175755723,-0.0361078251906928,0.005));
#15845=CARTESIAN_POINT('',(-0.0552456416143882,-0.0199870353633194,0.005));
#15846=CARTESIAN_POINT('',(-0.0552456416143882,-0.0199870353633194,0.005));
#15847=CARTESIAN_POINT('',(-0.0569473781746831,-0.0218600503708216,0.005));
#15848=CARTESIAN_POINT('',(-0.0569473781746831,-0.0218600503708216,0.));
#15849=CARTESIAN_POINT('',(-0.0569473781746831,-0.0218600503708216,0.005));
#15850=CARTESIAN_POINT('',(0.,3.59739997249535E-18,0.005));
#15851=CARTESIAN_POINT('',(0.,3.59739997249535E-18,0.005));
#15852=CARTESIAN_POINT('',(-0.0555121761794921,-0.0192343649704646,0.005));
#15853=CARTESIAN_POINT('',(-0.055512176179492,-0.0192343649704646,0.005));
#15854=CARTESIAN_POINT('',(-0.0555121761794921,-0.0192343649704646,0.));
#15855=CARTESIAN_POINT('',(0.,3.59739997249535E-18,0.));
#15856=CARTESIAN_POINT('',(-0.0563981491274312,0.000791768802593656,0.00499999999999993));
#15857=CARTESIAN_POINT('',(-0.0563981491274312,0.000791768802593656,0.));
#15858=CARTESIAN_POINT('',(-0.0579003640223403,-0.0191975866740198,0.));
#15859=CARTESIAN_POINT('',(-0.0563981491274312,0.000791768802593656,0.005));
#15860=CARTESIAN_POINT('',(-0.0579003640223403,-0.0191975866740198,0.005));
#15861=CARTESIAN_POINT('',(-0.0579003640223403,-0.0191975866740198,0.005));
#15862=CARTESIAN_POINT('',(-0.0451616710699999,-0.0337905547306029,0.00499999999999993));
#15863=CARTESIAN_POINT('',(-0.0451616710699999,-0.0337905547306029,0.));
#15864=CARTESIAN_POINT('',(-0.0562159699907952,-0.0170683103438509,0.));
#15865=CARTESIAN_POINT('',(-0.05812643680226,-0.0185018062041182,0.));
#15866=CARTESIAN_POINT('',(-0.0581264368033555,-0.0185018062038072,0.005));
#15867=CARTESIAN_POINT('',(-0.05812643680226,-0.0185018062041182,0.005));
#15868=CARTESIAN_POINT('',(-0.0451616710699999,-0.0337905547306029,0.005));
#15869=CARTESIAN_POINT('',(-0.0562159699907952,-0.0170683103438509,0.005));
#15870=CARTESIAN_POINT('',(-0.0562159699907952,-0.0170683103438509,0.005));
#15871=CARTESIAN_POINT('',(-0.0580134004117524,-0.0188496964392246,0.005));
#15872=CARTESIAN_POINT('',(-0.0580134004117524,-0.0188496964392246,0.));
#15873=CARTESIAN_POINT('',(-0.0580134004117524,-0.0188496964392246,0.005));
#15874=CARTESIAN_POINT('',(0.,3.59739997249535E-18,0.005));
#15875=CARTESIAN_POINT('',(0.,3.59739997249535E-18,0.005));
#15876=CARTESIAN_POINT('',(-0.0564427475547951,-0.0163027221182742,0.005));
#15877=CARTESIAN_POINT('',(-0.0564427475547951,-0.0163027221182742,0.005));
#15878=CARTESIAN_POINT('',(-0.0564427475547951,-0.0163027221182742,0.));
#15879=CARTESIAN_POINT('',(0.,3.59739997249535E-18,0.));
#15880=CARTESIAN_POINT('',(-0.0562794194467392,0.00374233477587421,0.00499999999999993));
#15881=CARTESIAN_POINT('',(-0.0562794194467392,0.00374233477587421,0.));
#15882=CARTESIAN_POINT('',(-0.0588257376418918,-0.0161410061307633,0.));
#15883=CARTESIAN_POINT('',(-0.0562794194467392,0.00374233477587421,0.005));
#15884=CARTESIAN_POINT('',(-0.0588257376418918,-0.0161410061307633,0.005));
#15885=CARTESIAN_POINT('',(-0.0588257376418918,-0.0161410061307633,0.005));
#15886=CARTESIAN_POINT('',(-0.046868239563183,-0.0313806667087365,0.00499999999999993));
#15887=CARTESIAN_POINT('',(-0.046868239563183,-0.0313806667087365,0.));
#15888=CARTESIAN_POINT('',(-0.0570322143009817,-0.0141028022721336,0.));
#15889=CARTESIAN_POINT('',(-0.0590150862606962,-0.0154343474686965,0.));
#15890=CARTESIAN_POINT('',(-0.0590150862617739,-0.0154343474683286,0.005));
#15891=CARTESIAN_POINT('',(-0.0590150862606962,-0.0154343474686965,0.005));
#15892=CARTESIAN_POINT('',(-0.046868239563183,-0.0313806667087365,0.005));
#15893=CARTESIAN_POINT('',(-0.0570322143009817,-0.0141028022721336,0.005));
#15894=CARTESIAN_POINT('',(-0.0570322143009817,-0.0141028022721336,0.005));
#15895=CARTESIAN_POINT('',(-0.0589204119507551,-0.0157876767999139,0.005));
#15896=CARTESIAN_POINT('',(-0.0589204119507551,-0.0157876767999139,0.));
#15897=CARTESIAN_POINT('',(-0.0589204119507551,-0.0157876767999139,0.005));
#15898=CARTESIAN_POINT('',(0.,3.59739997249535E-18,0.005));
#15899=CARTESIAN_POINT('',(0.,3.59739997249535E-18,0.005));
#15900=CARTESIAN_POINT('',(-0.0572186132823378,-0.013326394637946,0.005));
#15901=CARTESIAN_POINT('',(-0.0572186132823378,-0.013326394637946,0.005));
#15902=CARTESIAN_POINT('',(-0.0572186132823378,-0.013326394637946,0.));
#15903=CARTESIAN_POINT('',(0.,3.59739997249535E-18,0.));
#15904=CARTESIAN_POINT('',(-0.0560064317892773,0.00668264326967723,0.00499999999999993));
#15905=CARTESIAN_POINT('',(-0.0560064317892773,0.00668264326967723,0.));
#15906=CARTESIAN_POINT('',(-0.0595898740034938,-0.0130401842116499,0.));
#15907=CARTESIAN_POINT('',(-0.0560064317892773,0.00668264326967723,0.005));
#15908=CARTESIAN_POINT('',(-0.0595898740034938,-0.0130401842116499,0.005));
#15909=CARTESIAN_POINT('',(-0.0595898740034938,-0.0130401842116499,0.005));
#15910=CARTESIAN_POINT('',(-0.0484463454694863,-0.0288847664606783,0.00499999999999993));
#15911=CARTESIAN_POINT('',(-0.0484463454694863,-0.0288847664606783,0.));
#15912=CARTESIAN_POINT('',(-0.0576921372760298,-0.0110986393996622,0.));
#15913=CARTESIAN_POINT('',(-0.0597419794697802,-0.0123245842596915,0.));
#15914=CARTESIAN_POINT('',(-0.0597419794708372,-0.0123245842592677,0.005));
#15915=CARTESIAN_POINT('',(-0.0597419794697802,-0.0123245842596915,0.005));
#15916=CARTESIAN_POINT('',(-0.0484463454694863,-0.0288847664606783,0.005));
#15917=CARTESIAN_POINT('',(-0.0576921372760298,-0.0110986393996622,0.005));
#15918=CARTESIAN_POINT('',(-0.0576921372760298,-0.0110986393996622,0.005));
#15919=CARTESIAN_POINT('',(-0.0596659267361085,-0.0126823842358826,0.005));
#15920=CARTESIAN_POINT('',(-0.0596659267361085,-0.0126823842358826,0.));
#15921=CARTESIAN_POINT('',(-0.0596659267361085,-0.0126823842358826,0.005));
#15922=CARTESIAN_POINT('',(0.,3.59739997249535E-18,0.005));
#15923=CARTESIAN_POINT('',(0.,3.59739997249535E-18,0.005));
#15924=CARTESIAN_POINT('',(-0.0578376467680906,-0.0103135404362215,0.005));
#15925=CARTESIAN_POINT('',(-0.0578376467680906,-0.0103135404362215,0.005));
#15926=CARTESIAN_POINT('',(-0.0578376467680906,-0.0103135404362215,0.));
#15927=CARTESIAN_POINT('',(0.,3.59739997249535E-18,0.));
#15928=CARTESIAN_POINT('',(-0.0555799343952419,0.00960463510276901,0.00499999999999993));
#15929=CARTESIAN_POINT('',(-0.0555799343952419,0.00960463510276901,0.));
#15930=CARTESIAN_POINT('',(-0.0601906786624935,-0.0099036200540245,0.));
#15931=CARTESIAN_POINT('',(-0.0555799343952419,0.00960463510276901,0.005));
#15932=CARTESIAN_POINT('',(-0.0601906786624935,-0.0099036200540245,0.005));
#15933=CARTESIAN_POINT('',(-0.0601906786624935,-0.0099036200540245,0.005));
#15934=CARTESIAN_POINT('',(-0.0498916633337595,-0.0263096950311988,0.00499999999999993));
#15935=CARTESIAN_POINT('',(-0.0498916633337595,-0.0263096950311988,0.));
#15936=CARTESIAN_POINT('',(-0.0581939301129276,-0.00806405592811103,0.));
#15937=CARTESIAN_POINT('',(-0.0603051240647087,-0.00918104022244099,0.));
#15938=CARTESIAN_POINT('',(-0.0603051240647087,-0.00918104022244099,0.005));
#15939=CARTESIAN_POINT('',(-0.0603051240647087,-0.00918104022244099,0.005));
#15940=CARTESIAN_POINT('',(-0.0498916633337595,-0.0263096950311988,0.005));
#15941=CARTESIAN_POINT('',(-0.0581939301129276,-0.00806405592811103,0.005));
#15942=CARTESIAN_POINT('',(-0.0581939301129276,-0.00806405592811103,0.005));
#15943=CARTESIAN_POINT('',(-0.0602479013636059,-0.00954233013820257,0.005));
#15944=CARTESIAN_POINT('',(-0.0602479013636059,-0.00954233013820257,0.));
#15945=CARTESIAN_POINT('',(-0.0602479013636059,-0.00954233013820257,0.005));
#15946=CARTESIAN_POINT('',(0.,3.59739997249535E-18,0.005));
#15947=CARTESIAN_POINT('',(0.,3.59739997249535E-18,0.005));
#15948=CARTESIAN_POINT('',(-0.0582981512842976,-0.00727241753704672,0.005));
#15949=CARTESIAN_POINT('',(-0.0582981512842976,-0.00727241753704672,0.005));
#15950=CARTESIAN_POINT('',(-0.0582981512842976,-0.00727241753704672,0.));
#15951=CARTESIAN_POINT('',(0.,3.59739997249535E-18,0.));
#15952=CARTESIAN_POINT('',(-0.0550010962643432,0.0125003012986561,0.00499999999999993));
#15953=CARTESIAN_POINT('',(-0.0550010962643432,0.0125003012986561,0.));
#15954=CARTESIAN_POINT('',(-0.0606265048550821,-0.00673991076222319,0.));
#15955=CARTESIAN_POINT('',(-0.0550010962643432,0.0125003012986561,0.005));
#15956=CARTESIAN_POINT('',(-0.0606265048550821,-0.00673991076222319,0.005));
#15957=CARTESIAN_POINT('',(-0.0606265048550821,-0.00673991076222318,0.005));
#15958=CARTESIAN_POINT('',(-0.051200231608962,-0.0236625105565027,0.00499999999999993));
#15959=CARTESIAN_POINT('',(-0.051200231608962,-0.0236625105565027,0.));
#15960=CARTESIAN_POINT('',(-0.0585362174323907,-0.00500736943992316,0.));
#15961=CARTESIAN_POINT('',(-0.0607029765083649,-0.00601233159152237,0.));
#15962=CARTESIAN_POINT('',(-0.0607029765093718,-0.00601233159099034,0.005));
#15963=CARTESIAN_POINT('',(-0.0607029765083649,-0.00601233159152237,0.005));
#15964=CARTESIAN_POINT('',(-0.051200231608962,-0.0236625105565027,0.005));
#15965=CARTESIAN_POINT('',(-0.0585362174323907,-0.00500736943992316,0.005));
#15966=CARTESIAN_POINT('',(-0.0585362174323907,-0.00500736943992316,0.005));
#15967=CARTESIAN_POINT('',(-0.0606647406812459,-0.00637612117689289,0.005));
#15968=CARTESIAN_POINT('',(-0.0606647406812459,-0.00637612117689289,0.));
#15969=CARTESIAN_POINT('',(-0.0606647406812459,-0.00637612117689289,0.005));
#15970=CARTESIAN_POINT('',(0.,3.59739997249535E-18,0.005));
#15971=CARTESIAN_POINT('',(0.,3.59739997249535E-18,0.005));
#15972=CARTESIAN_POINT('',(-0.0585988646200892,-0.00421136144690247,0.005));
#15973=CARTESIAN_POINT('',(-0.0585988646200892,-0.00421136144690247,0.005));
#15974=CARTESIAN_POINT('',(-0.0585988646200892,-0.00421136144690247,0.));
#15975=CARTESIAN_POINT('',(0.,3.59739997249535E-18,0.));
#15976=CARTESIAN_POINT('',(-0.0542715039516606,0.0153617050375804,0.00499999999999993));
#15977=CARTESIAN_POINT('',(-0.0542715039516606,0.0153617050375804,0.));
#15978=CARTESIAN_POINT('',(-0.0608961580119596,-0.00355772784350811,0.));
#15979=CARTESIAN_POINT('',(-0.0542715039516606,0.0153617050375804,0.005));
#15980=CARTESIAN_POINT('',(-0.0608961580119596,-0.00355772784350811,0.005));
#15981=CARTESIAN_POINT('',(-0.0608961580119596,-0.00355772784350811,0.005));
#15982=CARTESIAN_POINT('',(-0.0523684635537457,-0.0209504689173473,0.00499999999999993));
#15983=CARTESIAN_POINT('',(-0.0523684635537457,-0.0209504689173473,0.));
#15984=CARTESIAN_POINT('',(-0.0587180610487093,-0.00193695809971286,0.));
#15985=CARTESIAN_POINT('',(-0.0609344463118841,-0.00282714357718016,0.));
#15986=CARTESIAN_POINT('',(-0.0609344463128618,-0.00282714357659615,0.005));
#15987=CARTESIAN_POINT('',(-0.0609344463118841,-0.00282714357718016,0.005));
#15988=CARTESIAN_POINT('',(-0.0523684635537457,-0.0209504689173473,0.005));
#15989=CARTESIAN_POINT('',(-0.0587180610487093,-0.00193695809971286,0.005));
#15990=CARTESIAN_POINT('',(-0.0587180610487093,-0.00193695809971286,0.005));
#15991=CARTESIAN_POINT('',(-0.060915302161433,-0.00319243571063613,0.005));
#15992=CARTESIAN_POINT('',(-0.060915302161433,-0.00319243571063613,0.));
#15993=CARTESIAN_POINT('',(-0.060915302161433,-0.00319243571063613,0.005));
#15994=CARTESIAN_POINT('',(0.,3.59739997249535E-18,0.005));
#15995=CARTESIAN_POINT('',(0.,3.59739997249535E-18,0.005));
#15996=CARTESIAN_POINT('',(-0.058738962541116,-0.00113876230767287,0.005));
#15997=CARTESIAN_POINT('',(-0.058738962541116,-0.00113876230767287,0.005));
#15998=CARTESIAN_POINT('',(-0.058738962541116,-0.00113876230767287,0.));
#15999=CARTESIAN_POINT('',(0.,3.59739997249535E-18,0.));
#16000=CARTESIAN_POINT('',(-0.0533931572433258,0.0181810033396673,0.00499999999999993));
#16001=CARTESIAN_POINT('',(-0.0533931572433258,0.0181810033396673,0.));
#16002=CARTESIAN_POINT('',(-0.0609988990325664,-0.000365793439977049,0.));
#16003=CARTESIAN_POINT('',(-0.0533931572433258,0.0181810033396673,0.005));
#16004=CARTESIAN_POINT('',(-0.0609988990325664,-0.000365793439977049,0.005));
#16005=CARTESIAN_POINT('',(-0.0609988990325664,-0.000365793439977047,0.005));
#16006=CARTESIAN_POINT('',(-0.0533931572190144,-0.0181810034107676,0.00499999999999993));
#16007=CARTESIAN_POINT('',(-0.0533931572190144,-0.0181810034107676,0.));
#16008=CARTESIAN_POINT('',(-0.0587389625411143,0.00113876230776038,0.));
#16009=CARTESIAN_POINT('',(-0.0609988990335122,0.000365793440702956,0.));
#16010=CARTESIAN_POINT('',(-0.060998899034458,0.00036579344133733,0.005));
#16011=CARTESIAN_POINT('',(-0.0609988990335122,0.000365793440702956,0.005));
#16012=CARTESIAN_POINT('',(-0.0533931572190144,-0.0181810034107676,0.005));
#16013=CARTESIAN_POINT('',(-0.0587389625411143,0.00113876230776038,0.005));
#16014=CARTESIAN_POINT('',(-0.0587389625411143,0.00113876230776038,0.005));
#16015=CARTESIAN_POINT('',(-0.0609988990325664,-1.96187422279216E-17,0.005));
#16016=CARTESIAN_POINT('',(-0.0609988990325664,-1.96187422279216E-17,0.));
#16017=CARTESIAN_POINT('',(-0.0609988990325664,-1.96187422279216E-17,0.005));
#16018=CARTESIAN_POINT('',(0.,3.59739997249535E-18,0.005));
#16019=CARTESIAN_POINT('',(0.,3.59739997249535E-18,0.005));
#16020=CARTESIAN_POINT('',(-0.0587180610487086,0.00193695809973452,0.005));
#16021=CARTESIAN_POINT('',(-0.0587180610487086,0.00193695809973452,0.005));
#16022=CARTESIAN_POINT('',(-0.0587180610487086,0.00193695809973452,0.));
#16023=CARTESIAN_POINT('',(0.,3.59739997249535E-18,0.));
#16024=CARTESIAN_POINT('',(-0.0523684635606736,0.0209504689000935,0.00499999999999993));
#16025=CARTESIAN_POINT('',(-0.0523684635606736,0.0209504689000935,0.));
#16026=CARTESIAN_POINT('',(-0.0609344463109052,0.00282714357778681,0.));
#16027=CARTESIAN_POINT('',(-0.0523684635606736,0.0209504689000935,0.005));
#16028=CARTESIAN_POINT('',(-0.0609344463109052,0.00282714357778681,0.005));
#16029=CARTESIAN_POINT('',(-0.0609344463109052,0.00282714357778681,0.005));
#16030=CARTESIAN_POINT('',(-0.0542715039516601,-0.0153617050375822,0.00499999999999993));
#16031=CARTESIAN_POINT('',(-0.0542715039516601,-0.0153617050375822,0.));
#16032=CARTESIAN_POINT('',(-0.0585988646200892,0.00421136144690248,0.));
#16033=CARTESIAN_POINT('',(-0.0608961580128709,0.00355772784419113,0.));
#16034=CARTESIAN_POINT('',(-0.0608961580137822,0.00355772784487413,0.005));
#16035=CARTESIAN_POINT('',(-0.0608961580128709,0.00355772784419113,0.005));
#16036=CARTESIAN_POINT('',(-0.0542715039516601,-0.0153617050375822,0.005));
#16037=CARTESIAN_POINT('',(-0.0585988646200892,0.00421136144690248,0.005));
#16038=CARTESIAN_POINT('',(-0.0585988646200892,0.00421136144690248,0.005));
#16039=CARTESIAN_POINT('',(-0.060915302161433,0.00319243571063614,0.005));
#16040=CARTESIAN_POINT('',(-0.060915302161433,0.00319243571063614,0.));
#16041=CARTESIAN_POINT('',(-0.060915302161433,0.00319243571063614,0.005));
#16042=CARTESIAN_POINT('',(0.,3.59739997249535E-18,0.005));
#16043=CARTESIAN_POINT('',(0.,3.59739997249535E-18,0.005));
#16044=CARTESIAN_POINT('',(-0.0585362174324123,0.00500736943967111,0.005));
#16045=CARTESIAN_POINT('',(-0.0585362174324123,0.00500736943967112,0.005));
#16046=CARTESIAN_POINT('',(-0.0585362174324123,0.00500736943967111,0.));
#16047=CARTESIAN_POINT('',(0.,3.59739997249535E-18,0.));
#16048=CARTESIAN_POINT('',(-0.051200231569963,0.0236625106448767,0.00499999999999993));
#16049=CARTESIAN_POINT('',(-0.051200231569963,0.0236625106448767,0.));
#16050=CARTESIAN_POINT('',(-0.0607029765074097,0.00601233159156263,0.));
#16051=CARTESIAN_POINT('',(-0.051200231569963,0.0236625106448767,0.005));
#16052=CARTESIAN_POINT('',(-0.0607029765074097,0.00601233159156263,0.005));
#16053=CARTESIAN_POINT('',(-0.0607029765074097,0.00601233159156263,0.005));
#16054=CARTESIAN_POINT('',(-0.0550010962643419,-0.0125003012986617,0.00499999999999993));
#16055=CARTESIAN_POINT('',(-0.0550010962643419,-0.0125003012986617,0.));
#16056=CARTESIAN_POINT('',(-0.0582981512842976,0.00727241753704675,0.));
#16057=CARTESIAN_POINT('',(-0.0606265048550821,0.0067399107622232,0.));
#16058=CARTESIAN_POINT('',(-0.0606265048550821,0.0067399107622232,0.005));
#16059=CARTESIAN_POINT('',(-0.0606265048550821,0.0067399107622232,0.005));
#16060=CARTESIAN_POINT('',(-0.0550010962643419,-0.0125003012986617,0.005));
#16061=CARTESIAN_POINT('',(-0.0582981512842976,0.00727241753704675,0.005));
#16062=CARTESIAN_POINT('',(-0.0582981512842976,0.00727241753704675,0.005));
#16063=CARTESIAN_POINT('',(-0.0606647406812459,0.00637612117689291,0.005));
#16064=CARTESIAN_POINT('',(-0.0606647406812459,0.00637612117689291,0.));
#16065=CARTESIAN_POINT('',(-0.0606647406812459,0.00637612117689291,0.005));
#16066=CARTESIAN_POINT('',(0.,3.59739997249535E-18,0.005));
#16067=CARTESIAN_POINT('',(0.,3.59739997249535E-18,0.005));
#16068=CARTESIAN_POINT('',(-0.0581939301129356,0.00806405592805319,0.005));
#16069=CARTESIAN_POINT('',(-0.0581939301129356,0.00806405592805319,0.005));
#16070=CARTESIAN_POINT('',(-0.0581939301129356,0.00806405592805319,0.));
#16071=CARTESIAN_POINT('',(0.,3.59739997249535E-18,0.));
#16072=CARTESIAN_POINT('',(-0.0498916633103266,0.0263096950754989,0.00499999999999993));
#16073=CARTESIAN_POINT('',(-0.0498916633103266,0.0263096950754989,0.));
#16074=CARTESIAN_POINT('',(-0.0603051240647182,0.00918104022238064,0.));
#16075=CARTESIAN_POINT('',(-0.0498916633103266,0.0263096950754989,0.005));
#16076=CARTESIAN_POINT('',(-0.0603051240647182,0.00918104022238064,0.005));
#16077=CARTESIAN_POINT('',(-0.0603051240647182,0.00918104022238064,0.005));
#16078=CARTESIAN_POINT('',(-0.0555799343952404,-0.00960463510277697,0.00499999999999993));
#16079=CARTESIAN_POINT('',(-0.0555799343952404,-0.00960463510277697,0.));
#16080=CARTESIAN_POINT('',(-0.0578376467680906,0.0103135404362215,0.));
#16081=CARTESIAN_POINT('',(-0.0601906786624935,0.00990362005402449,0.));
#16082=CARTESIAN_POINT('',(-0.0601906786624935,0.00990362005402449,0.005));
#16083=CARTESIAN_POINT('',(-0.0601906786624935,0.00990362005402449,0.005));
#16084=CARTESIAN_POINT('',(-0.0555799343952404,-0.00960463510277697,0.005));
#16085=CARTESIAN_POINT('',(-0.0578376467680906,0.0103135404362215,0.005));
#16086=CARTESIAN_POINT('',(-0.0578376467680906,0.0103135404362215,0.005));
#16087=CARTESIAN_POINT('',(-0.0602479013636059,0.00954233013820256,0.005));
#16088=CARTESIAN_POINT('',(-0.0602479013636059,0.00954233013820256,0.));
#16089=CARTESIAN_POINT('',(-0.0602479013636059,0.00954233013820256,0.005));
#16090=CARTESIAN_POINT('',(0.,3.59739997249535E-18,0.005));
#16091=CARTESIAN_POINT('',(0.,3.59739997249535E-18,0.005));
#16092=CARTESIAN_POINT('',(-0.0576921372760298,0.0110986393996622,0.005));
#16093=CARTESIAN_POINT('',(-0.0576921372760298,0.0110986393996622,0.005));
#16094=CARTESIAN_POINT('',(-0.0576921372760298,0.0110986393996622,0.));
#16095=CARTESIAN_POINT('',(0.,3.59739997249535E-18,0.));
#16096=CARTESIAN_POINT('',(-0.0484463454694814,0.0288847664606863,0.00499999999999993));
#16097=CARTESIAN_POINT('',(-0.0484463454694814,0.0288847664606863,0.));
#16098=CARTESIAN_POINT('',(-0.0597419794687232,0.0123245842601154,0.));
#16099=CARTESIAN_POINT('',(-0.0484463454694814,0.0288847664606863,0.005));
#16100=CARTESIAN_POINT('',(-0.0597419794687232,0.0123245842601154,0.005));
#16101=CARTESIAN_POINT('',(-0.0597419794687232,0.0123245842601154,0.005));
#16102=CARTESIAN_POINT('',(-0.0560064317892773,-0.00668264326967725,0.00499999999999993));
#16103=CARTESIAN_POINT('',(-0.0560064317892773,-0.00668264326967725,0.));
#16104=CARTESIAN_POINT('',(-0.0572186132823378,0.013326394637946,0.));
#16105=CARTESIAN_POINT('',(-0.0595898740034938,0.0130401842116499,0.));
#16106=CARTESIAN_POINT('',(-0.0595898740034938,0.0130401842116499,0.005));
#16107=CARTESIAN_POINT('',(-0.0595898740034938,0.0130401842116499,0.005));
#16108=CARTESIAN_POINT('',(-0.0560064317892773,-0.00668264326967725,0.005));
#16109=CARTESIAN_POINT('',(-0.0572186132823378,0.013326394637946,0.005));
#16110=CARTESIAN_POINT('',(-0.0572186132823378,0.013326394637946,0.005));
#16111=CARTESIAN_POINT('',(-0.0596659267361085,0.0126823842358827,0.005));
#16112=CARTESIAN_POINT('',(-0.0596659267361085,0.0126823842358827,0.));
#16113=CARTESIAN_POINT('',(-0.0596659267361085,0.0126823842358827,0.005));
#16114=CARTESIAN_POINT('',(0.,3.59739997249535E-18,0.005));
#16115=CARTESIAN_POINT('',(0.,3.59739997249535E-18,0.005));
#16116=CARTESIAN_POINT('',(-0.0570322143009817,0.0141028022721336,0.005));
#16117=CARTESIAN_POINT('',(-0.0570322143009817,0.0141028022721336,0.005));
#16118=CARTESIAN_POINT('',(-0.0570322143009817,0.0141028022721336,0.));
#16119=CARTESIAN_POINT('',(0.,3.59739997249535E-18,0.));
#16120=CARTESIAN_POINT('',(-0.04686823956318,0.0313806667087411,0.00499999999999993));
#16121=CARTESIAN_POINT('',(-0.04686823956318,0.0313806667087411,0.));
#16122=CARTESIAN_POINT('',(-0.0590150862596184,0.0154343474690645,0.));
#16123=CARTESIAN_POINT('',(-0.04686823956318,0.0313806667087411,0.005));
#16124=CARTESIAN_POINT('',(-0.0590150862596184,0.0154343474690645,0.005));
#16125=CARTESIAN_POINT('',(-0.0590150862596184,0.0154343474690645,0.005));
#16126=CARTESIAN_POINT('',(-0.0562794194467392,-0.003742334775877,0.00499999999999993));
#16127=CARTESIAN_POINT('',(-0.0562794194467392,-0.003742334775877,0.));
#16128=CARTESIAN_POINT('',(-0.0564427475547951,0.0163027221182742,0.));
#16129=CARTESIAN_POINT('',(-0.0588257376426412,0.0161410061316208,0.));
#16130=CARTESIAN_POINT('',(-0.0588257376433905,0.0161410061324784,0.005));
#16131=CARTESIAN_POINT('',(-0.0588257376426412,0.0161410061316208,0.005));
#16132=CARTESIAN_POINT('',(-0.0562794194467392,-0.003742334775877,0.005));
#16133=CARTESIAN_POINT('',(-0.0564427475547951,0.0163027221182742,0.005));
#16134=CARTESIAN_POINT('',(-0.0564427475547951,0.0163027221182742,0.005));
#16135=CARTESIAN_POINT('',(-0.0589204119507551,0.0157876767999139,0.005));
#16136=CARTESIAN_POINT('',(-0.0589204119507551,0.0157876767999139,0.));
#16137=CARTESIAN_POINT('',(-0.0589204119507551,0.0157876767999139,0.005));
#16138=CARTESIAN_POINT('',(0.,3.59739997249535E-18,0.005));
#16139=CARTESIAN_POINT('',(0.,3.59739997249535E-18,0.005));
#16140=CARTESIAN_POINT('',(-0.0562159699907952,0.0170683103438509,0.005));
#16141=CARTESIAN_POINT('',(-0.0562159699907952,0.0170683103438509,0.005));
#16142=CARTESIAN_POINT('',(-0.0562159699907952,0.0170683103438509,0.));
#16143=CARTESIAN_POINT('',(0.,3.59739997249535E-18,0.));
#16144=CARTESIAN_POINT('',(-0.045161671069998,0.0337905547306056,0.00499999999999993));
#16145=CARTESIAN_POINT('',(-0.045161671069998,0.0337905547306056,0.));
#16146=CARTESIAN_POINT('',(-0.0581264368011645,0.0185018062044293,0.));
#16147=CARTESIAN_POINT('',(-0.045161671069998,0.0337905547306056,0.005));
#16148=CARTESIAN_POINT('',(-0.0581264368011645,0.0185018062044293,0.005));
#16149=CARTESIAN_POINT('',(-0.0581264368011645,0.0185018062044293,0.005));
#16150=CARTESIAN_POINT('',(-0.0563981491274314,-0.000791768802574219,0.00499999999999993));
#16151=CARTESIAN_POINT('',(-0.0563981491274314,-0.000791768802574219,0.));
#16152=CARTESIAN_POINT('',(-0.0555121761794921,0.0192343649704646,0.));
#16153=CARTESIAN_POINT('',(-0.0579003640223403,0.0191975866740198,0.));
#16154=CARTESIAN_POINT('',(-0.0579003640223403,0.0191975866740198,0.005));
#16155=CARTESIAN_POINT('',(-0.0579003640223403,0.0191975866740198,0.005));
#16156=CARTESIAN_POINT('',(-0.0563981491274314,-0.000791768802574219,0.005));
#16157=CARTESIAN_POINT('',(-0.0555121761794921,0.0192343649704646,0.005));
#16158=CARTESIAN_POINT('',(-0.055512176179492,0.0192343649704646,0.005));
#16159=CARTESIAN_POINT('',(-0.0580134004117524,0.0188496964392246,0.005));
#16160=CARTESIAN_POINT('',(-0.0580134004117524,0.0188496964392246,0.));
#16161=CARTESIAN_POINT('',(-0.0580134004117524,0.0188496964392246,0.005));
#16162=CARTESIAN_POINT('',(0.,3.59739997249535E-18,0.005));
#16163=CARTESIAN_POINT('',(0.,3.59739997249535E-18,0.005));
#16164=CARTESIAN_POINT('',(-0.0552456416143882,0.0199870353633194,0.005));
#16165=CARTESIAN_POINT('',(-0.0552456416143882,0.0199870353633194,0.005));
#16166=CARTESIAN_POINT('',(-0.0552456416143882,0.0199870353633194,0.));
#16167=CARTESIAN_POINT('',(0.,3.59739997249535E-18,0.));
#16168=CARTESIAN_POINT('',(-0.0433313175755632,0.0361078251907038,0.00499999999999993));
#16169=CARTESIAN_POINT('',(-0.0433313175755632,0.0361078251907038,0.));
#16170=CARTESIAN_POINT('',(-0.0570784668197576,0.0215185527750325,0.));
#16171=CARTESIAN_POINT('',(-0.0433313175755632,0.0361078251907038,0.005));
#16172=CARTESIAN_POINT('',(-0.0570784668197576,0.0215185527750325,0.005));
#16173=CARTESIAN_POINT('',(-0.0570784668197576,0.0215185527750325,0.005));
#16174=CARTESIAN_POINT('',(-0.0563622954015525,0.00216096735395697,0.00499999999999993));
#16175=CARTESIAN_POINT('',(-0.0563622954015525,0.00216096735395697,0.));
#16176=CARTESIAN_POINT('',(-0.054429449787885,0.0221132877652352,0.));
#16177=CARTESIAN_POINT('',(-0.0568162895296086,0.0222015479666107,0.));
#16178=CARTESIAN_POINT('',(-0.0568162895296086,0.0222015479666107,0.005));
#16179=CARTESIAN_POINT('',(-0.0568162895296086,0.0222015479666107,0.005));
#16180=CARTESIAN_POINT('',(-0.0563622954015525,0.00216096735395697,0.005));
#16181=CARTESIAN_POINT('',(-0.054429449787885,0.0221132877652352,0.005));
#16182=CARTESIAN_POINT('',(-0.054429449787885,0.0221132877652352,0.005));
#16183=CARTESIAN_POINT('',(-0.0569473781746831,0.0218600503708216,0.005));
#16184=CARTESIAN_POINT('',(-0.0569473781746831,0.0218600503708216,0.));
#16185=CARTESIAN_POINT('',(-0.0569473781746831,0.0218600503708216,0.005));
#16186=CARTESIAN_POINT('',(0.,3.59739997249535E-18,0.005));
#16187=CARTESIAN_POINT('',(0.,3.59739997249535E-18,0.005));
#16188=CARTESIAN_POINT('',(-0.0541238887743935,0.0228509773081389,0.005));
#16189=CARTESIAN_POINT('',(-0.0541238887743935,0.0228509773081389,0.005));
#16190=CARTESIAN_POINT('',(-0.0541238887743935,0.0228509773081389,0.));
#16191=CARTESIAN_POINT('',(0.,3.59739997249535E-18,0.));
#16192=CARTESIAN_POINT('',(-0.0413821959515737,0.0383261266117812,0.00499999999999993));
#16193=CARTESIAN_POINT('',(-0.0413821959515737,0.0383261266117812,0.));
#16194=CARTESIAN_POINT('',(-0.0558740487282733,0.0244763184882156,0.));
#16195=CARTESIAN_POINT('',(-0.0413821959515737,0.0383261266117812,0.005));
#16196=CARTESIAN_POINT('',(-0.0558740487282733,0.0244763184882156,0.005));
#16197=CARTESIAN_POINT('',(-0.0558740487282733,0.0244763184882156,0.005));
#16198=CARTESIAN_POINT('',(-0.0561719565416722,0.0051077804491984,0.00499999999999993));
#16199=CARTESIAN_POINT('',(-0.0561719565416722,0.0051077804491984,0.));
#16200=CARTESIAN_POINT('',(-0.0531975360577541,0.0249315995753171,0.));
#16201=CARTESIAN_POINT('',(-0.055576485536528,0.0251446563594358,0.));
#16202=CARTESIAN_POINT('',(-0.055576485536528,0.0251446563594358,0.005));
#16203=CARTESIAN_POINT('',(-0.055576485536528,0.0251446563594358,0.005));
#16204=CARTESIAN_POINT('',(-0.0561719565416722,0.0051077804491984,0.005));
#16205=CARTESIAN_POINT('',(-0.0531975360577541,0.0249315995753171,0.005));
#16206=CARTESIAN_POINT('',(-0.0531975360577541,0.0249315995753171,0.005));
#16207=CARTESIAN_POINT('',(-0.0557252671324007,0.0248104874238257,0.005));
#16208=CARTESIAN_POINT('',(-0.0557252671324007,0.0248104874238257,0.));
#16209=CARTESIAN_POINT('',(-0.0557252671324007,0.0248104874238257,0.005));
#16210=CARTESIAN_POINT('',(0.,3.59739997249535E-18,0.005));
#16211=CARTESIAN_POINT('',(0.,3.59739997249535E-18,0.005));
#16212=CARTESIAN_POINT('',(-0.0528537861173737,0.0256522863125087,0.005));
#16213=CARTESIAN_POINT('',(-0.0528537861173737,0.0256522863125087,0.005));
#16214=CARTESIAN_POINT('',(-0.0528537861173737,0.0256522863125087,0.));
#16215=CARTESIAN_POINT('',(0.,3.59739997249535E-18,0.));
#16216=CARTESIAN_POINT('',(-0.0393196486049393,0.0404393787838144,0.00499999999999993));
#16217=CARTESIAN_POINT('',(-0.0393196486049393,0.0404393787838144,0.));
#16218=CARTESIAN_POINT('',(-0.0545164837529824,0.0273669963137506,0.));
#16219=CARTESIAN_POINT('',(-0.0393196486049393,0.0404393787838144,0.005));
#16220=CARTESIAN_POINT('',(-0.0545164837529824,0.0273669963137506,0.005));
#16221=CARTESIAN_POINT('',(-0.0545164837529824,0.0273669963137506,0.005));
#16222=CARTESIAN_POINT('',(-0.055827654253378,0.00804059347324715,0.00499999999999993));
#16223=CARTESIAN_POINT('',(-0.055827654253378,0.00804059347324715,0.));
#16224=CARTESIAN_POINT('',(-0.0518198115790043,0.0276815756039373,0.));
#16225=CARTESIAN_POINT('',(-0.0541843502602207,0.028018844997958,0.));
#16226=CARTESIAN_POINT('',(-0.0541843502607754,0.0280188449989526,0.005));
#16227=CARTESIAN_POINT('',(-0.0541843502602207,0.028018844997958,0.005));
#16228=CARTESIAN_POINT('',(-0.055827654253378,0.00804059347324715,0.005));
#16229=CARTESIAN_POINT('',(-0.0518198115790043,0.0276815756039373,0.005));
#16230=CARTESIAN_POINT('',(-0.0518198115790043,0.0276815756039373,0.005));
#16231=CARTESIAN_POINT('',(-0.0543504170063242,0.027692920655357,0.005));
#16232=CARTESIAN_POINT('',(-0.0543504170063242,0.027692920655357,0.));
#16233=CARTESIAN_POINT('',(-0.0543504170063242,0.027692920655357,0.005));
#16234=CARTESIAN_POINT('',(0.,3.59739997249535E-18,0.005));
#16235=CARTESIAN_POINT('',(0.,3.59739997249535E-18,0.005));
#16236=CARTESIAN_POINT('',(-0.0514388149064277,0.0283832841831644,0.005));
#16237=CARTESIAN_POINT('',(-0.0514388149064277,0.0283832841831644,0.005));
#16238=CARTESIAN_POINT('',(-0.0514388149064277,0.0283832841831644,0.));
#16239=CARTESIAN_POINT('',(0.,3.59739997249535E-18,0.));
#16240=CARTESIAN_POINT('',(-0.0371493288345344,0.0424417894295277,0.00499999999999993));
#16241=CARTESIAN_POINT('',(-0.0371493288345344,0.0424417894295277,0.));
#16242=CARTESIAN_POINT('',(-0.0530094928851188,0.0301826631046461,0.));
#16243=CARTESIAN_POINT('',(-0.0371493288345344,0.0424417894295277,0.005));
#16244=CARTESIAN_POINT('',(-0.0530094928851188,0.0301826631046461,0.005));
#16245=CARTESIAN_POINT('',(-0.0530094928851188,0.0301826631046461,0.005));
#16246=CARTESIAN_POINT('',(-0.0553303322453045,0.0109513677895026,0.00499999999999993));
#16247=CARTESIAN_POINT('',(-0.0553303322453045,0.0109513677895026,0.));
#16248=CARTESIAN_POINT('',(-0.0503000525986673,0.0303556783579498,0.));
#16249=CARTESIAN_POINT('',(-0.0526436994455521,0.0308162359289426,0.));
#16250=CARTESIAN_POINT('',(-0.052643699446054,0.0308162359299648,0.005));
#16251=CARTESIAN_POINT('',(-0.0526436994455521,0.0308162359289426,0.005));
#16252=CARTESIAN_POINT('',(-0.0553303322453045,0.0109513677895026,0.005));
#16253=CARTESIAN_POINT('',(-0.0503000525986673,0.0303556783579498,0.005));
#16254=CARTESIAN_POINT('',(-0.0503000525986673,0.0303556783579498,0.005));
#16255=CARTESIAN_POINT('',(-0.0528265961650845,0.0304994495162832,0.005));
#16256=CARTESIAN_POINT('',(-0.0528265961650845,0.0304994495162832,0.));
#16257=CARTESIAN_POINT('',(-0.0528265961650845,0.0304994495162832,0.005));
#16258=CARTESIAN_POINT('',(0.,3.59739997249535E-18,0.005));
#16259=CARTESIAN_POINT('',(0.,3.59739997249535E-18,0.005));
#16260=CARTESIAN_POINT('',(-0.0498828534792914,0.0310364854447721,0.005));
#16261=CARTESIAN_POINT('',(-0.0498828534792914,0.0310364854447721,0.005));
#16262=CARTESIAN_POINT('',(-0.0498828534792914,0.0310364854447721,0.));
#16263=CARTESIAN_POINT('',(0.,3.59739997249535E-18,0.));
#16264=CARTESIAN_POINT('',(-0.0348771853360334,0.0443278700804891,0.00499999999999993));
#16265=CARTESIAN_POINT('',(-0.0348771853360334,0.0443278700804891,0.));
#16266=CARTESIAN_POINT('',(-0.0513572066819018,0.032915601313943,0.));
#16267=CARTESIAN_POINT('',(-0.0348771853360334,0.0443278700804891,0.005));
#16268=CARTESIAN_POINT('',(-0.0513572066819018,0.032915601313943,0.005));
#16269=CARTESIAN_POINT('',(-0.0513572066819018,0.032915601313943,0.005));
#16270=CARTESIAN_POINT('',(-0.0546813536425144,0.0138321251678475,0.00499999999999993));
#16271=CARTESIAN_POINT('',(-0.0546813536425144,0.0138321251678475,0.));
#16272=CARTESIAN_POINT('',(-0.0486424246704712,0.0329465783075806,0.));
#16273=CARTESIAN_POINT('',(-0.0509587559094742,0.0335291616982091,0.));
#16274=CARTESIAN_POINT('',(-0.0509587559094742,0.0335291616982091,0.005));
#16275=CARTESIAN_POINT('',(-0.0509587559094742,0.0335291616982091,0.005));
#16276=CARTESIAN_POINT('',(-0.0546813536425144,0.0138321251678475,0.005));
#16277=CARTESIAN_POINT('',(-0.0486424246704712,0.0329465783075806,0.005));
#16278=CARTESIAN_POINT('',(-0.0486424246704712,0.0329465783075806,0.005));
#16279=CARTESIAN_POINT('',(-0.051157981295688,0.0332223815060761,0.005));
#16280=CARTESIAN_POINT('',(-0.051157981295688,0.0332223815060761,0.));
#16281=CARTESIAN_POINT('',(-0.051157981295688,0.0332223815060761,0.005));
#16282=CARTESIAN_POINT('',(0.,3.59739997249535E-18,0.005));
#16283=CARTESIAN_POINT('',(0.,3.59739997249535E-18,0.005));
#16284=CARTESIAN_POINT('',(-0.048190166618083,0.0336046178570952,0.005));
#16285=CARTESIAN_POINT('',(-0.048190166618083,0.0336046178570952,0.005));
#16286=CARTESIAN_POINT('',(-0.048190166618083,0.0336046178570952,0.));
#16287=CARTESIAN_POINT('',(0.,3.59739997249535E-18,0.));
#16288=CARTESIAN_POINT('',(-0.0325094458967853,0.0460924511207718,0.00499999999999993));
#16289=CARTESIAN_POINT('',(-0.0325094458967853,0.0460924511207718,0.));
#16290=CARTESIAN_POINT('',(-0.0495641539449654,0.0355583201479738,0.));
#16291=CARTESIAN_POINT('',(-0.0325094458967853,0.0460924511207718,0.005));
#16292=CARTESIAN_POINT('',(-0.0495641539449654,0.0355583201479738,0.005));
#16293=CARTESIAN_POINT('',(-0.0495641539449654,0.0355583201479738,0.005));
#16294=CARTESIAN_POINT('',(-0.0538824972502451,0.0166749696525685,0.00499999999999993));
#16295=CARTESIAN_POINT('',(-0.0538824972502451,0.0166749696525685,0.));
#16296=CARTESIAN_POINT('',(-0.0468514712373468,0.0354471739761588,0.));
#16297=CARTESIAN_POINT('',(-0.0491341379660501,0.0361501863668665,0.));
#16298=CARTESIAN_POINT('',(-0.0491341379660501,0.0361501863668665,0.005));
#16299=CARTESIAN_POINT('',(-0.0491341379660501,0.0361501863668665,0.005));
#16300=CARTESIAN_POINT('',(-0.0538824972502451,0.0166749696525685,0.005));
#16301=CARTESIAN_POINT('',(-0.0468514712373468,0.0354471739761588,0.005));
#16302=CARTESIAN_POINT('',(-0.0468514712373468,0.0354471739761588,0.005));
#16303=CARTESIAN_POINT('',(-0.0493491459555078,0.0358542532574202,0.005));
#16304=CARTESIAN_POINT('',(-0.0493491459555078,0.0358542532574202,0.));
#16305=CARTESIAN_POINT('',(-0.0493491459555078,0.0358542532574202,0.005));
#16306=CARTESIAN_POINT('',(0.,3.59739997249535E-18,0.005));
#16307=CARTESIAN_POINT('',(0.,3.59739997249535E-18,0.005));
#16308=CARTESIAN_POINT('',(-0.0463653938598318,0.0360806423477004,0.005));
#16309=CARTESIAN_POINT('',(-0.0463653938598318,0.0360806423477004,0.005));
#16310=CARTESIAN_POINT('',(-0.0463653938598318,0.0360806423477004,0.));
#16311=CARTESIAN_POINT('',(0.,3.59739997249535E-18,0.));
#16312=CARTESIAN_POINT('',(-0.0300526003260479,0.0477306959563712,0.00499999999999993));
#16313=CARTESIAN_POINT('',(-0.0300526003260479,0.0477306959563712,0.));
#16314=CARTESIAN_POINT('',(-0.0476352493072279,0.0381035760981075,0.));
#16315=CARTESIAN_POINT('',(-0.0300526003260479,0.0477306959563712,0.005));
#16316=CARTESIAN_POINT('',(-0.0476352493072279,0.0381035760981075,0.005));
#16317=CARTESIAN_POINT('',(-0.0476352493072279,0.0381035760981075,0.005));
#16318=CARTESIAN_POINT('',(-0.0529359526783384,0.0194721092045376,0.00499999999999993));
#16319=CARTESIAN_POINT('',(-0.0529359526783384,0.0194721092045376,0.));
#16320=CARTESIAN_POINT('',(-0.0449321011781667,0.0378506114047712,0.));
#16321=CARTESIAN_POINT('',(-0.0471748467657331,0.038672125887461,0.));
#16322=CARTESIAN_POINT('',(-0.0471748467657331,0.038672125887461,0.005));
#16323=CARTESIAN_POINT('',(-0.0471748467657331,0.038672125887461,0.005));
#16324=CARTESIAN_POINT('',(-0.0529359526783384,0.0194721092045376,0.005));
#16325=CARTESIAN_POINT('',(-0.0449321011781667,0.0378506114047712,0.005));
#16326=CARTESIAN_POINT('',(-0.0449321011781667,0.0378506114047712,0.005));
#16327=CARTESIAN_POINT('',(-0.0474050480364805,0.0383878509927843,0.005));
#16328=CARTESIAN_POINT('',(-0.0474050480364805,0.0383878509927843,0.));
#16329=CARTESIAN_POINT('',(-0.0474050480364805,0.0383878509927843,0.005));
#16330=CARTESIAN_POINT('',(0.,3.59739997249535E-18,0.005));
#16331=CARTESIAN_POINT('',(0.,3.59739997249535E-18,0.005));
#16332=CARTESIAN_POINT('',(-0.0444135367798299,0.0384577723055652,0.005));
#16333=CARTESIAN_POINT('',(-0.0444135367798299,0.0384577723055652,0.005));
#16334=CARTESIAN_POINT('',(-0.0444135367798299,0.0384577723055652,0.));
#16335=CARTESIAN_POINT('',(0.,3.59739997249535E-18,0.));
#16336=CARTESIAN_POINT('',(-0.0275133826667532,0.0492381142720711,0.00499999999999993));
#16337=CARTESIAN_POINT('',(-0.0275133826667532,0.0492381142720711,0.));
#16338=CARTESIAN_POINT('',(-0.0455757797622249,0.0405443927947034,0.));
#16339=CARTESIAN_POINT('',(-0.0275133826667532,0.0492381142720711,0.005));
#16340=CARTESIAN_POINT('',(-0.0455757797622249,0.0405443927947034,0.005));
#16341=CARTESIAN_POINT('',(-0.0455757797622249,0.0405443927947034,0.005));
#16342=CARTESIAN_POINT('',(-0.051844314339666,0.0222158770586853,0.00499999999999993));
#16343=CARTESIAN_POINT('',(-0.051844314339666,0.0222158770586853,0.));
#16344=CARTESIAN_POINT('',(-0.0428895753528492,0.0401503029384869,0.));
#16345=CARTESIAN_POINT('',(-0.0450862525895145,0.0410880677990645,0.));
#16346=CARTESIAN_POINT('',(-0.0450862525895145,0.0410880677990645,0.005));
#16347=CARTESIAN_POINT('',(-0.0450862525895145,0.0410880677990645,0.005));
#16348=CARTESIAN_POINT('',(-0.051844314339666,0.0222158770586853,0.005));
#16349=CARTESIAN_POINT('',(-0.0428895753528492,0.0401503029384869,0.005));
#16350=CARTESIAN_POINT('',(-0.0428895753528492,0.0401503029384869,0.005));
#16351=CARTESIAN_POINT('',(-0.0453310161758697,0.0408162302968839,0.005));
#16352=CARTESIAN_POINT('',(-0.0453310161758697,0.0408162302968839,0.));
#16353=CARTESIAN_POINT('',(-0.0453310161758697,0.0408162302968839,0.005));
#16354=CARTESIAN_POINT('',(0.,3.59739997249535E-18,0.005));
#16355=CARTESIAN_POINT('',(0.,3.59739997249535E-18,0.005));
#16356=CARTESIAN_POINT('',(-0.0423399452826615,0.0407294921827075,0.005));
#16357=CARTESIAN_POINT('',(-0.0423399452826615,0.0407294921827075,0.005));
#16358=CARTESIAN_POINT('',(-0.0423399452826615,0.0407294921827075,0.));
#16359=CARTESIAN_POINT('',(0.,3.59739997249535E-18,0.));
#16360=CARTESIAN_POINT('',(-0.0248987527380038,0.0506105743390496,0.00499999999999993));
#16361=CARTESIAN_POINT('',(-0.0248987527380038,0.0506105743390496,0.));
#16362=CARTESIAN_POINT('',(-0.0433913901728273,0.0428740801288552,0.));
#16363=CARTESIAN_POINT('',(-0.0248987527380038,0.0506105743390496,0.005));
#16364=CARTESIAN_POINT('',(-0.0433913901728273,0.0428740801288552,0.005));
#16365=CARTESIAN_POINT('',(-0.0433913901728273,0.0428740801288552,0.005));
#16366=CARTESIAN_POINT('',(-0.050610574327917,0.0248987527607095,0.00499999999999993));
#16367=CARTESIAN_POINT('',(-0.050610574327917,0.0248987527607095,0.));
#16368=CARTESIAN_POINT('',(-0.0407294921827288,0.042339945282641,0.));
#16369=CARTESIAN_POINT('',(-0.0428740801288769,0.0433913901728056,0.));
#16370=CARTESIAN_POINT('',(-0.0428740801288769,0.0433913901728056,0.005));
#16371=CARTESIAN_POINT('',(-0.0428740801288769,0.0433913901728056,0.005));
#16372=CARTESIAN_POINT('',(-0.050610574327917,0.0248987527607095,0.005));
#16373=CARTESIAN_POINT('',(-0.0407294921827288,0.042339945282641,0.005));
#16374=CARTESIAN_POINT('',(-0.0407294921827288,0.042339945282641,0.005));
#16375=CARTESIAN_POINT('',(-0.0431327351508412,0.0431327351508412,0.005));
#16376=CARTESIAN_POINT('',(-0.0431327351508412,0.0431327351508412,0.));
#16377=CARTESIAN_POINT('',(-0.0431327351508412,0.0431327351508412,0.005));
#16378=CARTESIAN_POINT('',(0.,3.59739997249535E-18,0.005));
#16379=CARTESIAN_POINT('',(0.,3.59739997249535E-18,0.005));
#16380=CARTESIAN_POINT('',(-0.040150302938479,0.0428895753528566,0.005));
#16381=CARTESIAN_POINT('',(-0.040150302938479,0.0428895753528566,0.005));
#16382=CARTESIAN_POINT('',(-0.040150302938479,0.0428895753528566,0.));
#16383=CARTESIAN_POINT('',(0.,3.59739997249535E-18,0.));
#16384=CARTESIAN_POINT('',(-0.0222158771469051,0.0518443142999607,0.00499999999999993));
#16385=CARTESIAN_POINT('',(-0.0222158771469051,0.0518443142999607,0.));
#16386=CARTESIAN_POINT('',(-0.0410880677988762,0.045086252589684,0.));
#16387=CARTESIAN_POINT('',(-0.0222158771469051,0.0518443142999607,0.005));
#16388=CARTESIAN_POINT('',(-0.0410880677988762,0.045086252589684,0.005));
#16389=CARTESIAN_POINT('',(-0.0410880677988762,0.045086252589684,0.005));
#16390=CARTESIAN_POINT('',(-0.0492381142720756,0.0275133826667449,0.00499999999999993));
#16391=CARTESIAN_POINT('',(-0.0492381142720756,0.0275133826667449,0.));
#16392=CARTESIAN_POINT('',(-0.0384577723055652,0.0444135367798299,0.));
#16393=CARTESIAN_POINT('',(-0.0405443927948647,0.0455757797633523,0.));
#16394=CARTESIAN_POINT('',(-0.0405443927950262,0.0455757797644796,0.005));
#16395=CARTESIAN_POINT('',(-0.0405443927948647,0.0455757797633523,0.005));
#16396=CARTESIAN_POINT('',(-0.0492381142720756,0.0275133826667449,0.005));
#16397=CARTESIAN_POINT('',(-0.0384577723055652,0.0444135367798299,0.005));
#16398=CARTESIAN_POINT('',(-0.0384577723055652,0.0444135367798299,0.005));
#16399=CARTESIAN_POINT('',(-0.0408162302968839,0.0453310161758697,0.005));
#16400=CARTESIAN_POINT('',(-0.0408162302968839,0.0453310161758697,0.));
#16401=CARTESIAN_POINT('',(-0.0408162302968839,0.0453310161758697,0.005));
#16402=CARTESIAN_POINT('',(0.,3.59739997249535E-18,0.005));
#16403=CARTESIAN_POINT('',(0.,3.59739997249535E-18,0.005));
#16404=CARTESIAN_POINT('',(-0.0378506114047712,0.0449321011781667,0.005));
#16405=CARTESIAN_POINT('',(-0.0378506114047712,0.0449321011781667,0.005));
#16406=CARTESIAN_POINT('',(-0.0378506114047712,0.0449321011781667,0.));
#16407=CARTESIAN_POINT('',(0.,3.59739997249535E-18,0.));
#16408=CARTESIAN_POINT('',(-0.0194721092045434,0.0529359526783363,0.00499999999999993));
#16409=CARTESIAN_POINT('',(-0.0194721092045434,0.0529359526783363,0.));
#16410=CARTESIAN_POINT('',(-0.038672125887461,0.0471748467657331,0.));
#16411=CARTESIAN_POINT('',(-0.0194721092045434,0.0529359526783363,0.005));
#16412=CARTESIAN_POINT('',(-0.038672125887461,0.0471748467657331,0.005));
#16413=CARTESIAN_POINT('',(-0.038672125887461,0.0471748467657331,0.005));
#16414=CARTESIAN_POINT('',(-0.047730695956369,0.0300526003260512,0.00499999999999993));
#16415=CARTESIAN_POINT('',(-0.047730695956369,0.0300526003260512,0.));
#16416=CARTESIAN_POINT('',(-0.0360806423477004,0.0463653938598318,0.));
#16417=CARTESIAN_POINT('',(-0.0381035760981075,0.0476352493072279,0.));
#16418=CARTESIAN_POINT('',(-0.0381035760981075,0.0476352493072279,0.005));
#16419=CARTESIAN_POINT('',(-0.0381035760981075,0.0476352493072279,0.005));
#16420=CARTESIAN_POINT('',(-0.047730695956369,0.0300526003260512,0.005));
#16421=CARTESIAN_POINT('',(-0.0360806423477004,0.0463653938598318,0.005));
#16422=CARTESIAN_POINT('',(-0.0360806423477004,0.0463653938598318,0.005));
#16423=CARTESIAN_POINT('',(-0.0383878509927843,0.0474050480364805,0.005));
#16424=CARTESIAN_POINT('',(-0.0383878509927843,0.0474050480364805,0.));
#16425=CARTESIAN_POINT('',(-0.0383878509927843,0.0474050480364805,0.005));
#16426=CARTESIAN_POINT('',(0.,3.59739997249535E-18,0.005));
#16427=CARTESIAN_POINT('',(0.,3.59739997249535E-18,0.005));
#16428=CARTESIAN_POINT('',(-0.0354471739761587,0.0468514712373468,0.005));
#16429=CARTESIAN_POINT('',(-0.0354471739761587,0.0468514712373468,0.005));
#16430=CARTESIAN_POINT('',(-0.0354471739761587,0.0468514712373468,0.));
#16431=CARTESIAN_POINT('',(0.,3.59739997249535E-18,0.));
#16432=CARTESIAN_POINT('',(-0.0166749696525701,0.0538824972502446,0.00499999999999993));
#16433=CARTESIAN_POINT('',(-0.0166749696525701,0.0538824972502446,0.));
#16434=CARTESIAN_POINT('',(-0.0361501863668665,0.0491341379660502,0.));
#16435=CARTESIAN_POINT('',(-0.0166749696525701,0.0538824972502446,0.005));
#16436=CARTESIAN_POINT('',(-0.0361501863668665,0.0491341379660502,0.005));
#16437=CARTESIAN_POINT('',(-0.0361501863668665,0.0491341379660502,0.005));
#16438=CARTESIAN_POINT('',(-0.0460924511207669,0.0325094458967922,0.00499999999999993));
#16439=CARTESIAN_POINT('',(-0.0460924511207669,0.0325094458967922,0.));
#16440=CARTESIAN_POINT('',(-0.0336046178570952,0.048190166618083,0.));
#16441=CARTESIAN_POINT('',(-0.0355583201479738,0.0495641539449654,0.));
#16442=CARTESIAN_POINT('',(-0.0355583201479738,0.0495641539449654,0.005));
#16443=CARTESIAN_POINT('',(-0.0355583201479738,0.0495641539449654,0.005));
#16444=CARTESIAN_POINT('',(-0.0460924511207669,0.0325094458967922,0.005));
#16445=CARTESIAN_POINT('',(-0.0336046178570952,0.048190166618083,0.005));
#16446=CARTESIAN_POINT('',(-0.0336046178570952,0.048190166618083,0.005));
#16447=CARTESIAN_POINT('',(-0.0358542532574202,0.0493491459555078,0.005));
#16448=CARTESIAN_POINT('',(-0.0358542532574202,0.0493491459555078,0.));
#16449=CARTESIAN_POINT('',(-0.0358542532574202,0.0493491459555078,0.005));
#16450=CARTESIAN_POINT('',(0.,3.59739997249535E-18,0.005));
#16451=CARTESIAN_POINT('',(0.,3.59739997249535E-18,0.005));
#16452=CARTESIAN_POINT('',(-0.0329465783075805,0.0486424246704712,0.005));
#16453=CARTESIAN_POINT('',(-0.0329465783075805,0.0486424246704712,0.005));
#16454=CARTESIAN_POINT('',(-0.0329465783075805,0.0486424246704712,0.));
#16455=CARTESIAN_POINT('',(0.,3.59739997249535E-18,0.));
#16456=CARTESIAN_POINT('',(-0.0138321251678531,0.0546813536425132,0.00499999999999993));
#16457=CARTESIAN_POINT('',(-0.0138321251678531,0.0546813536425132,0.));
#16458=CARTESIAN_POINT('',(-0.033529161698209,0.0509587559094742,0.));
#16459=CARTESIAN_POINT('',(-0.0138321251678531,0.0546813536425132,0.005));
#16460=CARTESIAN_POINT('',(-0.033529161698209,0.0509587559094742,0.005));
#16461=CARTESIAN_POINT('',(-0.033529161698209,0.0509587559094742,0.005));
#16462=CARTESIAN_POINT('',(-0.0443278700804914,0.0348771853360299,0.00499999999999993));
#16463=CARTESIAN_POINT('',(-0.0443278700804914,0.0348771853360299,0.));
#16464=CARTESIAN_POINT('',(-0.031036485444772,0.0498828534792914,0.));
#16465=CARTESIAN_POINT('',(-0.032915601313926,0.0513572066830405,0.));
#16466=CARTESIAN_POINT('',(-0.0329156013139091,0.0513572066841792,0.005));
#16467=CARTESIAN_POINT('',(-0.032915601313926,0.0513572066830405,0.005));
#16468=CARTESIAN_POINT('',(-0.0443278700804914,0.0348771853360299,0.005));
#16469=CARTESIAN_POINT('',(-0.031036485444772,0.0498828534792914,0.005));
#16470=CARTESIAN_POINT('',(-0.031036485444772,0.0498828534792914,0.005));
#16471=CARTESIAN_POINT('',(-0.033222381506076,0.051157981295688,0.005));
#16472=CARTESIAN_POINT('',(-0.033222381506076,0.051157981295688,0.));
#16473=CARTESIAN_POINT('',(-0.033222381506076,0.051157981295688,0.005));
#16474=CARTESIAN_POINT('',(0.,3.59739997249535E-18,0.005));
#16475=CARTESIAN_POINT('',(0.,3.59739997249535E-18,0.005));
#16476=CARTESIAN_POINT('',(-0.0303556783579498,0.0503000525986673,0.005));
#16477=CARTESIAN_POINT('',(-0.0303556783579498,0.0503000525986673,0.005));
#16478=CARTESIAN_POINT('',(-0.0303556783579498,0.0503000525986673,0.));
#16479=CARTESIAN_POINT('',(0.,3.59739997249535E-18,0.));
#16480=CARTESIAN_POINT('',(-0.0109513677894956,0.0553303322453057,0.00499999999999993));
#16481=CARTESIAN_POINT('',(-0.0109513677894956,0.0553303322453057,0.));
#16482=CARTESIAN_POINT('',(-0.0308162359279203,0.0526436994450502,0.));
#16483=CARTESIAN_POINT('',(-0.0109513677894956,0.0553303322453057,0.005));
#16484=CARTESIAN_POINT('',(-0.0308162359279203,0.0526436994450502,0.005));
#16485=CARTESIAN_POINT('',(-0.0308162359279203,0.0526436994450502,0.005));
#16486=CARTESIAN_POINT('',(-0.0424417893920786,0.0371493288774322,0.00499999999999993));
#16487=CARTESIAN_POINT('',(-0.0424417893920786,0.0371493288774322,0.));
#16488=CARTESIAN_POINT('',(-0.0283832841832227,0.0514388149063956,0.));
#16489=CARTESIAN_POINT('',(-0.0301826631046295,0.0530094928862205,0.));
#16490=CARTESIAN_POINT('',(-0.030182663104553,0.0530094928873567,0.005));
#16491=CARTESIAN_POINT('',(-0.0301826631046295,0.0530094928862205,0.005));
#16492=CARTESIAN_POINT('',(-0.0424417893920786,0.0371493288774322,0.005));
#16493=CARTESIAN_POINT('',(-0.0283832841832227,0.0514388149063956,0.005));
#16494=CARTESIAN_POINT('',(-0.0283832841832227,0.0514388149063956,0.005));
#16495=CARTESIAN_POINT('',(-0.0304994495162832,0.0528265961650845,0.005));
#16496=CARTESIAN_POINT('',(-0.0304994495162832,0.0528265961650845,0.));
#16497=CARTESIAN_POINT('',(-0.0304994495162832,0.0528265961650845,0.005));
#16498=CARTESIAN_POINT('',(0.,3.59739997249535E-18,0.005));
#16499=CARTESIAN_POINT('',(0.,3.59739997249535E-18,0.005));
#16500=CARTESIAN_POINT('',(-0.0276815756039373,0.0518198115790043,0.005));
#16501=CARTESIAN_POINT('',(-0.0276815756039373,0.0518198115790043,0.005));
#16502=CARTESIAN_POINT('',(-0.0276815756039373,0.0518198115790043,0.));
#16503=CARTESIAN_POINT('',(0.,3.59739997249535E-18,0.));
#16504=CARTESIAN_POINT('',(-0.00804059347324819,0.0558276542533778,0.00499999999999993));
#16505=CARTESIAN_POINT('',(-0.00804059347324819,0.0558276542533778,0.));
#16506=CARTESIAN_POINT('',(-0.0280188449969634,0.054184350259666,0.));
#16507=CARTESIAN_POINT('',(-0.00804059347324819,0.0558276542533778,0.005));
#16508=CARTESIAN_POINT('',(-0.0280188449969634,0.054184350259666,0.005));
#16509=CARTESIAN_POINT('',(-0.0280188449969634,0.054184350259666,0.005));
#16510=CARTESIAN_POINT('',(-0.0404393787838278,0.0393196486049256,0.00499999999999993));
#16511=CARTESIAN_POINT('',(-0.0404393787838278,0.0393196486049256,0.));
#16512=CARTESIAN_POINT('',(-0.0256522863125087,0.0528537861173737,0.));
#16513=CARTESIAN_POINT('',(-0.0273669963137505,0.0545164837529824,0.));
#16514=CARTESIAN_POINT('',(-0.0273669963137505,0.0545164837529824,0.005));
#16515=CARTESIAN_POINT('',(-0.0273669963137505,0.0545164837529824,0.005));
#16516=CARTESIAN_POINT('',(-0.0404393787838278,0.0393196486049256,0.005));
#16517=CARTESIAN_POINT('',(-0.0256522863125087,0.0528537861173737,0.005));
#16518=CARTESIAN_POINT('',(-0.0256522863125087,0.0528537861173737,0.005));
#16519=CARTESIAN_POINT('',(-0.027692920655357,0.0543504170063242,0.005));
#16520=CARTESIAN_POINT('',(-0.027692920655357,0.0543504170063242,0.));
#16521=CARTESIAN_POINT('',(-0.027692920655357,0.0543504170063242,0.005));
#16522=CARTESIAN_POINT('',(0.,3.59739997249535E-18,0.005));
#16523=CARTESIAN_POINT('',(0.,3.59739997249535E-18,0.005));
#16524=CARTESIAN_POINT('',(-0.0249315995753171,0.0531975360577541,0.005));
#16525=CARTESIAN_POINT('',(-0.0249315995753171,0.0531975360577541,0.005));
#16526=CARTESIAN_POINT('',(-0.0249315995753171,0.0531975360577541,0.));
#16527=CARTESIAN_POINT('',(0.,3.59739997249535E-18,0.));
#16528=CARTESIAN_POINT('',(-0.00510778044920074,0.0561719565416719,0.00499999999999993));
#16529=CARTESIAN_POINT('',(-0.00510778044920074,0.0561719565416719,0.));
#16530=CARTESIAN_POINT('',(-0.0251446563594358,0.0555764855365281,0.));
#16531=CARTESIAN_POINT('',(-0.00510778044920074,0.0561719565416719,0.005));
#16532=CARTESIAN_POINT('',(-0.0251446563594358,0.0555764855365281,0.005));
#16533=CARTESIAN_POINT('',(-0.0251446563594358,0.0555764855365281,0.005));
#16534=CARTESIAN_POINT('',(-0.0383261266117883,0.0413821959515672,0.00499999999999993));
#16535=CARTESIAN_POINT('',(-0.0383261266117883,0.0413821959515672,0.));
#16536=CARTESIAN_POINT('',(-0.0228509773081389,0.0541238887743935,0.));
#16537=CARTESIAN_POINT('',(-0.0244763184882156,0.0558740487282734,0.));
#16538=CARTESIAN_POINT('',(-0.0244763184882156,0.0558740487282734,0.005));
#16539=CARTESIAN_POINT('',(-0.0244763184882156,0.0558740487282734,0.005));
#16540=CARTESIAN_POINT('',(-0.0383261266117883,0.0413821959515672,0.005));
#16541=CARTESIAN_POINT('',(-0.0228509773081389,0.0541238887743935,0.005));
#16542=CARTESIAN_POINT('',(-0.0228509773081389,0.0541238887743935,0.005));
#16543=CARTESIAN_POINT('',(-0.0248104874238258,0.0557252671324007,0.005));
#16544=CARTESIAN_POINT('',(-0.0248104874238258,0.0557252671324007,0.));
#16545=CARTESIAN_POINT('',(-0.0248104874238258,0.0557252671324007,0.005));
#16546=CARTESIAN_POINT('',(0.,3.59739997249535E-18,0.005));
#16547=CARTESIAN_POINT('',(0.,3.59739997249535E-18,0.005));
#16548=CARTESIAN_POINT('',(-0.0221132877652352,0.054429449787885,0.005));
#16549=CARTESIAN_POINT('',(-0.0221132877652352,0.054429449787885,0.005));
#16550=CARTESIAN_POINT('',(-0.0221132877652352,0.054429449787885,0.));
#16551=CARTESIAN_POINT('',(0.,3.59739997249535E-18,0.));
#16552=CARTESIAN_POINT('',(-0.00216096735395414,0.0563622954015526,0.00499999999999993));
#16553=CARTESIAN_POINT('',(-0.00216096735395414,0.0563622954015526,0.));
#16554=CARTESIAN_POINT('',(-0.0222015479666107,0.0568162895296086,0.));
#16555=CARTESIAN_POINT('',(-0.00216096735395414,0.0563622954015526,0.005));
#16556=CARTESIAN_POINT('',(-0.0222015479666107,0.0568162895296086,0.005));
#16557=CARTESIAN_POINT('',(-0.0222015479666107,0.0568162895296086,0.005));
#16558=CARTESIAN_POINT('',(-0.0361078251907038,0.0433313175755631,0.00499999999999993));
#16559=CARTESIAN_POINT('',(-0.0361078251907038,0.0433313175755631,0.));
#16560=CARTESIAN_POINT('',(-0.0199870353633194,0.0552456416143882,0.));
#16561=CARTESIAN_POINT('',(-0.0215185527750325,0.0570784668197576,0.));
#16562=CARTESIAN_POINT('',(-0.0215185527750325,0.0570784668197576,0.005));
#16563=CARTESIAN_POINT('',(-0.0215185527750325,0.0570784668197576,0.005));
#16564=CARTESIAN_POINT('',(-0.0361078251907038,0.0433313175755631,0.005));
#16565=CARTESIAN_POINT('',(-0.0199870353633194,0.0552456416143882,0.005));
#16566=CARTESIAN_POINT('',(-0.0199870353633194,0.0552456416143882,0.005));
#16567=CARTESIAN_POINT('',(-0.0218600503708216,0.0569473781746831,0.005));
#16568=CARTESIAN_POINT('',(-0.0218600503708216,0.0569473781746831,0.));
#16569=CARTESIAN_POINT('',(-0.0218600503708216,0.0569473781746831,0.005));
#16570=CARTESIAN_POINT('',(0.,3.59739997249535E-18,0.005));
#16571=CARTESIAN_POINT('',(0.,3.59739997249535E-18,0.005));
#16572=CARTESIAN_POINT('',(-0.0192343649702256,0.0555121761795749,0.005));
#16573=CARTESIAN_POINT('',(-0.0192343649702256,0.0555121761795749,0.005));
#16574=CARTESIAN_POINT('',(-0.0192343649702256,0.0555121761795749,0.));
#16575=CARTESIAN_POINT('',(0.,3.59739997249535E-18,0.));
#16576=CARTESIAN_POINT('',(0.000791768705999278,0.0563981491271134,0.00499999999999993));
#16577=CARTESIAN_POINT('',(0.000791768705999278,0.0563981491271134,0.));
#16578=CARTESIAN_POINT('',(-0.0191975866735495,0.0579003640224931,0.));
#16579=CARTESIAN_POINT('',(0.000791768705999278,0.0563981491271134,0.005));
#16580=CARTESIAN_POINT('',(-0.0191975866735495,0.0579003640224931,0.005));
#16581=CARTESIAN_POINT('',(-0.0191975866735495,0.0579003640224931,0.005));
#16582=CARTESIAN_POINT('',(-0.0337905547306017,0.0451616710700007,0.00499999999999993));
#16583=CARTESIAN_POINT('',(-0.0337905547306017,0.0451616710700007,0.));
#16584=CARTESIAN_POINT('',(-0.0170683103438509,0.0562159699907952,0.));
#16585=CARTESIAN_POINT('',(-0.0185018062041182,0.05812643680226,0.));
#16586=CARTESIAN_POINT('',(-0.0185018062038072,0.0581264368033555,0.005));
#16587=CARTESIAN_POINT('',(-0.0185018062041182,0.05812643680226,0.005));
#16588=CARTESIAN_POINT('',(-0.0337905547306017,0.0451616710700007,0.005));
#16589=CARTESIAN_POINT('',(-0.0170683103438509,0.0562159699907952,0.005));
#16590=CARTESIAN_POINT('',(-0.0170683103438509,0.0562159699907952,0.005));
#16591=CARTESIAN_POINT('',(-0.0188496964392246,0.0580134004117524,0.005));
#16592=CARTESIAN_POINT('',(-0.0188496964392246,0.0580134004117524,0.));
#16593=CARTESIAN_POINT('',(-0.0188496964392246,0.0580134004117524,0.005));
#16594=CARTESIAN_POINT('',(0.,3.59739997249535E-18,0.005));
#16595=CARTESIAN_POINT('',(0.,3.59739997249535E-18,0.005));
#16596=CARTESIAN_POINT('',(-0.0163027221182337,0.0564427475548068,0.005));
#16597=CARTESIAN_POINT('',(-0.0163027221182338,0.0564427475548068,0.005));
#16598=CARTESIAN_POINT('',(-0.0163027221182337,0.0564427475548068,0.));
#16599=CARTESIAN_POINT('',(0.,3.59739997249535E-18,0.));
#16600=CARTESIAN_POINT('',(0.00374233473985211,0.0562794194491816,0.00499999999999993));
#16601=CARTESIAN_POINT('',(0.00374233473985211,0.0562794194491816,0.));
#16602=CARTESIAN_POINT('',(-0.0161410061307209,0.0588257376419031,0.));
#16603=CARTESIAN_POINT('',(0.00374233473985211,0.0562794194491816,0.005));
#16604=CARTESIAN_POINT('',(-0.0161410061307209,0.0588257376419031,0.005));
#16605=CARTESIAN_POINT('',(-0.0161410061307209,0.0588257376419031,0.005));
#16606=CARTESIAN_POINT('',(-0.0313806667087414,0.0468682395631799,0.00499999999999993));
#16607=CARTESIAN_POINT('',(-0.0313806667087414,0.0468682395631799,0.));
#16608=CARTESIAN_POINT('',(-0.0141028022721336,0.0570322143009817,0.));
#16609=CARTESIAN_POINT('',(-0.0154343474686965,0.0590150862606962,0.));
#16610=CARTESIAN_POINT('',(-0.0154343474683286,0.0590150862617739,0.005));
#16611=CARTESIAN_POINT('',(-0.0154343474686965,0.0590150862606962,0.005));
#16612=CARTESIAN_POINT('',(-0.0313806667087414,0.0468682395631799,0.005));
#16613=CARTESIAN_POINT('',(-0.0141028022721336,0.0570322143009817,0.005));
#16614=CARTESIAN_POINT('',(-0.0141028022721336,0.0570322143009817,0.005));
#16615=CARTESIAN_POINT('',(-0.0157876767999139,0.0589204119507551,0.005));
#16616=CARTESIAN_POINT('',(-0.0157876767999139,0.0589204119507551,0.));
#16617=CARTESIAN_POINT('',(-0.0157876767999139,0.0589204119507551,0.005));
#16618=CARTESIAN_POINT('',(0.,3.59739997249535E-18,0.005));
#16619=CARTESIAN_POINT('',(0.,3.59739997249535E-18,0.005));
#16620=CARTESIAN_POINT('',(-0.013326394637946,0.0572186132823378,0.005));
#16621=CARTESIAN_POINT('',(-0.013326394637946,0.0572186132823378,0.005));
#16622=CARTESIAN_POINT('',(-0.013326394637946,0.0572186132823378,0.));
#16623=CARTESIAN_POINT('',(0.,3.59739997249535E-18,0.));
#16624=CARTESIAN_POINT('',(0.00668264326967475,0.0560064317892776,0.00499999999999993));
#16625=CARTESIAN_POINT('',(0.00668264326967475,0.0560064317892776,0.));
#16626=CARTESIAN_POINT('',(-0.0130401842116499,0.0595898740034938,0.));
#16627=CARTESIAN_POINT('',(0.00668264326967475,0.0560064317892776,0.005));
#16628=CARTESIAN_POINT('',(-0.0130401842116499,0.0595898740034938,0.005));
#16629=CARTESIAN_POINT('',(-0.0130401842116499,0.0595898740034938,0.005));
#16630=CARTESIAN_POINT('',(-0.0288847664606802,0.0484463454694852,0.00499999999999993));
#16631=CARTESIAN_POINT('',(-0.0288847664606802,0.0484463454694852,0.));
#16632=CARTESIAN_POINT('',(-0.0110986393996622,0.0576921372760298,0.));
#16633=CARTESIAN_POINT('',(-0.0123245842601154,0.0597419794687232,0.));
#16634=CARTESIAN_POINT('',(-0.0123245842601154,0.0597419794687232,0.005));
#16635=CARTESIAN_POINT('',(-0.0123245842601154,0.0597419794687232,0.005));
#16636=CARTESIAN_POINT('',(-0.0288847664606802,0.0484463454694852,0.005));
#16637=CARTESIAN_POINT('',(-0.0110986393996622,0.0576921372760298,0.005));
#16638=CARTESIAN_POINT('',(-0.0110986393996622,0.0576921372760298,0.005));
#16639=CARTESIAN_POINT('',(-0.0126823842358827,0.0596659267361085,0.005));
#16640=CARTESIAN_POINT('',(-0.0126823842358827,0.0596659267361085,0.));
#16641=CARTESIAN_POINT('',(-0.0126823842358827,0.0596659267361085,0.005));
#16642=CARTESIAN_POINT('',(0.,3.59739997249535E-18,0.005));
#16643=CARTESIAN_POINT('',(0.,3.59739997249535E-18,0.005));
#16644=CARTESIAN_POINT('',(-0.0103135404362215,0.0578376467680906,0.005));
#16645=CARTESIAN_POINT('',(-0.0103135404362215,0.0578376467680906,0.005));
#16646=CARTESIAN_POINT('',(-0.0103135404362215,0.0578376467680906,0.));
#16647=CARTESIAN_POINT('',(0.,3.59739997249535E-18,0.));
#16648=CARTESIAN_POINT('',(0.00960463510277239,0.0555799343952412,0.00499999999999993));
#16649=CARTESIAN_POINT('',(0.00960463510277239,0.0555799343952412,0.));
#16650=CARTESIAN_POINT('',(-0.00990362005402451,0.0601906786624935,0.));
#16651=CARTESIAN_POINT('',(0.00960463510277239,0.0555799343952412,0.005));
#16652=CARTESIAN_POINT('',(-0.00990362005402451,0.0601906786624935,0.005));
#16653=CARTESIAN_POINT('',(-0.00990362005402451,0.0601906786624935,0.005));
#16654=CARTESIAN_POINT('',(-0.026309695075501,0.0498916633103254,0.00499999999999993));
#16655=CARTESIAN_POINT('',(-0.026309695075501,0.0498916633103254,0.));
#16656=CARTESIAN_POINT('',(-0.0080640559280532,0.0581939301129356,0.));
#16657=CARTESIAN_POINT('',(-0.00918104022238066,0.0603051240647182,0.));
#16658=CARTESIAN_POINT('',(-0.00918104022238066,0.0603051240647182,0.005));
#16659=CARTESIAN_POINT('',(-0.00918104022238066,0.0603051240647182,0.005));
#16660=CARTESIAN_POINT('',(-0.026309695075501,0.0498916633103254,0.005));
#16661=CARTESIAN_POINT('',(-0.0080640559280532,0.0581939301129356,0.005));
#16662=CARTESIAN_POINT('',(-0.0080640559280532,0.0581939301129356,0.005));
#16663=CARTESIAN_POINT('',(-0.00954233013820258,0.0602479013636059,0.005));
#16664=CARTESIAN_POINT('',(-0.00954233013820258,0.0602479013636059,0.));
#16665=CARTESIAN_POINT('',(-0.00954233013820258,0.0602479013636059,0.005));
#16666=CARTESIAN_POINT('',(0.,3.59739997249535E-18,0.005));
#16667=CARTESIAN_POINT('',(0.,3.59739997249535E-18,0.005));
#16668=CARTESIAN_POINT('',(-0.00727241753704675,0.0582981512842976,0.005));
#16669=CARTESIAN_POINT('',(-0.00727241753704675,0.0582981512842976,0.005));
#16670=CARTESIAN_POINT('',(-0.00727241753704675,0.0582981512842976,0.));
#16671=CARTESIAN_POINT('',(0.,3.59739997249535E-18,0.));
#16672=CARTESIAN_POINT('',(0.0125003012986596,0.0550010962643424,0.00499999999999993));
#16673=CARTESIAN_POINT('',(0.0125003012986596,0.0550010962643424,0.));
#16674=CARTESIAN_POINT('',(-0.00673991076222321,0.0606265048550821,0.));
#16675=CARTESIAN_POINT('',(0.0125003012986596,0.0550010962643424,0.005));
#16676=CARTESIAN_POINT('',(-0.00673991076222321,0.0606265048550821,0.005));
#16677=CARTESIAN_POINT('',(-0.00673991076222321,0.0606265048550821,0.005));
#16678=CARTESIAN_POINT('',(-0.0236625106448773,0.0512002315699628,0.00499999999999993));
#16679=CARTESIAN_POINT('',(-0.0236625106448773,0.0512002315699628,0.));
#16680=CARTESIAN_POINT('',(-0.00500736943967112,0.0585362174324123,0.));
#16681=CARTESIAN_POINT('',(-0.00601233159103059,0.0607029765084166,0.));
#16682=CARTESIAN_POINT('',(-0.00601233159049855,0.0607029765094235,0.005));
#16683=CARTESIAN_POINT('',(-0.00601233159103059,0.0607029765084166,0.005));
#16684=CARTESIAN_POINT('',(-0.0236625106448773,0.0512002315699628,0.005));
#16685=CARTESIAN_POINT('',(-0.00500736943967112,0.0585362174324123,0.005));
#16686=CARTESIAN_POINT('',(-0.00500736943967112,0.0585362174324123,0.005));
#16687=CARTESIAN_POINT('',(-0.00637612117689291,0.0606647406812459,0.005));
#16688=CARTESIAN_POINT('',(-0.00637612117689291,0.0606647406812459,0.));
#16689=CARTESIAN_POINT('',(-0.00637612117689291,0.0606647406812459,0.005));
#16690=CARTESIAN_POINT('',(0.,3.59739997249535E-18,0.005));
#16691=CARTESIAN_POINT('',(0.,3.59739997249535E-18,0.005));
#16692=CARTESIAN_POINT('',(-0.00421136144687488,0.0585988646200912,0.005));
#16693=CARTESIAN_POINT('',(-0.00421136144687488,0.0585988646200912,0.005));
#16694=CARTESIAN_POINT('',(-0.00421136144687488,0.0585988646200912,0.));
#16695=CARTESIAN_POINT('',(0.,3.59739997249535E-18,0.));
#16696=CARTESIAN_POINT('',(0.0153617050147596,0.0542715039581515,0.00499999999999993));
#16697=CARTESIAN_POINT('',(0.0153617050147596,0.0542715039581515,0.));
#16698=CARTESIAN_POINT('',(-0.00355772784347925,0.0608961580119611,0.));
#16699=CARTESIAN_POINT('',(0.0153617050147596,0.0542715039581515,0.005));
#16700=CARTESIAN_POINT('',(-0.00355772784347925,0.0608961580119611,0.005));
#16701=CARTESIAN_POINT('',(-0.00355772784347924,0.0608961580119611,0.005));
#16702=CARTESIAN_POINT('',(-0.0209504689173489,0.052368463553745,0.00499999999999993));
#16703=CARTESIAN_POINT('',(-0.0209504689173489,0.052368463553745,0.));
#16704=CARTESIAN_POINT('',(-0.00193695809971286,0.0587180610487093,0.));
#16705=CARTESIAN_POINT('',(-0.00282714357718016,0.0609344463118841,0.));
#16706=CARTESIAN_POINT('',(-0.00282714357659615,0.0609344463128618,0.005));
#16707=CARTESIAN_POINT('',(-0.00282714357718016,0.0609344463118841,0.005));
#16708=CARTESIAN_POINT('',(-0.0209504689173489,0.052368463553745,0.005));
#16709=CARTESIAN_POINT('',(-0.00193695809971286,0.0587180610487093,0.005));
#16710=CARTESIAN_POINT('',(-0.00193695809971286,0.0587180610487093,0.005));
#16711=CARTESIAN_POINT('',(-0.00319243571063613,0.060915302161433,0.005));
#16712=CARTESIAN_POINT('',(-0.00319243571063613,0.060915302161433,0.));
#16713=CARTESIAN_POINT('',(-0.00319243571063613,0.060915302161433,0.005));
#16714=CARTESIAN_POINT('',(0.,3.59739997249535E-18,0.005));
#16715=CARTESIAN_POINT('',(0.,3.59739997249535E-18,0.005));
#16716=CARTESIAN_POINT('',(-0.00113876230776041,0.0587389625411143,0.005));
#16717=CARTESIAN_POINT('',(-0.0011387623077604,0.0587389625411143,0.005));
#16718=CARTESIAN_POINT('',(-0.00113876230776041,0.0587389625411143,0.));
#16719=CARTESIAN_POINT('',(0.,3.59739997249535E-18,0.));
#16720=CARTESIAN_POINT('',(0.0181810034107681,0.0533931572190143,0.00499999999999993));
#16721=CARTESIAN_POINT('',(0.0181810034107681,0.0533931572190143,0.));
#16722=CARTESIAN_POINT('',(-0.000365793440068614,0.0609988990325664,0.));
#16723=CARTESIAN_POINT('',(0.0181810034107681,0.0533931572190143,0.005));
#16724=CARTESIAN_POINT('',(-0.000365793440068614,0.0609988990325664,0.005));
#16725=CARTESIAN_POINT('',(-0.000365793440068614,0.0609988990325664,0.005));
#16726=CARTESIAN_POINT('',(-0.0181810034107681,0.0533931572190143,0.00499999999999993));
#16727=CARTESIAN_POINT('',(-0.0181810034107681,0.0533931572190143,0.));
#16728=CARTESIAN_POINT('',(0.00113876230776038,0.0587389625411143,0.));
#16729=CARTESIAN_POINT('',(0.000365793440702966,0.0609988990335122,0.));
#16730=CARTESIAN_POINT('',(0.00036579344133734,0.060998899034458,0.005));
#16731=CARTESIAN_POINT('',(0.000365793440702966,0.0609988990335122,0.005));
#16732=CARTESIAN_POINT('',(-0.0181810034107681,0.0533931572190143,0.005));
#16733=CARTESIAN_POINT('',(0.00113876230776038,0.0587389625411143,0.005));
#16734=CARTESIAN_POINT('',(0.00113876230776038,0.0587389625411143,0.005));
#16735=CARTESIAN_POINT('',(-9.80937111396083E-18,0.0609988990325664,0.005));
#16736=CARTESIAN_POINT('',(-9.80937111396083E-18,0.0609988990325664,0.));
#16737=CARTESIAN_POINT('',(-9.80937111396083E-18,0.0609988990325664,0.005));
#16738=CARTESIAN_POINT('',(0.,3.59739997249535E-18,0.005));
#16739=CARTESIAN_POINT('',(0.,3.59739997249535E-18,0.005));
#16740=CARTESIAN_POINT('',(0.00193695809971286,0.0587180610487093,0.005));
#16741=CARTESIAN_POINT('',(0.00193695809971286,0.0587180610487093,0.005));
#16742=CARTESIAN_POINT('',(0.00193695809971286,0.0587180610487093,0.));
#16743=CARTESIAN_POINT('',(0.,3.59739997249535E-18,0.));
#16744=CARTESIAN_POINT('',(0.0209504689173496,0.0523684635537447,0.00499999999999993));
#16745=CARTESIAN_POINT('',(0.0209504689173496,0.0523684635537447,0.));
#16746=CARTESIAN_POINT('',(0.00282714357776417,0.0609344463109064,0.));
#16747=CARTESIAN_POINT('',(0.0209504689173496,0.0523684635537447,0.005));
#16748=CARTESIAN_POINT('',(0.00282714357776417,0.0609344463109064,0.005));
#16749=CARTESIAN_POINT('',(0.00282714357776417,0.0609344463109064,0.005));
#16750=CARTESIAN_POINT('',(-0.0153617050375828,0.0542715039516599,0.00499999999999993));
#16751=CARTESIAN_POINT('',(-0.0153617050375828,0.0542715039516599,0.));
#16752=CARTESIAN_POINT('',(0.00421136144690247,0.0585988646200892,0.));
#16753=CARTESIAN_POINT('',(0.00355772784419113,0.0608961580128709,0.));
#16754=CARTESIAN_POINT('',(0.00355772784487413,0.0608961580137822,0.005));
#16755=CARTESIAN_POINT('',(0.00355772784419113,0.0608961580128709,0.005));
#16756=CARTESIAN_POINT('',(-0.0153617050375828,0.0542715039516599,0.005));
#16757=CARTESIAN_POINT('',(0.00421136144690247,0.0585988646200892,0.005));
#16758=CARTESIAN_POINT('',(0.00421136144690247,0.0585988646200892,0.005));
#16759=CARTESIAN_POINT('',(0.00319243571063614,0.060915302161433,0.005));
#16760=CARTESIAN_POINT('',(0.00319243571063614,0.060915302161433,0.));
#16761=CARTESIAN_POINT('',(0.00319243571063614,0.060915302161433,0.005));
#16762=CARTESIAN_POINT('',(0.,3.59739997249535E-18,0.005));
#16763=CARTESIAN_POINT('',(0.,3.59739997249535E-18,0.005));
#16764=CARTESIAN_POINT('',(0.00500736943972726,0.0585362174324075,0.005));
#16765=CARTESIAN_POINT('',(0.00500736943972726,0.0585362174324075,0.005));
#16766=CARTESIAN_POINT('',(0.00500736943972726,0.0585362174324075,0.));
#16767=CARTESIAN_POINT('',(0.,3.59739997249535E-18,0.));
#16768=CARTESIAN_POINT('',(0.023662510601005,0.051200231590306,0.00499999999999993));
#16769=CARTESIAN_POINT('',(0.023662510601005,0.051200231590306,0.));
#16770=CARTESIAN_POINT('',(0.00601233159162127,0.0607029765074035,0.));
#16771=CARTESIAN_POINT('',(0.023662510601005,0.051200231590306,0.005));
#16772=CARTESIAN_POINT('',(0.00601233159162127,0.0607029765074035,0.005));
#16773=CARTESIAN_POINT('',(0.00601233159162127,0.0607029765074035,0.005));
#16774=CARTESIAN_POINT('',(-0.0125003012986669,0.0550010962643407,0.00499999999999993));
#16775=CARTESIAN_POINT('',(-0.0125003012986669,0.0550010962643407,0.));
#16776=CARTESIAN_POINT('',(0.00727241753704676,0.0582981512842976,0.));
#16777=CARTESIAN_POINT('',(0.00673991076222321,0.0606265048550821,0.));
#16778=CARTESIAN_POINT('',(0.00673991076222321,0.0606265048550821,0.005));
#16779=CARTESIAN_POINT('',(0.00673991076222321,0.0606265048550821,0.005));
#16780=CARTESIAN_POINT('',(-0.0125003012986669,0.0550010962643407,0.005));
#16781=CARTESIAN_POINT('',(0.00727241753704676,0.0582981512842976,0.005));
#16782=CARTESIAN_POINT('',(0.00727241753704676,0.0582981512842976,0.005));
#16783=CARTESIAN_POINT('',(0.00637612117689292,0.0606647406812459,0.005));
#16784=CARTESIAN_POINT('',(0.00637612117689292,0.0606647406812459,0.));
#16785=CARTESIAN_POINT('',(0.00637612117689292,0.0606647406812459,0.005));
#16786=CARTESIAN_POINT('',(0.,3.59739997249535E-18,0.005));
#16787=CARTESIAN_POINT('',(0.,3.59739997249535E-18,0.005));
#16788=CARTESIAN_POINT('',(0.00806405592805321,0.0581939301129356,0.005));
#16789=CARTESIAN_POINT('',(0.00806405592805321,0.0581939301129356,0.005));
#16790=CARTESIAN_POINT('',(0.00806405592805321,0.0581939301129356,0.));
#16791=CARTESIAN_POINT('',(0.,3.59739997249535E-18,0.));
#16792=CARTESIAN_POINT('',(0.0263096950754982,0.049891663310327,0.00499999999999993));
#16793=CARTESIAN_POINT('',(0.0263096950754982,0.049891663310327,0.));
#16794=CARTESIAN_POINT('',(0.00918104022238067,0.0603051240647182,0.));
#16795=CARTESIAN_POINT('',(0.0263096950754982,0.049891663310327,0.005));
#16796=CARTESIAN_POINT('',(0.00918104022238067,0.0603051240647182,0.005));
#16797=CARTESIAN_POINT('',(0.00918104022238067,0.0603051240647182,0.005));
#16798=CARTESIAN_POINT('',(-0.00960463510277363,0.055579934395241,0.00499999999999993));
#16799=CARTESIAN_POINT('',(-0.00960463510277363,0.055579934395241,0.));
#16800=CARTESIAN_POINT('',(0.0103135404362215,0.0578376467680906,0.));
#16801=CARTESIAN_POINT('',(0.00990362005402451,0.0601906786624935,0.));
#16802=CARTESIAN_POINT('',(0.00990362005402451,0.0601906786624935,0.005));
#16803=CARTESIAN_POINT('',(0.00990362005402451,0.0601906786624935,0.005));
#16804=CARTESIAN_POINT('',(-0.00960463510277363,0.055579934395241,0.005));
#16805=CARTESIAN_POINT('',(0.0103135404362215,0.0578376467680906,0.005));
#16806=CARTESIAN_POINT('',(0.0103135404362215,0.0578376467680906,0.005));
#16807=CARTESIAN_POINT('',(0.00954233013820258,0.0602479013636059,0.005));
#16808=CARTESIAN_POINT('',(0.00954233013820258,0.0602479013636059,0.));
#16809=CARTESIAN_POINT('',(0.00954233013820258,0.0602479013636059,0.005));
#16810=CARTESIAN_POINT('',(0.,3.59739997249535E-18,0.005));
#16811=CARTESIAN_POINT('',(0.,3.59739997249535E-18,0.005));
#16812=CARTESIAN_POINT('',(0.0110986393996622,0.0576921372760298,0.005));
#16813=CARTESIAN_POINT('',(0.0110986393996622,0.0576921372760298,0.005));
#16814=CARTESIAN_POINT('',(0.0110986393996622,0.0576921372760298,0.));
#16815=CARTESIAN_POINT('',(0.,3.59739997249535E-18,0.));
#16816=CARTESIAN_POINT('',(0.0288847664606905,0.048446345469479,0.00499999999999993));
#16817=CARTESIAN_POINT('',(0.0288847664606905,0.048446345469479,0.));
#16818=CARTESIAN_POINT('',(0.0123245842601154,0.0597419794687232,0.));
#16819=CARTESIAN_POINT('',(0.0288847664606905,0.048446345469479,0.005));
#16820=CARTESIAN_POINT('',(0.0123245842601154,0.0597419794687232,0.005));
#16821=CARTESIAN_POINT('',(0.0123245842601154,0.0597419794687232,0.005));
#16822=CARTESIAN_POINT('',(-0.00668264326967493,0.0560064317892777,0.00499999999999993));
#16823=CARTESIAN_POINT('',(-0.00668264326967493,0.0560064317892777,0.));
#16824=CARTESIAN_POINT('',(0.013326394637946,0.0572186132823378,0.));
#16825=CARTESIAN_POINT('',(0.0130401842116499,0.0595898740034938,0.));
#16826=CARTESIAN_POINT('',(0.0130401842116499,0.0595898740034938,0.005));
#16827=CARTESIAN_POINT('',(0.0130401842116499,0.0595898740034938,0.005));
#16828=CARTESIAN_POINT('',(-0.00668264326967493,0.0560064317892777,0.005));
#16829=CARTESIAN_POINT('',(0.013326394637946,0.0572186132823378,0.005));
#16830=CARTESIAN_POINT('',(0.013326394637946,0.0572186132823378,0.005));
#16831=CARTESIAN_POINT('',(0.0126823842358827,0.0596659267361085,0.005));
#16832=CARTESIAN_POINT('',(0.0126823842358827,0.0596659267361085,0.));
#16833=CARTESIAN_POINT('',(0.0126823842358827,0.0596659267361085,0.005));
#16834=CARTESIAN_POINT('',(0.,3.59739997249535E-18,0.005));
#16835=CARTESIAN_POINT('',(0.,3.59739997249535E-18,0.005));
#16836=CARTESIAN_POINT('',(0.0141028022721336,0.0570322143009817,0.005));
#16837=CARTESIAN_POINT('',(0.0141028022721336,0.0570322143009817,0.005));
#16838=CARTESIAN_POINT('',(0.0141028022721336,0.0570322143009817,0.));
#16839=CARTESIAN_POINT('',(0.,3.59739997249535E-18,0.));
#16840=CARTESIAN_POINT('',(0.0313806667087375,0.0468682395631823,0.00499999999999993));
#16841=CARTESIAN_POINT('',(0.0313806667087375,0.0468682395631823,0.));
#16842=CARTESIAN_POINT('',(0.0154343474690645,0.0590150862596184,0.));
#16843=CARTESIAN_POINT('',(0.0313806667087375,0.0468682395631823,0.005));
#16844=CARTESIAN_POINT('',(0.0154343474690645,0.0590150862596184,0.005));
#16845=CARTESIAN_POINT('',(0.0154343474690645,0.0590150862596184,0.005));
#16846=CARTESIAN_POINT('',(-0.00374233477587428,0.0562794194467392,0.00499999999999993));
#16847=CARTESIAN_POINT('',(-0.00374233477587428,0.0562794194467392,0.));
#16848=CARTESIAN_POINT('',(0.0163027221182742,0.0564427475547951,0.));
#16849=CARTESIAN_POINT('',(0.0161410061316208,0.0588257376426411,0.));
#16850=CARTESIAN_POINT('',(0.0161410061324784,0.0588257376433905,0.005));
#16851=CARTESIAN_POINT('',(0.0161410061316208,0.0588257376426411,0.005));
#16852=CARTESIAN_POINT('',(-0.00374233477587428,0.0562794194467392,0.005));
#16853=CARTESIAN_POINT('',(0.0163027221182742,0.0564427475547951,0.005));
#16854=CARTESIAN_POINT('',(0.0163027221182742,0.0564427475547951,0.005));
#16855=CARTESIAN_POINT('',(0.0157876767999139,0.0589204119507551,0.005));
#16856=CARTESIAN_POINT('',(0.0157876767999139,0.0589204119507551,0.));
#16857=CARTESIAN_POINT('',(0.0157876767999139,0.0589204119507551,0.005));
#16858=CARTESIAN_POINT('',(0.,3.59739997249535E-18,0.005));
#16859=CARTESIAN_POINT('',(0.,3.59739997249535E-18,0.005));
#16860=CARTESIAN_POINT('',(0.0170683103438509,0.0562159699907952,0.005));
#16861=CARTESIAN_POINT('',(0.0170683103438509,0.0562159699907952,0.005));
#16862=CARTESIAN_POINT('',(0.0170683103438509,0.0562159699907952,0.));
#16863=CARTESIAN_POINT('',(0.,3.59739997249535E-18,0.));
#16864=CARTESIAN_POINT('',(0.0337905547306007,0.0451616710700016,0.00499999999999993));
#16865=CARTESIAN_POINT('',(0.0337905547306007,0.0451616710700016,0.));
#16866=CARTESIAN_POINT('',(0.0185018062044293,0.0581264368011645,0.));
#16867=CARTESIAN_POINT('',(0.0337905547306007,0.0451616710700016,0.005));
#16868=CARTESIAN_POINT('',(0.0185018062044293,0.0581264368011645,0.005));
#16869=CARTESIAN_POINT('',(0.0185018062044293,0.0581264368011645,0.005));
#16870=CARTESIAN_POINT('',(-0.000791768802584926,0.0563981491274313,0.00499999999999993));
#16871=CARTESIAN_POINT('',(-0.000791768802584926,0.0563981491274313,0.));
#16872=CARTESIAN_POINT('',(0.0192343649704646,0.0555121761794921,0.));
#16873=CARTESIAN_POINT('',(0.0191975866749154,0.0579003640230438,0.));
#16874=CARTESIAN_POINT('',(0.019197586675811,0.0579003640237473,0.005));
#16875=CARTESIAN_POINT('',(0.0191975866749154,0.0579003640230438,0.005));
#16876=CARTESIAN_POINT('',(-0.000791768802584926,0.0563981491274313,0.005));
#16877=CARTESIAN_POINT('',(0.0192343649704646,0.0555121761794921,0.005));
#16878=CARTESIAN_POINT('',(0.0192343649704646,0.0555121761794921,0.005));
#16879=CARTESIAN_POINT('',(0.0188496964392246,0.0580134004117524,0.005));
#16880=CARTESIAN_POINT('',(0.0188496964392246,0.0580134004117524,0.));
#16881=CARTESIAN_POINT('',(0.0188496964392246,0.0580134004117524,0.005));
#16882=CARTESIAN_POINT('',(0.,3.59739997249535E-18,0.005));
#16883=CARTESIAN_POINT('',(0.,3.59739997249535E-18,0.005));
#16884=CARTESIAN_POINT('',(0.0199870353633194,0.0552456416143882,0.005));
#16885=CARTESIAN_POINT('',(0.0199870353633194,0.0552456416143882,0.005));
#16886=CARTESIAN_POINT('',(0.0199870353633194,0.0552456416143882,0.));
#16887=CARTESIAN_POINT('',(0.,3.59739997249535E-18,0.));
#16888=CARTESIAN_POINT('',(0.036107825190705,0.0433313175755622,0.00499999999999993));
#16889=CARTESIAN_POINT('',(0.036107825190705,0.0433313175755622,0.));
#16890=CARTESIAN_POINT('',(0.0215185527750325,0.0570784668197576,0.));
#16891=CARTESIAN_POINT('',(0.036107825190705,0.0433313175755622,0.005));
#16892=CARTESIAN_POINT('',(0.0215185527750325,0.0570784668197576,0.005));
#16893=CARTESIAN_POINT('',(0.0215185527750325,0.0570784668197576,0.005));
#16894=CARTESIAN_POINT('',(0.0021609673539567,0.0563622954015525,0.00499999999999993));
#16895=CARTESIAN_POINT('',(0.0021609673539567,0.0563622954015525,0.));
#16896=CARTESIAN_POINT('',(0.0221132877652352,0.054429449787885,0.));
#16897=CARTESIAN_POINT('',(0.0222015479666107,0.0568162895296086,0.));
#16898=CARTESIAN_POINT('',(0.0222015479666107,0.0568162895296086,0.005));
#16899=CARTESIAN_POINT('',(0.0222015479666107,0.0568162895296086,0.005));
#16900=CARTESIAN_POINT('',(0.0021609673539567,0.0563622954015525,0.005));
#16901=CARTESIAN_POINT('',(0.0221132877652352,0.054429449787885,0.005));
#16902=CARTESIAN_POINT('',(0.0221132877652352,0.054429449787885,0.005));
#16903=CARTESIAN_POINT('',(0.0218600503708216,0.0569473781746831,0.005));
#16904=CARTESIAN_POINT('',(0.0218600503708216,0.0569473781746831,0.));
#16905=CARTESIAN_POINT('',(0.0218600503708216,0.0569473781746831,0.005));
#16906=CARTESIAN_POINT('',(0.,3.59739997249535E-18,0.005));
#16907=CARTESIAN_POINT('',(0.,3.59739997249535E-18,0.005));
#16908=CARTESIAN_POINT('',(0.0228509773081388,0.0541238887743935,0.005));
#16909=CARTESIAN_POINT('',(0.0228509773081388,0.0541238887743935,0.005));
#16910=CARTESIAN_POINT('',(0.0228509773081388,0.0541238887743935,0.));
#16911=CARTESIAN_POINT('',(0.,3.59739997249535E-18,0.));
#16912=CARTESIAN_POINT('',(0.0383261266117878,0.0413821959515675,0.00499999999999993));
#16913=CARTESIAN_POINT('',(0.0383261266117878,0.0413821959515675,0.));
#16914=CARTESIAN_POINT('',(0.0244763184882156,0.0558740487282734,0.));
#16915=CARTESIAN_POINT('',(0.0383261266117878,0.0413821959515675,0.005));
#16916=CARTESIAN_POINT('',(0.0244763184882156,0.0558740487282734,0.005));
#16917=CARTESIAN_POINT('',(0.0244763184882156,0.0558740487282734,0.005));
#16918=CARTESIAN_POINT('',(0.00510778044920537,0.0561719565416716,0.00499999999999993));
#16919=CARTESIAN_POINT('',(0.00510778044920537,0.0561719565416716,0.));
#16920=CARTESIAN_POINT('',(0.0249315995753171,0.0531975360577541,0.));
#16921=CARTESIAN_POINT('',(0.0251446563594358,0.0555764855365281,0.));
#16922=CARTESIAN_POINT('',(0.0251446563594358,0.0555764855365281,0.005));
#16923=CARTESIAN_POINT('',(0.0251446563594358,0.0555764855365281,0.005));
#16924=CARTESIAN_POINT('',(0.00510778044920537,0.0561719565416716,0.005));
#16925=CARTESIAN_POINT('',(0.0249315995753171,0.0531975360577541,0.005));
#16926=CARTESIAN_POINT('',(0.0249315995753171,0.0531975360577541,0.005));
#16927=CARTESIAN_POINT('',(0.0248104874238258,0.0557252671324007,0.005));
#16928=CARTESIAN_POINT('',(0.0248104874238258,0.0557252671324007,0.));
#16929=CARTESIAN_POINT('',(0.0248104874238258,0.0557252671324007,0.005));
#16930=CARTESIAN_POINT('',(0.,3.59739997249535E-18,0.005));
#16931=CARTESIAN_POINT('',(0.,3.59739997249535E-18,0.005));
#16932=CARTESIAN_POINT('',(0.0256522863125087,0.0528537861173737,0.005));
#16933=CARTESIAN_POINT('',(0.0256522863125087,0.0528537861173737,0.005));
#16934=CARTESIAN_POINT('',(0.0256522863125087,0.0528537861173737,0.));
#16935=CARTESIAN_POINT('',(0.,3.59739997249535E-18,0.));
#16936=CARTESIAN_POINT('',(0.0404393787838139,0.0393196486049398,0.00499999999999993));
#16937=CARTESIAN_POINT('',(0.0404393787838139,0.0393196486049398,0.));
#16938=CARTESIAN_POINT('',(0.0273669963137506,0.0545164837529824,0.));
#16939=CARTESIAN_POINT('',(0.0404393787838139,0.0393196486049398,0.005));
#16940=CARTESIAN_POINT('',(0.0273669963137506,0.0545164837529824,0.005));
#16941=CARTESIAN_POINT('',(0.0273669963137506,0.0545164837529824,0.005));
#16942=CARTESIAN_POINT('',(0.00804059347324539,0.0558276542533783,0.00499999999999993));
#16943=CARTESIAN_POINT('',(0.00804059347324539,0.0558276542533783,0.));
#16944=CARTESIAN_POINT('',(0.0276815756039373,0.0518198115790043,0.));
#16945=CARTESIAN_POINT('',(0.028018844997958,0.0541843502602207,0.));
#16946=CARTESIAN_POINT('',(0.0280188449989526,0.0541843502607754,0.005));
#16947=CARTESIAN_POINT('',(0.028018844997958,0.0541843502602207,0.005));
#16948=CARTESIAN_POINT('',(0.00804059347324539,0.0558276542533783,0.005));
#16949=CARTESIAN_POINT('',(0.0276815756039373,0.0518198115790043,0.005));
#16950=CARTESIAN_POINT('',(0.0276815756039373,0.0518198115790043,0.005));
#16951=CARTESIAN_POINT('',(0.027692920655357,0.0543504170063242,0.005));
#16952=CARTESIAN_POINT('',(0.027692920655357,0.0543504170063242,0.));
#16953=CARTESIAN_POINT('',(0.027692920655357,0.0543504170063242,0.005));
#16954=CARTESIAN_POINT('',(0.,3.59739997249535E-18,0.005));
#16955=CARTESIAN_POINT('',(0.,3.59739997249535E-18,0.005));
#16956=CARTESIAN_POINT('',(0.0283832841831644,0.0514388149064277,0.005));
#16957=CARTESIAN_POINT('',(0.0283832841831644,0.0514388149064277,0.005));
#16958=CARTESIAN_POINT('',(0.0283832841831644,0.0514388149064277,0.));
#16959=CARTESIAN_POINT('',(0.,3.59739997249535E-18,0.));
#16960=CARTESIAN_POINT('',(0.0424417894295257,0.0371493288345365,0.00499999999999993));
#16961=CARTESIAN_POINT('',(0.0424417894295257,0.0371493288345365,0.));
#16962=CARTESIAN_POINT('',(0.0301826631046461,0.0530094928851188,0.));
#16963=CARTESIAN_POINT('',(0.0424417894295257,0.0371493288345365,0.005));
#16964=CARTESIAN_POINT('',(0.0301826631046461,0.0530094928851188,0.005));
#16965=CARTESIAN_POINT('',(0.0301826631046461,0.0530094928851188,0.005));
#16966=CARTESIAN_POINT('',(0.0109513677894802,0.0553303322453088,0.00499999999999993));
#16967=CARTESIAN_POINT('',(0.0109513677894802,0.0553303322453088,0.));
#16968=CARTESIAN_POINT('',(0.0303556783579498,0.0503000525986673,0.));
#16969=CARTESIAN_POINT('',(0.0308162359289426,0.0526436994455521,0.));
#16970=CARTESIAN_POINT('',(0.0308162359299649,0.052643699446054,0.005));
#16971=CARTESIAN_POINT('',(0.0308162359289426,0.0526436994455521,0.005));
#16972=CARTESIAN_POINT('',(0.0109513677894802,0.0553303322453088,0.005));
#16973=CARTESIAN_POINT('',(0.0303556783579498,0.0503000525986673,0.005));
#16974=CARTESIAN_POINT('',(0.0303556783579498,0.0503000525986673,0.005));
#16975=CARTESIAN_POINT('',(0.0304994495162832,0.0528265961650845,0.005));
#16976=CARTESIAN_POINT('',(0.0304994495162832,0.0528265961650845,0.));
#16977=CARTESIAN_POINT('',(0.0304994495162832,0.0528265961650845,0.005));
#16978=CARTESIAN_POINT('',(0.,3.59739997249535E-18,0.005));
#16979=CARTESIAN_POINT('',(0.,3.59739997249535E-18,0.005));
#16980=CARTESIAN_POINT('',(0.0310364854447721,0.0498828534792914,0.005));
#16981=CARTESIAN_POINT('',(0.0310364854447721,0.0498828534792914,0.005));
#16982=CARTESIAN_POINT('',(0.0310364854447721,0.0498828534792914,0.));
#16983=CARTESIAN_POINT('',(0.,3.59739997249535E-18,0.));
#16984=CARTESIAN_POINT('',(0.0443278700804886,0.034877185336034,0.00499999999999993));
#16985=CARTESIAN_POINT('',(0.0443278700804886,0.034877185336034,0.));
#16986=CARTESIAN_POINT('',(0.032915601313943,0.0513572066819018,0.));
#16987=CARTESIAN_POINT('',(0.0443278700804886,0.034877185336034,0.005));
#16988=CARTESIAN_POINT('',(0.032915601313943,0.0513572066819018,0.005));
#16989=CARTESIAN_POINT('',(0.032915601313943,0.0513572066819018,0.005));
#16990=CARTESIAN_POINT('',(0.0138321251678408,0.054681353642516,0.00499999999999993));
#16991=CARTESIAN_POINT('',(0.0138321251678408,0.054681353642516,0.));
#16992=CARTESIAN_POINT('',(0.0329465783075806,0.0486424246704712,0.));
#16993=CARTESIAN_POINT('',(0.0335291616982091,0.0509587559094742,0.));
#16994=CARTESIAN_POINT('',(0.0335291616982091,0.0509587559094742,0.005));
#16995=CARTESIAN_POINT('',(0.0335291616982091,0.0509587559094742,0.005));
#16996=CARTESIAN_POINT('',(0.0138321251678408,0.054681353642516,0.005));
#16997=CARTESIAN_POINT('',(0.0329465783075806,0.0486424246704712,0.005));
#16998=CARTESIAN_POINT('',(0.0329465783075806,0.0486424246704712,0.005));
#16999=CARTESIAN_POINT('',(0.0332223815060761,0.051157981295688,0.005));
#17000=CARTESIAN_POINT('',(0.0332223815060761,0.051157981295688,0.));
#17001=CARTESIAN_POINT('',(0.0332223815060761,0.051157981295688,0.005));
#17002=CARTESIAN_POINT('',(0.,3.59739997249535E-18,0.005));
#17003=CARTESIAN_POINT('',(0.,3.59739997249535E-18,0.005));
#17004=CARTESIAN_POINT('',(0.0336046178570952,0.048190166618083,0.005));
#17005=CARTESIAN_POINT('',(0.0336046178570952,0.048190166618083,0.005));
#17006=CARTESIAN_POINT('',(0.0336046178570952,0.048190166618083,0.));
#17007=CARTESIAN_POINT('',(0.,3.59739997249535E-18,0.));
#17008=CARTESIAN_POINT('',(0.0460924511207702,0.0325094458967874,0.00499999999999993));
#17009=CARTESIAN_POINT('',(0.0460924511207702,0.0325094458967874,0.));
#17010=CARTESIAN_POINT('',(0.0355583201479738,0.0495641539449654,0.));
#17011=CARTESIAN_POINT('',(0.0460924511207702,0.0325094458967874,0.005));
#17012=CARTESIAN_POINT('',(0.0355583201479738,0.0495641539449654,0.005));
#17013=CARTESIAN_POINT('',(0.0355583201479738,0.0495641539449654,0.005));
#17014=CARTESIAN_POINT('',(0.016674969652572,0.053882497250244,0.00499999999999993));
#17015=CARTESIAN_POINT('',(0.016674969652572,0.053882497250244,0.));
#17016=CARTESIAN_POINT('',(0.0354471739761588,0.0468514712373468,0.));
#17017=CARTESIAN_POINT('',(0.0361501863679357,0.0491341379664424,0.));
#17018=CARTESIAN_POINT('',(0.0361501863690048,0.0491341379668347,0.005));
#17019=CARTESIAN_POINT('',(0.0361501863679357,0.0491341379664424,0.005));
#17020=CARTESIAN_POINT('',(0.016674969652572,0.053882497250244,0.005));
#17021=CARTESIAN_POINT('',(0.0354471739761588,0.0468514712373468,0.005));
#17022=CARTESIAN_POINT('',(0.0354471739761588,0.0468514712373468,0.005));
#17023=CARTESIAN_POINT('',(0.0358542532574202,0.0493491459555078,0.005));
#17024=CARTESIAN_POINT('',(0.0358542532574202,0.0493491459555078,0.));
#17025=CARTESIAN_POINT('',(0.0358542532574202,0.0493491459555078,0.005));
#17026=CARTESIAN_POINT('',(0.,3.59739997249535E-18,0.005));
#17027=CARTESIAN_POINT('',(0.,3.59739997249535E-18,0.005));
#17028=CARTESIAN_POINT('',(0.0360806423477004,0.0463653938598318,0.005));
#17029=CARTESIAN_POINT('',(0.0360806423477004,0.0463653938598318,0.005));
#17030=CARTESIAN_POINT('',(0.0360806423477004,0.0463653938598318,0.));
#17031=CARTESIAN_POINT('',(0.,3.59739997249535E-18,0.));
#17032=CARTESIAN_POINT('',(0.047730695956373,0.030052600326045,0.00499999999999993));
#17033=CARTESIAN_POINT('',(0.047730695956373,0.030052600326045,0.));
#17034=CARTESIAN_POINT('',(0.0381035760981075,0.0476352493072279,0.));
#17035=CARTESIAN_POINT('',(0.047730695956373,0.030052600326045,0.005));
#17036=CARTESIAN_POINT('',(0.0381035760981075,0.0476352493072279,0.005));
#17037=CARTESIAN_POINT('',(0.0381035760981075,0.0476352493072279,0.005));
#17038=CARTESIAN_POINT('',(0.0194721092045327,0.0529359526783404,0.00499999999999993));
#17039=CARTESIAN_POINT('',(0.0194721092045327,0.0529359526783404,0.));
#17040=CARTESIAN_POINT('',(0.0378506114047712,0.0449321011781667,0.));
#17041=CARTESIAN_POINT('',(0.038672125887461,0.0471748467657331,0.));
#17042=CARTESIAN_POINT('',(0.038672125887461,0.0471748467657331,0.005));
#17043=CARTESIAN_POINT('',(0.038672125887461,0.0471748467657331,0.005));
#17044=CARTESIAN_POINT('',(0.0194721092045327,0.0529359526783404,0.005));
#17045=CARTESIAN_POINT('',(0.0378506114047712,0.0449321011781667,0.005));
#17046=CARTESIAN_POINT('',(0.0378506114047712,0.0449321011781667,0.005));
#17047=CARTESIAN_POINT('',(0.0383878509927843,0.0474050480364805,0.005));
#17048=CARTESIAN_POINT('',(0.0383878509927843,0.0474050480364805,0.));
#17049=CARTESIAN_POINT('',(0.0383878509927843,0.0474050480364805,0.005));
#17050=CARTESIAN_POINT('',(0.,3.59739997249535E-18,0.005));
#17051=CARTESIAN_POINT('',(0.,3.59739997249535E-18,0.005));
#17052=CARTESIAN_POINT('',(0.0384577723055652,0.0444135367798299,0.005));
#17053=CARTESIAN_POINT('',(0.0384577723055652,0.0444135367798299,0.005));
#17054=CARTESIAN_POINT('',(0.0384577723055652,0.0444135367798299,0.));
#17055=CARTESIAN_POINT('',(0.,3.59739997249535E-18,0.));
#17056=CARTESIAN_POINT('',(0.0492381142720713,0.0275133826667526,0.00499999999999993));
#17057=CARTESIAN_POINT('',(0.0492381142720713,0.0275133826667526,0.));
#17058=CARTESIAN_POINT('',(0.0405443927947033,0.0455757797622249,0.));
#17059=CARTESIAN_POINT('',(0.0492381142720713,0.0275133826667526,0.005));
#17060=CARTESIAN_POINT('',(0.0405443927947033,0.0455757797622249,0.005));
#17061=CARTESIAN_POINT('',(0.0405443927947033,0.0455757797622249,0.005));
#17062=CARTESIAN_POINT('',(0.0222158770586832,0.051844314339667,0.00499999999999993));
#17063=CARTESIAN_POINT('',(0.0222158770586832,0.051844314339667,0.));
#17064=CARTESIAN_POINT('',(0.0401503029384869,0.0428895753528492,0.));
#17065=CARTESIAN_POINT('',(0.0410880678001687,0.0450862525897929,0.));
#17066=CARTESIAN_POINT('',(0.041088067801273,0.0450862525900713,0.005));
#17067=CARTESIAN_POINT('',(0.0410880678001687,0.0450862525897929,0.005));
#17068=CARTESIAN_POINT('',(0.0222158770586832,0.051844314339667,0.005));
#17069=CARTESIAN_POINT('',(0.0401503029384869,0.0428895753528492,0.005));
#17070=CARTESIAN_POINT('',(0.0401503029384869,0.0428895753528492,0.005));
#17071=CARTESIAN_POINT('',(0.0408162302968839,0.0453310161758697,0.005));
#17072=CARTESIAN_POINT('',(0.0408162302968839,0.0453310161758697,0.));
#17073=CARTESIAN_POINT('',(0.0408162302968839,0.0453310161758697,0.005));
#17074=CARTESIAN_POINT('',(0.,3.59739997249535E-18,0.005));
#17075=CARTESIAN_POINT('',(0.,3.59739997249535E-18,0.005));
#17076=CARTESIAN_POINT('',(0.0407294921827075,0.0423399452826615,0.005));
#17077=CARTESIAN_POINT('',(0.0407294921827075,0.0423399452826615,0.005));
#17078=CARTESIAN_POINT('',(0.0407294921827075,0.0423399452826615,0.));
#17079=CARTESIAN_POINT('',(0.,3.59739997249535E-18,0.));
#17080=CARTESIAN_POINT('',(0.0506105743390493,0.0248987527380046,0.00499999999999993));
#17081=CARTESIAN_POINT('',(0.0506105743390493,0.0248987527380046,0.));
#17082=CARTESIAN_POINT('',(0.0428740801288552,0.0433913901728273,0.));
#17083=CARTESIAN_POINT('',(0.0506105743390493,0.0248987527380046,0.005));
#17084=CARTESIAN_POINT('',(0.0428740801288552,0.0433913901728273,0.005));
#17085=CARTESIAN_POINT('',(0.0428740801288552,0.0433913901728273,0.005));
#17086=CARTESIAN_POINT('',(0.0248987527380016,0.0506105743390507,0.00499999999999993));
#17087=CARTESIAN_POINT('',(0.0248987527380016,0.0506105743390507,0.));
#17088=CARTESIAN_POINT('',(0.0423399452826615,0.0407294921827075,0.));
#17089=CARTESIAN_POINT('',(0.0433913901728273,0.0428740801288552,0.));
#17090=CARTESIAN_POINT('',(0.0433913901728273,0.0428740801288552,0.005));
#17091=CARTESIAN_POINT('',(0.0433913901728273,0.0428740801288552,0.005));
#17092=CARTESIAN_POINT('',(0.0248987527380016,0.0506105743390507,0.005));
#17093=CARTESIAN_POINT('',(0.0423399452826615,0.0407294921827075,0.005));
#17094=CARTESIAN_POINT('',(0.0423399452826615,0.0407294921827075,0.005));
#17095=CARTESIAN_POINT('',(0.0431327351508412,0.0431327351508412,0.005));
#17096=CARTESIAN_POINT('',(0.0431327351508412,0.0431327351508412,0.));
#17097=CARTESIAN_POINT('',(0.0431327351508412,0.0431327351508412,0.005));
#17098=CARTESIAN_POINT('',(0.,3.59739997249535E-18,0.005));
#17099=CARTESIAN_POINT('',(0.,3.59739997249535E-18,0.005));
#17100=CARTESIAN_POINT('',(0.0428895753528492,0.0401503029384869,0.005));
#17101=CARTESIAN_POINT('',(0.0428895753528492,0.0401503029384869,0.005));
#17102=CARTESIAN_POINT('',(0.0428895753528492,0.0401503029384869,0.));
#17103=CARTESIAN_POINT('',(0.,3.59739997249535E-18,0.));
#17104=CARTESIAN_POINT('',(0.0518443143396649,0.0222158770586878,0.00499999999999993));
#17105=CARTESIAN_POINT('',(0.0518443143396649,0.0222158770586878,0.));
#17106=CARTESIAN_POINT('',(0.0450862525895145,0.0410880677990644,0.));
#17107=CARTESIAN_POINT('',(0.0518443143396649,0.0222158770586878,0.005));
#17108=CARTESIAN_POINT('',(0.0450862525895145,0.0410880677990644,0.005));
#17109=CARTESIAN_POINT('',(0.0450862525895145,0.0410880677990644,0.005));
#17110=CARTESIAN_POINT('',(0.0275133826667426,0.049238114272077,0.00499999999999993));
#17111=CARTESIAN_POINT('',(0.0275133826667426,0.049238114272077,0.));
#17112=CARTESIAN_POINT('',(0.0444135367798299,0.0384577723055652,0.));
#17113=CARTESIAN_POINT('',(0.0455757797633523,0.0405443927948647,0.));
#17114=CARTESIAN_POINT('',(0.0455757797644796,0.0405443927950262,0.005));
#17115=CARTESIAN_POINT('',(0.0455757797633523,0.0405443927948647,0.005));
#17116=CARTESIAN_POINT('',(0.0275133826667426,0.049238114272077,0.005));
#17117=CARTESIAN_POINT('',(0.0444135367798299,0.0384577723055652,0.005));
#17118=CARTESIAN_POINT('',(0.0444135367798299,0.0384577723055652,0.005));
#17119=CARTESIAN_POINT('',(0.0453310161758697,0.0408162302968839,0.005));
#17120=CARTESIAN_POINT('',(0.0453310161758697,0.0408162302968839,0.));
#17121=CARTESIAN_POINT('',(0.0453310161758697,0.0408162302968839,0.005));
#17122=CARTESIAN_POINT('',(0.,3.59739997249535E-18,0.005));
#17123=CARTESIAN_POINT('',(0.,3.59739997249535E-18,0.005));
#17124=CARTESIAN_POINT('',(0.0449321011781667,0.0378506114047712,0.005));
#17125=CARTESIAN_POINT('',(0.0449321011781667,0.0378506114047712,0.005));
#17126=CARTESIAN_POINT('',(0.0449321011781667,0.0378506114047712,0.));
#17127=CARTESIAN_POINT('',(0.,3.59739997249535E-18,0.));
#17128=CARTESIAN_POINT('',(0.0529359526783391,0.0194721092045365,0.00499999999999993));
#17129=CARTESIAN_POINT('',(0.0529359526783391,0.0194721092045365,0.));
#17130=CARTESIAN_POINT('',(0.0471748467657331,0.038672125887461,0.));
#17131=CARTESIAN_POINT('',(0.0529359526783391,0.0194721092045365,0.005));
#17132=CARTESIAN_POINT('',(0.0471748467657331,0.038672125887461,0.005));
#17133=CARTESIAN_POINT('',(0.0471748467657331,0.038672125887461,0.005));
#17134=CARTESIAN_POINT('',(0.0300526003260464,0.0477306959563721,0.00499999999999993));
#17135=CARTESIAN_POINT('',(0.0300526003260464,0.0477306959563721,0.));
#17136=CARTESIAN_POINT('',(0.0463653938598318,0.0360806423477004,0.));
#17137=CARTESIAN_POINT('',(0.0476352493072279,0.0381035760981075,0.));
#17138=CARTESIAN_POINT('',(0.0476352493072279,0.0381035760981075,0.005));
#17139=CARTESIAN_POINT('',(0.0476352493072279,0.0381035760981075,0.005));
#17140=CARTESIAN_POINT('',(0.0300526003260464,0.0477306959563721,0.005));
#17141=CARTESIAN_POINT('',(0.0463653938598318,0.0360806423477004,0.005));
#17142=CARTESIAN_POINT('',(0.0463653938598318,0.0360806423477004,0.005));
#17143=CARTESIAN_POINT('',(0.0474050480364805,0.0383878509927843,0.005));
#17144=CARTESIAN_POINT('',(0.0474050480364805,0.0383878509927843,0.));
#17145=CARTESIAN_POINT('',(0.0474050480364805,0.0383878509927843,0.005));
#17146=CARTESIAN_POINT('',(0.,3.59739997249535E-18,0.005));
#17147=CARTESIAN_POINT('',(0.,3.59739997249535E-18,0.005));
#17148=CARTESIAN_POINT('',(0.0468514712373468,0.0354471739761588,0.005));
#17149=CARTESIAN_POINT('',(0.0468514712373468,0.0354471739761588,0.005));
#17150=CARTESIAN_POINT('',(0.0468514712373468,0.0354471739761588,0.));
#17151=CARTESIAN_POINT('',(0.,3.59739997249535E-18,0.));
#17152=CARTESIAN_POINT('',(0.0538824972502425,0.0166749696525769,0.00499999999999993));
#17153=CARTESIAN_POINT('',(0.0538824972502425,0.0166749696525769,0.));
#17154=CARTESIAN_POINT('',(0.0491341379660502,0.0361501863668665,0.));
#17155=CARTESIAN_POINT('',(0.0538824972502425,0.0166749696525769,0.005));
#17156=CARTESIAN_POINT('',(0.0491341379660502,0.0361501863668665,0.005));
#17157=CARTESIAN_POINT('',(0.0491341379660502,0.0361501863668665,0.005));
#17158=CARTESIAN_POINT('',(0.0325094458967895,0.0460924511207688,0.00499999999999993));
#17159=CARTESIAN_POINT('',(0.0325094458967895,0.0460924511207688,0.));
#17160=CARTESIAN_POINT('',(0.048190166618083,0.0336046178570952,0.));
#17161=CARTESIAN_POINT('',(0.0495641539449654,0.0355583201479738,0.));
#17162=CARTESIAN_POINT('',(0.0495641539449654,0.0355583201479738,0.005));
#17163=CARTESIAN_POINT('',(0.0495641539449654,0.0355583201479738,0.005));
#17164=CARTESIAN_POINT('',(0.0325094458967895,0.0460924511207688,0.005));
#17165=CARTESIAN_POINT('',(0.048190166618083,0.0336046178570952,0.005));
#17166=CARTESIAN_POINT('',(0.048190166618083,0.0336046178570952,0.005));
#17167=CARTESIAN_POINT('',(0.0493491459555078,0.0358542532574202,0.005));
#17168=CARTESIAN_POINT('',(0.0493491459555078,0.0358542532574202,0.));
#17169=CARTESIAN_POINT('',(0.0493491459555078,0.0358542532574202,0.005));
#17170=CARTESIAN_POINT('',(0.,3.59739997249535E-18,0.005));
#17171=CARTESIAN_POINT('',(0.,3.59739997249535E-18,0.005));
#17172=CARTESIAN_POINT('',(0.0486424246704712,0.0329465783075805,0.005));
#17173=CARTESIAN_POINT('',(0.0486424246704712,0.0329465783075805,0.005));
#17174=CARTESIAN_POINT('',(0.0486424246704712,0.0329465783075805,0.));
#17175=CARTESIAN_POINT('',(0.,3.59739997249535E-18,0.));
#17176=CARTESIAN_POINT('',(0.0546813536425146,0.0138321251678467,0.00499999999999993));
#17177=CARTESIAN_POINT('',(0.0546813536425146,0.0138321251678467,0.));
#17178=CARTESIAN_POINT('',(0.0509587559094742,0.0335291616982091,0.));
#17179=CARTESIAN_POINT('',(0.0546813536425146,0.0138321251678467,0.005));
#17180=CARTESIAN_POINT('',(0.0509587559094742,0.0335291616982091,0.005));
#17181=CARTESIAN_POINT('',(0.0509587559094742,0.0335291616982091,0.005));
#17182=CARTESIAN_POINT('',(0.0348771853360292,0.0443278700804924,0.00499999999999993));
#17183=CARTESIAN_POINT('',(0.0348771853360292,0.0443278700804924,0.));
#17184=CARTESIAN_POINT('',(0.0498828534792914,0.0310364854447721,0.));
#17185=CARTESIAN_POINT('',(0.0513572066830405,0.0329156013139261,0.));
#17186=CARTESIAN_POINT('',(0.0513572066841792,0.0329156013139091,0.005));
#17187=CARTESIAN_POINT('',(0.0513572066830405,0.0329156013139261,0.005));
#17188=CARTESIAN_POINT('',(0.0348771853360292,0.0443278700804924,0.005));
#17189=CARTESIAN_POINT('',(0.0498828534792914,0.0310364854447721,0.005));
#17190=CARTESIAN_POINT('',(0.0498828534792914,0.0310364854447721,0.005));
#17191=CARTESIAN_POINT('',(0.051157981295688,0.0332223815060761,0.005));
#17192=CARTESIAN_POINT('',(0.051157981295688,0.0332223815060761,0.));
#17193=CARTESIAN_POINT('',(0.051157981295688,0.0332223815060761,0.005));
#17194=CARTESIAN_POINT('',(0.,3.59739997249535E-18,0.005));
#17195=CARTESIAN_POINT('',(0.,3.59739997249535E-18,0.005));
#17196=CARTESIAN_POINT('',(0.0503000525986673,0.0303556783579498,0.005));
#17197=CARTESIAN_POINT('',(0.0503000525986673,0.0303556783579498,0.005));
#17198=CARTESIAN_POINT('',(0.0503000525986673,0.0303556783579498,0.));
#17199=CARTESIAN_POINT('',(0.,3.59739997249535E-18,0.));
#17200=CARTESIAN_POINT('',(0.0553303322453046,0.0109513677895023,0.00499999999999993));
#17201=CARTESIAN_POINT('',(0.0553303322453046,0.0109513677895023,0.));
#17202=CARTESIAN_POINT('',(0.0526436994450502,0.0308162359279203,0.));
#17203=CARTESIAN_POINT('',(0.0553303322453046,0.0109513677895023,0.005));
#17204=CARTESIAN_POINT('',(0.0526436994450502,0.0308162359279203,0.005));
#17205=CARTESIAN_POINT('',(0.0526436994450502,0.0308162359279203,0.005));
#17206=CARTESIAN_POINT('',(0.0371493288948847,0.0424417893768422,0.00499999999999993));
#17207=CARTESIAN_POINT('',(0.0371493288948847,0.0424417893768422,0.));
#17208=CARTESIAN_POINT('',(0.0514388149063825,0.0283832841832463,0.));
#17209=CARTESIAN_POINT('',(0.0530094928862063,0.030182663104654,0.));
#17210=CARTESIAN_POINT('',(0.0530094928873426,0.0301826631045775,0.005));
#17211=CARTESIAN_POINT('',(0.0530094928862063,0.030182663104654,0.005));
#17212=CARTESIAN_POINT('',(0.0371493288948847,0.0424417893768422,0.005));
#17213=CARTESIAN_POINT('',(0.0514388149063825,0.0283832841832463,0.005));
#17214=CARTESIAN_POINT('',(0.0514388149063825,0.0283832841832463,0.005));
#17215=CARTESIAN_POINT('',(0.0528265961650845,0.0304994495162832,0.005));
#17216=CARTESIAN_POINT('',(0.0528265961650845,0.0304994495162832,0.));
#17217=CARTESIAN_POINT('',(0.0528265961650845,0.0304994495162832,0.005));
#17218=CARTESIAN_POINT('',(0.,3.59739997249535E-18,0.005));
#17219=CARTESIAN_POINT('',(0.,3.59739997249535E-18,0.005));
#17220=CARTESIAN_POINT('',(0.0518198115790122,0.0276815756039225,0.005));
#17221=CARTESIAN_POINT('',(0.0518198115790122,0.0276815756039225,0.005));
#17222=CARTESIAN_POINT('',(0.0518198115790122,0.0276815756039225,0.));
#17223=CARTESIAN_POINT('',(0.,3.59739997249535E-18,0.));
#17224=CARTESIAN_POINT('',(0.0558276542513503,0.00804059348745947,0.00499999999999993));
#17225=CARTESIAN_POINT('',(0.0558276542513503,0.00804059348745947,0.));
#17226=CARTESIAN_POINT('',(0.0541843502596739,0.0280188449969479,0.));
#17227=CARTESIAN_POINT('',(0.0558276542513503,0.00804059348745947,0.005));
#17228=CARTESIAN_POINT('',(0.0541843502596739,0.0280188449969479,0.005));
#17229=CARTESIAN_POINT('',(0.0541843502596739,0.0280188449969479,0.005));
#17230=CARTESIAN_POINT('',(0.0393196486049242,0.040439378783829,0.00499999999999993));
#17231=CARTESIAN_POINT('',(0.0393196486049242,0.040439378783829,0.));
#17232=CARTESIAN_POINT('',(0.0528537861173737,0.0256522863125086,0.));
#17233=CARTESIAN_POINT('',(0.0545164837541131,0.0273669963136147,0.));
#17234=CARTESIAN_POINT('',(0.0545164837552438,0.0273669963134788,0.005));
#17235=CARTESIAN_POINT('',(0.0545164837541131,0.0273669963136147,0.005));
#17236=CARTESIAN_POINT('',(0.0393196486049242,0.040439378783829,0.005));
#17237=CARTESIAN_POINT('',(0.0528537861173737,0.0256522863125086,0.005));
#17238=CARTESIAN_POINT('',(0.0528537861173737,0.0256522863125086,0.005));
#17239=CARTESIAN_POINT('',(0.0543504170063242,0.027692920655357,0.005));
#17240=CARTESIAN_POINT('',(0.0543504170063242,0.027692920655357,0.));
#17241=CARTESIAN_POINT('',(0.0543504170063242,0.027692920655357,0.005));
#17242=CARTESIAN_POINT('',(0.,3.59739997249535E-18,0.005));
#17243=CARTESIAN_POINT('',(0.,3.59739997249535E-18,0.005));
#17244=CARTESIAN_POINT('',(0.0531975360577541,0.0249315995753171,0.005));
#17245=CARTESIAN_POINT('',(0.0531975360577541,0.0249315995753171,0.005));
#17246=CARTESIAN_POINT('',(0.0531975360577541,0.0249315995753171,0.));
#17247=CARTESIAN_POINT('',(0.,3.59739997249535E-18,0.));
#17248=CARTESIAN_POINT('',(0.0561719565416716,0.00510778044920516,0.00499999999999993));
#17249=CARTESIAN_POINT('',(0.0561719565416716,0.00510778044920516,0.));
#17250=CARTESIAN_POINT('',(0.0555764855365281,0.0251446563594358,0.));
#17251=CARTESIAN_POINT('',(0.0561719565416716,0.00510778044920516,0.005));
#17252=CARTESIAN_POINT('',(0.0555764855365281,0.0251446563594358,0.005));
#17253=CARTESIAN_POINT('',(0.0555764855365281,0.0251446563594358,0.005));
#17254=CARTESIAN_POINT('',(0.0413821959515725,0.0383261266117826,0.00499999999999993));
#17255=CARTESIAN_POINT('',(0.0413821959515725,0.0383261266117826,0.));
#17256=CARTESIAN_POINT('',(0.0541238887743935,0.0228509773081389,0.));
#17257=CARTESIAN_POINT('',(0.0558740487293954,0.0244763184880208,0.));
#17258=CARTESIAN_POINT('',(0.0558740487305174,0.0244763184878259,0.005));
#17259=CARTESIAN_POINT('',(0.0558740487293954,0.0244763184880208,0.005));
#17260=CARTESIAN_POINT('',(0.0413821959515725,0.0383261266117826,0.005));
#17261=CARTESIAN_POINT('',(0.0541238887743935,0.0228509773081389,0.005));
#17262=CARTESIAN_POINT('',(0.0541238887743935,0.0228509773081389,0.005));
#17263=CARTESIAN_POINT('',(0.0557252671324007,0.0248104874238258,0.005));
#17264=CARTESIAN_POINT('',(0.0557252671324007,0.0248104874238258,0.));
#17265=CARTESIAN_POINT('',(0.0557252671324007,0.0248104874238258,0.005));
#17266=CARTESIAN_POINT('',(0.,3.59739997249535E-18,0.005));
#17267=CARTESIAN_POINT('',(0.,3.59739997249535E-18,0.005));
#17268=CARTESIAN_POINT('',(0.054429449787885,0.0221132877652352,0.005));
#17269=CARTESIAN_POINT('',(0.054429449787885,0.0221132877652352,0.005));
#17270=CARTESIAN_POINT('',(0.054429449787885,0.0221132877652352,0.));
#17271=CARTESIAN_POINT('',(0.,3.59739997249535E-18,0.));
#17272=CARTESIAN_POINT('',(0.0563622954015526,0.00216096735395603,0.00499999999999993));
#17273=CARTESIAN_POINT('',(0.0563622954015526,0.00216096735395603,0.));
#17274=CARTESIAN_POINT('',(0.0568162895296086,0.0222015479666107,0.));
#17275=CARTESIAN_POINT('',(0.0563622954015526,0.00216096735395603,0.005));
#17276=CARTESIAN_POINT('',(0.0568162895296086,0.0222015479666107,0.005));
#17277=CARTESIAN_POINT('',(0.0568162895296086,0.0222015479666107,0.005));
#17278=CARTESIAN_POINT('',(0.0433313175755633,0.0361078251907036,0.00499999999999993));
#17279=CARTESIAN_POINT('',(0.0433313175755633,0.0361078251907036,0.));
#17280=CARTESIAN_POINT('',(0.0552456416143882,0.0199870353633194,0.));
#17281=CARTESIAN_POINT('',(0.0570784668208679,0.0215185527747792,0.));
#17282=CARTESIAN_POINT('',(0.0570784668219782,0.0215185527745259,0.005));
#17283=CARTESIAN_POINT('',(0.0570784668208679,0.0215185527747792,0.005));
#17284=CARTESIAN_POINT('',(0.0433313175755633,0.0361078251907036,0.005));
#17285=CARTESIAN_POINT('',(0.0552456416143882,0.0199870353633194,0.005));
#17286=CARTESIAN_POINT('',(0.0552456416143882,0.0199870353633194,0.005));
#17287=CARTESIAN_POINT('',(0.0569473781746831,0.0218600503708216,0.005));
#17288=CARTESIAN_POINT('',(0.0569473781746831,0.0218600503708216,0.));
#17289=CARTESIAN_POINT('',(0.0569473781746831,0.0218600503708216,0.005));
#17290=CARTESIAN_POINT('',(0.,3.59739997249535E-18,0.005));
#17291=CARTESIAN_POINT('',(0.,3.59739997249535E-18,0.005));
#17292=CARTESIAN_POINT('',(0.055512176179492,0.0192343649704646,0.005));
#17293=CARTESIAN_POINT('',(0.055512176179492,0.0192343649704646,0.005));
#17294=CARTESIAN_POINT('',(0.055512176179492,0.0192343649704646,0.));
#17295=CARTESIAN_POINT('',(0.,3.59739997249535E-18,0.));
#17296=CARTESIAN_POINT('',(0.0563981491274312,-0.00079176880258938,0.00499999999999993));
#17297=CARTESIAN_POINT('',(0.0563981491274312,-0.00079176880258938,0.));
#17298=CARTESIAN_POINT('',(0.0579003640223403,0.0191975866740198,0.));
#17299=CARTESIAN_POINT('',(0.0563981491274312,-0.00079176880258938,0.005));
#17300=CARTESIAN_POINT('',(0.0579003640223403,0.0191975866740198,0.005));
#17301=CARTESIAN_POINT('',(0.0579003640223403,0.0191975866740198,0.005));
#17302=CARTESIAN_POINT('',(0.0451616710699968,0.0337905547306071,0.00499999999999993));
#17303=CARTESIAN_POINT('',(0.0451616710699968,0.0337905547306071,0.));
#17304=CARTESIAN_POINT('',(0.0562159699907952,0.0170683103438509,0.));
#17305=CARTESIAN_POINT('',(0.05812643680226,0.0185018062041182,0.));
#17306=CARTESIAN_POINT('',(0.0581264368033555,0.0185018062038072,0.005));
#17307=CARTESIAN_POINT('',(0.05812643680226,0.0185018062041182,0.005));
#17308=CARTESIAN_POINT('',(0.0451616710699968,0.0337905547306071,0.005));
#17309=CARTESIAN_POINT('',(0.0562159699907952,0.0170683103438509,0.005));
#17310=CARTESIAN_POINT('',(0.0562159699907952,0.0170683103438509,0.005));
#17311=CARTESIAN_POINT('',(0.0580134004117524,0.0188496964392246,0.005));
#17312=CARTESIAN_POINT('',(0.0580134004117524,0.0188496964392246,0.));
#17313=CARTESIAN_POINT('',(0.0580134004117524,0.0188496964392246,0.005));
#17314=CARTESIAN_POINT('',(0.,3.59739997249535E-18,0.005));
#17315=CARTESIAN_POINT('',(0.,3.59739997249535E-18,0.005));
#17316=CARTESIAN_POINT('',(0.0564427475547951,0.0163027221182742,0.005));
#17317=CARTESIAN_POINT('',(0.0564427475547951,0.0163027221182742,0.005));
#17318=CARTESIAN_POINT('',(0.0564427475547951,0.0163027221182742,0.));
#17319=CARTESIAN_POINT('',(0.,3.59739997249535E-18,0.));
#17320=CARTESIAN_POINT('',(0.0562794194467393,-0.00374233477587275,0.00499999999999993));
#17321=CARTESIAN_POINT('',(0.0562794194467393,-0.00374233477587275,0.));
#17322=CARTESIAN_POINT('',(0.0588257376418918,0.0161410061307633,0.));
#17323=CARTESIAN_POINT('',(0.0562794194467393,-0.00374233477587275,0.005));
#17324=CARTESIAN_POINT('',(0.0588257376418918,0.0161410061307633,0.005));
#17325=CARTESIAN_POINT('',(0.0588257376418918,0.0161410061307633,0.005));
#17326=CARTESIAN_POINT('',(0.0468682395631832,0.0313806667087362,0.00499999999999993));
#17327=CARTESIAN_POINT('',(0.0468682395631832,0.0313806667087362,0.));
#17328=CARTESIAN_POINT('',(0.0570322143009817,0.0141028022721336,0.));
#17329=CARTESIAN_POINT('',(0.0590150862606962,0.0154343474686965,0.));
#17330=CARTESIAN_POINT('',(0.0590150862617739,0.0154343474683286,0.005));
#17331=CARTESIAN_POINT('',(0.0590150862606962,0.0154343474686965,0.005));
#17332=CARTESIAN_POINT('',(0.0468682395631832,0.0313806667087362,0.005));
#17333=CARTESIAN_POINT('',(0.0570322143009817,0.0141028022721336,0.005));
#17334=CARTESIAN_POINT('',(0.0570322143009817,0.0141028022721336,0.005));
#17335=CARTESIAN_POINT('',(0.0589204119507551,0.0157876767999139,0.005));
#17336=CARTESIAN_POINT('',(0.0589204119507551,0.0157876767999139,0.));
#17337=CARTESIAN_POINT('',(0.0589204119507551,0.0157876767999139,0.005));
#17338=CARTESIAN_POINT('',(0.,3.59739997249535E-18,0.005));
#17339=CARTESIAN_POINT('',(0.,3.59739997249535E-18,0.005));
#17340=CARTESIAN_POINT('',(0.0572186132823378,0.013326394637946,0.005));
#17341=CARTESIAN_POINT('',(0.0572186132823378,0.013326394637946,0.005));
#17342=CARTESIAN_POINT('',(0.0572186132823378,0.013326394637946,0.));
#17343=CARTESIAN_POINT('',(0.,3.59739997249535E-18,0.));
#17344=CARTESIAN_POINT('',(0.0560064317892776,-0.00668264326967553,0.00499999999999993));
#17345=CARTESIAN_POINT('',(0.0560064317892776,-0.00668264326967553,0.));
#17346=CARTESIAN_POINT('',(0.0595898740034938,0.0130401842116499,0.));
#17347=CARTESIAN_POINT('',(0.0560064317892776,-0.00668264326967553,0.005));
#17348=CARTESIAN_POINT('',(0.0595898740034938,0.0130401842116499,0.005));
#17349=CARTESIAN_POINT('',(0.0595898740034938,0.0130401842116499,0.005));
#17350=CARTESIAN_POINT('',(0.048446345469485,0.0288847664606806,0.00499999999999993));
#17351=CARTESIAN_POINT('',(0.048446345469485,0.0288847664606806,0.));
#17352=CARTESIAN_POINT('',(0.0576921372760298,0.0110986393996622,0.));
#17353=CARTESIAN_POINT('',(0.0597419794687232,0.0123245842601154,0.));
#17354=CARTESIAN_POINT('',(0.0597419794687232,0.0123245842601154,0.005));
#17355=CARTESIAN_POINT('',(0.0597419794687232,0.0123245842601154,0.005));
#17356=CARTESIAN_POINT('',(0.048446345469485,0.0288847664606806,0.005));
#17357=CARTESIAN_POINT('',(0.0576921372760298,0.0110986393996622,0.005));
#17358=CARTESIAN_POINT('',(0.0576921372760298,0.0110986393996622,0.005));
#17359=CARTESIAN_POINT('',(0.0596659267361085,0.0126823842358827,0.005));
#17360=CARTESIAN_POINT('',(0.0596659267361085,0.0126823842358827,0.));
#17361=CARTESIAN_POINT('',(0.0596659267361085,0.0126823842358827,0.005));
#17362=CARTESIAN_POINT('',(0.,3.59739997249535E-18,0.005));
#17363=CARTESIAN_POINT('',(0.,3.59739997249535E-18,0.005));
#17364=CARTESIAN_POINT('',(0.0578376467680906,0.0103135404362215,0.005));
#17365=CARTESIAN_POINT('',(0.0578376467680906,0.0103135404362215,0.005));
#17366=CARTESIAN_POINT('',(0.0578376467680906,0.0103135404362215,0.));
#17367=CARTESIAN_POINT('',(0.,3.59739997249535E-18,0.));
#17368=CARTESIAN_POINT('',(0.0555799343952413,-0.00960463510277226,0.00499999999999993));
#17369=CARTESIAN_POINT('',(0.0555799343952413,-0.00960463510277226,0.));
#17370=CARTESIAN_POINT('',(0.0601906786624935,0.00990362005402451,0.));
#17371=CARTESIAN_POINT('',(0.0555799343952413,-0.00960463510277226,0.005));
#17372=CARTESIAN_POINT('',(0.0601906786624935,0.00990362005402451,0.005));
#17373=CARTESIAN_POINT('',(0.0601906786624935,0.00990362005402451,0.005));
#17374=CARTESIAN_POINT('',(0.0498916633103246,0.0263096950755027,0.00499999999999993));
#17375=CARTESIAN_POINT('',(0.0498916633103246,0.0263096950755027,0.));
#17376=CARTESIAN_POINT('',(0.0581939301129356,0.0080640559280532,0.));
#17377=CARTESIAN_POINT('',(0.0603051240647182,0.00918104022238066,0.));
#17378=CARTESIAN_POINT('',(0.0603051240647182,0.00918104022238066,0.005));
#17379=CARTESIAN_POINT('',(0.0603051240647182,0.00918104022238066,0.005));
#17380=CARTESIAN_POINT('',(0.0498916633103246,0.0263096950755027,0.005));
#17381=CARTESIAN_POINT('',(0.0581939301129356,0.0080640559280532,0.005));
#17382=CARTESIAN_POINT('',(0.0581939301129356,0.0080640559280532,0.005));
#17383=CARTESIAN_POINT('',(0.0602479013636059,0.00954233013820258,0.005));
#17384=CARTESIAN_POINT('',(0.0602479013636059,0.00954233013820258,0.));
#17385=CARTESIAN_POINT('',(0.0602479013636059,0.00954233013820258,0.005));
#17386=CARTESIAN_POINT('',(0.,3.59739997249535E-18,0.005));
#17387=CARTESIAN_POINT('',(0.,3.59739997249535E-18,0.005));
#17388=CARTESIAN_POINT('',(0.0582981512842976,0.00727241753704675,0.005));
#17389=CARTESIAN_POINT('',(0.0582981512842976,0.00727241753704675,0.005));
#17390=CARTESIAN_POINT('',(0.0582981512842976,0.00727241753704675,0.));
#17391=CARTESIAN_POINT('',(0.,3.59739997249535E-18,0.));
#17392=CARTESIAN_POINT('',(0.0550010962643421,-0.0125003012986607,0.00499999999999993));
#17393=CARTESIAN_POINT('',(0.0550010962643421,-0.0125003012986607,0.));
#17394=CARTESIAN_POINT('',(0.0606265048550821,0.0067399107622232,0.));
#17395=CARTESIAN_POINT('',(0.0550010962643421,-0.0125003012986607,0.005));
#17396=CARTESIAN_POINT('',(0.0606265048550821,0.0067399107622232,0.005));
#17397=CARTESIAN_POINT('',(0.0606265048550821,0.0067399107622232,0.005));
#17398=CARTESIAN_POINT('',(0.0512002316090621,0.0236625105564593,0.00499999999999993));
#17399=CARTESIAN_POINT('',(0.0512002316090621,0.0236625105564593,0.));
#17400=CARTESIAN_POINT('',(0.0585362174324014,0.00500736943979872,0.));
#17401=CARTESIAN_POINT('',(0.0607029765083794,0.0060123315913844,0.));
#17402=CARTESIAN_POINT('',(0.0607029765093863,0.00601233159085237,0.005));
#17403=CARTESIAN_POINT('',(0.0607029765083794,0.0060123315913844,0.005));
#17404=CARTESIAN_POINT('',(0.0512002316090621,0.0236625105564593,0.005));
#17405=CARTESIAN_POINT('',(0.0585362174324014,0.00500736943979872,0.005));
#17406=CARTESIAN_POINT('',(0.0585362174324014,0.00500736943979872,0.005));
#17407=CARTESIAN_POINT('',(0.0606647406812459,0.00637612117689292,0.005));
#17408=CARTESIAN_POINT('',(0.0606647406812459,0.00637612117689292,0.));
#17409=CARTESIAN_POINT('',(0.0606647406812459,0.00637612117689292,0.005));
#17410=CARTESIAN_POINT('',(0.,3.59739997249535E-18,0.005));
#17411=CARTESIAN_POINT('',(0.,3.59739997249535E-18,0.005));
#17412=CARTESIAN_POINT('',(0.0585988646200892,0.00421136144690248,0.005));
#17413=CARTESIAN_POINT('',(0.0585988646200892,0.00421136144690248,0.005));
#17414=CARTESIAN_POINT('',(0.0585988646200892,0.00421136144690248,0.));
#17415=CARTESIAN_POINT('',(0.,3.59739997249535E-18,0.));
#17416=CARTESIAN_POINT('',(0.0542715039516598,-0.0153617050375832,0.00499999999999993));
#17417=CARTESIAN_POINT('',(0.0542715039516598,-0.0153617050375832,0.));
#17418=CARTESIAN_POINT('',(0.0608961580119596,0.00355772784350813,0.));
#17419=CARTESIAN_POINT('',(0.0542715039516598,-0.0153617050375832,0.005));
#17420=CARTESIAN_POINT('',(0.0608961580119596,0.00355772784350813,0.005));
#17421=CARTESIAN_POINT('',(0.0608961580119596,0.00355772784350813,0.005));
#17422=CARTESIAN_POINT('',(0.0523684635537455,0.0209504689173477,0.00499999999999993));
#17423=CARTESIAN_POINT('',(0.0523684635537455,0.0209504689173477,0.));
#17424=CARTESIAN_POINT('',(0.0587180610487093,0.00193695809971287,0.));
#17425=CARTESIAN_POINT('',(0.0609344463118841,0.00282714357718018,0.));
#17426=CARTESIAN_POINT('',(0.0609344463128618,0.00282714357659617,0.005));
#17427=CARTESIAN_POINT('',(0.0609344463118841,0.00282714357718018,0.005));
#17428=CARTESIAN_POINT('',(0.0523684635537455,0.0209504689173477,0.005));
#17429=CARTESIAN_POINT('',(0.0587180610487093,0.00193695809971287,0.005));
#17430=CARTESIAN_POINT('',(0.0587180610487093,0.00193695809971287,0.005));
#17431=CARTESIAN_POINT('',(0.060915302161433,0.00319243571063615,0.005));
#17432=CARTESIAN_POINT('',(0.060915302161433,0.00319243571063615,0.));
#17433=CARTESIAN_POINT('',(0.060915302161433,0.00319243571063615,0.005));
#17434=CARTESIAN_POINT('',(0.,3.59739997249535E-18,0.005));
#17435=CARTESIAN_POINT('',(0.,3.59739997249535E-18,0.005));
#17436=CARTESIAN_POINT('',(0.0587389625411143,0.0011387623077604,0.005));
#17437=CARTESIAN_POINT('',(0.0587389625411143,0.0011387623077604,0.005));
#17438=CARTESIAN_POINT('',(0.0587389625411143,0.0011387623077604,0.));
#17439=CARTESIAN_POINT('',(0.,3.59739997249535E-18,0.));
#17440=CARTESIAN_POINT('',(0.,0.,0.005));
#17441=CARTESIAN_POINT('',(-0.0375,-0.02,0.005));
#17442=CARTESIAN_POINT('',(-0.0275,-0.02,0.005));
#17443=CARTESIAN_POINT('',(-0.0425,-0.02,0.005));
#17444=CARTESIAN_POINT('',(-0.0425,0.,0.005));
#17445=CARTESIAN_POINT('',(-0.0425,0.02,0.005));
#17446=CARTESIAN_POINT('',(0.,0.02,0.005));
#17447=CARTESIAN_POINT('',(-0.0275,0.02,0.005));
#17448=CARTESIAN_POINT('',(-0.0275,-0.015,0.005));
#17449=CARTESIAN_POINT('',(0.,-0.02,0.005));
#17450=CARTESIAN_POINT('',(0.0425,-0.02,0.005));
#17451=CARTESIAN_POINT('',(0.0275,-0.02,0.005));
#17452=CARTESIAN_POINT('',(0.0275,6.3606527452483E-18,0.005));
#17453=CARTESIAN_POINT('',(0.0275,0.02,0.005));
#17454=CARTESIAN_POINT('',(0.0375,0.02,0.005));
#17455=CARTESIAN_POINT('',(0.0425,0.02,0.005));
#17456=CARTESIAN_POINT('',(0.0425,-0.015,0.005));
#17457=CARTESIAN_POINT('',(0.0533931572190147,0.0181810034107669,0.005));
#17458=CARTESIAN_POINT('',(0.0609988990325664,-0.000365793440068604,0.005));
#17459=CARTESIAN_POINT('',(0.0609988990325664,0.,0.005));
#17460=CARTESIAN_POINT('',(0.0609988990325664,0.000365793440068604,0.005));
#17461=CARTESIAN_POINT('',(0.0533931572190147,-0.0181810034107669,0.005));
#17462=CARTESIAN_POINT('',(0.,0.,0.));
#17463=CARTESIAN_POINT('',(0.0533931572190147,-0.0181810034107669,0.));
#17464=CARTESIAN_POINT('',(0.0609988990325664,0.000365793440068604,0.));
#17465=CARTESIAN_POINT('',(0.0609988990325664,0.,0.));
#17466=CARTESIAN_POINT('',(0.0609988990325664,-0.000365793440068604,0.));
#17467=CARTESIAN_POINT('',(0.0533931572190147,0.0181810034107669,0.));
#17468=CARTESIAN_POINT('',(0.0533931572190147,-0.0181810034107669,0.00499999999999993));
#17469=CARTESIAN_POINT('',(0.0609988990325664,0.000365793440068606,0.005));
#17470=CARTESIAN_POINT('',(0.0533931572190147,0.0181810034107669,0.00499999999999993));
#17471=CARTESIAN_POINT('',(0.0609988990325664,-0.000365793440068606,0.005));
#17472=CARTESIAN_POINT('',(0.0609988990325664,0.,0.005));
#17473=CARTESIAN_POINT('',(0.,-3.06161699786838E-19,-0.01195));
#17474=CARTESIAN_POINT('',(0.,-3.06161699786838E-19,-0.01195));
#17475=CARTESIAN_POINT('',(-0.005,-3.06161699786838E-19,-0.01195));
#17476=CARTESIAN_POINT('',(0.,-3.06161699786838E-19,-0.01095));
#17477=CARTESIAN_POINT('',(-0.005,-3.06161699786838E-19,-0.01095));
#17478=CARTESIAN_POINT('',(0.,0.,-0.01195));
#17479=CARTESIAN_POINT('',(0.,-2.47990976827339E-19,-0.01195));
#17480=CARTESIAN_POINT('',(0.00405,-2.47990976827339E-19,-0.01195));
#17481=CARTESIAN_POINT('',(0.,0.,-0.01095));
#17482=CARTESIAN_POINT('',(0.,0.,-0.015));
#17483=CARTESIAN_POINT('',(0.,-2.47990976827339E-19,-0.015));
#17484=CARTESIAN_POINT('',(-0.00405,-2.47990976827339E-19,-0.015));
#17485=CARTESIAN_POINT('',(0.,-2.47990976827339E-19,-0.015));
#17486=CARTESIAN_POINT('',(0.035,0.015,0.145));
#17487=CARTESIAN_POINT('',(0.035,0.015,0.13));
#17488=CARTESIAN_POINT('',(0.0325,0.015,0.01));
#17489=CARTESIAN_POINT('',(0.035,-0.015,0.145));
#17490=CARTESIAN_POINT('',(0.0325,-0.015,0.13));
#17491=CARTESIAN_POINT('',(0.035,-0.015,0.01));
#17492=CARTESIAN_POINT('',(-0.0325,1.7347234759768E-18,0.145));
#17493=CARTESIAN_POINT('',(-0.0325,-1.7925475918427E-17,0.127848364093307));
#17494=CARTESIAN_POINT('',(-0.0325,-1.7925475918427E-17,0.119748364093307));
#17495=CARTESIAN_POINT('',(-0.0325,0.,0.13));
#17496=CARTESIAN_POINT('',(-0.0325,0.015,0.13));
#17497=CARTESIAN_POINT('',(-0.0325,-0.015,0.13));
#17498=CARTESIAN_POINT('',(-0.0325,-0.015,0.145));
#17499=CARTESIAN_POINT('',(-0.0325,-0.015,0.01));
#17500=CARTESIAN_POINT('',(-0.0325,0.015,0.01));
#17501=CARTESIAN_POINT('',(-0.0325,0.015,0.01));
#17502=CARTESIAN_POINT('',(-0.0325,0.015,0.145));
#17503=CARTESIAN_POINT('',(-0.035,0.015,0.145));
#17504=CARTESIAN_POINT('',(-0.0375,0.015,0.145));
#17505=CARTESIAN_POINT('',(-0.0375,0.015,0.13));
#17506=CARTESIAN_POINT('',(-0.0375,0.015,0.01));
#17507=CARTESIAN_POINT('',(-0.0325,0.015,0.13));
#17508=CARTESIAN_POINT('',(-0.035,0.015,0.01));
#17509=CARTESIAN_POINT('',(-0.0375,1.7347234759768E-18,0.145));
#17510=CARTESIAN_POINT('',(-0.0375,-1.90819582357449E-17,0.127848364093307));
#17511=CARTESIAN_POINT('',(-0.0375,-1.90819582357449E-17,0.119748364093307));
#17512=CARTESIAN_POINT('',(-0.0375,-0.015,0.145));
#17513=CARTESIAN_POINT('',(-0.0375,-0.015,0.13));
#17514=CARTESIAN_POINT('',(-0.0375,-0.015,0.01));
#17515=CARTESIAN_POINT('',(-0.0375,0.,0.13));
#17516=CARTESIAN_POINT('',(-0.0375,1.7347234759768E-18,0.01));
#17517=CARTESIAN_POINT('',(-0.035,-0.015,0.145));
#17518=CARTESIAN_POINT('',(-0.035,-0.015,0.13));
#17519=CARTESIAN_POINT('',(-0.0325,-0.015,0.01));
#17520=CARTESIAN_POINT('',(-0.0275,0.,0.01));
#17521=CARTESIAN_POINT('',(-0.0275,-0.02,0.01));
#17522=CARTESIAN_POINT('',(-0.0275,0.02,0.01));
#17523=CARTESIAN_POINT('',(-0.035,0.02,0.01));
#17524=CARTESIAN_POINT('',(-0.0425,0.02,0.01));
#17525=CARTESIAN_POINT('',(0.,-0.02,0.01));
#17526=CARTESIAN_POINT('',(-0.0425,-0.02,0.01));
#17527=CARTESIAN_POINT('',(-0.0425,1.7347234759768E-18,0.01));
#17528=CARTESIAN_POINT('',(0.,0.02,0.01));
#17529=CARTESIAN_POINT('',(0.0425,0.02,0.01));
#17530=CARTESIAN_POINT('',(0.0275,0.02,0.01));
#17531=CARTESIAN_POINT('',(0.0275,-1.15648231731787E-18,0.01));
#17532=CARTESIAN_POINT('',(0.0275,-0.02,0.01));
#17533=CARTESIAN_POINT('',(0.0425,9.83009969720191E-18,0.01));
#17534=CARTESIAN_POINT('',(0.0425,-0.02,0.01));
#17535=CARTESIAN_POINT('',(0.035,-0.02,0.01));
#17536=CARTESIAN_POINT('',(0.,0.,0.13));
#17537=CARTESIAN_POINT('',(0.,0.,0.13));
#17538=CARTESIAN_POINT('',(0.0115,-0.005,0.0131483640933072));
#17539=CARTESIAN_POINT('',(0.0115,0.01025,0.0378983640933072));
#17540=CARTESIAN_POINT('',(0.0115,0.01025,0.0178983640933072));
#17541=CARTESIAN_POINT('',(0.0115,0.01025,0.0578983640933072));
#17542=CARTESIAN_POINT('',(0.0115,7.86407975776152E-18,0.0578983640933072));
#17543=CARTESIAN_POINT('',(0.0115,-0.01025,0.0578983640933072));
#17544=CARTESIAN_POINT('',(0.0115,-0.01025,0.0378983640933072));
#17545=CARTESIAN_POINT('',(0.0115,-0.01025,0.0178983640933072));
#17546=CARTESIAN_POINT('',(0.0115,7.86407975776152E-18,0.0178983640933072));
#17547=CARTESIAN_POINT('',(0.0115,0.005,0.0131483640933072));
#17548=CARTESIAN_POINT('',(0.0115,0.005,0.0626483640933072));
#17549=CARTESIAN_POINT('',(0.0115,-0.005,0.0626483640933072));
#17550=CARTESIAN_POINT('',(0.0115,-7.74843152602974E-18,0.127848364093307));
#17551=CARTESIAN_POINT('',(-0.0623,-2.48181105296415E-17,0.127848364093307));
#17552=MECHANICAL_DESIGN_GEOMETRIC_PRESENTATION_REPRESENTATION('',(#9943),
#17553);
#17553=(
GEOMETRIC_REPRESENTATION_CONTEXT(3)
GLOBAL_UNCERTAINTY_ASSIGNED_CONTEXT((#17554))
GLOBAL_UNIT_ASSIGNED_CONTEXT((#17557,#17556,#17555))
REPRESENTATION_CONTEXT('Spur 1M 120T','TOP_LEVEL_ASSEMBLY_PART')
);
#17554=UNCERTAINTY_MEASURE_WITH_UNIT(LENGTH_MEASURE(1.E-8),#17557,
'DISTANCE_ACCURACY_VALUE','Maximum Tolerance applied to model');
#17555=(
NAMED_UNIT(*)
SI_UNIT($,.STERADIAN.)
SOLID_ANGLE_UNIT()
);
#17556=(
NAMED_UNIT(*)
PLANE_ANGLE_UNIT()
SI_UNIT($,.RADIAN.)
);
#17557=(
LENGTH_UNIT()
NAMED_UNIT(*)
SI_UNIT($,.METRE.)
);
#17558=PRODUCT_DEFINITION_SHAPE('','',#17559);
#17559=PRODUCT_DEFINITION('','',#17561,#17560);
#17560=PRODUCT_DEFINITION_CONTEXT('',#17567,'design');
#17561=PRODUCT_DEFINITION_FORMATION_WITH_SPECIFIED_SOURCE('','',#17563,
 .NOT_KNOWN.);
#17562=PRODUCT_RELATED_PRODUCT_CATEGORY('','',(#17563));
#17563=PRODUCT('Spur 1M 120T','Spur 1M 120T','Spur 1M 120T',(#17565));
#17564=PRODUCT_CATEGORY('','');
#17565=PRODUCT_CONTEXT('',#17567,'mechanical');
#17566=APPLICATION_PROTOCOL_DEFINITION('international standard',
'ap242_managed_model_based_3d_engineering',2020,#17567);
#17567=APPLICATION_CONTEXT('managed model based 3d engineering');
ENDSEC;
END-ISO-10303-21;
