ISO-10303-21;
HEADER;
/* Generated by software containing ST-Developer
 * from STEP Tools, Inc. (www.steptools.com) 
 */
/* OPTION: using custom renumber hook */

FILE_DESCRIPTION(
/* description */ ('STEP AP242 Edition 2',
'CAx-IF Rec.Pracs.---Representation and Presentation of Product Manufa
cturing Information (PMI)---4.0---2014-10-13',
'CAx-IF Rec.Pracs.---3D Tessellated Geometry---0.4---2014-09-14','2;1',
'CAx-IF Rec.Pracs.---User Defined Attributes---1.5---2016-08-15'),
/* implementation_level */ '2;1');

FILE_NAME(
/* name */ 'Assembly 1 - Part 2',
/* time_stamp */ '2026-08-21T14:50:51Z',
/* author */ (''),
/* organization */ (''),
/* preprocessor_version */ 'ST-DEVELOPER v20',
/* originating_system */ 'ONSHAPE BY PTC INC, 1.219',
/* authorisation */ '  ');

FILE_SCHEMA (('AP242_MANAGED_MODEL_BASED_3D_ENGINEERING_MIM_LF { 1 0 10303 442 3 1 4 }'));
ENDSEC;

DATA;
#10=SHAPE_REPRESENTATION_RELATIONSHIP('','',#6009,#11);
#11=ADVANCED_BREP_SHAPE_REPRESENTATION('',(#6007),#10120);
#12=SPHERICAL_SURFACE('',#6400,0.008);
#13=B_SPLINE_CURVE_WITH_KNOTS('',3,(#9672,#9673,#9674,#9675,#9676),
 .UNSPECIFIED.,.F.,.F.,(4,1,4),(0.,0.00169291028321502,0.00338582056643003),
 .UNSPECIFIED.);
#14=B_SPLINE_CURVE_WITH_KNOTS('',3,(#9678,#9679,#9680,#9681,#9682),
 .UNSPECIFIED.,.F.,.F.,(4,1,4),(0.,0.00169291028321502,0.00338582056643003),
 .UNSPECIFIED.);
#15=B_SPLINE_CURVE_WITH_KNOTS('',3,(#9684,#9685,#9686,#9687,#9688),
 .UNSPECIFIED.,.F.,.F.,(4,1,4),(0.,0.00169291028321502,0.00338582056643003),
 .UNSPECIFIED.);
#16=B_SPLINE_CURVE_WITH_KNOTS('',3,(#9690,#9691,#9692,#9693,#9694),
 .UNSPECIFIED.,.F.,.F.,(4,1,4),(0.,0.00169291028321502,0.00338582056643003),
 .UNSPECIFIED.);
#17=B_SPLINE_CURVE_WITH_KNOTS('',3,(#9793,#9794,#9795,#9796),
 .UNSPECIFIED.,.F.,.F.,(4,4),(0.,1.),.UNSPECIFIED.);
#18=ELLIPSE('',#6352,0.00593909478046178,0.005);
#19=ELLIPSE('',#6354,0.00593909478046178,0.005);
#20=ELLIPSE('',#6373,0.0070956684431448,0.005);
#21=ELLIPSE('',#6374,0.0070956684431448,0.005);
#22=CYLINDRICAL_SURFACE('',#6257,0.00149967143075596);
#23=CYLINDRICAL_SURFACE('',#6261,0.00149999999999999);
#24=CYLINDRICAL_SURFACE('',#6265,0.0015);
#25=CYLINDRICAL_SURFACE('',#6269,0.00149967143075542);
#26=CYLINDRICAL_SURFACE('',#6275,0.00225);
#27=CYLINDRICAL_SURFACE('',#6281,0.00225);
#28=CYLINDRICAL_SURFACE('',#6287,0.00225);
#29=CYLINDRICAL_SURFACE('',#6293,0.00225);
#30=CYLINDRICAL_SURFACE('',#6314,0.00149967143075596);
#31=CYLINDRICAL_SURFACE('',#6317,0.00149999999999999);
#32=CYLINDRICAL_SURFACE('',#6320,0.0015);
#33=CYLINDRICAL_SURFACE('',#6323,0.00149967143075542);
#34=CYLINDRICAL_SURFACE('',#6326,0.00225);
#35=CYLINDRICAL_SURFACE('',#6331,0.00225);
#36=CYLINDRICAL_SURFACE('',#6338,0.00225);
#37=CYLINDRICAL_SURFACE('',#6343,0.00225);
#38=CYLINDRICAL_SURFACE('',#6358,0.00225);
#39=CYLINDRICAL_SURFACE('',#6359,0.00225);
#40=CYLINDRICAL_SURFACE('',#6360,0.00225);
#41=CYLINDRICAL_SURFACE('',#6361,0.00225);
#42=CYLINDRICAL_SURFACE('',#6363,0.0081);
#43=CYLINDRICAL_SURFACE('',#6371,0.005);
#44=CYLINDRICAL_SURFACE('',#6372,0.005);
#45=CYLINDRICAL_SURFACE('',#6375,0.005);
#46=CYLINDRICAL_SURFACE('',#6376,0.005);
#47=CYLINDRICAL_SURFACE('',#6377,0.005);
#48=CYLINDRICAL_SURFACE('',#6378,0.005);
#49=CYLINDRICAL_SURFACE('',#6380,0.00210000000000016);
#50=CYLINDRICAL_SURFACE('',#6381,0.0021);
#51=CYLINDRICAL_SURFACE('',#6384,0.0021);
#52=CYLINDRICAL_SURFACE('',#6387,0.0021);
#53=CYLINDRICAL_SURFACE('',#6388,0.0021);
#54=CYLINDRICAL_SURFACE('',#6389,0.0021);
#55=CYLINDRICAL_SURFACE('',#6390,0.0021);
#56=CYLINDRICAL_SURFACE('',#6392,0.0021);
#57=CYLINDRICAL_SURFACE('',#6395,0.0021);
#58=CYLINDRICAL_SURFACE('',#6397,0.0021);
#59=CYLINDRICAL_SURFACE('',#6398,0.001);
#60=CYLINDRICAL_SURFACE('',#6399,0.001);
#61=CYLINDRICAL_SURFACE('',#6401,0.01001);
#62=CYLINDRICAL_SURFACE('',#6403,0.0121);
#63=CYLINDRICAL_SURFACE('',#6409,0.0018288);
#64=CYLINDRICAL_SURFACE('',#6410,0.0018288);
#65=CYLINDRICAL_SURFACE('',#6411,0.0018288);
#66=CYLINDRICAL_SURFACE('',#6412,0.0018288);
#67=CYLINDRICAL_SURFACE('',#6413,0.0018288);
#68=CYLINDRICAL_SURFACE('',#6414,0.0018288);
#69=CYLINDRICAL_SURFACE('',#6415,0.0018288);
#70=CYLINDRICAL_SURFACE('',#6417,0.0121);
#71=CYLINDRICAL_SURFACE('',#6423,0.0018288);
#72=CYLINDRICAL_SURFACE('',#6424,0.0018288);
#73=CYLINDRICAL_SURFACE('',#6425,0.0018288);
#74=CYLINDRICAL_SURFACE('',#6426,0.0018288);
#75=CYLINDRICAL_SURFACE('',#6427,0.0018288);
#76=CYLINDRICAL_SURFACE('',#6428,0.0018288);
#77=CYLINDRICAL_SURFACE('',#6430,0.0121);
#78=CYLINDRICAL_SURFACE('',#6436,0.0018288);
#79=CYLINDRICAL_SURFACE('',#6437,0.0018288);
#80=CYLINDRICAL_SURFACE('',#6438,0.0018288);
#81=CYLINDRICAL_SURFACE('',#6439,0.0018288);
#82=CYLINDRICAL_SURFACE('',#6440,0.0018288);
#83=CYLINDRICAL_SURFACE('',#6441,0.0018288);
#84=CYLINDRICAL_SURFACE('',#6446,0.0018288);
#85=CYLINDRICAL_SURFACE('',#6447,0.0018288);
#86=CYLINDRICAL_SURFACE('',#6448,0.0018288);
#87=CYLINDRICAL_SURFACE('',#6449,0.0018288);
#88=CYLINDRICAL_SURFACE('',#6450,0.0181);
#89=CYLINDRICAL_SURFACE('',#6456,0.0018288);
#90=CYLINDRICAL_SURFACE('',#6457,0.0018288);
#91=CYLINDRICAL_SURFACE('',#6458,0.0018288);
#92=CYLINDRICAL_SURFACE('',#6459,0.0018288);
#93=CYLINDRICAL_SURFACE('',#6460,0.0018288);
#94=CYLINDRICAL_SURFACE('',#6461,0.0018288);
#95=CYLINDRICAL_SURFACE('',#6463,0.0121);
#96=CYLINDRICAL_SURFACE('',#6467,0.0018288);
#97=CYLINDRICAL_SURFACE('',#6468,0.0018288);
#98=CYLINDRICAL_SURFACE('',#6469,0.0018288);
#99=CYLINDRICAL_SURFACE('',#6470,0.0018288);
#100=CYLINDRICAL_SURFACE('',#6471,0.0018288);
#101=CYLINDRICAL_SURFACE('',#6478,0.0018288);
#102=CYLINDRICAL_SURFACE('',#6479,0.0018288);
#103=CYLINDRICAL_SURFACE('',#6480,0.0018288);
#104=CYLINDRICAL_SURFACE('',#6481,0.0018288);
#105=CYLINDRICAL_SURFACE('',#6488,0.0018288);
#106=CYLINDRICAL_SURFACE('',#6489,0.0018288);
#107=CYLINDRICAL_SURFACE('',#6490,0.0018288);
#108=CYLINDRICAL_SURFACE('',#6491,0.0018288);
#109=CYLINDRICAL_SURFACE('',#6492,0.0121);
#110=CYLINDRICAL_SURFACE('',#6497,0.0018288);
#111=CYLINDRICAL_SURFACE('',#6498,0.0018288);
#112=CYLINDRICAL_SURFACE('',#6499,0.0018288);
#113=CYLINDRICAL_SURFACE('',#6500,0.0018288);
#114=CYLINDRICAL_SURFACE('',#6501,0.0018288);
#115=CYLINDRICAL_SURFACE('',#6503,0.0121);
#116=CYLINDRICAL_SURFACE('',#6504,0.0121);
#117=CYLINDRICAL_SURFACE('',#6510,0.0018288);
#118=CYLINDRICAL_SURFACE('',#6511,0.0018288);
#119=CYLINDRICAL_SURFACE('',#6512,0.0018288);
#120=CYLINDRICAL_SURFACE('',#6513,0.0018288);
#121=CYLINDRICAL_SURFACE('',#6514,0.0018288);
#122=CYLINDRICAL_SURFACE('',#6515,0.0018288);
#123=CYLINDRICAL_SURFACE('',#6520,0.0018288);
#124=CYLINDRICAL_SURFACE('',#6521,0.0018288);
#125=CYLINDRICAL_SURFACE('',#6522,0.0018288);
#126=CYLINDRICAL_SURFACE('',#6523,0.0018288);
#127=CYLINDRICAL_SURFACE('',#6524,0.0121);
#128=CYLINDRICAL_SURFACE('',#6528,0.01225);
#129=CYLINDRICAL_SURFACE('',#6532,0.0018288);
#130=CYLINDRICAL_SURFACE('',#6533,0.0018288);
#131=CYLINDRICAL_SURFACE('',#6534,0.0018288);
#132=CYLINDRICAL_SURFACE('',#6535,0.0018288);
#133=CYLINDRICAL_SURFACE('',#6536,0.0018288);
#134=CYLINDRICAL_SURFACE('',#6537,0.0018288);
#135=CYLINDRICAL_SURFACE('',#6538,0.0018288);
#136=CYLINDRICAL_SURFACE('',#6539,0.0181);
#137=CYLINDRICAL_SURFACE('',#6545,0.0018288);
#138=CYLINDRICAL_SURFACE('',#6546,0.0018288);
#139=CYLINDRICAL_SURFACE('',#6547,0.0018288);
#140=CYLINDRICAL_SURFACE('',#6548,0.0018288);
#141=CYLINDRICAL_SURFACE('',#6549,0.0018288);
#142=CYLINDRICAL_SURFACE('',#6550,0.0018288);
#143=CYLINDRICAL_SURFACE('',#6552,0.0121);
#144=CYLINDRICAL_SURFACE('',#6553,0.0121000000000002);
#145=CYLINDRICAL_SURFACE('',#6559,0.0018288);
#146=CYLINDRICAL_SURFACE('',#6560,0.0018288);
#147=CYLINDRICAL_SURFACE('',#6561,0.0018288);
#148=CYLINDRICAL_SURFACE('',#6562,0.0018288);
#149=CYLINDRICAL_SURFACE('',#6563,0.0018288);
#150=CYLINDRICAL_SURFACE('',#6564,0.0018288);
#151=CYLINDRICAL_SURFACE('',#6565,0.01001);
#152=CYLINDRICAL_SURFACE('',#6566,0.01225);
#153=CYLINDRICAL_SURFACE('',#6567,0.01225);
#154=CYLINDRICAL_SURFACE('',#6573,0.0018288);
#155=CYLINDRICAL_SURFACE('',#6574,0.0018288);
#156=CYLINDRICAL_SURFACE('',#6575,0.0018288);
#157=CYLINDRICAL_SURFACE('',#6576,0.0018288);
#158=CYLINDRICAL_SURFACE('',#6577,0.0018288);
#159=CYLINDRICAL_SURFACE('',#6578,0.0018288);
#160=CYLINDRICAL_SURFACE('',#6579,0.0018288);
#161=CYLINDRICAL_SURFACE('',#6584,0.0018288);
#162=CYLINDRICAL_SURFACE('',#6585,0.0018288);
#163=CYLINDRICAL_SURFACE('',#6586,0.0018288);
#164=CYLINDRICAL_SURFACE('',#6587,0.0018288);
#165=CIRCLE('',#6012,0.005);
#166=CIRCLE('',#6014,0.005);
#167=CIRCLE('',#6016,0.0018288);
#168=CIRCLE('',#6017,0.0018288);
#169=CIRCLE('',#6018,0.0018288);
#170=CIRCLE('',#6019,0.0121);
#171=CIRCLE('',#6020,0.0018288);
#172=CIRCLE('',#6021,0.0018288);
#173=CIRCLE('',#6022,0.0018288);
#174=CIRCLE('',#6023,0.0018288);
#175=CIRCLE('',#6024,0.0018288);
#176=CIRCLE('',#6025,0.0018288);
#177=CIRCLE('',#6026,0.0121);
#178=CIRCLE('',#6027,0.0018288);
#179=CIRCLE('',#6028,0.01001);
#180=CIRCLE('',#6029,0.0018288);
#181=CIRCLE('',#6030,0.0018288);
#182=CIRCLE('',#6031,0.0018288);
#183=CIRCLE('',#6032,0.0018288);
#184=CIRCLE('',#6033,0.0018288);
#185=CIRCLE('',#6034,0.0018288);
#186=CIRCLE('',#6035,0.0018288);
#187=CIRCLE('',#6036,0.0018288);
#188=CIRCLE('',#6037,0.0018288);
#189=CIRCLE('',#6038,0.0018288);
#190=CIRCLE('',#6039,0.0018288);
#191=CIRCLE('',#6040,0.0018288);
#192=CIRCLE('',#6041,0.0018288);
#193=CIRCLE('',#6042,0.0018288);
#194=CIRCLE('',#6043,0.0018288);
#195=CIRCLE('',#6044,0.0018288);
#196=CIRCLE('',#6045,0.0018288);
#197=CIRCLE('',#6046,0.0018288);
#198=CIRCLE('',#6047,0.0018288);
#199=CIRCLE('',#6048,0.0018288);
#200=CIRCLE('',#6049,0.0121);
#201=CIRCLE('',#6050,0.0018288);
#202=CIRCLE('',#6051,0.0018288);
#203=CIRCLE('',#6052,0.01225);
#204=CIRCLE('',#6053,0.0018288);
#205=CIRCLE('',#6054,0.0018288);
#206=CIRCLE('',#6055,0.0018288);
#207=CIRCLE('',#6056,0.0121);
#208=CIRCLE('',#6057,0.0121);
#209=CIRCLE('',#6058,0.0018288);
#210=CIRCLE('',#6059,0.0018288);
#211=CIRCLE('',#6060,0.0018288);
#212=CIRCLE('',#6061,0.0018288);
#213=CIRCLE('',#6062,0.0121);
#214=CIRCLE('',#6063,0.0018288);
#215=CIRCLE('',#6064,0.0018288);
#216=CIRCLE('',#6065,0.0018288);
#217=CIRCLE('',#6066,0.0018288);
#218=CIRCLE('',#6067,0.0018288);
#219=CIRCLE('',#6068,0.0018288);
#220=CIRCLE('',#6069,0.0018288);
#221=CIRCLE('',#6070,0.0181);
#222=CIRCLE('',#6071,0.0018288);
#223=CIRCLE('',#6072,0.0018288);
#224=CIRCLE('',#6073,0.0018288);
#225=CIRCLE('',#6074,0.0018288);
#226=CIRCLE('',#6075,0.0018288);
#227=CIRCLE('',#6076,0.0018288);
#228=CIRCLE('',#6077,0.0018288);
#229=CIRCLE('',#6078,0.0018288);
#230=CIRCLE('',#6079,0.0121);
#231=CIRCLE('',#6080,0.0018288);
#232=CIRCLE('',#6081,0.0021);
#233=CIRCLE('',#6082,0.0021);
#234=CIRCLE('',#6083,0.0021);
#235=CIRCLE('',#6084,0.0021);
#236=CIRCLE('',#6085,0.0021);
#237=CIRCLE('',#6086,0.00210000000000016);
#238=CIRCLE('',#6087,0.0021);
#239=CIRCLE('',#6088,0.0021);
#240=CIRCLE('',#6089,0.00225);
#241=CIRCLE('',#6090,0.00225);
#242=CIRCLE('',#6091,0.00225);
#243=CIRCLE('',#6092,0.00225);
#244=CIRCLE('',#6093,0.0081);
#245=CIRCLE('',#6094,0.0021);
#246=CIRCLE('',#6095,0.0021);
#247=CIRCLE('',#6096,0.0018288);
#248=CIRCLE('',#6097,0.0018288);
#249=CIRCLE('',#6098,0.0018288);
#250=CIRCLE('',#6099,0.0018288);
#251=CIRCLE('',#6100,0.0121);
#252=CIRCLE('',#6101,0.0018288);
#253=CIRCLE('',#6102,0.0018288);
#254=CIRCLE('',#6103,0.0018288);
#255=CIRCLE('',#6104,0.0018288);
#256=CIRCLE('',#6105,0.0018288);
#257=CIRCLE('',#6106,0.0018288);
#258=CIRCLE('',#6107,0.0018288);
#259=CIRCLE('',#6108,0.0018288);
#260=CIRCLE('',#6109,0.0018288);
#261=CIRCLE('',#6110,0.0018288);
#262=CIRCLE('',#6111,0.0181);
#263=CIRCLE('',#6112,0.0018288);
#264=CIRCLE('',#6113,0.0121000000000002);
#265=CIRCLE('',#6114,0.0018288);
#266=CIRCLE('',#6115,0.0018288);
#267=CIRCLE('',#6116,0.0018288);
#268=CIRCLE('',#6117,0.0018288);
#269=CIRCLE('',#6118,0.0018288);
#270=CIRCLE('',#6119,0.0018288);
#271=CIRCLE('',#6120,0.0121);
#272=CIRCLE('',#6121,0.0018288);
#273=CIRCLE('',#6122,0.0018288);
#274=CIRCLE('',#6123,0.01001);
#275=CIRCLE('',#6124,0.0018288);
#276=CIRCLE('',#6125,0.01225);
#277=CIRCLE('',#6126,0.0018288);
#278=CIRCLE('',#6127,0.01225);
#279=CIRCLE('',#6128,0.0018288);
#280=CIRCLE('',#6129,0.0018288);
#281=CIRCLE('',#6130,0.0018288);
#282=CIRCLE('',#6132,0.0018288);
#283=CIRCLE('',#6133,0.0018288);
#284=CIRCLE('',#6135,0.0018288);
#285=CIRCLE('',#6136,0.0018288);
#286=CIRCLE('',#6137,0.0018288);
#287=CIRCLE('',#6138,0.0018288);
#288=CIRCLE('',#6139,0.0018288);
#289=CIRCLE('',#6140,0.0018288);
#290=CIRCLE('',#6141,0.0018288);
#291=CIRCLE('',#6142,0.0018288);
#292=CIRCLE('',#6143,0.0018288);
#293=CIRCLE('',#6144,0.0018288);
#294=CIRCLE('',#6145,0.0018288);
#295=CIRCLE('',#6146,0.0018288);
#296=CIRCLE('',#6147,0.0018288);
#297=CIRCLE('',#6148,0.0018288);
#298=CIRCLE('',#6149,0.0018288);
#299=CIRCLE('',#6150,0.0018288);
#300=CIRCLE('',#6151,0.0121);
#301=CIRCLE('',#6152,0.0018288);
#302=CIRCLE('',#6153,0.0018288);
#303=CIRCLE('',#6154,0.0018288);
#304=CIRCLE('',#6155,0.0018288);
#305=CIRCLE('',#6156,0.0018288);
#306=CIRCLE('',#6157,0.0018288);
#307=CIRCLE('',#6158,0.0018288);
#308=CIRCLE('',#6159,0.0018288);
#309=CIRCLE('',#6160,0.0018288);
#310=CIRCLE('',#6161,0.0021);
#311=CIRCLE('',#6162,0.0021);
#312=CIRCLE('',#6163,0.0081);
#313=CIRCLE('',#6164,0.00225);
#314=CIRCLE('',#6165,0.00225);
#315=CIRCLE('',#6166,0.00225);
#316=CIRCLE('',#6167,0.00225);
#317=CIRCLE('',#6168,0.0021);
#318=CIRCLE('',#6169,0.00210000000000016);
#319=CIRCLE('',#6170,0.0021);
#320=CIRCLE('',#6171,0.0021);
#321=CIRCLE('',#6172,0.0021);
#322=CIRCLE('',#6173,0.0021);
#323=CIRCLE('',#6174,0.0021);
#324=CIRCLE('',#6175,0.0021);
#325=CIRCLE('',#6176,0.0018288);
#326=CIRCLE('',#6177,0.0018288);
#327=CIRCLE('',#6178,0.0018288);
#328=CIRCLE('',#6179,0.0121);
#329=CIRCLE('',#6180,0.0018288);
#330=CIRCLE('',#6181,0.0018288);
#331=CIRCLE('',#6182,0.0018288);
#332=CIRCLE('',#6183,0.0018288);
#333=CIRCLE('',#6184,0.0018288);
#334=CIRCLE('',#6185,0.0018288);
#335=CIRCLE('',#6186,0.0018288);
#336=CIRCLE('',#6187,0.0181);
#337=CIRCLE('',#6188,0.0018288);
#338=CIRCLE('',#6189,0.0018288);
#339=CIRCLE('',#6190,0.0018288);
#340=CIRCLE('',#6191,0.0121);
#341=CIRCLE('',#6192,0.0018288);
#342=CIRCLE('',#6193,0.0018288);
#343=CIRCLE('',#6194,0.0018288);
#344=CIRCLE('',#6195,0.0018288);
#345=CIRCLE('',#6196,0.0121);
#346=CIRCLE('',#6197,0.0018288);
#347=CIRCLE('',#6198,0.0018288);
#348=CIRCLE('',#6199,0.0018288);
#349=CIRCLE('',#6200,0.0018288);
#350=CIRCLE('',#6201,0.0018288);
#351=CIRCLE('',#6202,0.0018288);
#352=CIRCLE('',#6203,0.0121);
#353=CIRCLE('',#6204,0.0018288);
#354=CIRCLE('',#6205,0.0018288);
#355=CIRCLE('',#6206,0.0018288);
#356=CIRCLE('',#6207,0.0018288);
#357=CIRCLE('',#6208,0.0018288);
#358=CIRCLE('',#6209,0.0121);
#359=CIRCLE('',#6210,0.0018288);
#360=CIRCLE('',#6211,0.0018288);
#361=CIRCLE('',#6212,0.0018288);
#362=CIRCLE('',#6213,0.0018288);
#363=CIRCLE('',#6214,0.01001);
#364=CIRCLE('',#6215,0.0018288);
#365=CIRCLE('',#6216,0.0121);
#366=CIRCLE('',#6217,0.0018288);
#367=CIRCLE('',#6218,0.0018288);
#368=CIRCLE('',#6219,0.0018288);
#369=CIRCLE('',#6220,0.0018288);
#370=CIRCLE('',#6221,0.0018288);
#371=CIRCLE('',#6222,0.01225);
#372=CIRCLE('',#6223,0.0018288);
#373=CIRCLE('',#6224,0.0018288);
#374=CIRCLE('',#6225,0.0121);
#375=CIRCLE('',#6226,0.0018288);
#376=CIRCLE('',#6227,0.0018288);
#377=CIRCLE('',#6228,0.0018288);
#378=CIRCLE('',#6229,0.0018288);
#379=CIRCLE('',#6230,0.0018288);
#380=CIRCLE('',#6231,0.0018288);
#381=CIRCLE('',#6232,0.0181);
#382=CIRCLE('',#6233,0.0018288);
#383=CIRCLE('',#6234,0.0018288);
#384=CIRCLE('',#6235,0.0018288);
#385=CIRCLE('',#6236,0.0018288);
#386=CIRCLE('',#6237,0.0018288);
#387=CIRCLE('',#6238,0.0018288);
#388=CIRCLE('',#6239,0.0121000000000002);
#389=CIRCLE('',#6240,0.0121);
#390=CIRCLE('',#6241,0.0018288);
#391=CIRCLE('',#6242,0.0018288);
#392=CIRCLE('',#6243,0.0018288);
#393=CIRCLE('',#6244,0.0018288);
#394=CIRCLE('',#6245,0.0018288);
#395=CIRCLE('',#6246,0.0018288);
#396=CIRCLE('',#6247,0.01225);
#397=CIRCLE('',#6248,0.0018288);
#398=CIRCLE('',#6249,0.01225);
#399=CIRCLE('',#6250,0.0018288);
#400=CIRCLE('',#6251,0.01001);
#401=CIRCLE('',#6252,0.0018288);
#402=CIRCLE('',#6253,0.0018288);
#403=CIRCLE('',#6258,0.00149967143075596);
#404=CIRCLE('',#6259,0.00149967143075596);
#405=CIRCLE('',#6262,0.00149999999999999);
#406=CIRCLE('',#6263,0.00149999999999999);
#407=CIRCLE('',#6266,0.0015);
#408=CIRCLE('',#6267,0.0015);
#409=CIRCLE('',#6270,0.00149967143075542);
#410=CIRCLE('',#6271,0.00149967143075542);
#411=CIRCLE('',#6276,0.00225);
#412=CIRCLE('',#6277,0.00225);
#413=CIRCLE('',#6282,0.00225);
#414=CIRCLE('',#6283,0.00225);
#415=CIRCLE('',#6288,0.00225);
#416=CIRCLE('',#6289,0.00225);
#417=CIRCLE('',#6294,0.00225);
#418=CIRCLE('',#6295,0.00225);
#419=CIRCLE('',#6300,0.005);
#420=CIRCLE('',#6301,0.005);
#421=CIRCLE('',#6303,0.005);
#422=CIRCLE('',#6305,0.00225);
#423=CIRCLE('',#6306,0.00225);
#424=CIRCLE('',#6307,0.00225);
#425=CIRCLE('',#6308,0.00225);
#426=CIRCLE('',#6309,0.005);
#427=CIRCLE('',#6310,0.00149967143075596);
#428=CIRCLE('',#6311,0.00149967143075542);
#429=CIRCLE('',#6312,0.0015);
#430=CIRCLE('',#6313,0.00149999999999999);
#431=CIRCLE('',#6315,0.00149967143075596);
#432=CIRCLE('',#6318,0.00149999999999999);
#433=CIRCLE('',#6321,0.0015);
#434=CIRCLE('',#6324,0.00149967143075542);
#435=CIRCLE('',#6327,0.00225);
#436=CIRCLE('',#6332,0.00225);
#437=CIRCLE('',#6339,0.00225);
#438=CIRCLE('',#6344,0.00225);
#439=CIRCLE('',#6348,0.005);
#440=CIRCLE('',#6349,0.005);
#441=CIRCLE('',#6370,0.008);
#442=CIRCLE('',#6473,0.0018288);
#443=CIRCLE('',#6483,0.0018288);
#444=ORIENTED_EDGE('',*,*,#2202,.F.);
#445=ORIENTED_EDGE('',*,*,#2203,.F.);
#446=ORIENTED_EDGE('',*,*,#2204,.F.);
#447=ORIENTED_EDGE('',*,*,#2205,.T.);
#448=ORIENTED_EDGE('',*,*,#2206,.F.);
#449=ORIENTED_EDGE('',*,*,#2207,.T.);
#450=ORIENTED_EDGE('',*,*,#2208,.T.);
#451=ORIENTED_EDGE('',*,*,#2209,.F.);
#452=ORIENTED_EDGE('',*,*,#2210,.T.);
#453=ORIENTED_EDGE('',*,*,#2211,.T.);
#454=ORIENTED_EDGE('',*,*,#2212,.T.);
#455=ORIENTED_EDGE('',*,*,#2213,.F.);
#456=ORIENTED_EDGE('',*,*,#2214,.F.);
#457=ORIENTED_EDGE('',*,*,#2215,.T.);
#458=ORIENTED_EDGE('',*,*,#2216,.T.);
#459=ORIENTED_EDGE('',*,*,#2217,.T.);
#460=ORIENTED_EDGE('',*,*,#2218,.F.);
#461=ORIENTED_EDGE('',*,*,#2219,.F.);
#462=ORIENTED_EDGE('',*,*,#2220,.F.);
#463=ORIENTED_EDGE('',*,*,#2221,.F.);
#464=ORIENTED_EDGE('',*,*,#2222,.F.);
#465=ORIENTED_EDGE('',*,*,#2223,.T.);
#466=ORIENTED_EDGE('',*,*,#2224,.F.);
#467=ORIENTED_EDGE('',*,*,#2225,.F.);
#468=ORIENTED_EDGE('',*,*,#2226,.F.);
#469=ORIENTED_EDGE('',*,*,#2227,.F.);
#470=ORIENTED_EDGE('',*,*,#2228,.F.);
#471=ORIENTED_EDGE('',*,*,#2229,.F.);
#472=ORIENTED_EDGE('',*,*,#2230,.F.);
#473=ORIENTED_EDGE('',*,*,#2231,.T.);
#474=ORIENTED_EDGE('',*,*,#2232,.F.);
#475=ORIENTED_EDGE('',*,*,#2233,.F.);
#476=ORIENTED_EDGE('',*,*,#2234,.F.);
#477=ORIENTED_EDGE('',*,*,#2235,.F.);
#478=ORIENTED_EDGE('',*,*,#2236,.F.);
#479=ORIENTED_EDGE('',*,*,#2237,.F.);
#480=ORIENTED_EDGE('',*,*,#2238,.F.);
#481=ORIENTED_EDGE('',*,*,#2239,.F.);
#482=ORIENTED_EDGE('',*,*,#2240,.F.);
#483=ORIENTED_EDGE('',*,*,#2241,.F.);
#484=ORIENTED_EDGE('',*,*,#2242,.F.);
#485=ORIENTED_EDGE('',*,*,#2243,.F.);
#486=ORIENTED_EDGE('',*,*,#2244,.F.);
#487=ORIENTED_EDGE('',*,*,#2245,.F.);
#488=ORIENTED_EDGE('',*,*,#2246,.F.);
#489=ORIENTED_EDGE('',*,*,#2247,.F.);
#490=ORIENTED_EDGE('',*,*,#2248,.F.);
#491=ORIENTED_EDGE('',*,*,#2249,.T.);
#492=ORIENTED_EDGE('',*,*,#2250,.F.);
#493=ORIENTED_EDGE('',*,*,#2251,.F.);
#494=ORIENTED_EDGE('',*,*,#2252,.F.);
#495=ORIENTED_EDGE('',*,*,#2253,.F.);
#496=ORIENTED_EDGE('',*,*,#2254,.T.);
#497=ORIENTED_EDGE('',*,*,#2255,.F.);
#498=ORIENTED_EDGE('',*,*,#2256,.F.);
#499=ORIENTED_EDGE('',*,*,#2257,.F.);
#500=ORIENTED_EDGE('',*,*,#2258,.F.);
#501=ORIENTED_EDGE('',*,*,#2259,.F.);
#502=ORIENTED_EDGE('',*,*,#2260,.F.);
#503=ORIENTED_EDGE('',*,*,#2261,.F.);
#504=ORIENTED_EDGE('',*,*,#2262,.T.);
#505=ORIENTED_EDGE('',*,*,#2215,.F.);
#506=ORIENTED_EDGE('',*,*,#2263,.T.);
#507=ORIENTED_EDGE('',*,*,#2264,.T.);
#508=ORIENTED_EDGE('',*,*,#2265,.T.);
#509=ORIENTED_EDGE('',*,*,#2266,.T.);
#510=ORIENTED_EDGE('',*,*,#2267,.T.);
#511=ORIENTED_EDGE('',*,*,#2268,.F.);
#512=ORIENTED_EDGE('',*,*,#2269,.F.);
#513=ORIENTED_EDGE('',*,*,#2270,.F.);
#514=ORIENTED_EDGE('',*,*,#2271,.T.);
#515=ORIENTED_EDGE('',*,*,#2272,.T.);
#516=ORIENTED_EDGE('',*,*,#2273,.T.);
#517=ORIENTED_EDGE('',*,*,#2274,.F.);
#518=ORIENTED_EDGE('',*,*,#2275,.T.);
#519=ORIENTED_EDGE('',*,*,#2206,.T.);
#520=ORIENTED_EDGE('',*,*,#2276,.T.);
#521=ORIENTED_EDGE('',*,*,#2277,.F.);
#522=ORIENTED_EDGE('',*,*,#2278,.F.);
#523=ORIENTED_EDGE('',*,*,#2279,.F.);
#524=ORIENTED_EDGE('',*,*,#2280,.F.);
#525=ORIENTED_EDGE('',*,*,#2281,.F.);
#526=ORIENTED_EDGE('',*,*,#2282,.F.);
#527=ORIENTED_EDGE('',*,*,#2283,.F.);
#528=ORIENTED_EDGE('',*,*,#2284,.T.);
#529=ORIENTED_EDGE('',*,*,#2285,.F.);
#530=ORIENTED_EDGE('',*,*,#2286,.F.);
#531=ORIENTED_EDGE('',*,*,#2287,.F.);
#532=ORIENTED_EDGE('',*,*,#2288,.F.);
#533=ORIENTED_EDGE('',*,*,#2289,.T.);
#534=ORIENTED_EDGE('',*,*,#2290,.T.);
#535=ORIENTED_EDGE('',*,*,#2291,.F.);
#536=ORIENTED_EDGE('',*,*,#2292,.F.);
#537=ORIENTED_EDGE('',*,*,#2293,.F.);
#538=ORIENTED_EDGE('',*,*,#2294,.F.);
#539=ORIENTED_EDGE('',*,*,#2295,.F.);
#540=ORIENTED_EDGE('',*,*,#2296,.F.);
#541=ORIENTED_EDGE('',*,*,#2297,.F.);
#542=ORIENTED_EDGE('',*,*,#2298,.F.);
#543=ORIENTED_EDGE('',*,*,#2299,.T.);
#544=ORIENTED_EDGE('',*,*,#2300,.F.);
#545=ORIENTED_EDGE('',*,*,#2301,.T.);
#546=ORIENTED_EDGE('',*,*,#2302,.F.);
#547=ORIENTED_EDGE('',*,*,#2303,.F.);
#548=ORIENTED_EDGE('',*,*,#2304,.T.);
#549=ORIENTED_EDGE('',*,*,#2305,.F.);
#550=ORIENTED_EDGE('',*,*,#2306,.F.);
#551=ORIENTED_EDGE('',*,*,#2307,.F.);
#552=ORIENTED_EDGE('',*,*,#2308,.F.);
#553=ORIENTED_EDGE('',*,*,#2309,.F.);
#554=ORIENTED_EDGE('',*,*,#2310,.F.);
#555=ORIENTED_EDGE('',*,*,#2311,.F.);
#556=ORIENTED_EDGE('',*,*,#2312,.F.);
#557=ORIENTED_EDGE('',*,*,#2313,.F.);
#558=ORIENTED_EDGE('',*,*,#2314,.T.);
#559=ORIENTED_EDGE('',*,*,#2315,.F.);
#560=ORIENTED_EDGE('',*,*,#2316,.F.);
#561=ORIENTED_EDGE('',*,*,#2317,.F.);
#562=ORIENTED_EDGE('',*,*,#2318,.T.);
#563=ORIENTED_EDGE('',*,*,#2319,.F.);
#564=ORIENTED_EDGE('',*,*,#2320,.F.);
#565=ORIENTED_EDGE('',*,*,#2321,.F.);
#566=ORIENTED_EDGE('',*,*,#2322,.F.);
#567=ORIENTED_EDGE('',*,*,#2323,.F.);
#568=ORIENTED_EDGE('',*,*,#2324,.F.);
#569=ORIENTED_EDGE('',*,*,#2325,.F.);
#570=ORIENTED_EDGE('',*,*,#2326,.F.);
#571=ORIENTED_EDGE('',*,*,#2327,.F.);
#572=ORIENTED_EDGE('',*,*,#2328,.F.);
#573=ORIENTED_EDGE('',*,*,#2329,.F.);
#574=ORIENTED_EDGE('',*,*,#2330,.F.);
#575=ORIENTED_EDGE('',*,*,#2331,.F.);
#576=ORIENTED_EDGE('',*,*,#2332,.F.);
#577=ORIENTED_EDGE('',*,*,#2333,.F.);
#578=ORIENTED_EDGE('',*,*,#2334,.F.);
#579=ORIENTED_EDGE('',*,*,#2335,.F.);
#580=ORIENTED_EDGE('',*,*,#2336,.F.);
#581=ORIENTED_EDGE('',*,*,#2337,.F.);
#582=ORIENTED_EDGE('',*,*,#2338,.F.);
#583=ORIENTED_EDGE('',*,*,#2339,.F.);
#584=ORIENTED_EDGE('',*,*,#2340,.F.);
#585=ORIENTED_EDGE('',*,*,#2341,.F.);
#586=ORIENTED_EDGE('',*,*,#2342,.F.);
#587=ORIENTED_EDGE('',*,*,#2343,.F.);
#588=ORIENTED_EDGE('',*,*,#2344,.F.);
#589=ORIENTED_EDGE('',*,*,#2345,.F.);
#590=ORIENTED_EDGE('',*,*,#2346,.F.);
#591=ORIENTED_EDGE('',*,*,#2347,.F.);
#592=ORIENTED_EDGE('',*,*,#2348,.F.);
#593=ORIENTED_EDGE('',*,*,#2349,.F.);
#594=ORIENTED_EDGE('',*,*,#2350,.T.);
#595=ORIENTED_EDGE('',*,*,#2351,.F.);
#596=ORIENTED_EDGE('',*,*,#2352,.F.);
#597=ORIENTED_EDGE('',*,*,#2353,.F.);
#598=ORIENTED_EDGE('',*,*,#2354,.F.);
#599=ORIENTED_EDGE('',*,*,#2355,.T.);
#600=ORIENTED_EDGE('',*,*,#2356,.T.);
#601=ORIENTED_EDGE('',*,*,#2357,.T.);
#602=ORIENTED_EDGE('',*,*,#2358,.F.);
#603=ORIENTED_EDGE('',*,*,#2359,.F.);
#604=ORIENTED_EDGE('',*,*,#2360,.T.);
#605=ORIENTED_EDGE('',*,*,#2361,.T.);
#606=ORIENTED_EDGE('',*,*,#2362,.F.);
#607=ORIENTED_EDGE('',*,*,#2363,.F.);
#608=ORIENTED_EDGE('',*,*,#2364,.F.);
#609=ORIENTED_EDGE('',*,*,#2365,.F.);
#610=ORIENTED_EDGE('',*,*,#2366,.T.);
#611=ORIENTED_EDGE('',*,*,#2367,.F.);
#612=ORIENTED_EDGE('',*,*,#2368,.F.);
#613=ORIENTED_EDGE('',*,*,#2369,.T.);
#614=ORIENTED_EDGE('',*,*,#2370,.F.);
#615=ORIENTED_EDGE('',*,*,#2371,.F.);
#616=ORIENTED_EDGE('',*,*,#2372,.T.);
#617=ORIENTED_EDGE('',*,*,#2373,.T.);
#618=ORIENTED_EDGE('',*,*,#2374,.F.);
#619=ORIENTED_EDGE('',*,*,#2375,.T.);
#620=ORIENTED_EDGE('',*,*,#2376,.F.);
#621=ORIENTED_EDGE('',*,*,#2377,.F.);
#622=ORIENTED_EDGE('',*,*,#2378,.T.);
#623=ORIENTED_EDGE('',*,*,#2379,.F.);
#624=ORIENTED_EDGE('',*,*,#2380,.F.);
#625=ORIENTED_EDGE('',*,*,#2381,.F.);
#626=ORIENTED_EDGE('',*,*,#2382,.T.);
#627=ORIENTED_EDGE('',*,*,#2383,.F.);
#628=ORIENTED_EDGE('',*,*,#2384,.F.);
#629=ORIENTED_EDGE('',*,*,#2385,.F.);
#630=ORIENTED_EDGE('',*,*,#2386,.F.);
#631=ORIENTED_EDGE('',*,*,#2387,.F.);
#632=ORIENTED_EDGE('',*,*,#2388,.F.);
#633=ORIENTED_EDGE('',*,*,#2389,.F.);
#634=ORIENTED_EDGE('',*,*,#2390,.F.);
#635=ORIENTED_EDGE('',*,*,#2391,.F.);
#636=ORIENTED_EDGE('',*,*,#2392,.T.);
#637=ORIENTED_EDGE('',*,*,#2393,.F.);
#638=ORIENTED_EDGE('',*,*,#2394,.F.);
#639=ORIENTED_EDGE('',*,*,#2395,.F.);
#640=ORIENTED_EDGE('',*,*,#2396,.F.);
#641=ORIENTED_EDGE('',*,*,#2397,.F.);
#642=ORIENTED_EDGE('',*,*,#2398,.T.);
#643=ORIENTED_EDGE('',*,*,#2399,.F.);
#644=ORIENTED_EDGE('',*,*,#2400,.F.);
#645=ORIENTED_EDGE('',*,*,#2401,.F.);
#646=ORIENTED_EDGE('',*,*,#2402,.F.);
#647=ORIENTED_EDGE('',*,*,#2403,.F.);
#648=ORIENTED_EDGE('',*,*,#2404,.F.);
#649=ORIENTED_EDGE('',*,*,#2405,.F.);
#650=ORIENTED_EDGE('',*,*,#2406,.F.);
#651=ORIENTED_EDGE('',*,*,#2407,.F.);
#652=ORIENTED_EDGE('',*,*,#2408,.F.);
#653=ORIENTED_EDGE('',*,*,#2409,.F.);
#654=ORIENTED_EDGE('',*,*,#2410,.F.);
#655=ORIENTED_EDGE('',*,*,#2411,.F.);
#656=ORIENTED_EDGE('',*,*,#2412,.F.);
#657=ORIENTED_EDGE('',*,*,#2413,.F.);
#658=ORIENTED_EDGE('',*,*,#2414,.F.);
#659=ORIENTED_EDGE('',*,*,#2415,.F.);
#660=ORIENTED_EDGE('',*,*,#2416,.F.);
#661=ORIENTED_EDGE('',*,*,#2417,.F.);
#662=ORIENTED_EDGE('',*,*,#2418,.F.);
#663=ORIENTED_EDGE('',*,*,#2419,.F.);
#664=ORIENTED_EDGE('',*,*,#2420,.F.);
#665=ORIENTED_EDGE('',*,*,#2421,.F.);
#666=ORIENTED_EDGE('',*,*,#2422,.F.);
#667=ORIENTED_EDGE('',*,*,#2423,.F.);
#668=ORIENTED_EDGE('',*,*,#2424,.F.);
#669=ORIENTED_EDGE('',*,*,#2425,.F.);
#670=ORIENTED_EDGE('',*,*,#2426,.F.);
#671=ORIENTED_EDGE('',*,*,#2427,.T.);
#672=ORIENTED_EDGE('',*,*,#2428,.F.);
#673=ORIENTED_EDGE('',*,*,#2429,.F.);
#674=ORIENTED_EDGE('',*,*,#2430,.F.);
#675=ORIENTED_EDGE('',*,*,#2431,.F.);
#676=ORIENTED_EDGE('',*,*,#2432,.F.);
#677=ORIENTED_EDGE('',*,*,#2433,.F.);
#678=ORIENTED_EDGE('',*,*,#2434,.F.);
#679=ORIENTED_EDGE('',*,*,#2435,.T.);
#680=ORIENTED_EDGE('',*,*,#2436,.F.);
#681=ORIENTED_EDGE('',*,*,#2437,.F.);
#682=ORIENTED_EDGE('',*,*,#2438,.F.);
#683=ORIENTED_EDGE('',*,*,#2439,.T.);
#684=ORIENTED_EDGE('',*,*,#2440,.F.);
#685=ORIENTED_EDGE('',*,*,#2441,.F.);
#686=ORIENTED_EDGE('',*,*,#2442,.F.);
#687=ORIENTED_EDGE('',*,*,#2443,.F.);
#688=ORIENTED_EDGE('',*,*,#2444,.T.);
#689=ORIENTED_EDGE('',*,*,#2445,.F.);
#690=ORIENTED_EDGE('',*,*,#2446,.F.);
#691=ORIENTED_EDGE('',*,*,#2447,.T.);
#692=ORIENTED_EDGE('',*,*,#2448,.F.);
#693=ORIENTED_EDGE('',*,*,#2449,.F.);
#694=ORIENTED_EDGE('',*,*,#2450,.T.);
#695=ORIENTED_EDGE('',*,*,#2451,.F.);
#696=ORIENTED_EDGE('',*,*,#2452,.T.);
#697=ORIENTED_EDGE('',*,*,#2453,.F.);
#698=ORIENTED_EDGE('',*,*,#2454,.F.);
#699=ORIENTED_EDGE('',*,*,#2455,.F.);
#700=ORIENTED_EDGE('',*,*,#2456,.T.);
#701=ORIENTED_EDGE('',*,*,#2457,.F.);
#702=ORIENTED_EDGE('',*,*,#2458,.T.);
#703=ORIENTED_EDGE('',*,*,#2459,.F.);
#704=ORIENTED_EDGE('',*,*,#2460,.T.);
#705=ORIENTED_EDGE('',*,*,#2461,.F.);
#706=ORIENTED_EDGE('',*,*,#2462,.T.);
#707=ORIENTED_EDGE('',*,*,#2463,.F.);
#708=ORIENTED_EDGE('',*,*,#2464,.F.);
#709=ORIENTED_EDGE('',*,*,#2465,.F.);
#710=ORIENTED_EDGE('',*,*,#2466,.T.);
#711=ORIENTED_EDGE('',*,*,#2467,.F.);
#712=ORIENTED_EDGE('',*,*,#2468,.T.);
#713=ORIENTED_EDGE('',*,*,#2469,.F.);
#714=ORIENTED_EDGE('',*,*,#2470,.T.);
#715=ORIENTED_EDGE('',*,*,#2471,.F.);
#716=ORIENTED_EDGE('',*,*,#2472,.F.);
#717=ORIENTED_EDGE('',*,*,#2473,.F.);
#718=ORIENTED_EDGE('',*,*,#2474,.T.);
#719=ORIENTED_EDGE('',*,*,#2475,.F.);
#720=ORIENTED_EDGE('',*,*,#2476,.T.);
#721=ORIENTED_EDGE('',*,*,#2477,.F.);
#722=ORIENTED_EDGE('',*,*,#2478,.F.);
#723=ORIENTED_EDGE('',*,*,#2479,.F.);
#724=ORIENTED_EDGE('',*,*,#2480,.T.);
#725=ORIENTED_EDGE('',*,*,#2481,.F.);
#726=ORIENTED_EDGE('',*,*,#2482,.F.);
#727=ORIENTED_EDGE('',*,*,#2483,.T.);
#728=ORIENTED_EDGE('',*,*,#2484,.F.);
#729=ORIENTED_EDGE('',*,*,#2485,.F.);
#730=ORIENTED_EDGE('',*,*,#2486,.F.);
#731=ORIENTED_EDGE('',*,*,#2487,.T.);
#732=ORIENTED_EDGE('',*,*,#2488,.F.);
#733=ORIENTED_EDGE('',*,*,#2489,.T.);
#734=ORIENTED_EDGE('',*,*,#2490,.F.);
#735=ORIENTED_EDGE('',*,*,#2491,.F.);
#736=ORIENTED_EDGE('',*,*,#2492,.T.);
#737=ORIENTED_EDGE('',*,*,#2493,.F.);
#738=ORIENTED_EDGE('',*,*,#2494,.T.);
#739=ORIENTED_EDGE('',*,*,#2495,.F.);
#740=ORIENTED_EDGE('',*,*,#2496,.T.);
#741=ORIENTED_EDGE('',*,*,#2497,.F.);
#742=ORIENTED_EDGE('',*,*,#2498,.T.);
#743=ORIENTED_EDGE('',*,*,#2499,.F.);
#744=ORIENTED_EDGE('',*,*,#2500,.F.);
#745=ORIENTED_EDGE('',*,*,#2501,.T.);
#746=ORIENTED_EDGE('',*,*,#2502,.F.);
#747=ORIENTED_EDGE('',*,*,#2503,.F.);
#748=ORIENTED_EDGE('',*,*,#2504,.T.);
#749=ORIENTED_EDGE('',*,*,#2505,.F.);
#750=ORIENTED_EDGE('',*,*,#2506,.T.);
#751=ORIENTED_EDGE('',*,*,#2507,.T.);
#752=ORIENTED_EDGE('',*,*,#2508,.T.);
#753=ORIENTED_EDGE('',*,*,#2509,.T.);
#754=ORIENTED_EDGE('',*,*,#2510,.F.);
#755=ORIENTED_EDGE('',*,*,#2511,.T.);
#756=ORIENTED_EDGE('',*,*,#2512,.F.);
#757=ORIENTED_EDGE('',*,*,#2513,.T.);
#758=ORIENTED_EDGE('',*,*,#2514,.F.);
#759=ORIENTED_EDGE('',*,*,#2515,.F.);
#760=ORIENTED_EDGE('',*,*,#2516,.T.);
#761=ORIENTED_EDGE('',*,*,#2517,.F.);
#762=ORIENTED_EDGE('',*,*,#2518,.F.);
#763=ORIENTED_EDGE('',*,*,#2519,.T.);
#764=ORIENTED_EDGE('',*,*,#2520,.F.);
#765=ORIENTED_EDGE('',*,*,#2521,.F.);
#766=ORIENTED_EDGE('',*,*,#2522,.T.);
#767=ORIENTED_EDGE('',*,*,#2523,.F.);
#768=ORIENTED_EDGE('',*,*,#2524,.F.);
#769=ORIENTED_EDGE('',*,*,#2525,.T.);
#770=ORIENTED_EDGE('',*,*,#2526,.T.);
#771=ORIENTED_EDGE('',*,*,#2527,.F.);
#772=ORIENTED_EDGE('',*,*,#2528,.F.);
#773=ORIENTED_EDGE('',*,*,#2529,.F.);
#774=ORIENTED_EDGE('',*,*,#2530,.T.);
#775=ORIENTED_EDGE('',*,*,#2531,.T.);
#776=ORIENTED_EDGE('',*,*,#2532,.F.);
#777=ORIENTED_EDGE('',*,*,#2533,.F.);
#778=ORIENTED_EDGE('',*,*,#2534,.T.);
#779=ORIENTED_EDGE('',*,*,#2535,.F.);
#780=ORIENTED_EDGE('',*,*,#2536,.F.);
#781=ORIENTED_EDGE('',*,*,#2537,.F.);
#782=ORIENTED_EDGE('',*,*,#2538,.T.);
#783=ORIENTED_EDGE('',*,*,#2539,.T.);
#784=ORIENTED_EDGE('',*,*,#2540,.F.);
#785=ORIENTED_EDGE('',*,*,#2541,.F.);
#786=ORIENTED_EDGE('',*,*,#2542,.F.);
#787=ORIENTED_EDGE('',*,*,#2543,.T.);
#788=ORIENTED_EDGE('',*,*,#2544,.F.);
#789=ORIENTED_EDGE('',*,*,#2545,.T.);
#790=ORIENTED_EDGE('',*,*,#2546,.F.);
#791=ORIENTED_EDGE('',*,*,#2547,.T.);
#792=ORIENTED_EDGE('',*,*,#2548,.F.);
#793=ORIENTED_EDGE('',*,*,#2549,.T.);
#794=ORIENTED_EDGE('',*,*,#2550,.F.);
#795=ORIENTED_EDGE('',*,*,#2551,.T.);
#796=ORIENTED_EDGE('',*,*,#2552,.F.);
#797=ORIENTED_EDGE('',*,*,#2553,.T.);
#798=ORIENTED_EDGE('',*,*,#2554,.F.);
#799=ORIENTED_EDGE('',*,*,#2555,.T.);
#800=ORIENTED_EDGE('',*,*,#2556,.F.);
#801=ORIENTED_EDGE('',*,*,#2557,.T.);
#802=ORIENTED_EDGE('',*,*,#2558,.F.);
#803=ORIENTED_EDGE('',*,*,#2559,.T.);
#804=ORIENTED_EDGE('',*,*,#2560,.F.);
#805=ORIENTED_EDGE('',*,*,#2561,.T.);
#806=ORIENTED_EDGE('',*,*,#2562,.F.);
#807=ORIENTED_EDGE('',*,*,#2563,.T.);
#808=ORIENTED_EDGE('',*,*,#2564,.F.);
#809=ORIENTED_EDGE('',*,*,#2565,.T.);
#810=ORIENTED_EDGE('',*,*,#2566,.F.);
#811=ORIENTED_EDGE('',*,*,#2567,.T.);
#812=ORIENTED_EDGE('',*,*,#2568,.T.);
#813=ORIENTED_EDGE('',*,*,#2569,.T.);
#814=ORIENTED_EDGE('',*,*,#2570,.F.);
#815=ORIENTED_EDGE('',*,*,#2571,.T.);
#816=ORIENTED_EDGE('',*,*,#2572,.F.);
#817=ORIENTED_EDGE('',*,*,#2573,.T.);
#818=ORIENTED_EDGE('',*,*,#2574,.F.);
#819=ORIENTED_EDGE('',*,*,#2575,.T.);
#820=ORIENTED_EDGE('',*,*,#2576,.F.);
#821=ORIENTED_EDGE('',*,*,#2577,.F.);
#822=ORIENTED_EDGE('',*,*,#2578,.F.);
#823=ORIENTED_EDGE('',*,*,#2579,.T.);
#824=ORIENTED_EDGE('',*,*,#2580,.F.);
#825=ORIENTED_EDGE('',*,*,#2581,.F.);
#826=ORIENTED_EDGE('',*,*,#2582,.F.);
#827=ORIENTED_EDGE('',*,*,#2583,.T.);
#828=ORIENTED_EDGE('',*,*,#2584,.F.);
#829=ORIENTED_EDGE('',*,*,#2585,.T.);
#830=ORIENTED_EDGE('',*,*,#2586,.F.);
#831=ORIENTED_EDGE('',*,*,#2587,.T.);
#832=ORIENTED_EDGE('',*,*,#2588,.F.);
#833=ORIENTED_EDGE('',*,*,#2589,.T.);
#834=ORIENTED_EDGE('',*,*,#2590,.F.);
#835=ORIENTED_EDGE('',*,*,#2591,.T.);
#836=ORIENTED_EDGE('',*,*,#2592,.F.);
#837=ORIENTED_EDGE('',*,*,#2593,.F.);
#838=ORIENTED_EDGE('',*,*,#2594,.T.);
#839=ORIENTED_EDGE('',*,*,#2595,.F.);
#840=ORIENTED_EDGE('',*,*,#2596,.T.);
#841=ORIENTED_EDGE('',*,*,#2597,.F.);
#842=ORIENTED_EDGE('',*,*,#2598,.T.);
#843=ORIENTED_EDGE('',*,*,#2599,.F.);
#844=ORIENTED_EDGE('',*,*,#2600,.T.);
#845=ORIENTED_EDGE('',*,*,#2601,.F.);
#846=ORIENTED_EDGE('',*,*,#2602,.F.);
#847=ORIENTED_EDGE('',*,*,#2603,.T.);
#848=ORIENTED_EDGE('',*,*,#2604,.F.);
#849=ORIENTED_EDGE('',*,*,#2605,.T.);
#850=ORIENTED_EDGE('',*,*,#2606,.F.);
#851=ORIENTED_EDGE('',*,*,#2607,.T.);
#852=ORIENTED_EDGE('',*,*,#2608,.F.);
#853=ORIENTED_EDGE('',*,*,#2609,.T.);
#854=ORIENTED_EDGE('',*,*,#2610,.F.);
#855=ORIENTED_EDGE('',*,*,#2611,.T.);
#856=ORIENTED_EDGE('',*,*,#2612,.F.);
#857=ORIENTED_EDGE('',*,*,#2613,.T.);
#858=ORIENTED_EDGE('',*,*,#2614,.F.);
#859=ORIENTED_EDGE('',*,*,#2615,.F.);
#860=ORIENTED_EDGE('',*,*,#2616,.F.);
#861=ORIENTED_EDGE('',*,*,#2617,.T.);
#862=ORIENTED_EDGE('',*,*,#2618,.F.);
#863=ORIENTED_EDGE('',*,*,#2619,.F.);
#864=ORIENTED_EDGE('',*,*,#2620,.F.);
#865=ORIENTED_EDGE('',*,*,#2621,.F.);
#866=ORIENTED_EDGE('',*,*,#2622,.T.);
#867=ORIENTED_EDGE('',*,*,#2623,.F.);
#868=ORIENTED_EDGE('',*,*,#2624,.T.);
#869=ORIENTED_EDGE('',*,*,#2625,.F.);
#870=ORIENTED_EDGE('',*,*,#2626,.T.);
#871=ORIENTED_EDGE('',*,*,#2627,.F.);
#872=ORIENTED_EDGE('',*,*,#2628,.T.);
#873=ORIENTED_EDGE('',*,*,#2629,.F.);
#874=ORIENTED_EDGE('',*,*,#2630,.T.);
#875=ORIENTED_EDGE('',*,*,#2631,.F.);
#876=ORIENTED_EDGE('',*,*,#2632,.T.);
#877=ORIENTED_EDGE('',*,*,#2633,.F.);
#878=ORIENTED_EDGE('',*,*,#2634,.T.);
#879=ORIENTED_EDGE('',*,*,#2635,.F.);
#880=ORIENTED_EDGE('',*,*,#2636,.T.);
#881=ORIENTED_EDGE('',*,*,#2637,.F.);
#882=ORIENTED_EDGE('',*,*,#2638,.T.);
#883=ORIENTED_EDGE('',*,*,#2639,.F.);
#884=ORIENTED_EDGE('',*,*,#2640,.T.);
#885=ORIENTED_EDGE('',*,*,#2641,.F.);
#886=ORIENTED_EDGE('',*,*,#2642,.T.);
#887=ORIENTED_EDGE('',*,*,#2643,.F.);
#888=ORIENTED_EDGE('',*,*,#2644,.T.);
#889=ORIENTED_EDGE('',*,*,#2645,.F.);
#890=ORIENTED_EDGE('',*,*,#2646,.T.);
#891=ORIENTED_EDGE('',*,*,#2647,.F.);
#892=ORIENTED_EDGE('',*,*,#2648,.T.);
#893=ORIENTED_EDGE('',*,*,#2649,.F.);
#894=ORIENTED_EDGE('',*,*,#2650,.T.);
#895=ORIENTED_EDGE('',*,*,#2651,.F.);
#896=ORIENTED_EDGE('',*,*,#2652,.T.);
#897=ORIENTED_EDGE('',*,*,#2653,.F.);
#898=ORIENTED_EDGE('',*,*,#2654,.F.);
#899=ORIENTED_EDGE('',*,*,#2655,.F.);
#900=ORIENTED_EDGE('',*,*,#2656,.T.);
#901=ORIENTED_EDGE('',*,*,#2657,.F.);
#902=ORIENTED_EDGE('',*,*,#2658,.F.);
#903=ORIENTED_EDGE('',*,*,#2659,.F.);
#904=ORIENTED_EDGE('',*,*,#2660,.F.);
#905=ORIENTED_EDGE('',*,*,#2661,.T.);
#906=ORIENTED_EDGE('',*,*,#2662,.F.);
#907=ORIENTED_EDGE('',*,*,#2663,.T.);
#908=ORIENTED_EDGE('',*,*,#2664,.F.);
#909=ORIENTED_EDGE('',*,*,#2665,.T.);
#910=ORIENTED_EDGE('',*,*,#2666,.T.);
#911=ORIENTED_EDGE('',*,*,#2667,.T.);
#912=ORIENTED_EDGE('',*,*,#2668,.F.);
#913=ORIENTED_EDGE('',*,*,#2669,.T.);
#914=ORIENTED_EDGE('',*,*,#2670,.T.);
#915=ORIENTED_EDGE('',*,*,#2671,.T.);
#916=ORIENTED_EDGE('',*,*,#2672,.F.);
#917=ORIENTED_EDGE('',*,*,#2673,.T.);
#918=ORIENTED_EDGE('',*,*,#2674,.T.);
#919=ORIENTED_EDGE('',*,*,#2675,.T.);
#920=ORIENTED_EDGE('',*,*,#2676,.F.);
#921=ORIENTED_EDGE('',*,*,#2677,.F.);
#922=ORIENTED_EDGE('',*,*,#2678,.F.);
#923=ORIENTED_EDGE('',*,*,#2679,.F.);
#924=ORIENTED_EDGE('',*,*,#2680,.T.);
#925=ORIENTED_EDGE('',*,*,#2681,.T.);
#926=ORIENTED_EDGE('',*,*,#2682,.F.);
#927=ORIENTED_EDGE('',*,*,#2681,.F.);
#928=ORIENTED_EDGE('',*,*,#2683,.T.);
#929=ORIENTED_EDGE('',*,*,#2684,.T.);
#930=ORIENTED_EDGE('',*,*,#2685,.T.);
#931=ORIENTED_EDGE('',*,*,#2684,.F.);
#932=ORIENTED_EDGE('',*,*,#2686,.F.);
#933=ORIENTED_EDGE('',*,*,#2687,.T.);
#934=ORIENTED_EDGE('',*,*,#2688,.T.);
#935=ORIENTED_EDGE('',*,*,#2687,.F.);
#936=ORIENTED_EDGE('',*,*,#2689,.F.);
#937=ORIENTED_EDGE('',*,*,#2690,.T.);
#938=ORIENTED_EDGE('',*,*,#2691,.F.);
#939=ORIENTED_EDGE('',*,*,#2690,.F.);
#940=ORIENTED_EDGE('',*,*,#2692,.T.);
#941=ORIENTED_EDGE('',*,*,#2693,.T.);
#942=ORIENTED_EDGE('',*,*,#2694,.T.);
#943=ORIENTED_EDGE('',*,*,#2693,.F.);
#944=ORIENTED_EDGE('',*,*,#2695,.F.);
#945=ORIENTED_EDGE('',*,*,#2696,.T.);
#946=ORIENTED_EDGE('',*,*,#2697,.T.);
#947=ORIENTED_EDGE('',*,*,#2696,.F.);
#948=ORIENTED_EDGE('',*,*,#2698,.F.);
#949=ORIENTED_EDGE('',*,*,#2699,.T.);
#950=ORIENTED_EDGE('',*,*,#2700,.F.);
#951=ORIENTED_EDGE('',*,*,#2701,.F.);
#952=ORIENTED_EDGE('',*,*,#2702,.T.);
#953=ORIENTED_EDGE('',*,*,#2703,.T.);
#954=ORIENTED_EDGE('',*,*,#2703,.F.);
#955=ORIENTED_EDGE('',*,*,#2704,.F.);
#956=ORIENTED_EDGE('',*,*,#2705,.T.);
#957=ORIENTED_EDGE('',*,*,#2706,.T.);
#958=ORIENTED_EDGE('',*,*,#2707,.F.);
#959=ORIENTED_EDGE('',*,*,#2705,.F.);
#960=ORIENTED_EDGE('',*,*,#2708,.T.);
#961=ORIENTED_EDGE('',*,*,#2709,.T.);
#962=ORIENTED_EDGE('',*,*,#2710,.T.);
#963=ORIENTED_EDGE('',*,*,#2709,.F.);
#964=ORIENTED_EDGE('',*,*,#2711,.F.);
#965=ORIENTED_EDGE('',*,*,#2712,.T.);
#966=ORIENTED_EDGE('',*,*,#2713,.F.);
#967=ORIENTED_EDGE('',*,*,#2712,.F.);
#968=ORIENTED_EDGE('',*,*,#2714,.T.);
#969=ORIENTED_EDGE('',*,*,#2715,.T.);
#970=ORIENTED_EDGE('',*,*,#2716,.F.);
#971=ORIENTED_EDGE('',*,*,#2715,.F.);
#972=ORIENTED_EDGE('',*,*,#2717,.T.);
#973=ORIENTED_EDGE('',*,*,#2718,.T.);
#974=ORIENTED_EDGE('',*,*,#2719,.F.);
#975=ORIENTED_EDGE('',*,*,#2718,.F.);
#976=ORIENTED_EDGE('',*,*,#2720,.T.);
#977=ORIENTED_EDGE('',*,*,#2721,.T.);
#978=ORIENTED_EDGE('',*,*,#2722,.T.);
#979=ORIENTED_EDGE('',*,*,#2721,.F.);
#980=ORIENTED_EDGE('',*,*,#2723,.F.);
#981=ORIENTED_EDGE('',*,*,#2724,.T.);
#982=ORIENTED_EDGE('',*,*,#2725,.F.);
#983=ORIENTED_EDGE('',*,*,#2724,.F.);
#984=ORIENTED_EDGE('',*,*,#2726,.T.);
#985=ORIENTED_EDGE('',*,*,#2677,.T.);
#986=ORIENTED_EDGE('',*,*,#2727,.F.);
#987=ORIENTED_EDGE('',*,*,#2728,.T.);
#988=ORIENTED_EDGE('',*,*,#2729,.F.);
#989=ORIENTED_EDGE('',*,*,#2730,.F.);
#990=ORIENTED_EDGE('',*,*,#2731,.F.);
#991=ORIENTED_EDGE('',*,*,#2669,.F.);
#992=ORIENTED_EDGE('',*,*,#2732,.T.);
#993=ORIENTED_EDGE('',*,*,#2733,.T.);
#994=ORIENTED_EDGE('',*,*,#2734,.T.);
#995=ORIENTED_EDGE('',*,*,#2733,.F.);
#996=ORIENTED_EDGE('',*,*,#2735,.F.);
#997=ORIENTED_EDGE('',*,*,#2736,.T.);
#998=ORIENTED_EDGE('',*,*,#2737,.F.);
#999=ORIENTED_EDGE('',*,*,#2736,.F.);
#1000=ORIENTED_EDGE('',*,*,#2738,.T.);
#1001=ORIENTED_EDGE('',*,*,#2739,.T.);
#1002=ORIENTED_EDGE('',*,*,#2740,.F.);
#1003=ORIENTED_EDGE('',*,*,#2739,.F.);
#1004=ORIENTED_EDGE('',*,*,#2741,.T.);
#1005=ORIENTED_EDGE('',*,*,#2742,.T.);
#1006=ORIENTED_EDGE('',*,*,#2743,.F.);
#1007=ORIENTED_EDGE('',*,*,#2742,.F.);
#1008=ORIENTED_EDGE('',*,*,#2744,.T.);
#1009=ORIENTED_EDGE('',*,*,#2745,.T.);
#1010=ORIENTED_EDGE('',*,*,#2746,.T.);
#1011=ORIENTED_EDGE('',*,*,#2745,.F.);
#1012=ORIENTED_EDGE('',*,*,#2747,.F.);
#1013=ORIENTED_EDGE('',*,*,#2748,.T.);
#1014=ORIENTED_EDGE('',*,*,#2749,.F.);
#1015=ORIENTED_EDGE('',*,*,#2748,.F.);
#1016=ORIENTED_EDGE('',*,*,#2750,.T.);
#1017=ORIENTED_EDGE('',*,*,#2751,.T.);
#1018=ORIENTED_EDGE('',*,*,#2752,.F.);
#1019=ORIENTED_EDGE('',*,*,#2751,.F.);
#1020=ORIENTED_EDGE('',*,*,#2753,.T.);
#1021=ORIENTED_EDGE('',*,*,#2701,.T.);
#1022=ORIENTED_EDGE('',*,*,#2754,.F.);
#1023=ORIENTED_EDGE('',*,*,#2699,.F.);
#1024=ORIENTED_EDGE('',*,*,#2755,.T.);
#1025=ORIENTED_EDGE('',*,*,#2679,.T.);
#1026=ORIENTED_EDGE('',*,*,#2756,.T.);
#1027=ORIENTED_EDGE('',*,*,#2757,.T.);
#1028=ORIENTED_EDGE('',*,*,#2758,.T.);
#1029=ORIENTED_EDGE('',*,*,#2674,.F.);
#1030=ORIENTED_EDGE('',*,*,#2726,.F.);
#1031=ORIENTED_EDGE('',*,*,#2723,.T.);
#1032=ORIENTED_EDGE('',*,*,#2720,.F.);
#1033=ORIENTED_EDGE('',*,*,#2717,.F.);
#1034=ORIENTED_EDGE('',*,*,#2714,.F.);
#1035=ORIENTED_EDGE('',*,*,#2711,.T.);
#1036=ORIENTED_EDGE('',*,*,#2708,.F.);
#1037=ORIENTED_EDGE('',*,*,#2704,.T.);
#1038=ORIENTED_EDGE('',*,*,#2702,.F.);
#1039=ORIENTED_EDGE('',*,*,#2753,.F.);
#1040=ORIENTED_EDGE('',*,*,#2750,.F.);
#1041=ORIENTED_EDGE('',*,*,#2747,.T.);
#1042=ORIENTED_EDGE('',*,*,#2744,.F.);
#1043=ORIENTED_EDGE('',*,*,#2741,.F.);
#1044=ORIENTED_EDGE('',*,*,#2738,.F.);
#1045=ORIENTED_EDGE('',*,*,#2735,.T.);
#1046=ORIENTED_EDGE('',*,*,#2732,.F.);
#1047=ORIENTED_EDGE('',*,*,#2668,.T.);
#1048=ORIENTED_EDGE('',*,*,#2680,.F.);
#1049=ORIENTED_EDGE('',*,*,#2755,.F.);
#1050=ORIENTED_EDGE('',*,*,#2698,.T.);
#1051=ORIENTED_EDGE('',*,*,#2695,.T.);
#1052=ORIENTED_EDGE('',*,*,#2692,.F.);
#1053=ORIENTED_EDGE('',*,*,#2689,.T.);
#1054=ORIENTED_EDGE('',*,*,#2686,.T.);
#1055=ORIENTED_EDGE('',*,*,#2683,.F.);
#1056=ORIENTED_EDGE('',*,*,#2700,.T.);
#1057=ORIENTED_EDGE('',*,*,#2706,.F.);
#1058=ORIENTED_EDGE('',*,*,#2707,.T.);
#1059=ORIENTED_EDGE('',*,*,#2710,.F.);
#1060=ORIENTED_EDGE('',*,*,#2713,.T.);
#1061=ORIENTED_EDGE('',*,*,#2716,.T.);
#1062=ORIENTED_EDGE('',*,*,#2719,.T.);
#1063=ORIENTED_EDGE('',*,*,#2722,.F.);
#1064=ORIENTED_EDGE('',*,*,#2725,.T.);
#1065=ORIENTED_EDGE('',*,*,#2676,.T.);
#1066=ORIENTED_EDGE('',*,*,#2759,.T.);
#1067=ORIENTED_EDGE('',*,*,#2506,.F.);
#1068=ORIENTED_EDGE('',*,*,#2760,.F.);
#1069=ORIENTED_EDGE('',*,*,#2274,.T.);
#1070=ORIENTED_EDGE('',*,*,#2761,.T.);
#1071=ORIENTED_EDGE('',*,*,#2666,.F.);
#1072=ORIENTED_EDGE('',*,*,#2731,.T.);
#1073=ORIENTED_EDGE('',*,*,#2734,.F.);
#1074=ORIENTED_EDGE('',*,*,#2737,.T.);
#1075=ORIENTED_EDGE('',*,*,#2740,.T.);
#1076=ORIENTED_EDGE('',*,*,#2743,.T.);
#1077=ORIENTED_EDGE('',*,*,#2746,.F.);
#1078=ORIENTED_EDGE('',*,*,#2749,.T.);
#1079=ORIENTED_EDGE('',*,*,#2752,.T.);
#1080=ORIENTED_EDGE('',*,*,#2678,.T.);
#1081=ORIENTED_EDGE('',*,*,#2682,.T.);
#1082=ORIENTED_EDGE('',*,*,#2685,.F.);
#1083=ORIENTED_EDGE('',*,*,#2688,.F.);
#1084=ORIENTED_EDGE('',*,*,#2691,.T.);
#1085=ORIENTED_EDGE('',*,*,#2694,.F.);
#1086=ORIENTED_EDGE('',*,*,#2697,.F.);
#1087=ORIENTED_EDGE('',*,*,#2754,.T.);
#1088=ORIENTED_EDGE('',*,*,#2670,.F.);
#1089=ORIENTED_EDGE('',*,*,#2762,.F.);
#1090=ORIENTED_EDGE('',*,*,#2763,.T.);
#1091=ORIENTED_EDGE('',*,*,#2764,.F.);
#1092=ORIENTED_EDGE('',*,*,#2765,.F.);
#1093=ORIENTED_EDGE('',*,*,#2766,.F.);
#1094=ORIENTED_EDGE('',*,*,#2767,.T.);
#1095=ORIENTED_EDGE('',*,*,#2768,.F.);
#1096=ORIENTED_EDGE('',*,*,#2769,.F.);
#1097=ORIENTED_EDGE('',*,*,#2770,.F.);
#1098=ORIENTED_EDGE('',*,*,#2771,.F.);
#1099=ORIENTED_EDGE('',*,*,#2772,.F.);
#1100=ORIENTED_EDGE('',*,*,#2773,.T.);
#1101=ORIENTED_EDGE('',*,*,#2774,.F.);
#1102=ORIENTED_EDGE('',*,*,#2775,.F.);
#1103=ORIENTED_EDGE('',*,*,#2776,.F.);
#1104=ORIENTED_EDGE('',*,*,#2777,.T.);
#1105=ORIENTED_EDGE('',*,*,#2778,.F.);
#1106=ORIENTED_EDGE('',*,*,#2729,.T.);
#1107=ORIENTED_EDGE('',*,*,#2779,.T.);
#1108=ORIENTED_EDGE('',*,*,#2264,.F.);
#1109=ORIENTED_EDGE('',*,*,#2780,.T.);
#1110=ORIENTED_EDGE('',*,*,#2510,.T.);
#1111=ORIENTED_EDGE('',*,*,#2781,.F.);
#1112=ORIENTED_EDGE('',*,*,#2782,.F.);
#1113=ORIENTED_EDGE('',*,*,#2783,.F.);
#1114=ORIENTED_EDGE('',*,*,#2784,.T.);
#1115=ORIENTED_EDGE('',*,*,#2785,.T.);
#1116=ORIENTED_EDGE('',*,*,#2786,.F.);
#1117=ORIENTED_EDGE('',*,*,#2787,.T.);
#1118=ORIENTED_EDGE('',*,*,#2788,.T.);
#1119=ORIENTED_EDGE('',*,*,#2789,.F.);
#1120=ORIENTED_EDGE('',*,*,#2782,.T.);
#1121=ORIENTED_EDGE('',*,*,#2790,.F.);
#1122=ORIENTED_EDGE('',*,*,#2791,.F.);
#1123=ORIENTED_EDGE('',*,*,#2792,.T.);
#1124=ORIENTED_EDGE('',*,*,#2789,.T.);
#1125=ORIENTED_EDGE('',*,*,#2793,.F.);
#1126=ORIENTED_EDGE('',*,*,#2794,.F.);
#1127=ORIENTED_EDGE('',*,*,#2790,.T.);
#1128=ORIENTED_EDGE('',*,*,#2788,.F.);
#1129=ORIENTED_EDGE('',*,*,#2795,.F.);
#1130=ORIENTED_EDGE('',*,*,#2796,.T.);
#1131=ORIENTED_EDGE('',*,*,#2793,.T.);
#1132=ORIENTED_EDGE('',*,*,#2787,.F.);
#1133=ORIENTED_EDGE('',*,*,#2797,.F.);
#1134=ORIENTED_EDGE('',*,*,#2798,.T.);
#1135=ORIENTED_EDGE('',*,*,#2795,.T.);
#1136=ORIENTED_EDGE('',*,*,#2786,.T.);
#1137=ORIENTED_EDGE('',*,*,#2799,.F.);
#1138=ORIENTED_EDGE('',*,*,#2800,.F.);
#1139=ORIENTED_EDGE('',*,*,#2797,.T.);
#1140=ORIENTED_EDGE('',*,*,#2785,.F.);
#1141=ORIENTED_EDGE('',*,*,#2801,.F.);
#1142=ORIENTED_EDGE('',*,*,#2802,.T.);
#1143=ORIENTED_EDGE('',*,*,#2799,.T.);
#1144=ORIENTED_EDGE('',*,*,#2784,.F.);
#1145=ORIENTED_EDGE('',*,*,#2803,.F.);
#1146=ORIENTED_EDGE('',*,*,#2804,.T.);
#1147=ORIENTED_EDGE('',*,*,#2801,.T.);
#1148=ORIENTED_EDGE('',*,*,#2778,.T.);
#1149=ORIENTED_EDGE('',*,*,#2805,.F.);
#1150=ORIENTED_EDGE('',*,*,#2806,.F.);
#1151=ORIENTED_EDGE('',*,*,#2730,.T.);
#1152=ORIENTED_EDGE('',*,*,#2777,.F.);
#1153=ORIENTED_EDGE('',*,*,#2807,.F.);
#1154=ORIENTED_EDGE('',*,*,#2808,.T.);
#1155=ORIENTED_EDGE('',*,*,#2805,.T.);
#1156=ORIENTED_EDGE('',*,*,#2776,.T.);
#1157=ORIENTED_EDGE('',*,*,#2809,.F.);
#1158=ORIENTED_EDGE('',*,*,#2810,.F.);
#1159=ORIENTED_EDGE('',*,*,#2807,.T.);
#1160=ORIENTED_EDGE('',*,*,#2775,.T.);
#1161=ORIENTED_EDGE('',*,*,#2811,.F.);
#1162=ORIENTED_EDGE('',*,*,#2812,.F.);
#1163=ORIENTED_EDGE('',*,*,#2809,.T.);
#1164=ORIENTED_EDGE('',*,*,#2774,.T.);
#1165=ORIENTED_EDGE('',*,*,#2813,.F.);
#1166=ORIENTED_EDGE('',*,*,#2814,.F.);
#1167=ORIENTED_EDGE('',*,*,#2811,.T.);
#1168=ORIENTED_EDGE('',*,*,#2773,.F.);
#1169=ORIENTED_EDGE('',*,*,#2815,.F.);
#1170=ORIENTED_EDGE('',*,*,#2816,.T.);
#1171=ORIENTED_EDGE('',*,*,#2813,.T.);
#1172=ORIENTED_EDGE('',*,*,#2772,.T.);
#1173=ORIENTED_EDGE('',*,*,#2817,.F.);
#1174=ORIENTED_EDGE('',*,*,#2818,.F.);
#1175=ORIENTED_EDGE('',*,*,#2815,.T.);
#1176=ORIENTED_EDGE('',*,*,#2771,.T.);
#1177=ORIENTED_EDGE('',*,*,#2819,.F.);
#1178=ORIENTED_EDGE('',*,*,#2820,.F.);
#1179=ORIENTED_EDGE('',*,*,#2817,.T.);
#1180=ORIENTED_EDGE('',*,*,#2770,.T.);
#1181=ORIENTED_EDGE('',*,*,#2821,.F.);
#1182=ORIENTED_EDGE('',*,*,#2822,.F.);
#1183=ORIENTED_EDGE('',*,*,#2819,.T.);
#1184=ORIENTED_EDGE('',*,*,#2769,.T.);
#1185=ORIENTED_EDGE('',*,*,#2823,.F.);
#1186=ORIENTED_EDGE('',*,*,#2824,.F.);
#1187=ORIENTED_EDGE('',*,*,#2821,.T.);
#1188=ORIENTED_EDGE('',*,*,#2768,.T.);
#1189=ORIENTED_EDGE('',*,*,#2825,.F.);
#1190=ORIENTED_EDGE('',*,*,#2826,.F.);
#1191=ORIENTED_EDGE('',*,*,#2823,.T.);
#1192=ORIENTED_EDGE('',*,*,#2767,.F.);
#1193=ORIENTED_EDGE('',*,*,#2827,.F.);
#1194=ORIENTED_EDGE('',*,*,#2828,.T.);
#1195=ORIENTED_EDGE('',*,*,#2825,.T.);
#1196=ORIENTED_EDGE('',*,*,#2766,.T.);
#1197=ORIENTED_EDGE('',*,*,#2829,.F.);
#1198=ORIENTED_EDGE('',*,*,#2830,.F.);
#1199=ORIENTED_EDGE('',*,*,#2827,.T.);
#1200=ORIENTED_EDGE('',*,*,#2765,.T.);
#1201=ORIENTED_EDGE('',*,*,#2831,.F.);
#1202=ORIENTED_EDGE('',*,*,#2832,.F.);
#1203=ORIENTED_EDGE('',*,*,#2829,.T.);
#1204=ORIENTED_EDGE('',*,*,#2764,.T.);
#1205=ORIENTED_EDGE('',*,*,#2833,.F.);
#1206=ORIENTED_EDGE('',*,*,#2834,.F.);
#1207=ORIENTED_EDGE('',*,*,#2831,.T.);
#1208=ORIENTED_EDGE('',*,*,#2763,.F.);
#1209=ORIENTED_EDGE('',*,*,#2835,.F.);
#1210=ORIENTED_EDGE('',*,*,#2836,.T.);
#1211=ORIENTED_EDGE('',*,*,#2833,.T.);
#1212=ORIENTED_EDGE('',*,*,#2762,.T.);
#1213=ORIENTED_EDGE('',*,*,#2673,.F.);
#1214=ORIENTED_EDGE('',*,*,#2837,.F.);
#1215=ORIENTED_EDGE('',*,*,#2835,.T.);
#1216=ORIENTED_EDGE('',*,*,#2783,.T.);
#1217=ORIENTED_EDGE('',*,*,#2792,.F.);
#1218=ORIENTED_EDGE('',*,*,#2838,.F.);
#1219=ORIENTED_EDGE('',*,*,#2803,.T.);
#1220=ORIENTED_EDGE('',*,*,#2839,.T.);
#1221=ORIENTED_EDGE('',*,*,#2840,.T.);
#1222=ORIENTED_EDGE('',*,*,#2841,.T.);
#1223=ORIENTED_EDGE('',*,*,#2727,.T.);
#1224=ORIENTED_EDGE('',*,*,#2806,.T.);
#1225=ORIENTED_EDGE('',*,*,#2808,.F.);
#1226=ORIENTED_EDGE('',*,*,#2810,.T.);
#1227=ORIENTED_EDGE('',*,*,#2812,.T.);
#1228=ORIENTED_EDGE('',*,*,#2814,.T.);
#1229=ORIENTED_EDGE('',*,*,#2816,.F.);
#1230=ORIENTED_EDGE('',*,*,#2818,.T.);
#1231=ORIENTED_EDGE('',*,*,#2820,.T.);
#1232=ORIENTED_EDGE('',*,*,#2822,.T.);
#1233=ORIENTED_EDGE('',*,*,#2824,.T.);
#1234=ORIENTED_EDGE('',*,*,#2826,.T.);
#1235=ORIENTED_EDGE('',*,*,#2828,.F.);
#1236=ORIENTED_EDGE('',*,*,#2830,.T.);
#1237=ORIENTED_EDGE('',*,*,#2832,.T.);
#1238=ORIENTED_EDGE('',*,*,#2834,.T.);
#1239=ORIENTED_EDGE('',*,*,#2836,.F.);
#1240=ORIENTED_EDGE('',*,*,#2837,.T.);
#1241=ORIENTED_EDGE('',*,*,#2672,.T.);
#1242=ORIENTED_EDGE('',*,*,#2791,.T.);
#1243=ORIENTED_EDGE('',*,*,#2794,.T.);
#1244=ORIENTED_EDGE('',*,*,#2796,.F.);
#1245=ORIENTED_EDGE('',*,*,#2798,.F.);
#1246=ORIENTED_EDGE('',*,*,#2800,.T.);
#1247=ORIENTED_EDGE('',*,*,#2802,.F.);
#1248=ORIENTED_EDGE('',*,*,#2804,.F.);
#1249=ORIENTED_EDGE('',*,*,#2838,.T.);
#1250=ORIENTED_EDGE('',*,*,#2508,.F.);
#1251=ORIENTED_EDGE('',*,*,#2842,.F.);
#1252=ORIENTED_EDGE('',*,*,#2269,.T.);
#1253=ORIENTED_EDGE('',*,*,#2843,.T.);
#1254=ORIENTED_EDGE('',*,*,#2509,.F.);
#1255=ORIENTED_EDGE('',*,*,#2843,.F.);
#1256=ORIENTED_EDGE('',*,*,#2268,.T.);
#1257=ORIENTED_EDGE('',*,*,#2844,.T.);
#1258=ORIENTED_EDGE('',*,*,#2781,.T.);
#1259=ORIENTED_EDGE('',*,*,#2507,.F.);
#1260=ORIENTED_EDGE('',*,*,#2759,.F.);
#1261=ORIENTED_EDGE('',*,*,#2845,.T.);
#1262=ORIENTED_EDGE('',*,*,#2270,.T.);
#1263=ORIENTED_EDGE('',*,*,#2842,.T.);
#1264=ORIENTED_EDGE('',*,*,#2374,.T.);
#1265=ORIENTED_EDGE('',*,*,#2846,.T.);
#1266=ORIENTED_EDGE('',*,*,#2516,.F.);
#1267=ORIENTED_EDGE('',*,*,#2847,.F.);
#1268=ORIENTED_EDGE('',*,*,#2372,.F.);
#1269=ORIENTED_EDGE('',*,*,#2848,.T.);
#1270=ORIENTED_EDGE('',*,*,#2514,.T.);
#1271=ORIENTED_EDGE('',*,*,#2849,.F.);
#1272=ORIENTED_EDGE('',*,*,#2849,.T.);
#1273=ORIENTED_EDGE('',*,*,#2517,.T.);
#1274=ORIENTED_EDGE('',*,*,#2846,.F.);
#1275=ORIENTED_EDGE('',*,*,#2373,.F.);
#1276=ORIENTED_EDGE('',*,*,#2377,.T.);
#1277=ORIENTED_EDGE('',*,*,#2505,.T.);
#1278=ORIENTED_EDGE('',*,*,#2378,.F.);
#1279=ORIENTED_EDGE('',*,*,#2504,.F.);
#1280=ORIENTED_EDGE('',*,*,#2376,.T.);
#1281=ORIENTED_EDGE('',*,*,#2512,.T.);
#1282=ORIENTED_EDGE('',*,*,#2375,.F.);
#1283=ORIENTED_EDGE('',*,*,#2513,.F.);
#1284=ORIENTED_EDGE('',*,*,#2371,.T.);
#1285=ORIENTED_EDGE('',*,*,#2847,.T.);
#1286=ORIENTED_EDGE('',*,*,#2515,.T.);
#1287=ORIENTED_EDGE('',*,*,#2848,.F.);
#1288=ORIENTED_EDGE('',*,*,#2379,.T.);
#1289=ORIENTED_EDGE('',*,*,#2503,.T.);
#1290=ORIENTED_EDGE('',*,*,#2275,.F.);
#1291=ORIENTED_EDGE('',*,*,#2760,.T.);
#1292=ORIENTED_EDGE('',*,*,#2511,.F.);
#1293=ORIENTED_EDGE('',*,*,#2780,.F.);
#1294=ORIENTED_EDGE('',*,*,#2263,.F.);
#1295=ORIENTED_EDGE('',*,*,#2214,.T.);
#1296=ORIENTED_EDGE('',*,*,#2850,.F.);
#1297=ORIENTED_EDGE('',*,*,#2207,.F.);
#1298=ORIENTED_EDGE('',*,*,#2217,.F.);
#1299=ORIENTED_EDGE('',*,*,#2851,.T.);
#1300=ORIENTED_EDGE('',*,*,#2204,.T.);
#1301=ORIENTED_EDGE('',*,*,#2852,.T.);
#1302=ORIENTED_EDGE('',*,*,#2210,.F.);
#1303=ORIENTED_EDGE('',*,*,#2852,.F.);
#1304=ORIENTED_EDGE('',*,*,#2203,.T.);
#1305=ORIENTED_EDGE('',*,*,#2853,.T.);
#1306=ORIENTED_EDGE('',*,*,#2853,.F.);
#1307=ORIENTED_EDGE('',*,*,#2854,.T.);
#1308=ORIENTED_EDGE('',*,*,#2855,.T.);
#1309=ORIENTED_EDGE('',*,*,#2856,.T.);
#1310=ORIENTED_EDGE('',*,*,#2857,.F.);
#1311=ORIENTED_EDGE('',*,*,#2209,.T.);
#1312=ORIENTED_EDGE('',*,*,#2858,.T.);
#1313=ORIENTED_EDGE('',*,*,#2212,.F.);
#1314=ORIENTED_EDGE('',*,*,#2859,.F.);
#1315=ORIENTED_EDGE('',*,*,#2231,.F.);
#1316=ORIENTED_EDGE('',*,*,#2860,.T.);
#1317=ORIENTED_EDGE('',*,*,#2213,.T.);
#1318=ORIENTED_EDGE('',*,*,#2858,.F.);
#1319=ORIENTED_EDGE('',*,*,#2208,.F.);
#1320=ORIENTED_EDGE('',*,*,#2850,.T.);
#1321=ORIENTED_EDGE('',*,*,#2205,.F.);
#1322=ORIENTED_EDGE('',*,*,#2851,.F.);
#1323=ORIENTED_EDGE('',*,*,#2216,.F.);
#1324=ORIENTED_EDGE('',*,*,#2861,.F.);
#1325=ORIENTED_EDGE('',*,*,#2254,.F.);
#1326=ORIENTED_EDGE('',*,*,#2862,.T.);
#1327=ORIENTED_EDGE('',*,*,#2447,.F.);
#1328=ORIENTED_EDGE('',*,*,#2863,.T.);
#1329=ORIENTED_EDGE('',*,*,#2284,.F.);
#1330=ORIENTED_EDGE('',*,*,#2864,.F.);
#1331=ORIENTED_EDGE('',*,*,#2855,.F.);
#1332=ORIENTED_EDGE('',*,*,#2865,.T.);
#1333=ORIENTED_EDGE('',*,*,#2289,.F.);
#1334=ORIENTED_EDGE('',*,*,#2866,.F.);
#1335=ORIENTED_EDGE('',*,*,#2444,.F.);
#1336=ORIENTED_EDGE('',*,*,#2867,.F.);
#1337=ORIENTED_EDGE('',*,*,#2249,.F.);
#1338=ORIENTED_EDGE('',*,*,#2868,.T.);
#1339=ORIENTED_EDGE('',*,*,#2761,.F.);
#1340=ORIENTED_EDGE('',*,*,#2273,.F.);
#1341=ORIENTED_EDGE('',*,*,#2869,.T.);
#1342=ORIENTED_EDGE('',*,*,#2756,.F.);
#1343=ORIENTED_EDGE('',*,*,#2667,.F.);
#1344=ORIENTED_EDGE('',*,*,#2758,.F.);
#1345=ORIENTED_EDGE('',*,*,#2870,.T.);
#1346=ORIENTED_EDGE('',*,*,#2271,.F.);
#1347=ORIENTED_EDGE('',*,*,#2845,.F.);
#1348=ORIENTED_EDGE('',*,*,#2675,.F.);
#1349=ORIENTED_EDGE('',*,*,#2841,.F.);
#1350=ORIENTED_EDGE('',*,*,#2871,.T.);
#1351=ORIENTED_EDGE('',*,*,#2265,.F.);
#1352=ORIENTED_EDGE('',*,*,#2779,.F.);
#1353=ORIENTED_EDGE('',*,*,#2728,.F.);
#1354=ORIENTED_EDGE('',*,*,#2844,.F.);
#1355=ORIENTED_EDGE('',*,*,#2267,.F.);
#1356=ORIENTED_EDGE('',*,*,#2872,.T.);
#1357=ORIENTED_EDGE('',*,*,#2839,.F.);
#1358=ORIENTED_EDGE('',*,*,#2671,.F.);
#1359=ORIENTED_EDGE('',*,*,#2873,.T.);
#1360=ORIENTED_EDGE('',*,*,#2366,.F.);
#1361=ORIENTED_EDGE('',*,*,#2874,.F.);
#1362=ORIENTED_EDGE('',*,*,#2519,.F.);
#1363=ORIENTED_EDGE('',*,*,#2520,.T.);
#1364=ORIENTED_EDGE('',*,*,#2874,.T.);
#1365=ORIENTED_EDGE('',*,*,#2365,.T.);
#1366=ORIENTED_EDGE('',*,*,#2875,.F.);
#1367=ORIENTED_EDGE('',*,*,#2521,.T.);
#1368=ORIENTED_EDGE('',*,*,#2875,.T.);
#1369=ORIENTED_EDGE('',*,*,#2370,.T.);
#1370=ORIENTED_EDGE('',*,*,#2876,.F.);
#1371=ORIENTED_EDGE('',*,*,#2876,.T.);
#1372=ORIENTED_EDGE('',*,*,#2369,.F.);
#1373=ORIENTED_EDGE('',*,*,#2877,.F.);
#1374=ORIENTED_EDGE('',*,*,#2522,.F.);
#1375=ORIENTED_EDGE('',*,*,#2523,.T.);
#1376=ORIENTED_EDGE('',*,*,#2877,.T.);
#1377=ORIENTED_EDGE('',*,*,#2368,.T.);
#1378=ORIENTED_EDGE('',*,*,#2878,.F.);
#1379=ORIENTED_EDGE('',*,*,#2518,.T.);
#1380=ORIENTED_EDGE('',*,*,#2878,.T.);
#1381=ORIENTED_EDGE('',*,*,#2367,.T.);
#1382=ORIENTED_EDGE('',*,*,#2873,.F.);
#1383=ORIENTED_EDGE('',*,*,#2879,.T.);
#1384=ORIENTED_EDGE('',*,*,#2360,.F.);
#1385=ORIENTED_EDGE('',*,*,#2880,.F.);
#1386=ORIENTED_EDGE('',*,*,#2526,.F.);
#1387=ORIENTED_EDGE('',*,*,#2524,.T.);
#1388=ORIENTED_EDGE('',*,*,#2881,.T.);
#1389=ORIENTED_EDGE('',*,*,#2362,.T.);
#1390=ORIENTED_EDGE('',*,*,#2882,.F.);
#1391=ORIENTED_EDGE('',*,*,#2527,.T.);
#1392=ORIENTED_EDGE('',*,*,#2880,.T.);
#1393=ORIENTED_EDGE('',*,*,#2364,.T.);
#1394=ORIENTED_EDGE('',*,*,#2883,.F.);
#1395=ORIENTED_EDGE('',*,*,#2528,.T.);
#1396=ORIENTED_EDGE('',*,*,#2883,.T.);
#1397=ORIENTED_EDGE('',*,*,#2363,.T.);
#1398=ORIENTED_EDGE('',*,*,#2881,.F.);
#1399=ORIENTED_EDGE('',*,*,#2882,.T.);
#1400=ORIENTED_EDGE('',*,*,#2361,.F.);
#1401=ORIENTED_EDGE('',*,*,#2879,.F.);
#1402=ORIENTED_EDGE('',*,*,#2525,.F.);
#1403=ORIENTED_EDGE('',*,*,#2884,.T.);
#1404=ORIENTED_EDGE('',*,*,#2357,.F.);
#1405=ORIENTED_EDGE('',*,*,#2885,.F.);
#1406=ORIENTED_EDGE('',*,*,#2530,.F.);
#1407=ORIENTED_EDGE('',*,*,#2885,.T.);
#1408=ORIENTED_EDGE('',*,*,#2356,.F.);
#1409=ORIENTED_EDGE('',*,*,#2886,.F.);
#1410=ORIENTED_EDGE('',*,*,#2531,.F.);
#1411=ORIENTED_EDGE('',*,*,#2532,.T.);
#1412=ORIENTED_EDGE('',*,*,#2886,.T.);
#1413=ORIENTED_EDGE('',*,*,#2359,.T.);
#1414=ORIENTED_EDGE('',*,*,#2887,.F.);
#1415=ORIENTED_EDGE('',*,*,#2529,.T.);
#1416=ORIENTED_EDGE('',*,*,#2887,.T.);
#1417=ORIENTED_EDGE('',*,*,#2358,.T.);
#1418=ORIENTED_EDGE('',*,*,#2884,.F.);
#1419=ORIENTED_EDGE('',*,*,#2499,.T.);
#1420=ORIENTED_EDGE('',*,*,#2888,.T.);
#1421=ORIENTED_EDGE('',*,*,#2380,.T.);
#1422=ORIENTED_EDGE('',*,*,#2889,.F.);
#1423=ORIENTED_EDGE('',*,*,#2500,.T.);
#1424=ORIENTED_EDGE('',*,*,#2889,.T.);
#1425=ORIENTED_EDGE('',*,*,#2383,.T.);
#1426=ORIENTED_EDGE('',*,*,#2890,.F.);
#1427=ORIENTED_EDGE('',*,*,#2890,.T.);
#1428=ORIENTED_EDGE('',*,*,#2382,.F.);
#1429=ORIENTED_EDGE('',*,*,#2891,.F.);
#1430=ORIENTED_EDGE('',*,*,#2501,.F.);
#1431=ORIENTED_EDGE('',*,*,#2502,.T.);
#1432=ORIENTED_EDGE('',*,*,#2891,.T.);
#1433=ORIENTED_EDGE('',*,*,#2381,.T.);
#1434=ORIENTED_EDGE('',*,*,#2888,.F.);
#1435=ORIENTED_EDGE('',*,*,#2869,.F.);
#1436=ORIENTED_EDGE('',*,*,#2272,.F.);
#1437=ORIENTED_EDGE('',*,*,#2870,.F.);
#1438=ORIENTED_EDGE('',*,*,#2757,.F.);
#1439=ORIENTED_EDGE('',*,*,#2871,.F.);
#1440=ORIENTED_EDGE('',*,*,#2840,.F.);
#1441=ORIENTED_EDGE('',*,*,#2872,.F.);
#1442=ORIENTED_EDGE('',*,*,#2266,.F.);
#1443=ORIENTED_EDGE('',*,*,#2860,.F.);
#1444=ORIENTED_EDGE('',*,*,#2601,.T.);
#1445=ORIENTED_EDGE('',*,*,#2892,.T.);
#1446=ORIENTED_EDGE('',*,*,#2240,.T.);
#1447=ORIENTED_EDGE('',*,*,#2893,.F.);
#1448=ORIENTED_EDGE('',*,*,#2241,.T.);
#1449=ORIENTED_EDGE('',*,*,#2892,.F.);
#1450=ORIENTED_EDGE('',*,*,#2600,.F.);
#1451=ORIENTED_EDGE('',*,*,#2894,.F.);
#1452=ORIENTED_EDGE('',*,*,#2603,.F.);
#1453=ORIENTED_EDGE('',*,*,#2895,.F.);
#1454=ORIENTED_EDGE('',*,*,#2238,.T.);
#1455=ORIENTED_EDGE('',*,*,#2896,.F.);
#1456=ORIENTED_EDGE('',*,*,#2243,.T.);
#1457=ORIENTED_EDGE('',*,*,#2897,.F.);
#1458=ORIENTED_EDGE('',*,*,#2598,.F.);
#1459=ORIENTED_EDGE('',*,*,#2898,.F.);
#1460=ORIENTED_EDGE('',*,*,#2596,.F.);
#1461=ORIENTED_EDGE('',*,*,#2899,.F.);
#1462=ORIENTED_EDGE('',*,*,#2245,.T.);
#1463=ORIENTED_EDGE('',*,*,#2900,.F.);
#1464=ORIENTED_EDGE('',*,*,#2609,.F.);
#1465=ORIENTED_EDGE('',*,*,#2901,.F.);
#1466=ORIENTED_EDGE('',*,*,#2232,.T.);
#1467=ORIENTED_EDGE('',*,*,#2247,.T.);
#1468=ORIENTED_EDGE('',*,*,#2902,.F.);
#1469=ORIENTED_EDGE('',*,*,#2605,.F.);
#1470=ORIENTED_EDGE('',*,*,#2903,.F.);
#1471=ORIENTED_EDGE('',*,*,#2236,.T.);
#1472=ORIENTED_EDGE('',*,*,#2904,.F.);
#1473=ORIENTED_EDGE('',*,*,#2234,.T.);
#1474=ORIENTED_EDGE('',*,*,#2905,.F.);
#1475=ORIENTED_EDGE('',*,*,#2607,.F.);
#1476=ORIENTED_EDGE('',*,*,#2906,.F.);
#1477=ORIENTED_EDGE('',*,*,#2244,.T.);
#1478=ORIENTED_EDGE('',*,*,#2898,.T.);
#1479=ORIENTED_EDGE('',*,*,#2597,.T.);
#1480=ORIENTED_EDGE('',*,*,#2900,.T.);
#1481=ORIENTED_EDGE('',*,*,#2595,.T.);
#1482=ORIENTED_EDGE('',*,*,#2902,.T.);
#1483=ORIENTED_EDGE('',*,*,#2246,.T.);
#1484=ORIENTED_EDGE('',*,*,#2899,.T.);
#1485=ORIENTED_EDGE('',*,*,#2235,.T.);
#1486=ORIENTED_EDGE('',*,*,#2906,.T.);
#1487=ORIENTED_EDGE('',*,*,#2606,.T.);
#1488=ORIENTED_EDGE('',*,*,#2904,.T.);
#1489=ORIENTED_EDGE('',*,*,#2608,.T.);
#1490=ORIENTED_EDGE('',*,*,#2905,.T.);
#1491=ORIENTED_EDGE('',*,*,#2233,.T.);
#1492=ORIENTED_EDGE('',*,*,#2901,.T.);
#1493=ORIENTED_EDGE('',*,*,#2242,.T.);
#1494=ORIENTED_EDGE('',*,*,#2894,.T.);
#1495=ORIENTED_EDGE('',*,*,#2599,.T.);
#1496=ORIENTED_EDGE('',*,*,#2897,.T.);
#1497=ORIENTED_EDGE('',*,*,#2604,.T.);
#1498=ORIENTED_EDGE('',*,*,#2896,.T.);
#1499=ORIENTED_EDGE('',*,*,#2237,.T.);
#1500=ORIENTED_EDGE('',*,*,#2903,.T.);
#1501=ORIENTED_EDGE('',*,*,#2239,.T.);
#1502=ORIENTED_EDGE('',*,*,#2895,.T.);
#1503=ORIENTED_EDGE('',*,*,#2602,.T.);
#1504=ORIENTED_EDGE('',*,*,#2893,.T.);
#1505=ORIENTED_EDGE('',*,*,#2592,.T.);
#1506=ORIENTED_EDGE('',*,*,#2907,.F.);
#1507=ORIENTED_EDGE('',*,*,#2223,.F.);
#1508=ORIENTED_EDGE('',*,*,#2908,.F.);
#1509=ORIENTED_EDGE('',*,*,#2224,.T.);
#1510=ORIENTED_EDGE('',*,*,#2907,.T.);
#1511=ORIENTED_EDGE('',*,*,#2591,.F.);
#1512=ORIENTED_EDGE('',*,*,#2909,.F.);
#1513=ORIENTED_EDGE('',*,*,#2226,.T.);
#1514=ORIENTED_EDGE('',*,*,#2910,.F.);
#1515=ORIENTED_EDGE('',*,*,#2589,.F.);
#1516=ORIENTED_EDGE('',*,*,#2911,.F.);
#1517=ORIENTED_EDGE('',*,*,#2228,.T.);
#1518=ORIENTED_EDGE('',*,*,#2912,.F.);
#1519=ORIENTED_EDGE('',*,*,#2587,.F.);
#1520=ORIENTED_EDGE('',*,*,#2913,.F.);
#1521=ORIENTED_EDGE('',*,*,#2585,.F.);
#1522=ORIENTED_EDGE('',*,*,#2914,.F.);
#1523=ORIENTED_EDGE('',*,*,#2291,.T.);
#1524=ORIENTED_EDGE('',*,*,#2230,.T.);
#1525=ORIENTED_EDGE('',*,*,#2915,.F.);
#1526=ORIENTED_EDGE('',*,*,#2594,.F.);
#1527=ORIENTED_EDGE('',*,*,#2916,.F.);
#1528=ORIENTED_EDGE('',*,*,#2221,.T.);
#1529=ORIENTED_EDGE('',*,*,#2917,.F.);
#1530=ORIENTED_EDGE('',*,*,#2583,.F.);
#1531=ORIENTED_EDGE('',*,*,#2918,.F.);
#1532=ORIENTED_EDGE('',*,*,#2219,.T.);
#1533=ORIENTED_EDGE('',*,*,#2919,.F.);
#1534=ORIENTED_EDGE('',*,*,#2586,.T.);
#1535=ORIENTED_EDGE('',*,*,#2915,.T.);
#1536=ORIENTED_EDGE('',*,*,#2229,.T.);
#1537=ORIENTED_EDGE('',*,*,#2913,.T.);
#1538=ORIENTED_EDGE('',*,*,#2584,.T.);
#1539=ORIENTED_EDGE('',*,*,#2919,.T.);
#1540=ORIENTED_EDGE('',*,*,#2218,.T.);
#1541=ORIENTED_EDGE('',*,*,#2914,.T.);
#1542=ORIENTED_EDGE('',*,*,#2582,.T.);
#1543=ORIENTED_EDGE('',*,*,#2917,.T.);
#1544=ORIENTED_EDGE('',*,*,#2220,.T.);
#1545=ORIENTED_EDGE('',*,*,#2918,.T.);
#1546=ORIENTED_EDGE('',*,*,#2227,.T.);
#1547=ORIENTED_EDGE('',*,*,#2911,.T.);
#1548=ORIENTED_EDGE('',*,*,#2588,.T.);
#1549=ORIENTED_EDGE('',*,*,#2912,.T.);
#1550=ORIENTED_EDGE('',*,*,#2222,.T.);
#1551=ORIENTED_EDGE('',*,*,#2916,.T.);
#1552=ORIENTED_EDGE('',*,*,#2593,.T.);
#1553=ORIENTED_EDGE('',*,*,#2908,.T.);
#1554=ORIENTED_EDGE('',*,*,#2225,.T.);
#1555=ORIENTED_EDGE('',*,*,#2909,.T.);
#1556=ORIENTED_EDGE('',*,*,#2590,.T.);
#1557=ORIENTED_EDGE('',*,*,#2910,.T.);
#1558=ORIENTED_EDGE('',*,*,#2353,.T.);
#1559=ORIENTED_EDGE('',*,*,#2920,.T.);
#1560=ORIENTED_EDGE('',*,*,#2538,.F.);
#1561=ORIENTED_EDGE('',*,*,#2921,.F.);
#1562=ORIENTED_EDGE('',*,*,#2539,.F.);
#1563=ORIENTED_EDGE('',*,*,#2920,.F.);
#1564=ORIENTED_EDGE('',*,*,#2352,.T.);
#1565=ORIENTED_EDGE('',*,*,#2922,.F.);
#1566=ORIENTED_EDGE('',*,*,#2541,.T.);
#1567=ORIENTED_EDGE('',*,*,#2923,.F.);
#1568=ORIENTED_EDGE('',*,*,#2350,.F.);
#1569=ORIENTED_EDGE('',*,*,#2924,.F.);
#1570=ORIENTED_EDGE('',*,*,#2355,.F.);
#1571=ORIENTED_EDGE('',*,*,#2925,.F.);
#1572=ORIENTED_EDGE('',*,*,#2536,.T.);
#1573=ORIENTED_EDGE('',*,*,#2926,.F.);
#1574=ORIENTED_EDGE('',*,*,#2344,.T.);
#1575=ORIENTED_EDGE('',*,*,#2927,.F.);
#1576=ORIENTED_EDGE('',*,*,#2534,.F.);
#1577=ORIENTED_EDGE('',*,*,#2928,.F.);
#1578=ORIENTED_EDGE('',*,*,#2543,.F.);
#1579=ORIENTED_EDGE('',*,*,#2929,.F.);
#1580=ORIENTED_EDGE('',*,*,#2348,.T.);
#1581=ORIENTED_EDGE('',*,*,#2930,.F.);
#1582=ORIENTED_EDGE('',*,*,#2346,.T.);
#1583=ORIENTED_EDGE('',*,*,#2931,.F.);
#1584=ORIENTED_EDGE('',*,*,#2545,.F.);
#1585=ORIENTED_EDGE('',*,*,#2932,.F.);
#1586=ORIENTED_EDGE('',*,*,#2347,.T.);
#1587=ORIENTED_EDGE('',*,*,#2932,.T.);
#1588=ORIENTED_EDGE('',*,*,#2544,.T.);
#1589=ORIENTED_EDGE('',*,*,#2930,.T.);
#1590=ORIENTED_EDGE('',*,*,#2345,.T.);
#1591=ORIENTED_EDGE('',*,*,#2928,.T.);
#1592=ORIENTED_EDGE('',*,*,#2533,.T.);
#1593=ORIENTED_EDGE('',*,*,#2931,.T.);
#1594=ORIENTED_EDGE('',*,*,#2535,.T.);
#1595=ORIENTED_EDGE('',*,*,#2927,.T.);
#1596=ORIENTED_EDGE('',*,*,#2343,.T.);
#1597=ORIENTED_EDGE('',*,*,#2926,.T.);
#1598=ORIENTED_EDGE('',*,*,#2349,.T.);
#1599=ORIENTED_EDGE('',*,*,#2929,.T.);
#1600=ORIENTED_EDGE('',*,*,#2542,.T.);
#1601=ORIENTED_EDGE('',*,*,#2924,.T.);
#1602=ORIENTED_EDGE('',*,*,#2351,.T.);
#1603=ORIENTED_EDGE('',*,*,#2923,.T.);
#1604=ORIENTED_EDGE('',*,*,#2540,.T.);
#1605=ORIENTED_EDGE('',*,*,#2922,.T.);
#1606=ORIENTED_EDGE('',*,*,#2354,.T.);
#1607=ORIENTED_EDGE('',*,*,#2921,.T.);
#1608=ORIENTED_EDGE('',*,*,#2537,.T.);
#1609=ORIENTED_EDGE('',*,*,#2925,.T.);
#1610=ORIENTED_EDGE('',*,*,#2498,.F.);
#1611=ORIENTED_EDGE('',*,*,#2933,.F.);
#1612=ORIENTED_EDGE('',*,*,#2389,.T.);
#1613=ORIENTED_EDGE('',*,*,#2934,.F.);
#1614=ORIENTED_EDGE('',*,*,#2391,.T.);
#1615=ORIENTED_EDGE('',*,*,#2935,.F.);
#1616=ORIENTED_EDGE('',*,*,#2496,.F.);
#1617=ORIENTED_EDGE('',*,*,#2936,.F.);
#1618=ORIENTED_EDGE('',*,*,#2492,.F.);
#1619=ORIENTED_EDGE('',*,*,#2937,.F.);
#1620=ORIENTED_EDGE('',*,*,#2387,.T.);
#1621=ORIENTED_EDGE('',*,*,#2938,.F.);
#1622=ORIENTED_EDGE('',*,*,#2385,.T.);
#1623=ORIENTED_EDGE('',*,*,#2939,.F.);
#1624=ORIENTED_EDGE('',*,*,#2494,.F.);
#1625=ORIENTED_EDGE('',*,*,#2940,.F.);
#1626=ORIENTED_EDGE('',*,*,#2386,.T.);
#1627=ORIENTED_EDGE('',*,*,#2940,.T.);
#1628=ORIENTED_EDGE('',*,*,#2493,.T.);
#1629=ORIENTED_EDGE('',*,*,#2938,.T.);
#1630=ORIENTED_EDGE('',*,*,#2384,.T.);
#1631=ORIENTED_EDGE('',*,*,#2936,.T.);
#1632=ORIENTED_EDGE('',*,*,#2495,.T.);
#1633=ORIENTED_EDGE('',*,*,#2939,.T.);
#1634=ORIENTED_EDGE('',*,*,#2491,.T.);
#1635=ORIENTED_EDGE('',*,*,#2934,.T.);
#1636=ORIENTED_EDGE('',*,*,#2388,.T.);
#1637=ORIENTED_EDGE('',*,*,#2937,.T.);
#1638=ORIENTED_EDGE('',*,*,#2390,.T.);
#1639=ORIENTED_EDGE('',*,*,#2933,.T.);
#1640=ORIENTED_EDGE('',*,*,#2497,.T.);
#1641=ORIENTED_EDGE('',*,*,#2935,.T.);
#1642=ORIENTED_EDGE('',*,*,#2336,.T.);
#1643=ORIENTED_EDGE('',*,*,#2941,.F.);
#1644=ORIENTED_EDGE('',*,*,#2553,.F.);
#1645=ORIENTED_EDGE('',*,*,#2942,.F.);
#1646=ORIENTED_EDGE('',*,*,#2557,.F.);
#1647=ORIENTED_EDGE('',*,*,#2943,.F.);
#1648=ORIENTED_EDGE('',*,*,#2332,.T.);
#1649=ORIENTED_EDGE('',*,*,#2944,.F.);
#1650=ORIENTED_EDGE('',*,*,#2547,.F.);
#1651=ORIENTED_EDGE('',*,*,#2945,.F.);
#1652=ORIENTED_EDGE('',*,*,#2342,.T.);
#1653=ORIENTED_EDGE('',*,*,#2946,.F.);
#1654=ORIENTED_EDGE('',*,*,#2549,.F.);
#1655=ORIENTED_EDGE('',*,*,#2947,.F.);
#1656=ORIENTED_EDGE('',*,*,#2340,.T.);
#1657=ORIENTED_EDGE('',*,*,#2948,.F.);
#1658=ORIENTED_EDGE('',*,*,#2555,.F.);
#1659=ORIENTED_EDGE('',*,*,#2949,.F.);
#1660=ORIENTED_EDGE('',*,*,#2334,.T.);
#1661=ORIENTED_EDGE('',*,*,#2950,.F.);
#1662=ORIENTED_EDGE('',*,*,#2338,.T.);
#1663=ORIENTED_EDGE('',*,*,#2951,.F.);
#1664=ORIENTED_EDGE('',*,*,#2551,.F.);
#1665=ORIENTED_EDGE('',*,*,#2952,.F.);
#1666=ORIENTED_EDGE('',*,*,#2550,.T.);
#1667=ORIENTED_EDGE('',*,*,#2948,.T.);
#1668=ORIENTED_EDGE('',*,*,#2339,.T.);
#1669=ORIENTED_EDGE('',*,*,#2952,.T.);
#1670=ORIENTED_EDGE('',*,*,#2548,.T.);
#1671=ORIENTED_EDGE('',*,*,#2946,.T.);
#1672=ORIENTED_EDGE('',*,*,#2341,.T.);
#1673=ORIENTED_EDGE('',*,*,#2947,.T.);
#1674=ORIENTED_EDGE('',*,*,#2546,.T.);
#1675=ORIENTED_EDGE('',*,*,#2944,.T.);
#1676=ORIENTED_EDGE('',*,*,#2331,.T.);
#1677=ORIENTED_EDGE('',*,*,#2945,.T.);
#1678=ORIENTED_EDGE('',*,*,#2556,.T.);
#1679=ORIENTED_EDGE('',*,*,#2950,.T.);
#1680=ORIENTED_EDGE('',*,*,#2333,.T.);
#1681=ORIENTED_EDGE('',*,*,#2943,.T.);
#1682=ORIENTED_EDGE('',*,*,#2337,.T.);
#1683=ORIENTED_EDGE('',*,*,#2942,.T.);
#1684=ORIENTED_EDGE('',*,*,#2552,.T.);
#1685=ORIENTED_EDGE('',*,*,#2951,.T.);
#1686=ORIENTED_EDGE('',*,*,#2554,.T.);
#1687=ORIENTED_EDGE('',*,*,#2941,.T.);
#1688=ORIENTED_EDGE('',*,*,#2335,.T.);
#1689=ORIENTED_EDGE('',*,*,#2949,.T.);
#1690=ORIENTED_EDGE('',*,*,#2485,.T.);
#1691=ORIENTED_EDGE('',*,*,#2953,.F.);
#1692=ORIENTED_EDGE('',*,*,#2398,.F.);
#1693=ORIENTED_EDGE('',*,*,#2954,.F.);
#1694=ORIENTED_EDGE('',*,*,#2392,.F.);
#1695=ORIENTED_EDGE('',*,*,#2955,.F.);
#1696=ORIENTED_EDGE('',*,*,#2481,.T.);
#1697=ORIENTED_EDGE('',*,*,#2956,.F.);
#1698=ORIENTED_EDGE('',*,*,#2394,.T.);
#1699=ORIENTED_EDGE('',*,*,#2957,.F.);
#1700=ORIENTED_EDGE('',*,*,#2489,.F.);
#1701=ORIENTED_EDGE('',*,*,#2958,.F.);
#1702=ORIENTED_EDGE('',*,*,#2487,.F.);
#1703=ORIENTED_EDGE('',*,*,#2959,.F.);
#1704=ORIENTED_EDGE('',*,*,#2396,.T.);
#1705=ORIENTED_EDGE('',*,*,#2960,.F.);
#1706=ORIENTED_EDGE('',*,*,#2400,.T.);
#1707=ORIENTED_EDGE('',*,*,#2961,.F.);
#1708=ORIENTED_EDGE('',*,*,#2483,.F.);
#1709=ORIENTED_EDGE('',*,*,#2962,.F.);
#1710=ORIENTED_EDGE('',*,*,#2395,.T.);
#1711=ORIENTED_EDGE('',*,*,#2958,.T.);
#1712=ORIENTED_EDGE('',*,*,#2488,.T.);
#1713=ORIENTED_EDGE('',*,*,#2960,.T.);
#1714=ORIENTED_EDGE('',*,*,#2490,.T.);
#1715=ORIENTED_EDGE('',*,*,#2957,.T.);
#1716=ORIENTED_EDGE('',*,*,#2393,.T.);
#1717=ORIENTED_EDGE('',*,*,#2956,.T.);
#1718=ORIENTED_EDGE('',*,*,#2401,.T.);
#1719=ORIENTED_EDGE('',*,*,#2962,.T.);
#1720=ORIENTED_EDGE('',*,*,#2482,.T.);
#1721=ORIENTED_EDGE('',*,*,#2955,.T.);
#1722=ORIENTED_EDGE('',*,*,#2397,.T.);
#1723=ORIENTED_EDGE('',*,*,#2959,.T.);
#1724=ORIENTED_EDGE('',*,*,#2486,.T.);
#1725=ORIENTED_EDGE('',*,*,#2954,.T.);
#1726=ORIENTED_EDGE('',*,*,#2484,.T.);
#1727=ORIENTED_EDGE('',*,*,#2961,.T.);
#1728=ORIENTED_EDGE('',*,*,#2399,.T.);
#1729=ORIENTED_EDGE('',*,*,#2953,.T.);
#1730=ORIENTED_EDGE('',*,*,#2866,.T.);
#1731=ORIENTED_EDGE('',*,*,#2963,.F.);
#1732=ORIENTED_EDGE('',*,*,#2964,.F.);
#1733=ORIENTED_EDGE('',*,*,#2965,.F.);
#1734=ORIENTED_EDGE('',*,*,#2863,.F.);
#1735=ORIENTED_EDGE('',*,*,#2966,.F.);
#1736=ORIENTED_EDGE('',*,*,#2478,.T.);
#1737=ORIENTED_EDGE('',*,*,#2967,.F.);
#1738=ORIENTED_EDGE('',*,*,#2286,.T.);
#1739=ORIENTED_EDGE('',*,*,#2968,.F.);
#1740=ORIENTED_EDGE('',*,*,#2476,.F.);
#1741=ORIENTED_EDGE('',*,*,#2969,.F.);
#1742=ORIENTED_EDGE('',*,*,#2480,.F.);
#1743=ORIENTED_EDGE('',*,*,#2970,.F.);
#1744=ORIENTED_EDGE('',*,*,#2445,.T.);
#1745=ORIENTED_EDGE('',*,*,#2965,.T.);
#1746=ORIENTED_EDGE('',*,*,#2971,.F.);
#1747=ORIENTED_EDGE('',*,*,#2474,.F.);
#1748=ORIENTED_EDGE('',*,*,#2972,.F.);
#1749=ORIENTED_EDGE('',*,*,#2963,.T.);
#1750=ORIENTED_EDGE('',*,*,#2288,.T.);
#1751=ORIENTED_EDGE('',*,*,#2973,.F.);
#1752=ORIENTED_EDGE('',*,*,#2475,.T.);
#1753=ORIENTED_EDGE('',*,*,#2973,.T.);
#1754=ORIENTED_EDGE('',*,*,#2287,.T.);
#1755=ORIENTED_EDGE('',*,*,#2969,.T.);
#1756=ORIENTED_EDGE('',*,*,#2473,.T.);
#1757=ORIENTED_EDGE('',*,*,#2971,.T.);
#1758=ORIENTED_EDGE('',*,*,#2964,.T.);
#1759=ORIENTED_EDGE('',*,*,#2972,.T.);
#1760=ORIENTED_EDGE('',*,*,#2477,.T.);
#1761=ORIENTED_EDGE('',*,*,#2968,.T.);
#1762=ORIENTED_EDGE('',*,*,#2285,.T.);
#1763=ORIENTED_EDGE('',*,*,#2967,.T.);
#1764=ORIENTED_EDGE('',*,*,#2446,.T.);
#1765=ORIENTED_EDGE('',*,*,#2970,.T.);
#1766=ORIENTED_EDGE('',*,*,#2479,.T.);
#1767=ORIENTED_EDGE('',*,*,#2966,.T.);
#1768=ORIENTED_EDGE('',*,*,#2867,.T.);
#1769=ORIENTED_EDGE('',*,*,#2974,.F.);
#1770=ORIENTED_EDGE('',*,*,#2975,.F.);
#1771=ORIENTED_EDGE('',*,*,#2976,.F.);
#1772=ORIENTED_EDGE('',*,*,#2472,.T.);
#1773=ORIENTED_EDGE('',*,*,#2977,.F.);
#1774=ORIENTED_EDGE('',*,*,#2862,.F.);
#1775=ORIENTED_EDGE('',*,*,#2978,.F.);
#1776=ORIENTED_EDGE('',*,*,#2974,.T.);
#1777=ORIENTED_EDGE('',*,*,#2443,.T.);
#1778=ORIENTED_EDGE('',*,*,#2979,.F.);
#1779=ORIENTED_EDGE('',*,*,#2470,.F.);
#1780=ORIENTED_EDGE('',*,*,#2980,.F.);
#1781=ORIENTED_EDGE('',*,*,#2466,.F.);
#1782=ORIENTED_EDGE('',*,*,#2981,.F.);
#1783=ORIENTED_EDGE('',*,*,#2252,.T.);
#1784=ORIENTED_EDGE('',*,*,#2982,.F.);
#1785=ORIENTED_EDGE('',*,*,#2250,.T.);
#1786=ORIENTED_EDGE('',*,*,#2976,.T.);
#1787=ORIENTED_EDGE('',*,*,#2983,.F.);
#1788=ORIENTED_EDGE('',*,*,#2468,.F.);
#1789=ORIENTED_EDGE('',*,*,#2984,.F.);
#1790=ORIENTED_EDGE('',*,*,#2251,.T.);
#1791=ORIENTED_EDGE('',*,*,#2984,.T.);
#1792=ORIENTED_EDGE('',*,*,#2467,.T.);
#1793=ORIENTED_EDGE('',*,*,#2982,.T.);
#1794=ORIENTED_EDGE('',*,*,#2975,.T.);
#1795=ORIENTED_EDGE('',*,*,#2980,.T.);
#1796=ORIENTED_EDGE('',*,*,#2469,.T.);
#1797=ORIENTED_EDGE('',*,*,#2983,.T.);
#1798=ORIENTED_EDGE('',*,*,#2253,.T.);
#1799=ORIENTED_EDGE('',*,*,#2981,.T.);
#1800=ORIENTED_EDGE('',*,*,#2465,.T.);
#1801=ORIENTED_EDGE('',*,*,#2978,.T.);
#1802=ORIENTED_EDGE('',*,*,#2471,.T.);
#1803=ORIENTED_EDGE('',*,*,#2979,.T.);
#1804=ORIENTED_EDGE('',*,*,#2448,.T.);
#1805=ORIENTED_EDGE('',*,*,#2977,.T.);
#1806=ORIENTED_EDGE('',*,*,#2559,.F.);
#1807=ORIENTED_EDGE('',*,*,#2985,.F.);
#1808=ORIENTED_EDGE('',*,*,#2322,.T.);
#1809=ORIENTED_EDGE('',*,*,#2986,.F.);
#1810=ORIENTED_EDGE('',*,*,#2326,.T.);
#1811=ORIENTED_EDGE('',*,*,#2987,.F.);
#1812=ORIENTED_EDGE('',*,*,#2565,.F.);
#1813=ORIENTED_EDGE('',*,*,#2988,.F.);
#1814=ORIENTED_EDGE('',*,*,#2561,.F.);
#1815=ORIENTED_EDGE('',*,*,#2989,.F.);
#1816=ORIENTED_EDGE('',*,*,#2330,.T.);
#1817=ORIENTED_EDGE('',*,*,#2990,.F.);
#1818=ORIENTED_EDGE('',*,*,#2328,.T.);
#1819=ORIENTED_EDGE('',*,*,#2991,.F.);
#1820=ORIENTED_EDGE('',*,*,#2563,.F.);
#1821=ORIENTED_EDGE('',*,*,#2992,.F.);
#1822=ORIENTED_EDGE('',*,*,#2567,.F.);
#1823=ORIENTED_EDGE('',*,*,#2993,.F.);
#1824=ORIENTED_EDGE('',*,*,#2324,.T.);
#1825=ORIENTED_EDGE('',*,*,#2994,.F.);
#1826=ORIENTED_EDGE('',*,*,#2562,.T.);
#1827=ORIENTED_EDGE('',*,*,#2990,.T.);
#1828=ORIENTED_EDGE('',*,*,#2329,.T.);
#1829=ORIENTED_EDGE('',*,*,#2992,.T.);
#1830=ORIENTED_EDGE('',*,*,#2560,.T.);
#1831=ORIENTED_EDGE('',*,*,#2986,.T.);
#1832=ORIENTED_EDGE('',*,*,#2321,.T.);
#1833=ORIENTED_EDGE('',*,*,#2989,.T.);
#1834=ORIENTED_EDGE('',*,*,#2323,.T.);
#1835=ORIENTED_EDGE('',*,*,#2985,.T.);
#1836=ORIENTED_EDGE('',*,*,#2558,.T.);
#1837=ORIENTED_EDGE('',*,*,#2994,.T.);
#1838=ORIENTED_EDGE('',*,*,#2327,.T.);
#1839=ORIENTED_EDGE('',*,*,#2988,.T.);
#1840=ORIENTED_EDGE('',*,*,#2564,.T.);
#1841=ORIENTED_EDGE('',*,*,#2991,.T.);
#1842=ORIENTED_EDGE('',*,*,#2566,.T.);
#1843=ORIENTED_EDGE('',*,*,#2987,.T.);
#1844=ORIENTED_EDGE('',*,*,#2325,.T.);
#1845=ORIENTED_EDGE('',*,*,#2993,.T.);
#1846=ORIENTED_EDGE('',*,*,#2568,.F.);
#1847=ORIENTED_EDGE('',*,*,#2995,.F.);
#1848=ORIENTED_EDGE('',*,*,#2313,.T.);
#1849=ORIENTED_EDGE('',*,*,#2996,.T.);
#1850=ORIENTED_EDGE('',*,*,#2569,.F.);
#1851=ORIENTED_EDGE('',*,*,#2996,.F.);
#1852=ORIENTED_EDGE('',*,*,#2312,.T.);
#1853=ORIENTED_EDGE('',*,*,#2997,.F.);
#1854=ORIENTED_EDGE('',*,*,#2314,.F.);
#1855=ORIENTED_EDGE('',*,*,#2995,.T.);
#1856=ORIENTED_EDGE('',*,*,#2581,.T.);
#1857=ORIENTED_EDGE('',*,*,#2998,.F.);
#1858=ORIENTED_EDGE('',*,*,#2577,.T.);
#1859=ORIENTED_EDGE('',*,*,#2999,.F.);
#1860=ORIENTED_EDGE('',*,*,#2318,.F.);
#1861=ORIENTED_EDGE('',*,*,#3000,.F.);
#1862=ORIENTED_EDGE('',*,*,#2579,.F.);
#1863=ORIENTED_EDGE('',*,*,#3001,.F.);
#1864=ORIENTED_EDGE('',*,*,#2316,.T.);
#1865=ORIENTED_EDGE('',*,*,#3002,.F.);
#1866=ORIENTED_EDGE('',*,*,#2320,.T.);
#1867=ORIENTED_EDGE('',*,*,#3003,.F.);
#1868=ORIENTED_EDGE('',*,*,#2575,.F.);
#1869=ORIENTED_EDGE('',*,*,#3004,.F.);
#1870=ORIENTED_EDGE('',*,*,#2571,.F.);
#1871=ORIENTED_EDGE('',*,*,#3005,.F.);
#1872=ORIENTED_EDGE('',*,*,#2310,.T.);
#1873=ORIENTED_EDGE('',*,*,#3006,.F.);
#1874=ORIENTED_EDGE('',*,*,#2308,.T.);
#1875=ORIENTED_EDGE('',*,*,#3007,.F.);
#1876=ORIENTED_EDGE('',*,*,#2573,.F.);
#1877=ORIENTED_EDGE('',*,*,#3008,.F.);
#1878=ORIENTED_EDGE('',*,*,#2309,.T.);
#1879=ORIENTED_EDGE('',*,*,#3008,.T.);
#1880=ORIENTED_EDGE('',*,*,#2572,.T.);
#1881=ORIENTED_EDGE('',*,*,#3006,.T.);
#1882=ORIENTED_EDGE('',*,*,#2307,.T.);
#1883=ORIENTED_EDGE('',*,*,#3004,.T.);
#1884=ORIENTED_EDGE('',*,*,#2574,.T.);
#1885=ORIENTED_EDGE('',*,*,#3007,.T.);
#1886=ORIENTED_EDGE('',*,*,#2580,.T.);
#1887=ORIENTED_EDGE('',*,*,#3002,.T.);
#1888=ORIENTED_EDGE('',*,*,#2315,.T.);
#1889=ORIENTED_EDGE('',*,*,#2998,.T.);
#1890=ORIENTED_EDGE('',*,*,#2570,.T.);
#1891=ORIENTED_EDGE('',*,*,#2997,.T.);
#1892=ORIENTED_EDGE('',*,*,#2311,.T.);
#1893=ORIENTED_EDGE('',*,*,#3005,.T.);
#1894=ORIENTED_EDGE('',*,*,#2317,.T.);
#1895=ORIENTED_EDGE('',*,*,#3001,.T.);
#1896=ORIENTED_EDGE('',*,*,#2578,.T.);
#1897=ORIENTED_EDGE('',*,*,#3000,.T.);
#1898=ORIENTED_EDGE('',*,*,#2576,.T.);
#1899=ORIENTED_EDGE('',*,*,#3003,.T.);
#1900=ORIENTED_EDGE('',*,*,#2319,.T.);
#1901=ORIENTED_EDGE('',*,*,#2999,.T.);
#1902=ORIENTED_EDGE('',*,*,#2464,.T.);
#1903=ORIENTED_EDGE('',*,*,#3009,.F.);
#1904=ORIENTED_EDGE('',*,*,#2276,.F.);
#1905=ORIENTED_EDGE('',*,*,#2864,.T.);
#1906=ORIENTED_EDGE('',*,*,#3010,.F.);
#1907=ORIENTED_EDGE('',*,*,#2278,.T.);
#1908=ORIENTED_EDGE('',*,*,#3011,.F.);
#1909=ORIENTED_EDGE('',*,*,#2462,.F.);
#1910=ORIENTED_EDGE('',*,*,#3012,.F.);
#1911=ORIENTED_EDGE('',*,*,#2458,.F.);
#1912=ORIENTED_EDGE('',*,*,#3013,.F.);
#1913=ORIENTED_EDGE('',*,*,#2282,.T.);
#1914=ORIENTED_EDGE('',*,*,#3014,.F.);
#1915=ORIENTED_EDGE('',*,*,#2280,.T.);
#1916=ORIENTED_EDGE('',*,*,#3015,.F.);
#1917=ORIENTED_EDGE('',*,*,#2460,.F.);
#1918=ORIENTED_EDGE('',*,*,#3016,.F.);
#1919=ORIENTED_EDGE('',*,*,#2281,.T.);
#1920=ORIENTED_EDGE('',*,*,#3016,.T.);
#1921=ORIENTED_EDGE('',*,*,#2459,.T.);
#1922=ORIENTED_EDGE('',*,*,#3014,.T.);
#1923=ORIENTED_EDGE('',*,*,#2279,.T.);
#1924=ORIENTED_EDGE('',*,*,#3012,.T.);
#1925=ORIENTED_EDGE('',*,*,#2461,.T.);
#1926=ORIENTED_EDGE('',*,*,#3015,.T.);
#1927=ORIENTED_EDGE('',*,*,#2283,.T.);
#1928=ORIENTED_EDGE('',*,*,#3013,.T.);
#1929=ORIENTED_EDGE('',*,*,#2457,.T.);
#1930=ORIENTED_EDGE('',*,*,#3010,.T.);
#1931=ORIENTED_EDGE('',*,*,#2463,.T.);
#1932=ORIENTED_EDGE('',*,*,#3011,.T.);
#1933=ORIENTED_EDGE('',*,*,#2277,.T.);
#1934=ORIENTED_EDGE('',*,*,#3009,.T.);
#1935=ORIENTED_EDGE('',*,*,#2302,.T.);
#1936=ORIENTED_EDGE('',*,*,#3017,.T.);
#1937=ORIENTED_EDGE('',*,*,#2617,.F.);
#1938=ORIENTED_EDGE('',*,*,#3018,.F.);
#1939=ORIENTED_EDGE('',*,*,#2615,.T.);
#1940=ORIENTED_EDGE('',*,*,#3019,.F.);
#1941=ORIENTED_EDGE('',*,*,#2304,.F.);
#1942=ORIENTED_EDGE('',*,*,#3020,.F.);
#1943=ORIENTED_EDGE('',*,*,#2618,.T.);
#1944=ORIENTED_EDGE('',*,*,#3017,.F.);
#1945=ORIENTED_EDGE('',*,*,#2301,.F.);
#1946=ORIENTED_EDGE('',*,*,#3021,.F.);
#1947=ORIENTED_EDGE('',*,*,#2620,.T.);
#1948=ORIENTED_EDGE('',*,*,#3022,.F.);
#1949=ORIENTED_EDGE('',*,*,#2299,.F.);
#1950=ORIENTED_EDGE('',*,*,#3023,.F.);
#1951=ORIENTED_EDGE('',*,*,#2306,.T.);
#1952=ORIENTED_EDGE('',*,*,#3024,.F.);
#1953=ORIENTED_EDGE('',*,*,#2613,.F.);
#1954=ORIENTED_EDGE('',*,*,#3025,.F.);
#1955=ORIENTED_EDGE('',*,*,#2293,.T.);
#1956=ORIENTED_EDGE('',*,*,#3026,.F.);
#1957=ORIENTED_EDGE('',*,*,#2611,.F.);
#1958=ORIENTED_EDGE('',*,*,#3027,.F.);
#1959=ORIENTED_EDGE('',*,*,#2622,.F.);
#1960=ORIENTED_EDGE('',*,*,#3028,.F.);
#1961=ORIENTED_EDGE('',*,*,#2297,.T.);
#1962=ORIENTED_EDGE('',*,*,#3029,.F.);
#1963=ORIENTED_EDGE('',*,*,#2295,.T.);
#1964=ORIENTED_EDGE('',*,*,#3030,.F.);
#1965=ORIENTED_EDGE('',*,*,#2624,.F.);
#1966=ORIENTED_EDGE('',*,*,#3031,.F.);
#1967=ORIENTED_EDGE('',*,*,#2296,.T.);
#1968=ORIENTED_EDGE('',*,*,#3031,.T.);
#1969=ORIENTED_EDGE('',*,*,#2623,.T.);
#1970=ORIENTED_EDGE('',*,*,#3029,.T.);
#1971=ORIENTED_EDGE('',*,*,#2294,.T.);
#1972=ORIENTED_EDGE('',*,*,#3027,.T.);
#1973=ORIENTED_EDGE('',*,*,#2610,.T.);
#1974=ORIENTED_EDGE('',*,*,#3030,.T.);
#1975=ORIENTED_EDGE('',*,*,#2298,.T.);
#1976=ORIENTED_EDGE('',*,*,#3028,.T.);
#1977=ORIENTED_EDGE('',*,*,#2621,.T.);
#1978=ORIENTED_EDGE('',*,*,#3023,.T.);
#1979=ORIENTED_EDGE('',*,*,#2292,.T.);
#1980=ORIENTED_EDGE('',*,*,#3025,.T.);
#1981=ORIENTED_EDGE('',*,*,#2612,.T.);
#1982=ORIENTED_EDGE('',*,*,#3026,.T.);
#1983=ORIENTED_EDGE('',*,*,#2619,.T.);
#1984=ORIENTED_EDGE('',*,*,#3021,.T.);
#1985=ORIENTED_EDGE('',*,*,#2300,.T.);
#1986=ORIENTED_EDGE('',*,*,#3022,.T.);
#1987=ORIENTED_EDGE('',*,*,#2303,.T.);
#1988=ORIENTED_EDGE('',*,*,#3018,.T.);
#1989=ORIENTED_EDGE('',*,*,#2616,.T.);
#1990=ORIENTED_EDGE('',*,*,#3020,.T.);
#1991=ORIENTED_EDGE('',*,*,#2305,.T.);
#1992=ORIENTED_EDGE('',*,*,#3019,.T.);
#1993=ORIENTED_EDGE('',*,*,#2614,.T.);
#1994=ORIENTED_EDGE('',*,*,#3024,.T.);
#1995=ORIENTED_EDGE('',*,*,#2630,.F.);
#1996=ORIENTED_EDGE('',*,*,#3032,.F.);
#1997=ORIENTED_EDGE('',*,*,#2411,.T.);
#1998=ORIENTED_EDGE('',*,*,#3033,.F.);
#1999=ORIENTED_EDGE('',*,*,#2413,.T.);
#2000=ORIENTED_EDGE('',*,*,#3034,.F.);
#2001=ORIENTED_EDGE('',*,*,#2628,.F.);
#2002=ORIENTED_EDGE('',*,*,#3035,.F.);
#2003=ORIENTED_EDGE('',*,*,#2626,.F.);
#2004=ORIENTED_EDGE('',*,*,#3036,.F.);
#2005=ORIENTED_EDGE('',*,*,#2403,.T.);
#2006=ORIENTED_EDGE('',*,*,#3037,.F.);
#2007=ORIENTED_EDGE('',*,*,#2632,.F.);
#2008=ORIENTED_EDGE('',*,*,#3038,.F.);
#2009=ORIENTED_EDGE('',*,*,#2409,.T.);
#2010=ORIENTED_EDGE('',*,*,#3039,.F.);
#2011=ORIENTED_EDGE('',*,*,#2407,.T.);
#2012=ORIENTED_EDGE('',*,*,#3040,.F.);
#2013=ORIENTED_EDGE('',*,*,#2634,.F.);
#2014=ORIENTED_EDGE('',*,*,#3041,.F.);
#2015=ORIENTED_EDGE('',*,*,#2405,.T.);
#2016=ORIENTED_EDGE('',*,*,#3042,.F.);
#2017=ORIENTED_EDGE('',*,*,#2636,.F.);
#2018=ORIENTED_EDGE('',*,*,#3043,.F.);
#2019=ORIENTED_EDGE('',*,*,#2408,.T.);
#2020=ORIENTED_EDGE('',*,*,#3041,.T.);
#2021=ORIENTED_EDGE('',*,*,#2633,.T.);
#2022=ORIENTED_EDGE('',*,*,#3039,.T.);
#2023=ORIENTED_EDGE('',*,*,#2627,.T.);
#2024=ORIENTED_EDGE('',*,*,#3037,.T.);
#2025=ORIENTED_EDGE('',*,*,#2402,.T.);
#2026=ORIENTED_EDGE('',*,*,#3035,.T.);
#2027=ORIENTED_EDGE('',*,*,#2406,.T.);
#2028=ORIENTED_EDGE('',*,*,#3043,.T.);
#2029=ORIENTED_EDGE('',*,*,#2635,.T.);
#2030=ORIENTED_EDGE('',*,*,#3040,.T.);
#2031=ORIENTED_EDGE('',*,*,#2625,.T.);
#2032=ORIENTED_EDGE('',*,*,#3042,.T.);
#2033=ORIENTED_EDGE('',*,*,#2404,.T.);
#2034=ORIENTED_EDGE('',*,*,#3036,.T.);
#2035=ORIENTED_EDGE('',*,*,#2631,.T.);
#2036=ORIENTED_EDGE('',*,*,#3033,.T.);
#2037=ORIENTED_EDGE('',*,*,#2410,.T.);
#2038=ORIENTED_EDGE('',*,*,#3038,.T.);
#2039=ORIENTED_EDGE('',*,*,#2412,.T.);
#2040=ORIENTED_EDGE('',*,*,#3032,.T.);
#2041=ORIENTED_EDGE('',*,*,#2629,.T.);
#2042=ORIENTED_EDGE('',*,*,#3034,.T.);
#2043=ORIENTED_EDGE('',*,*,#2643,.T.);
#2044=ORIENTED_EDGE('',*,*,#3044,.F.);
#2045=ORIENTED_EDGE('',*,*,#2427,.F.);
#2046=ORIENTED_EDGE('',*,*,#3045,.T.);
#2047=ORIENTED_EDGE('',*,*,#2644,.F.);
#2048=ORIENTED_EDGE('',*,*,#3045,.F.);
#2049=ORIENTED_EDGE('',*,*,#2426,.T.);
#2050=ORIENTED_EDGE('',*,*,#3046,.F.);
#2051=ORIENTED_EDGE('',*,*,#2414,.T.);
#2052=ORIENTED_EDGE('',*,*,#3044,.T.);
#2053=ORIENTED_EDGE('',*,*,#2642,.F.);
#2054=ORIENTED_EDGE('',*,*,#3047,.F.);
#2055=ORIENTED_EDGE('',*,*,#2422,.T.);
#2056=ORIENTED_EDGE('',*,*,#3048,.F.);
#2057=ORIENTED_EDGE('',*,*,#2648,.F.);
#2058=ORIENTED_EDGE('',*,*,#3049,.F.);
#2059=ORIENTED_EDGE('',*,*,#2424,.T.);
#2060=ORIENTED_EDGE('',*,*,#3050,.F.);
#2061=ORIENTED_EDGE('',*,*,#2646,.F.);
#2062=ORIENTED_EDGE('',*,*,#3051,.F.);
#2063=ORIENTED_EDGE('',*,*,#2416,.T.);
#2064=ORIENTED_EDGE('',*,*,#3052,.F.);
#2065=ORIENTED_EDGE('',*,*,#2640,.F.);
#2066=ORIENTED_EDGE('',*,*,#3053,.F.);
#2067=ORIENTED_EDGE('',*,*,#2650,.F.);
#2068=ORIENTED_EDGE('',*,*,#3054,.F.);
#2069=ORIENTED_EDGE('',*,*,#2420,.T.);
#2070=ORIENTED_EDGE('',*,*,#3055,.F.);
#2071=ORIENTED_EDGE('',*,*,#2638,.F.);
#2072=ORIENTED_EDGE('',*,*,#3056,.F.);
#2073=ORIENTED_EDGE('',*,*,#2418,.T.);
#2074=ORIENTED_EDGE('',*,*,#3057,.F.);
#2075=ORIENTED_EDGE('',*,*,#2639,.T.);
#2076=ORIENTED_EDGE('',*,*,#3057,.T.);
#2077=ORIENTED_EDGE('',*,*,#2417,.T.);
#2078=ORIENTED_EDGE('',*,*,#3053,.T.);
#2079=ORIENTED_EDGE('',*,*,#2637,.T.);
#2080=ORIENTED_EDGE('',*,*,#3055,.T.);
#2081=ORIENTED_EDGE('',*,*,#2419,.T.);
#2082=ORIENTED_EDGE('',*,*,#3056,.T.);
#2083=ORIENTED_EDGE('',*,*,#2415,.T.);
#2084=ORIENTED_EDGE('',*,*,#3047,.T.);
#2085=ORIENTED_EDGE('',*,*,#2641,.T.);
#2086=ORIENTED_EDGE('',*,*,#3052,.T.);
#2087=ORIENTED_EDGE('',*,*,#2645,.T.);
#2088=ORIENTED_EDGE('',*,*,#3046,.T.);
#2089=ORIENTED_EDGE('',*,*,#2425,.T.);
#2090=ORIENTED_EDGE('',*,*,#3051,.T.);
#2091=ORIENTED_EDGE('',*,*,#2423,.T.);
#2092=ORIENTED_EDGE('',*,*,#3049,.T.);
#2093=ORIENTED_EDGE('',*,*,#2647,.T.);
#2094=ORIENTED_EDGE('',*,*,#3050,.T.);
#2095=ORIENTED_EDGE('',*,*,#2649,.T.);
#2096=ORIENTED_EDGE('',*,*,#3048,.T.);
#2097=ORIENTED_EDGE('',*,*,#2421,.T.);
#2098=ORIENTED_EDGE('',*,*,#3054,.T.);
#2099=ORIENTED_EDGE('',*,*,#2433,.T.);
#2100=ORIENTED_EDGE('',*,*,#3058,.T.);
#2101=ORIENTED_EDGE('',*,*,#2660,.T.);
#2102=ORIENTED_EDGE('',*,*,#3059,.F.);
#2103=ORIENTED_EDGE('',*,*,#2658,.T.);
#2104=ORIENTED_EDGE('',*,*,#3060,.F.);
#2105=ORIENTED_EDGE('',*,*,#2435,.F.);
#2106=ORIENTED_EDGE('',*,*,#3061,.F.);
#2107=ORIENTED_EDGE('',*,*,#2656,.F.);
#2108=ORIENTED_EDGE('',*,*,#3062,.F.);
#2109=ORIENTED_EDGE('',*,*,#2437,.T.);
#2110=ORIENTED_EDGE('',*,*,#3063,.F.);
#2111=ORIENTED_EDGE('',*,*,#2439,.F.);
#2112=ORIENTED_EDGE('',*,*,#3064,.F.);
#2113=ORIENTED_EDGE('',*,*,#2654,.T.);
#2114=ORIENTED_EDGE('',*,*,#3065,.F.);
#2115=ORIENTED_EDGE('',*,*,#2661,.F.);
#2116=ORIENTED_EDGE('',*,*,#3058,.F.);
#2117=ORIENTED_EDGE('',*,*,#2432,.T.);
#2118=ORIENTED_EDGE('',*,*,#3066,.F.);
#2119=ORIENTED_EDGE('',*,*,#2441,.T.);
#2120=ORIENTED_EDGE('',*,*,#3067,.F.);
#2121=ORIENTED_EDGE('',*,*,#2652,.F.);
#2122=ORIENTED_EDGE('',*,*,#3068,.F.);
#2123=ORIENTED_EDGE('',*,*,#2663,.F.);
#2124=ORIENTED_EDGE('',*,*,#3069,.F.);
#2125=ORIENTED_EDGE('',*,*,#2430,.T.);
#2126=ORIENTED_EDGE('',*,*,#3070,.F.);
#2127=ORIENTED_EDGE('',*,*,#2428,.T.);
#2128=ORIENTED_EDGE('',*,*,#3071,.F.);
#2129=ORIENTED_EDGE('',*,*,#2665,.F.);
#2130=ORIENTED_EDGE('',*,*,#3072,.F.);
#2131=ORIENTED_EDGE('',*,*,#2429,.T.);
#2132=ORIENTED_EDGE('',*,*,#3072,.T.);
#2133=ORIENTED_EDGE('',*,*,#2664,.T.);
#2134=ORIENTED_EDGE('',*,*,#3070,.T.);
#2135=ORIENTED_EDGE('',*,*,#2442,.T.);
#2136=ORIENTED_EDGE('',*,*,#3068,.T.);
#2137=ORIENTED_EDGE('',*,*,#2651,.T.);
#2138=ORIENTED_EDGE('',*,*,#3071,.T.);
#2139=ORIENTED_EDGE('',*,*,#2662,.T.);
#2140=ORIENTED_EDGE('',*,*,#3066,.T.);
#2141=ORIENTED_EDGE('',*,*,#2431,.T.);
#2142=ORIENTED_EDGE('',*,*,#3069,.T.);
#2143=ORIENTED_EDGE('',*,*,#2653,.T.);
#2144=ORIENTED_EDGE('',*,*,#3067,.T.);
#2145=ORIENTED_EDGE('',*,*,#2440,.T.);
#2146=ORIENTED_EDGE('',*,*,#3065,.T.);
#2147=ORIENTED_EDGE('',*,*,#2434,.T.);
#2148=ORIENTED_EDGE('',*,*,#3059,.T.);
#2149=ORIENTED_EDGE('',*,*,#2659,.T.);
#2150=ORIENTED_EDGE('',*,*,#3061,.T.);
#2151=ORIENTED_EDGE('',*,*,#2436,.T.);
#2152=ORIENTED_EDGE('',*,*,#3060,.T.);
#2153=ORIENTED_EDGE('',*,*,#2657,.T.);
#2154=ORIENTED_EDGE('',*,*,#3063,.T.);
#2155=ORIENTED_EDGE('',*,*,#2438,.T.);
#2156=ORIENTED_EDGE('',*,*,#3062,.T.);
#2157=ORIENTED_EDGE('',*,*,#2655,.T.);
#2158=ORIENTED_EDGE('',*,*,#3064,.T.);
#2159=ORIENTED_EDGE('',*,*,#2262,.F.);
#2160=ORIENTED_EDGE('',*,*,#3073,.F.);
#2161=ORIENTED_EDGE('',*,*,#2454,.T.);
#2162=ORIENTED_EDGE('',*,*,#3074,.F.);
#2163=ORIENTED_EDGE('',*,*,#2861,.T.);
#2164=ORIENTED_EDGE('',*,*,#2256,.T.);
#2165=ORIENTED_EDGE('',*,*,#3075,.F.);
#2166=ORIENTED_EDGE('',*,*,#2452,.F.);
#2167=ORIENTED_EDGE('',*,*,#3076,.F.);
#2168=ORIENTED_EDGE('',*,*,#2456,.F.);
#2169=ORIENTED_EDGE('',*,*,#3077,.F.);
#2170=ORIENTED_EDGE('',*,*,#2260,.T.);
#2171=ORIENTED_EDGE('',*,*,#3078,.F.);
#2172=ORIENTED_EDGE('',*,*,#2450,.F.);
#2173=ORIENTED_EDGE('',*,*,#3079,.F.);
#2174=ORIENTED_EDGE('',*,*,#2258,.T.);
#2175=ORIENTED_EDGE('',*,*,#3080,.F.);
#2176=ORIENTED_EDGE('',*,*,#2451,.T.);
#2177=ORIENTED_EDGE('',*,*,#3080,.T.);
#2178=ORIENTED_EDGE('',*,*,#2257,.T.);
#2179=ORIENTED_EDGE('',*,*,#3076,.T.);
#2180=ORIENTED_EDGE('',*,*,#2449,.T.);
#2181=ORIENTED_EDGE('',*,*,#3078,.T.);
#2182=ORIENTED_EDGE('',*,*,#2259,.T.);
#2183=ORIENTED_EDGE('',*,*,#3079,.T.);
#2184=ORIENTED_EDGE('',*,*,#2453,.T.);
#2185=ORIENTED_EDGE('',*,*,#3075,.T.);
#2186=ORIENTED_EDGE('',*,*,#2255,.T.);
#2187=ORIENTED_EDGE('',*,*,#3074,.T.);
#2188=ORIENTED_EDGE('',*,*,#2261,.T.);
#2189=ORIENTED_EDGE('',*,*,#3077,.T.);
#2190=ORIENTED_EDGE('',*,*,#2455,.T.);
#2191=ORIENTED_EDGE('',*,*,#3073,.T.);
#2192=ORIENTED_EDGE('',*,*,#2868,.F.);
#2193=ORIENTED_EDGE('',*,*,#2248,.T.);
#2194=ORIENTED_EDGE('',*,*,#2859,.T.);
#2195=ORIENTED_EDGE('',*,*,#2211,.F.);
#2196=ORIENTED_EDGE('',*,*,#2856,.F.);
#2197=ORIENTED_EDGE('',*,*,#2202,.T.);
#2198=ORIENTED_EDGE('',*,*,#2857,.T.);
#2199=ORIENTED_EDGE('',*,*,#2290,.F.);
#2200=ORIENTED_EDGE('',*,*,#2865,.F.);
#2201=ORIENTED_EDGE('',*,*,#2854,.F.);
#2202=EDGE_CURVE('',#3081,#3082,#3664,.T.);
#2203=EDGE_CURVE('',#3083,#3081,#3665,.T.);
#2204=EDGE_CURVE('',#3084,#3083,#3666,.T.);
#2205=EDGE_CURVE('',#3084,#3085,#165,.T.);
#2206=EDGE_CURVE('',#3086,#3085,#3667,.T.);
#2207=EDGE_CURVE('',#3086,#3087,#3668,.T.);
#2208=EDGE_CURVE('',#3087,#3088,#3669,.T.);
#2209=EDGE_CURVE('',#3082,#3088,#3670,.T.);
#2210=EDGE_CURVE('',#3089,#3090,#3671,.T.);
#2211=EDGE_CURVE('',#3090,#3091,#3672,.T.);
#2212=EDGE_CURVE('',#3091,#3092,#3673,.T.);
#2213=EDGE_CURVE('',#3093,#3092,#3674,.T.);
#2214=EDGE_CURVE('',#3094,#3093,#3675,.T.);
#2215=EDGE_CURVE('',#3094,#3095,#3676,.T.);
#2216=EDGE_CURVE('',#3095,#3096,#166,.F.);
#2217=EDGE_CURVE('',#3096,#3089,#3677,.T.);
#2218=EDGE_CURVE('',#3097,#3098,#167,.F.);
#2219=EDGE_CURVE('',#3099,#3097,#3678,.T.);
#2220=EDGE_CURVE('',#3100,#3099,#168,.F.);
#2221=EDGE_CURVE('',#3101,#3100,#3679,.T.);
#2222=EDGE_CURVE('',#3102,#3101,#169,.F.);
#2223=EDGE_CURVE('',#3102,#3103,#3680,.T.);
#2224=EDGE_CURVE('',#3104,#3103,#170,.T.);
#2225=EDGE_CURVE('',#3105,#3104,#171,.F.);
#2226=EDGE_CURVE('',#3106,#3105,#3681,.T.);
#2227=EDGE_CURVE('',#3107,#3106,#172,.F.);
#2228=EDGE_CURVE('',#3108,#3107,#3682,.T.);
#2229=EDGE_CURVE('',#3109,#3108,#173,.F.);
#2230=EDGE_CURVE('',#3110,#3109,#3683,.T.);
#2231=EDGE_CURVE('',#3110,#3111,#3684,.T.);
#2232=EDGE_CURVE('',#3112,#3111,#3685,.T.);
#2233=EDGE_CURVE('',#3113,#3112,#174,.F.);
#2234=EDGE_CURVE('',#3114,#3113,#3686,.T.);
#2235=EDGE_CURVE('',#3115,#3114,#175,.F.);
#2236=EDGE_CURVE('',#3116,#3115,#3687,.T.);
#2237=EDGE_CURVE('',#3117,#3116,#176,.F.);
#2238=EDGE_CURVE('',#3118,#3117,#177,.T.);
#2239=EDGE_CURVE('',#3119,#3118,#178,.F.);
#2240=EDGE_CURVE('',#3120,#3119,#179,.T.);
#2241=EDGE_CURVE('',#3121,#3120,#3688,.T.);
#2242=EDGE_CURVE('',#3122,#3121,#180,.F.);
#2243=EDGE_CURVE('',#3123,#3122,#3689,.T.);
#2244=EDGE_CURVE('',#3124,#3123,#181,.F.);
#2245=EDGE_CURVE('',#3125,#3124,#3690,.T.);
#2246=EDGE_CURVE('',#3126,#3125,#182,.F.);
#2247=EDGE_CURVE('',#3111,#3126,#3691,.T.);
#2248=EDGE_CURVE('',#3127,#3111,#3692,.T.);
#2249=EDGE_CURVE('',#3127,#3128,#3693,.F.);
#2250=EDGE_CURVE('',#3129,#3128,#3694,.T.);
#2251=EDGE_CURVE('',#3130,#3129,#183,.F.);
#2252=EDGE_CURVE('',#3131,#3130,#3695,.T.);
#2253=EDGE_CURVE('',#3132,#3131,#184,.F.);
#2254=EDGE_CURVE('',#3132,#3133,#3696,.T.);
#2255=EDGE_CURVE('',#3134,#3133,#185,.F.);
#2256=EDGE_CURVE('',#3135,#3134,#3697,.T.);
#2257=EDGE_CURVE('',#3136,#3135,#186,.F.);
#2258=EDGE_CURVE('',#3137,#3136,#3698,.T.);
#2259=EDGE_CURVE('',#3138,#3137,#187,.F.);
#2260=EDGE_CURVE('',#3139,#3138,#3699,.T.);
#2261=EDGE_CURVE('',#3140,#3139,#188,.F.);
#2262=EDGE_CURVE('',#3140,#3095,#3700,.T.);
#2263=EDGE_CURVE('',#3094,#3141,#3701,.T.);
#2264=EDGE_CURVE('',#3141,#3142,#3702,.T.);
#2265=EDGE_CURVE('',#3142,#3143,#3703,.F.);
#2266=EDGE_CURVE('',#3143,#3144,#3704,.T.);
#2267=EDGE_CURVE('',#3144,#3145,#3705,.F.);
#2268=EDGE_CURVE('',#3146,#3145,#3706,.T.);
#2269=EDGE_CURVE('',#3147,#3146,#3707,.T.);
#2270=EDGE_CURVE('',#3148,#3147,#3708,.T.);
#2271=EDGE_CURVE('',#3148,#3149,#3709,.F.);
#2272=EDGE_CURVE('',#3149,#3150,#3710,.F.);
#2273=EDGE_CURVE('',#3150,#3151,#3711,.F.);
#2274=EDGE_CURVE('',#3152,#3151,#3712,.T.);
#2275=EDGE_CURVE('',#3152,#3086,#3713,.T.);
#2276=EDGE_CURVE('',#3085,#3153,#3714,.T.);
#2277=EDGE_CURVE('',#3154,#3153,#189,.F.);
#2278=EDGE_CURVE('',#3155,#3154,#3715,.T.);
#2279=EDGE_CURVE('',#3156,#3155,#190,.F.);
#2280=EDGE_CURVE('',#3157,#3156,#3716,.T.);
#2281=EDGE_CURVE('',#3158,#3157,#191,.F.);
#2282=EDGE_CURVE('',#3159,#3158,#3717,.T.);
#2283=EDGE_CURVE('',#3160,#3159,#192,.F.);
#2284=EDGE_CURVE('',#3160,#3161,#3718,.T.);
#2285=EDGE_CURVE('',#3162,#3161,#193,.F.);
#2286=EDGE_CURVE('',#3163,#3162,#3719,.T.);
#2287=EDGE_CURVE('',#3164,#3163,#194,.F.);
#2288=EDGE_CURVE('',#3165,#3164,#3720,.T.);
#2289=EDGE_CURVE('',#3165,#3166,#3721,.F.);
#2290=EDGE_CURVE('',#3166,#3110,#3722,.T.);
#2291=EDGE_CURVE('',#3098,#3110,#3723,.T.);
#2292=EDGE_CURVE('',#3167,#3168,#195,.F.);
#2293=EDGE_CURVE('',#3169,#3167,#3724,.T.);
#2294=EDGE_CURVE('',#3170,#3169,#196,.F.);
#2295=EDGE_CURVE('',#3171,#3170,#3725,.T.);
#2296=EDGE_CURVE('',#3172,#3171,#197,.F.);
#2297=EDGE_CURVE('',#3173,#3172,#3726,.T.);
#2298=EDGE_CURVE('',#3174,#3173,#198,.F.);
#2299=EDGE_CURVE('',#3174,#3175,#3727,.T.);
#2300=EDGE_CURVE('',#3176,#3175,#199,.F.);
#2301=EDGE_CURVE('',#3176,#3177,#3728,.T.);
#2302=EDGE_CURVE('',#3178,#3177,#200,.T.);
#2303=EDGE_CURVE('',#3179,#3178,#201,.F.);
#2304=EDGE_CURVE('',#3179,#3180,#3729,.T.);
#2305=EDGE_CURVE('',#3181,#3180,#202,.F.);
#2306=EDGE_CURVE('',#3168,#3181,#203,.T.);
#2307=EDGE_CURVE('',#3182,#3183,#204,.F.);
#2308=EDGE_CURVE('',#3184,#3182,#3730,.T.);
#2309=EDGE_CURVE('',#3185,#3184,#205,.F.);
#2310=EDGE_CURVE('',#3186,#3185,#3731,.T.);
#2311=EDGE_CURVE('',#3187,#3186,#206,.F.);
#2312=EDGE_CURVE('',#3188,#3187,#207,.T.);
#2313=EDGE_CURVE('',#3189,#3188,#3732,.T.);
#2314=EDGE_CURVE('',#3189,#3190,#208,.F.);
#2315=EDGE_CURVE('',#3191,#3190,#209,.F.);
#2316=EDGE_CURVE('',#3192,#3191,#3733,.T.);
#2317=EDGE_CURVE('',#3193,#3192,#210,.F.);
#2318=EDGE_CURVE('',#3193,#3194,#3734,.T.);
#2319=EDGE_CURVE('',#3195,#3194,#211,.F.);
#2320=EDGE_CURVE('',#3183,#3195,#3735,.T.);
#2321=EDGE_CURVE('',#3196,#3197,#212,.F.);
#2322=EDGE_CURVE('',#3198,#3196,#213,.T.);
#2323=EDGE_CURVE('',#3199,#3198,#214,.F.);
#2324=EDGE_CURVE('',#3200,#3199,#3736,.T.);
#2325=EDGE_CURVE('',#3201,#3200,#215,.F.);
#2326=EDGE_CURVE('',#3202,#3201,#3737,.T.);
#2327=EDGE_CURVE('',#3203,#3202,#216,.F.);
#2328=EDGE_CURVE('',#3204,#3203,#3738,.T.);
#2329=EDGE_CURVE('',#3205,#3204,#217,.F.);
#2330=EDGE_CURVE('',#3197,#3205,#3739,.T.);
#2331=EDGE_CURVE('',#3206,#3207,#218,.F.);
#2332=EDGE_CURVE('',#3208,#3206,#3740,.T.);
#2333=EDGE_CURVE('',#3209,#3208,#219,.F.);
#2334=EDGE_CURVE('',#3210,#3209,#3741,.T.);
#2335=EDGE_CURVE('',#3211,#3210,#220,.F.);
#2336=EDGE_CURVE('',#3212,#3211,#221,.T.);
#2337=EDGE_CURVE('',#3213,#3212,#222,.F.);
#2338=EDGE_CURVE('',#3214,#3213,#3742,.T.);
#2339=EDGE_CURVE('',#3215,#3214,#223,.F.);
#2340=EDGE_CURVE('',#3216,#3215,#3743,.T.);
#2341=EDGE_CURVE('',#3217,#3216,#224,.F.);
#2342=EDGE_CURVE('',#3207,#3217,#3744,.T.);
#2343=EDGE_CURVE('',#3218,#3219,#225,.F.);
#2344=EDGE_CURVE('',#3220,#3218,#3745,.T.);
#2345=EDGE_CURVE('',#3221,#3220,#226,.F.);
#2346=EDGE_CURVE('',#3222,#3221,#3746,.T.);
#2347=EDGE_CURVE('',#3223,#3222,#227,.F.);
#2348=EDGE_CURVE('',#3224,#3223,#3747,.T.);
#2349=EDGE_CURVE('',#3225,#3224,#228,.F.);
#2350=EDGE_CURVE('',#3225,#3226,#3748,.T.);
#2351=EDGE_CURVE('',#3227,#3226,#229,.F.);
#2352=EDGE_CURVE('',#3228,#3227,#230,.T.);
#2353=EDGE_CURVE('',#3229,#3228,#3749,.T.);
#2354=EDGE_CURVE('',#3230,#3229,#231,.F.);
#2355=EDGE_CURVE('',#3230,#3219,#3750,.T.);
#2356=EDGE_CURVE('',#3231,#3232,#3751,.T.);
#2357=EDGE_CURVE('',#3232,#3233,#232,.T.);
#2358=EDGE_CURVE('',#3234,#3233,#3752,.T.);
#2359=EDGE_CURVE('',#3231,#3234,#233,.T.);
#2360=EDGE_CURVE('',#3235,#3236,#3753,.T.);
#2361=EDGE_CURVE('',#3236,#3237,#234,.T.);
#2362=EDGE_CURVE('',#3238,#3237,#3754,.T.);
#2363=EDGE_CURVE('',#3239,#3238,#235,.T.);
#2364=EDGE_CURVE('',#3235,#3239,#236,.T.);
#2365=EDGE_CURVE('',#3240,#3241,#237,.T.);
#2366=EDGE_CURVE('',#3240,#3242,#3755,.T.);
#2367=EDGE_CURVE('',#3243,#3242,#238,.T.);
#2368=EDGE_CURVE('',#3244,#3243,#3756,.T.);
#2369=EDGE_CURVE('',#3244,#3245,#3757,.T.);
#2370=EDGE_CURVE('',#3241,#3245,#239,.T.);
#2371=EDGE_CURVE('',#3246,#3247,#3758,.T.);
#2372=EDGE_CURVE('',#3246,#3248,#3759,.T.);
#2373=EDGE_CURVE('',#3248,#3249,#3760,.T.);
#2374=EDGE_CURVE('',#3247,#3249,#3761,.T.);
#2375=EDGE_CURVE('',#3250,#3250,#240,.F.);
#2376=EDGE_CURVE('',#3251,#3251,#241,.T.);
#2377=EDGE_CURVE('',#3252,#3252,#242,.T.);
#2378=EDGE_CURVE('',#3253,#3253,#243,.F.);
#2379=EDGE_CURVE('',#3254,#3254,#244,.T.);
#2380=EDGE_CURVE('',#3255,#3256,#3762,.T.);
#2381=EDGE_CURVE('',#3257,#3255,#245,.T.);
#2382=EDGE_CURVE('',#3257,#3258,#3763,.T.);
#2383=EDGE_CURVE('',#3256,#3258,#246,.T.);
#2384=EDGE_CURVE('',#3259,#3260,#247,.F.);
#2385=EDGE_CURVE('',#3261,#3259,#3764,.T.);
#2386=EDGE_CURVE('',#3262,#3261,#248,.F.);
#2387=EDGE_CURVE('',#3263,#3262,#3765,.T.);
#2388=EDGE_CURVE('',#3264,#3263,#249,.F.);
#2389=EDGE_CURVE('',#3265,#3264,#3766,.T.);
#2390=EDGE_CURVE('',#3266,#3265,#250,.F.);
#2391=EDGE_CURVE('',#3260,#3266,#3767,.T.);
#2392=EDGE_CURVE('',#3267,#3268,#251,.F.);
#2393=EDGE_CURVE('',#3269,#3268,#252,.F.);
#2394=EDGE_CURVE('',#3270,#3269,#3768,.T.);
#2395=EDGE_CURVE('',#3271,#3270,#253,.F.);
#2396=EDGE_CURVE('',#3272,#3271,#3769,.T.);
#2397=EDGE_CURVE('',#3273,#3272,#254,.F.);
#2398=EDGE_CURVE('',#3273,#3274,#3770,.T.);
#2399=EDGE_CURVE('',#3275,#3274,#255,.F.);
#2400=EDGE_CURVE('',#3276,#3275,#3771,.T.);
#2401=EDGE_CURVE('',#3267,#3276,#256,.F.);
#2402=EDGE_CURVE('',#3277,#3278,#257,.F.);
#2403=EDGE_CURVE('',#3279,#3277,#3772,.T.);
#2404=EDGE_CURVE('',#3280,#3279,#258,.F.);
#2405=EDGE_CURVE('',#3281,#3280,#3773,.T.);
#2406=EDGE_CURVE('',#3282,#3281,#259,.F.);
#2407=EDGE_CURVE('',#3283,#3282,#3774,.T.);
#2408=EDGE_CURVE('',#3284,#3283,#260,.F.);
#2409=EDGE_CURVE('',#3285,#3284,#3775,.T.);
#2410=EDGE_CURVE('',#3286,#3285,#261,.F.);
#2411=EDGE_CURVE('',#3287,#3286,#262,.T.);
#2412=EDGE_CURVE('',#3288,#3287,#263,.F.);
#2413=EDGE_CURVE('',#3278,#3288,#3776,.T.);
#2414=EDGE_CURVE('',#3289,#3290,#264,.T.);
#2415=EDGE_CURVE('',#3291,#3289,#265,.F.);
#2416=EDGE_CURVE('',#3292,#3291,#3777,.T.);
#2417=EDGE_CURVE('',#3293,#3292,#266,.F.);
#2418=EDGE_CURVE('',#3294,#3293,#3778,.T.);
#2419=EDGE_CURVE('',#3295,#3294,#267,.F.);
#2420=EDGE_CURVE('',#3296,#3295,#3779,.T.);
#2421=EDGE_CURVE('',#3297,#3296,#268,.F.);
#2422=EDGE_CURVE('',#3298,#3297,#3780,.T.);
#2423=EDGE_CURVE('',#3299,#3298,#269,.F.);
#2424=EDGE_CURVE('',#3300,#3299,#3781,.T.);
#2425=EDGE_CURVE('',#3301,#3300,#270,.F.);
#2426=EDGE_CURVE('',#3302,#3301,#271,.T.);
#2427=EDGE_CURVE('',#3302,#3290,#3782,.T.);
#2428=EDGE_CURVE('',#3303,#3304,#3783,.T.);
#2429=EDGE_CURVE('',#3305,#3303,#272,.F.);
#2430=EDGE_CURVE('',#3306,#3305,#3784,.T.);
#2431=EDGE_CURVE('',#3307,#3306,#273,.F.);
#2432=EDGE_CURVE('',#3308,#3307,#3785,.T.);
#2433=EDGE_CURVE('',#3309,#3308,#274,.T.);
#2434=EDGE_CURVE('',#3310,#3309,#275,.F.);
#2435=EDGE_CURVE('',#3310,#3311,#276,.F.);
#2436=EDGE_CURVE('',#3312,#3311,#277,.F.);
#2437=EDGE_CURVE('',#3313,#3312,#278,.T.);
#2438=EDGE_CURVE('',#3314,#3313,#279,.F.);
#2439=EDGE_CURVE('',#3314,#3315,#3786,.T.);
#2440=EDGE_CURVE('',#3316,#3315,#280,.F.);
#2441=EDGE_CURVE('',#3317,#3316,#3787,.T.);
#2442=EDGE_CURVE('',#3304,#3317,#281,.F.);
#2443=EDGE_CURVE('',#3318,#3319,#3788,.T.);
#2444=EDGE_CURVE('',#3318,#3320,#3789,.F.);
#2445=EDGE_CURVE('',#3321,#3320,#3790,.T.);
#2446=EDGE_CURVE('',#3322,#3321,#282,.F.);
#2447=EDGE_CURVE('',#3322,#3323,#3791,.T.);
#2448=EDGE_CURVE('',#3319,#3323,#283,.F.);
#2449=EDGE_CURVE('',#3324,#3325,#284,.T.);
#2450=EDGE_CURVE('',#3324,#3326,#3792,.T.);
#2451=EDGE_CURVE('',#3327,#3326,#285,.T.);
#2452=EDGE_CURVE('',#3327,#3328,#3793,.T.);
#2453=EDGE_CURVE('',#3329,#3328,#286,.T.);
#2454=EDGE_CURVE('',#3330,#3329,#3794,.T.);
#2455=EDGE_CURVE('',#3331,#3330,#287,.T.);
#2456=EDGE_CURVE('',#3331,#3325,#3795,.T.);
#2457=EDGE_CURVE('',#3332,#3333,#288,.T.);
#2458=EDGE_CURVE('',#3332,#3334,#3796,.T.);
#2459=EDGE_CURVE('',#3335,#3334,#289,.T.);
#2460=EDGE_CURVE('',#3335,#3336,#3797,.T.);
#2461=EDGE_CURVE('',#3337,#3336,#290,.T.);
#2462=EDGE_CURVE('',#3337,#3338,#3798,.T.);
#2463=EDGE_CURVE('',#3339,#3338,#291,.T.);
#2464=EDGE_CURVE('',#3333,#3339,#3799,.T.);
#2465=EDGE_CURVE('',#3340,#3341,#292,.T.);
#2466=EDGE_CURVE('',#3340,#3342,#3800,.T.);
#2467=EDGE_CURVE('',#3343,#3342,#293,.T.);
#2468=EDGE_CURVE('',#3343,#3344,#3801,.T.);
#2469=EDGE_CURVE('',#3345,#3344,#294,.T.);
#2470=EDGE_CURVE('',#3345,#3346,#3802,.T.);
#2471=EDGE_CURVE('',#3347,#3346,#295,.T.);
#2472=EDGE_CURVE('',#3341,#3347,#3803,.T.);
#2473=EDGE_CURVE('',#3348,#3349,#296,.T.);
#2474=EDGE_CURVE('',#3348,#3350,#3804,.T.);
#2475=EDGE_CURVE('',#3351,#3350,#297,.T.);
#2476=EDGE_CURVE('',#3351,#3352,#3805,.T.);
#2477=EDGE_CURVE('',#3353,#3352,#298,.T.);
#2478=EDGE_CURVE('',#3354,#3353,#3806,.T.);
#2479=EDGE_CURVE('',#3355,#3354,#299,.T.);
#2480=EDGE_CURVE('',#3355,#3349,#3807,.T.);
#2481=EDGE_CURVE('',#3356,#3357,#300,.F.);
#2482=EDGE_CURVE('',#3358,#3356,#301,.T.);
#2483=EDGE_CURVE('',#3358,#3359,#3808,.T.);
#2484=EDGE_CURVE('',#3360,#3359,#302,.T.);
#2485=EDGE_CURVE('',#3361,#3360,#3809,.T.);
#2486=EDGE_CURVE('',#3362,#3361,#303,.T.);
#2487=EDGE_CURVE('',#3362,#3363,#3810,.T.);
#2488=EDGE_CURVE('',#3364,#3363,#304,.T.);
#2489=EDGE_CURVE('',#3364,#3365,#3811,.T.);
#2490=EDGE_CURVE('',#3357,#3365,#305,.T.);
#2491=EDGE_CURVE('',#3366,#3367,#306,.T.);
#2492=EDGE_CURVE('',#3366,#3368,#3812,.T.);
#2493=EDGE_CURVE('',#3369,#3368,#307,.T.);
#2494=EDGE_CURVE('',#3369,#3370,#3813,.T.);
#2495=EDGE_CURVE('',#3371,#3370,#308,.T.);
#2496=EDGE_CURVE('',#3371,#3372,#3814,.T.);
#2497=EDGE_CURVE('',#3373,#3372,#309,.T.);
#2498=EDGE_CURVE('',#3373,#3367,#3815,.T.);
#2499=EDGE_CURVE('',#3374,#3375,#3816,.T.);
#2500=EDGE_CURVE('',#3376,#3374,#310,.T.);
#2501=EDGE_CURVE('',#3376,#3377,#3817,.T.);
#2502=EDGE_CURVE('',#3375,#3377,#311,.T.);
#2503=EDGE_CURVE('',#3378,#3378,#312,.T.);
#2504=EDGE_CURVE('',#3379,#3379,#313,.T.);
#2505=EDGE_CURVE('',#3380,#3380,#314,.T.);
#2506=EDGE_CURVE('',#3381,#3382,#3818,.T.);
#2507=EDGE_CURVE('',#3382,#3383,#3819,.T.);
#2508=EDGE_CURVE('',#3383,#3384,#3820,.T.);
#2509=EDGE_CURVE('',#3384,#3385,#3821,.T.);
#2510=EDGE_CURVE('',#3386,#3385,#3822,.T.);
#2511=EDGE_CURVE('',#3386,#3381,#3823,.T.);
#2512=EDGE_CURVE('',#3387,#3387,#315,.T.);
#2513=EDGE_CURVE('',#3388,#3388,#316,.T.);
#2514=EDGE_CURVE('',#3389,#3390,#3824,.T.);
#2515=EDGE_CURVE('',#3391,#3389,#3825,.T.);
#2516=EDGE_CURVE('',#3391,#3392,#3826,.T.);
#2517=EDGE_CURVE('',#3390,#3392,#3827,.T.);
#2518=EDGE_CURVE('',#3393,#3394,#317,.T.);
#2519=EDGE_CURVE('',#3393,#3395,#3828,.T.);
#2520=EDGE_CURVE('',#3396,#3395,#318,.T.);
#2521=EDGE_CURVE('',#3397,#3396,#319,.T.);
#2522=EDGE_CURVE('',#3397,#3398,#3829,.T.);
#2523=EDGE_CURVE('',#3394,#3398,#3830,.T.);
#2524=EDGE_CURVE('',#3399,#3400,#3831,.T.);
#2525=EDGE_CURVE('',#3399,#3401,#320,.F.);
#2526=EDGE_CURVE('',#3401,#3402,#3832,.T.);
#2527=EDGE_CURVE('',#3403,#3402,#321,.T.);
#2528=EDGE_CURVE('',#3400,#3403,#322,.T.);
#2529=EDGE_CURVE('',#3404,#3405,#3833,.T.);
#2530=EDGE_CURVE('',#3404,#3406,#323,.F.);
#2531=EDGE_CURVE('',#3406,#3407,#3834,.T.);
#2532=EDGE_CURVE('',#3405,#3407,#324,.T.);
#2533=EDGE_CURVE('',#3408,#3409,#325,.T.);
#2534=EDGE_CURVE('',#3408,#3410,#3835,.T.);
#2535=EDGE_CURVE('',#3411,#3410,#326,.T.);
#2536=EDGE_CURVE('',#3412,#3411,#3836,.T.);
#2537=EDGE_CURVE('',#3413,#3412,#327,.T.);
#2538=EDGE_CURVE('',#3413,#3414,#3837,.T.);
#2539=EDGE_CURVE('',#3414,#3415,#328,.T.);
#2540=EDGE_CURVE('',#3416,#3415,#329,.T.);
#2541=EDGE_CURVE('',#3417,#3416,#3838,.T.);
#2542=EDGE_CURVE('',#3418,#3417,#330,.T.);
#2543=EDGE_CURVE('',#3418,#3419,#3839,.T.);
#2544=EDGE_CURVE('',#3420,#3419,#331,.T.);
#2545=EDGE_CURVE('',#3420,#3409,#3840,.T.);
#2546=EDGE_CURVE('',#3421,#3422,#332,.T.);
#2547=EDGE_CURVE('',#3421,#3423,#3841,.T.);
#2548=EDGE_CURVE('',#3424,#3423,#333,.T.);
#2549=EDGE_CURVE('',#3424,#3425,#3842,.T.);
#2550=EDGE_CURVE('',#3426,#3425,#334,.T.);
#2551=EDGE_CURVE('',#3426,#3427,#3843,.T.);
#2552=EDGE_CURVE('',#3428,#3427,#335,.T.);
#2553=EDGE_CURVE('',#3428,#3429,#336,.T.);
#2554=EDGE_CURVE('',#3430,#3429,#337,.T.);
#2555=EDGE_CURVE('',#3430,#3431,#3844,.T.);
#2556=EDGE_CURVE('',#3432,#3431,#338,.T.);
#2557=EDGE_CURVE('',#3432,#3422,#3845,.T.);
#2558=EDGE_CURVE('',#3433,#3434,#339,.T.);
#2559=EDGE_CURVE('',#3433,#3435,#340,.T.);
#2560=EDGE_CURVE('',#3436,#3435,#341,.T.);
#2561=EDGE_CURVE('',#3436,#3437,#3846,.T.);
#2562=EDGE_CURVE('',#3438,#3437,#342,.T.);
#2563=EDGE_CURVE('',#3438,#3439,#3847,.T.);
#2564=EDGE_CURVE('',#3440,#3439,#343,.T.);
#2565=EDGE_CURVE('',#3440,#3441,#3848,.T.);
#2566=EDGE_CURVE('',#3442,#3441,#344,.T.);
#2567=EDGE_CURVE('',#3442,#3434,#3849,.T.);
#2568=EDGE_CURVE('',#3443,#3444,#3850,.T.);
#2569=EDGE_CURVE('',#3444,#3445,#345,.T.);
#2570=EDGE_CURVE('',#3446,#3445,#346,.T.);
#2571=EDGE_CURVE('',#3446,#3447,#3851,.T.);
#2572=EDGE_CURVE('',#3448,#3447,#347,.T.);
#2573=EDGE_CURVE('',#3448,#3449,#3852,.T.);
#2574=EDGE_CURVE('',#3450,#3449,#348,.T.);
#2575=EDGE_CURVE('',#3450,#3451,#3853,.T.);
#2576=EDGE_CURVE('',#3452,#3451,#349,.T.);
#2577=EDGE_CURVE('',#3453,#3452,#3854,.T.);
#2578=EDGE_CURVE('',#3454,#3453,#350,.T.);
#2579=EDGE_CURVE('',#3454,#3455,#3855,.T.);
#2580=EDGE_CURVE('',#3456,#3455,#351,.T.);
#2581=EDGE_CURVE('',#3443,#3456,#352,.F.);
#2582=EDGE_CURVE('',#3457,#3458,#353,.T.);
#2583=EDGE_CURVE('',#3457,#3459,#3856,.T.);
#2584=EDGE_CURVE('',#3460,#3459,#354,.T.);
#2585=EDGE_CURVE('',#3460,#3461,#3857,.T.);
#2586=EDGE_CURVE('',#3462,#3461,#355,.T.);
#2587=EDGE_CURVE('',#3462,#3463,#3858,.T.);
#2588=EDGE_CURVE('',#3464,#3463,#356,.T.);
#2589=EDGE_CURVE('',#3464,#3465,#3859,.T.);
#2590=EDGE_CURVE('',#3466,#3465,#357,.T.);
#2591=EDGE_CURVE('',#3466,#3467,#358,.T.);
#2592=EDGE_CURVE('',#3468,#3467,#3860,.T.);
#2593=EDGE_CURVE('',#3469,#3468,#359,.T.);
#2594=EDGE_CURVE('',#3469,#3458,#3861,.T.);
#2595=EDGE_CURVE('',#3470,#3471,#360,.T.);
#2596=EDGE_CURVE('',#3470,#3472,#3862,.T.);
#2597=EDGE_CURVE('',#3473,#3472,#361,.T.);
#2598=EDGE_CURVE('',#3473,#3474,#3863,.T.);
#2599=EDGE_CURVE('',#3475,#3474,#362,.T.);
#2600=EDGE_CURVE('',#3475,#3476,#3864,.T.);
#2601=EDGE_CURVE('',#3477,#3476,#363,.F.);
#2602=EDGE_CURVE('',#3478,#3477,#364,.T.);
#2603=EDGE_CURVE('',#3478,#3479,#365,.T.);
#2604=EDGE_CURVE('',#3480,#3479,#366,.T.);
#2605=EDGE_CURVE('',#3480,#3481,#3865,.T.);
#2606=EDGE_CURVE('',#3482,#3481,#367,.T.);
#2607=EDGE_CURVE('',#3482,#3483,#3866,.T.);
#2608=EDGE_CURVE('',#3484,#3483,#368,.T.);
#2609=EDGE_CURVE('',#3484,#3471,#3867,.T.);
#2610=EDGE_CURVE('',#3485,#3486,#369,.T.);
#2611=EDGE_CURVE('',#3485,#3487,#3868,.T.);
#2612=EDGE_CURVE('',#3488,#3487,#370,.T.);
#2613=EDGE_CURVE('',#3488,#3489,#371,.T.);
#2614=EDGE_CURVE('',#3490,#3489,#372,.T.);
#2615=EDGE_CURVE('',#3491,#3490,#3869,.T.);
#2616=EDGE_CURVE('',#3492,#3491,#373,.T.);
#2617=EDGE_CURVE('',#3492,#3493,#374,.T.);
#2618=EDGE_CURVE('',#3494,#3493,#3870,.T.);
#2619=EDGE_CURVE('',#3495,#3494,#375,.T.);
#2620=EDGE_CURVE('',#3496,#3495,#3871,.T.);
#2621=EDGE_CURVE('',#3497,#3496,#376,.T.);
#2622=EDGE_CURVE('',#3497,#3498,#3872,.T.);
#2623=EDGE_CURVE('',#3499,#3498,#377,.T.);
#2624=EDGE_CURVE('',#3499,#3486,#3873,.T.);
#2625=EDGE_CURVE('',#3500,#3501,#378,.T.);
#2626=EDGE_CURVE('',#3500,#3502,#3874,.T.);
#2627=EDGE_CURVE('',#3503,#3502,#379,.T.);
#2628=EDGE_CURVE('',#3503,#3504,#3875,.T.);
#2629=EDGE_CURVE('',#3505,#3504,#380,.T.);
#2630=EDGE_CURVE('',#3505,#3506,#381,.T.);
#2631=EDGE_CURVE('',#3507,#3506,#382,.T.);
#2632=EDGE_CURVE('',#3507,#3508,#3876,.T.);
#2633=EDGE_CURVE('',#3509,#3508,#383,.T.);
#2634=EDGE_CURVE('',#3509,#3510,#3877,.T.);
#2635=EDGE_CURVE('',#3511,#3510,#384,.T.);
#2636=EDGE_CURVE('',#3511,#3501,#3878,.T.);
#2637=EDGE_CURVE('',#3512,#3513,#385,.T.);
#2638=EDGE_CURVE('',#3512,#3514,#3879,.T.);
#2639=EDGE_CURVE('',#3515,#3514,#386,.T.);
#2640=EDGE_CURVE('',#3515,#3516,#3880,.T.);
#2641=EDGE_CURVE('',#3517,#3516,#387,.T.);
#2642=EDGE_CURVE('',#3517,#3518,#388,.T.);
#2643=EDGE_CURVE('',#3519,#3518,#3881,.T.);
#2644=EDGE_CURVE('',#3519,#3520,#389,.T.);
#2645=EDGE_CURVE('',#3521,#3520,#390,.T.);
#2646=EDGE_CURVE('',#3521,#3522,#3882,.T.);
#2647=EDGE_CURVE('',#3523,#3522,#391,.T.);
#2648=EDGE_CURVE('',#3523,#3524,#3883,.T.);
#2649=EDGE_CURVE('',#3525,#3524,#392,.T.);
#2650=EDGE_CURVE('',#3525,#3513,#3884,.T.);
#2651=EDGE_CURVE('',#3526,#3527,#393,.T.);
#2652=EDGE_CURVE('',#3526,#3528,#3885,.T.);
#2653=EDGE_CURVE('',#3529,#3528,#394,.T.);
#2654=EDGE_CURVE('',#3530,#3529,#3886,.T.);
#2655=EDGE_CURVE('',#3531,#3530,#395,.T.);
#2656=EDGE_CURVE('',#3531,#3532,#396,.T.);
#2657=EDGE_CURVE('',#3533,#3532,#397,.T.);
#2658=EDGE_CURVE('',#3534,#3533,#398,.F.);
#2659=EDGE_CURVE('',#3535,#3534,#399,.T.);
#2660=EDGE_CURVE('',#3536,#3535,#400,.F.);
#2661=EDGE_CURVE('',#3536,#3537,#3887,.T.);
#2662=EDGE_CURVE('',#3538,#3537,#401,.T.);
#2663=EDGE_CURVE('',#3538,#3539,#3888,.T.);
#2664=EDGE_CURVE('',#3540,#3539,#402,.T.);
#2665=EDGE_CURVE('',#3540,#3527,#3889,.T.);
#2666=EDGE_CURVE('',#3541,#3542,#3890,.T.);
#2667=EDGE_CURVE('',#3542,#3543,#3891,.T.);
#2668=EDGE_CURVE('',#3544,#3543,#3892,.T.);
#2669=EDGE_CURVE('',#3544,#3541,#3893,.T.);
#2670=EDGE_CURVE('',#3545,#3546,#3894,.T.);
#2671=EDGE_CURVE('',#3546,#3547,#3895,.T.);
#2672=EDGE_CURVE('',#3548,#3547,#3896,.T.);
#2673=EDGE_CURVE('',#3548,#3545,#3897,.T.);
#2674=EDGE_CURVE('',#3549,#3550,#3898,.T.);
#2675=EDGE_CURVE('',#3550,#3551,#3899,.T.);
#2676=EDGE_CURVE('',#3552,#3551,#3900,.T.);
#2677=EDGE_CURVE('',#3549,#3552,#3901,.T.);
#2678=EDGE_CURVE('',#3553,#3554,#403,.T.);
#2679=EDGE_CURVE('',#3555,#3553,#3902,.T.);
#2680=EDGE_CURVE('',#3555,#3556,#404,.T.);
#2681=EDGE_CURVE('',#3556,#3554,#3903,.T.);
#2682=EDGE_CURVE('',#3554,#3557,#3904,.T.);
#2683=EDGE_CURVE('',#3556,#3558,#3905,.T.);
#2684=EDGE_CURVE('',#3558,#3557,#3906,.T.);
#2685=EDGE_CURVE('',#3559,#3557,#405,.T.);
#2686=EDGE_CURVE('',#3560,#3558,#406,.T.);
#2687=EDGE_CURVE('',#3560,#3559,#3907,.T.);
#2688=EDGE_CURVE('',#3561,#3559,#3908,.T.);
#2689=EDGE_CURVE('',#3562,#3560,#3909,.T.);
#2690=EDGE_CURVE('',#3562,#3561,#3910,.T.);
#2691=EDGE_CURVE('',#3561,#3563,#407,.T.);
#2692=EDGE_CURVE('',#3562,#3564,#408,.T.);
#2693=EDGE_CURVE('',#3564,#3563,#3911,.T.);
#2694=EDGE_CURVE('',#3565,#3563,#3912,.T.);
#2695=EDGE_CURVE('',#3566,#3564,#3913,.T.);
#2696=EDGE_CURVE('',#3566,#3565,#3914,.T.);
#2697=EDGE_CURVE('',#3567,#3565,#409,.T.);
#2698=EDGE_CURVE('',#3568,#3566,#410,.T.);
#2699=EDGE_CURVE('',#3568,#3567,#3915,.T.);
#2700=EDGE_CURVE('',#3569,#3570,#3916,.T.);
#2701=EDGE_CURVE('',#3571,#3569,#3917,.T.);
#2702=EDGE_CURVE('',#3571,#3572,#3918,.T.);
#2703=EDGE_CURVE('',#3572,#3570,#3919,.T.);
#2704=EDGE_CURVE('',#3573,#3572,#3920,.T.);
#2705=EDGE_CURVE('',#3573,#3574,#3921,.T.);
#2706=EDGE_CURVE('',#3574,#3570,#3922,.T.);
#2707=EDGE_CURVE('',#3574,#3575,#3923,.T.);
#2708=EDGE_CURVE('',#3573,#3576,#3924,.T.);
#2709=EDGE_CURVE('',#3576,#3575,#3925,.T.);
#2710=EDGE_CURVE('',#3577,#3575,#411,.T.);
#2711=EDGE_CURVE('',#3578,#3576,#412,.T.);
#2712=EDGE_CURVE('',#3578,#3577,#3926,.T.);
#2713=EDGE_CURVE('',#3577,#3579,#3927,.T.);
#2714=EDGE_CURVE('',#3578,#3580,#3928,.T.);
#2715=EDGE_CURVE('',#3580,#3579,#3929,.T.);
#2716=EDGE_CURVE('',#3579,#3581,#3930,.T.);
#2717=EDGE_CURVE('',#3580,#3582,#3931,.T.);
#2718=EDGE_CURVE('',#3582,#3581,#3932,.T.);
#2719=EDGE_CURVE('',#3581,#3583,#3933,.T.);
#2720=EDGE_CURVE('',#3582,#3584,#3934,.T.);
#2721=EDGE_CURVE('',#3584,#3583,#3935,.T.);
#2722=EDGE_CURVE('',#3585,#3583,#413,.T.);
#2723=EDGE_CURVE('',#3586,#3584,#414,.T.);
#2724=EDGE_CURVE('',#3586,#3585,#3936,.T.);
#2725=EDGE_CURVE('',#3585,#3552,#3937,.T.);
#2726=EDGE_CURVE('',#3586,#3549,#3938,.T.);
#2727=EDGE_CURVE('',#3587,#3588,#3939,.T.);
#2728=EDGE_CURVE('',#3587,#3589,#3940,.T.);
#2729=EDGE_CURVE('',#3590,#3589,#3941,.T.);
#2730=EDGE_CURVE('',#3588,#3590,#3942,.T.);
#2731=EDGE_CURVE('',#3541,#3591,#3943,.T.);
#2732=EDGE_CURVE('',#3544,#3592,#3944,.T.);
#2733=EDGE_CURVE('',#3592,#3591,#3945,.T.);
#2734=EDGE_CURVE('',#3593,#3591,#415,.T.);
#2735=EDGE_CURVE('',#3594,#3592,#416,.T.);
#2736=EDGE_CURVE('',#3594,#3593,#3946,.T.);
#2737=EDGE_CURVE('',#3593,#3595,#3947,.T.);
#2738=EDGE_CURVE('',#3594,#3596,#3948,.T.);
#2739=EDGE_CURVE('',#3596,#3595,#3949,.T.);
#2740=EDGE_CURVE('',#3595,#3597,#3950,.T.);
#2741=EDGE_CURVE('',#3596,#3598,#3951,.T.);
#2742=EDGE_CURVE('',#3598,#3597,#3952,.T.);
#2743=EDGE_CURVE('',#3597,#3599,#3953,.T.);
#2744=EDGE_CURVE('',#3598,#3600,#3954,.T.);
#2745=EDGE_CURVE('',#3600,#3599,#3955,.T.);
#2746=EDGE_CURVE('',#3601,#3599,#417,.T.);
#2747=EDGE_CURVE('',#3602,#3600,#418,.T.);
#2748=EDGE_CURVE('',#3602,#3601,#3956,.T.);
#2749=EDGE_CURVE('',#3601,#3603,#3957,.T.);
#2750=EDGE_CURVE('',#3602,#3604,#3958,.T.);
#2751=EDGE_CURVE('',#3604,#3603,#3959,.T.);
#2752=EDGE_CURVE('',#3603,#3569,#3960,.T.);
#2753=EDGE_CURVE('',#3604,#3571,#3961,.T.);
#2754=EDGE_CURVE('',#3567,#3553,#3962,.T.);
#2755=EDGE_CURVE('',#3568,#3555,#3963,.T.);
#2756=EDGE_CURVE('',#3543,#3605,#419,.T.);
#2757=EDGE_CURVE('',#3605,#3606,#3964,.T.);
#2758=EDGE_CURVE('',#3606,#3550,#420,.T.);
#2759=EDGE_CURVE('',#3551,#3382,#3965,.T.);
#2760=EDGE_CURVE('',#3152,#3381,#3966,.T.);
#2761=EDGE_CURVE('',#3151,#3542,#421,.F.);
#2762=EDGE_CURVE('',#3607,#3545,#3967,.T.);
#2763=EDGE_CURVE('',#3607,#3608,#422,.T.);
#2764=EDGE_CURVE('',#3609,#3608,#3968,.T.);
#2765=EDGE_CURVE('',#3610,#3609,#3969,.T.);
#2766=EDGE_CURVE('',#3611,#3610,#3970,.T.);
#2767=EDGE_CURVE('',#3611,#3612,#423,.T.);
#2768=EDGE_CURVE('',#3613,#3612,#3971,.T.);
#2769=EDGE_CURVE('',#3614,#3613,#3972,.T.);
#2770=EDGE_CURVE('',#3615,#3614,#3973,.T.);
#2771=EDGE_CURVE('',#3616,#3615,#3974,.T.);
#2772=EDGE_CURVE('',#3617,#3616,#3975,.T.);
#2773=EDGE_CURVE('',#3617,#3618,#424,.T.);
#2774=EDGE_CURVE('',#3619,#3618,#3976,.T.);
#2775=EDGE_CURVE('',#3620,#3619,#3977,.T.);
#2776=EDGE_CURVE('',#3621,#3620,#3978,.T.);
#2777=EDGE_CURVE('',#3621,#3622,#425,.T.);
#2778=EDGE_CURVE('',#3590,#3622,#3979,.T.);
#2779=EDGE_CURVE('',#3589,#3142,#426,.F.);
#2780=EDGE_CURVE('',#3141,#3386,#3980,.T.);
#2781=EDGE_CURVE('',#3546,#3385,#3981,.T.);
#2782=EDGE_CURVE('',#3623,#3624,#427,.T.);
#2783=EDGE_CURVE('',#3625,#3623,#3982,.T.);
#2784=EDGE_CURVE('',#3625,#3626,#428,.T.);
#2785=EDGE_CURVE('',#3626,#3627,#3983,.T.);
#2786=EDGE_CURVE('',#3628,#3627,#429,.T.);
#2787=EDGE_CURVE('',#3628,#3629,#3984,.T.);
#2788=EDGE_CURVE('',#3629,#3630,#430,.T.);
#2789=EDGE_CURVE('',#3624,#3630,#3985,.T.);
#2790=EDGE_CURVE('',#3631,#3624,#3986,.T.);
#2791=EDGE_CURVE('',#3632,#3631,#431,.T.);
#2792=EDGE_CURVE('',#3632,#3623,#3987,.T.);
#2793=EDGE_CURVE('',#3633,#3630,#3988,.T.);
#2794=EDGE_CURVE('',#3631,#3633,#3989,.T.);
#2795=EDGE_CURVE('',#3634,#3629,#3990,.T.);
#2796=EDGE_CURVE('',#3634,#3633,#432,.T.);
#2797=EDGE_CURVE('',#3635,#3628,#3991,.T.);
#2798=EDGE_CURVE('',#3635,#3634,#3992,.T.);
#2799=EDGE_CURVE('',#3636,#3627,#3993,.T.);
#2800=EDGE_CURVE('',#3635,#3636,#433,.T.);
#2801=EDGE_CURVE('',#3637,#3626,#3994,.T.);
#2802=EDGE_CURVE('',#3637,#3636,#3995,.T.);
#2803=EDGE_CURVE('',#3638,#3625,#3996,.T.);
#2804=EDGE_CURVE('',#3638,#3637,#434,.T.);
#2805=EDGE_CURVE('',#3639,#3622,#3997,.T.);
#2806=EDGE_CURVE('',#3588,#3639,#3998,.T.);
#2807=EDGE_CURVE('',#3640,#3621,#3999,.T.);
#2808=EDGE_CURVE('',#3640,#3639,#435,.T.);
#2809=EDGE_CURVE('',#3641,#3620,#4000,.T.);
#2810=EDGE_CURVE('',#3640,#3641,#4001,.T.);
#2811=EDGE_CURVE('',#3642,#3619,#4002,.T.);
#2812=EDGE_CURVE('',#3641,#3642,#4003,.T.);
#2813=EDGE_CURVE('',#3643,#3618,#4004,.T.);
#2814=EDGE_CURVE('',#3642,#3643,#4005,.T.);
#2815=EDGE_CURVE('',#3644,#3617,#4006,.T.);
#2816=EDGE_CURVE('',#3644,#3643,#436,.T.);
#2817=EDGE_CURVE('',#3645,#3616,#4007,.T.);
#2818=EDGE_CURVE('',#3644,#3645,#4008,.T.);
#2819=EDGE_CURVE('',#3646,#3615,#4009,.T.);
#2820=EDGE_CURVE('',#3645,#3646,#4010,.T.);
#2821=EDGE_CURVE('',#3647,#3614,#4011,.T.);
#2822=EDGE_CURVE('',#3646,#3647,#4012,.T.);
#2823=EDGE_CURVE('',#3648,#3613,#4013,.T.);
#2824=EDGE_CURVE('',#3647,#3648,#4014,.T.);
#2825=EDGE_CURVE('',#3649,#3612,#4015,.T.);
#2826=EDGE_CURVE('',#3648,#3649,#4016,.T.);
#2827=EDGE_CURVE('',#3650,#3611,#4017,.T.);
#2828=EDGE_CURVE('',#3650,#3649,#437,.T.);
#2829=EDGE_CURVE('',#3651,#3610,#4018,.T.);
#2830=EDGE_CURVE('',#3650,#3651,#4019,.T.);
#2831=EDGE_CURVE('',#3652,#3609,#4020,.T.);
#2832=EDGE_CURVE('',#3651,#3652,#4021,.T.);
#2833=EDGE_CURVE('',#3653,#3608,#4022,.T.);
#2834=EDGE_CURVE('',#3652,#3653,#4023,.T.);
#2835=EDGE_CURVE('',#3654,#3607,#4024,.T.);
#2836=EDGE_CURVE('',#3654,#3653,#438,.T.);
#2837=EDGE_CURVE('',#3654,#3548,#4025,.T.);
#2838=EDGE_CURVE('',#3638,#3632,#4026,.T.);
#2839=EDGE_CURVE('',#3547,#3655,#439,.F.);
#2840=EDGE_CURVE('',#3655,#3656,#4027,.F.);
#2841=EDGE_CURVE('',#3656,#3587,#440,.F.);
#2842=EDGE_CURVE('',#3147,#3383,#4028,.T.);
#2843=EDGE_CURVE('',#3146,#3384,#4029,.T.);
#2844=EDGE_CURVE('',#3145,#3546,#18,.F.);
#2845=EDGE_CURVE('',#3551,#3148,#19,.F.);
#2846=EDGE_CURVE('',#3249,#3392,#4030,.T.);
#2847=EDGE_CURVE('',#3247,#3391,#4031,.T.);
#2848=EDGE_CURVE('',#3246,#3389,#4032,.T.);
#2849=EDGE_CURVE('',#3248,#3390,#4033,.T.);
#2850=EDGE_CURVE('',#3087,#3093,#4034,.T.);
#2851=EDGE_CURVE('',#3096,#3084,#4035,.F.);
#2852=EDGE_CURVE('',#3083,#3089,#4036,.T.);
#2853=EDGE_CURVE('',#3081,#3090,#4037,.T.);
#2854=EDGE_CURVE('',#3081,#3657,#4038,.T.);
#2855=EDGE_CURVE('',#3657,#3658,#4039,.T.);
#2856=EDGE_CURVE('',#3658,#3090,#4040,.T.);
#2857=EDGE_CURVE('',#3082,#3110,#4041,.T.);
#2858=EDGE_CURVE('',#3088,#3092,#4042,.T.);
#2859=EDGE_CURVE('',#3111,#3091,#4043,.T.);
#2860=EDGE_CURVE('',#3659,#3659,#441,.T.);
#2861=EDGE_CURVE('',#3133,#3095,#4044,.T.);
#2862=EDGE_CURVE('',#3132,#3323,#4045,.T.);
#2863=EDGE_CURVE('',#3322,#3161,#4046,.T.);
#2864=EDGE_CURVE('',#3085,#3160,#4047,.T.);
#2865=EDGE_CURVE('',#3657,#3166,#20,.F.);
#2866=EDGE_CURVE('',#3320,#3165,#4048,.F.);
#2867=EDGE_CURVE('',#3128,#3318,#4049,.F.);
#2868=EDGE_CURVE('',#3127,#3658,#21,.F.);
#2869=EDGE_CURVE('',#3150,#3605,#13,.F.);
#2870=EDGE_CURVE('',#3606,#3149,#14,.T.);
#2871=EDGE_CURVE('',#3656,#3143,#15,.T.);
#2872=EDGE_CURVE('',#3144,#3655,#16,.F.);
#2873=EDGE_CURVE('',#3393,#3242,#4050,.T.);
#2874=EDGE_CURVE('',#3395,#3240,#4051,.T.);
#2875=EDGE_CURVE('',#3396,#3241,#4052,.T.);
#2876=EDGE_CURVE('',#3397,#3245,#4053,.T.);
#2877=EDGE_CURVE('',#3398,#3244,#4054,.T.);
#2878=EDGE_CURVE('',#3394,#3243,#4055,.T.);
#2879=EDGE_CURVE('',#3401,#3236,#4056,.T.);
#2880=EDGE_CURVE('',#3402,#3235,#4057,.T.);
#2881=EDGE_CURVE('',#3400,#3238,#4058,.T.);
#2882=EDGE_CURVE('',#3399,#3237,#4059,.T.);
#2883=EDGE_CURVE('',#3403,#3239,#4060,.T.);
#2884=EDGE_CURVE('',#3404,#3233,#4061,.T.);
#2885=EDGE_CURVE('',#3406,#3232,#4062,.T.);
#2886=EDGE_CURVE('',#3407,#3231,#4063,.T.);
#2887=EDGE_CURVE('',#3405,#3234,#4064,.T.);
#2888=EDGE_CURVE('',#3375,#3255,#4065,.T.);
#2889=EDGE_CURVE('',#3374,#3256,#4066,.T.);
#2890=EDGE_CURVE('',#3376,#3258,#4067,.T.);
#2891=EDGE_CURVE('',#3377,#3257,#4068,.T.);
#2892=EDGE_CURVE('',#3476,#3120,#4069,.F.);
#2893=EDGE_CURVE('',#3477,#3119,#4070,.F.);
#2894=EDGE_CURVE('',#3121,#3475,#4071,.F.);
#2895=EDGE_CURVE('',#3118,#3478,#4072,.T.);
#2896=EDGE_CURVE('',#3479,#3117,#4073,.F.);
#2897=EDGE_CURVE('',#3474,#3122,#4074,.T.);
#2898=EDGE_CURVE('',#3123,#3473,#4075,.F.);
#2899=EDGE_CURVE('',#3125,#3470,#4076,.T.);
#2900=EDGE_CURVE('',#3472,#3124,#4077,.T.);
#2901=EDGE_CURVE('',#3112,#3484,#4078,.T.);
#2902=EDGE_CURVE('',#3471,#3126,#4079,.F.);
#2903=EDGE_CURVE('',#3116,#3480,#4080,.T.);
#2904=EDGE_CURVE('',#3481,#3115,#4081,.T.);
#2905=EDGE_CURVE('',#3483,#3113,#4082,.F.);
#2906=EDGE_CURVE('',#3114,#3482,#4083,.F.);
#2907=EDGE_CURVE('',#3103,#3467,#4084,.F.);
#2908=EDGE_CURVE('',#3468,#3102,#4085,.T.);
#2909=EDGE_CURVE('',#3104,#3466,#4086,.T.);
#2910=EDGE_CURVE('',#3465,#3105,#4087,.F.);
#2911=EDGE_CURVE('',#3106,#3464,#4088,.F.);
#2912=EDGE_CURVE('',#3463,#3107,#4089,.T.);
#2913=EDGE_CURVE('',#3108,#3462,#4090,.T.);
#2914=EDGE_CURVE('',#3098,#3460,#4091,.T.);
#2915=EDGE_CURVE('',#3461,#3109,#4092,.F.);
#2916=EDGE_CURVE('',#3101,#3469,#4093,.F.);
#2917=EDGE_CURVE('',#3458,#3100,#4094,.F.);
#2918=EDGE_CURVE('',#3099,#3457,#4095,.T.);
#2919=EDGE_CURVE('',#3459,#3097,#4096,.F.);
#2920=EDGE_CURVE('',#3228,#3414,#17,.F.);
#2921=EDGE_CURVE('',#3229,#3413,#4097,.F.);
#2922=EDGE_CURVE('',#3415,#3227,#4098,.F.);
#2923=EDGE_CURVE('',#3226,#3416,#4099,.F.);
#2924=EDGE_CURVE('',#3417,#3225,#4100,.T.);
#2925=EDGE_CURVE('',#3412,#3230,#4101,.T.);
#2926=EDGE_CURVE('',#3219,#3411,#4102,.T.);
#2927=EDGE_CURVE('',#3410,#3218,#4103,.F.);
#2928=EDGE_CURVE('',#3220,#3408,#4104,.F.);
#2929=EDGE_CURVE('',#3224,#3418,#4105,.F.);
#2930=EDGE_CURVE('',#3419,#3223,#4106,.T.);
#2931=EDGE_CURVE('',#3409,#3221,#4107,.T.);
#2932=EDGE_CURVE('',#3222,#3420,#4108,.F.);
#2933=EDGE_CURVE('',#3265,#3373,#4109,.F.);
#2934=EDGE_CURVE('',#3367,#3264,#4110,.F.);
#2935=EDGE_CURVE('',#3372,#3266,#4111,.T.);
#2936=EDGE_CURVE('',#3260,#3371,#4112,.F.);
#2937=EDGE_CURVE('',#3263,#3366,#4113,.T.);
#2938=EDGE_CURVE('',#3368,#3262,#4114,.T.);
#2939=EDGE_CURVE('',#3370,#3259,#4115,.T.);
#2940=EDGE_CURVE('',#3261,#3369,#4116,.F.);
#2941=EDGE_CURVE('',#3429,#3211,#4117,.F.);
#2942=EDGE_CURVE('',#3212,#3428,#4118,.T.);
#2943=EDGE_CURVE('',#3208,#3432,#4119,.T.);
#2944=EDGE_CURVE('',#3422,#3206,#4120,.F.);
#2945=EDGE_CURVE('',#3207,#3421,#4121,.T.);
#2946=EDGE_CURVE('',#3423,#3217,#4122,.F.);
#2947=EDGE_CURVE('',#3216,#3424,#4123,.T.);
#2948=EDGE_CURVE('',#3425,#3215,#4124,.F.);
#2949=EDGE_CURVE('',#3210,#3430,#4125,.T.);
#2950=EDGE_CURVE('',#3431,#3209,#4126,.F.);
#2951=EDGE_CURVE('',#3427,#3213,#4127,.F.);
#2952=EDGE_CURVE('',#3214,#3426,#4128,.T.);
#2953=EDGE_CURVE('',#3274,#3360,#4129,.T.);
#2954=EDGE_CURVE('',#3361,#3273,#4130,.T.);
#2955=EDGE_CURVE('',#3356,#3267,#4131,.F.);
#2956=EDGE_CURVE('',#3268,#3357,#4132,.T.);
#2957=EDGE_CURVE('',#3365,#3269,#4133,.T.);
#2958=EDGE_CURVE('',#3270,#3364,#4134,.F.);
#2959=EDGE_CURVE('',#3272,#3362,#4135,.F.);
#2960=EDGE_CURVE('',#3363,#3271,#4136,.T.);
#2961=EDGE_CURVE('',#3359,#3275,#4137,.F.);
#2962=EDGE_CURVE('',#3276,#3358,#4138,.F.);
#2963=EDGE_CURVE('',#3660,#3165,#4139,.T.);
#2964=EDGE_CURVE('',#3661,#3660,#442,.F.);
#2965=EDGE_CURVE('',#3320,#3661,#4140,.T.);
#2966=EDGE_CURVE('',#3354,#3322,#4141,.T.);
#2967=EDGE_CURVE('',#3161,#3353,#4142,.T.);
#2968=EDGE_CURVE('',#3352,#3162,#4143,.F.);
#2969=EDGE_CURVE('',#3163,#3351,#4144,.T.);
#2970=EDGE_CURVE('',#3321,#3355,#4145,.F.);
#2971=EDGE_CURVE('',#3349,#3661,#4146,.F.);
#2972=EDGE_CURVE('',#3660,#3348,#4147,.T.);
#2973=EDGE_CURVE('',#3350,#3164,#4148,.F.);
#2974=EDGE_CURVE('',#3662,#3318,#4149,.T.);
#2975=EDGE_CURVE('',#3663,#3662,#443,.F.);
#2976=EDGE_CURVE('',#3128,#3663,#4150,.T.);
#2977=EDGE_CURVE('',#3323,#3347,#4151,.T.);
#2978=EDGE_CURVE('',#3341,#3132,#4152,.T.);
#2979=EDGE_CURVE('',#3346,#3319,#4153,.F.);
#2980=EDGE_CURVE('',#3662,#3345,#4154,.F.);
#2981=EDGE_CURVE('',#3131,#3340,#4155,.F.);
#2982=EDGE_CURVE('',#3342,#3130,#4156,.T.);
#2983=EDGE_CURVE('',#3344,#3663,#4157,.T.);
#2984=EDGE_CURVE('',#3129,#3343,#4158,.F.);
#2985=EDGE_CURVE('',#3198,#3433,#4159,.T.);
#2986=EDGE_CURVE('',#3435,#3196,#4160,.F.);
#2987=EDGE_CURVE('',#3441,#3201,#4161,.F.);
#2988=EDGE_CURVE('',#3202,#3440,#4162,.F.);
#2989=EDGE_CURVE('',#3197,#3436,#4163,.T.);
#2990=EDGE_CURVE('',#3437,#3205,#4164,.F.);
#2991=EDGE_CURVE('',#3439,#3203,#4165,.T.);
#2992=EDGE_CURVE('',#3204,#3438,#4166,.T.);
#2993=EDGE_CURVE('',#3200,#3442,#4167,.T.);
#2994=EDGE_CURVE('',#3434,#3199,#4168,.F.);
#2995=EDGE_CURVE('',#3189,#3443,#4169,.F.);
#2996=EDGE_CURVE('',#3188,#3444,#4170,.T.);
#2997=EDGE_CURVE('',#3445,#3187,#4171,.F.);
#2998=EDGE_CURVE('',#3190,#3456,#4172,.T.);
#2999=EDGE_CURVE('',#3194,#3452,#4173,.T.);
#3000=EDGE_CURVE('',#3453,#3193,#4174,.T.);
#3001=EDGE_CURVE('',#3192,#3454,#4175,.F.);
#3002=EDGE_CURVE('',#3455,#3191,#4176,.T.);
#3003=EDGE_CURVE('',#3451,#3195,#4177,.F.);
#3004=EDGE_CURVE('',#3183,#3450,#4178,.F.);
#3005=EDGE_CURVE('',#3186,#3446,#4179,.T.);
#3006=EDGE_CURVE('',#3447,#3185,#4180,.T.);
#3007=EDGE_CURVE('',#3449,#3182,#4181,.T.);
#3008=EDGE_CURVE('',#3184,#3448,#4182,.F.);
#3009=EDGE_CURVE('',#3153,#3339,#4183,.T.);
#3010=EDGE_CURVE('',#3333,#3160,#4184,.T.);
#3011=EDGE_CURVE('',#3338,#3154,#4185,.F.);
#3012=EDGE_CURVE('',#3155,#3337,#4186,.F.);
#3013=EDGE_CURVE('',#3159,#3332,#4187,.F.);
#3014=EDGE_CURVE('',#3334,#3158,#4188,.T.);
#3015=EDGE_CURVE('',#3336,#3156,#4189,.T.);
#3016=EDGE_CURVE('',#3157,#3335,#4190,.F.);
#3017=EDGE_CURVE('',#3177,#3493,#4191,.F.);
#3018=EDGE_CURVE('',#3178,#3492,#4192,.T.);
#3019=EDGE_CURVE('',#3180,#3490,#4193,.F.);
#3020=EDGE_CURVE('',#3491,#3179,#4194,.T.);
#3021=EDGE_CURVE('',#3494,#3176,#4195,.F.);
#3022=EDGE_CURVE('',#3175,#3495,#4196,.T.);
#3023=EDGE_CURVE('',#3496,#3174,#4197,.T.);
#3024=EDGE_CURVE('',#3489,#3181,#4198,.F.);
#3025=EDGE_CURVE('',#3168,#3488,#4199,.T.);
#3026=EDGE_CURVE('',#3487,#3167,#4200,.F.);
#3027=EDGE_CURVE('',#3169,#3485,#4201,.F.);
#3028=EDGE_CURVE('',#3173,#3497,#4202,.F.);
#3029=EDGE_CURVE('',#3498,#3172,#4203,.T.);
#3030=EDGE_CURVE('',#3486,#3170,#4204,.T.);
#3031=EDGE_CURVE('',#3171,#3499,#4205,.F.);
#3032=EDGE_CURVE('',#3287,#3505,#4206,.T.);
#3033=EDGE_CURVE('',#3506,#3286,#4207,.F.);
#3034=EDGE_CURVE('',#3504,#3288,#4208,.F.);
#3035=EDGE_CURVE('',#3278,#3503,#4209,.T.);
#3036=EDGE_CURVE('',#3279,#3500,#4210,.T.);
#3037=EDGE_CURVE('',#3502,#3277,#4211,.F.);
#3038=EDGE_CURVE('',#3285,#3507,#4212,.T.);
#3039=EDGE_CURVE('',#3508,#3284,#4213,.T.);
#3040=EDGE_CURVE('',#3510,#3282,#4214,.T.);
#3041=EDGE_CURVE('',#3283,#3509,#4215,.F.);
#3042=EDGE_CURVE('',#3501,#3280,#4216,.F.);
#3043=EDGE_CURVE('',#3281,#3511,#4217,.F.);
#3044=EDGE_CURVE('',#3290,#3518,#4218,.T.);
#3045=EDGE_CURVE('',#3302,#3519,#4219,.T.);
#3046=EDGE_CURVE('',#3520,#3301,#4220,.F.);
#3047=EDGE_CURVE('',#3289,#3517,#4221,.T.);
#3048=EDGE_CURVE('',#3524,#3297,#4222,.F.);
#3049=EDGE_CURVE('',#3298,#3523,#4223,.F.);
#3050=EDGE_CURVE('',#3522,#3299,#4224,.T.);
#3051=EDGE_CURVE('',#3300,#3521,#4225,.T.);
#3052=EDGE_CURVE('',#3516,#3291,#4226,.F.);
#3053=EDGE_CURVE('',#3292,#3515,#4227,.T.);
#3054=EDGE_CURVE('',#3296,#3525,#4228,.T.);
#3055=EDGE_CURVE('',#3513,#3295,#4229,.F.);
#3056=EDGE_CURVE('',#3294,#3512,#4230,.T.);
#3057=EDGE_CURVE('',#3514,#3293,#4231,.F.);
#3058=EDGE_CURVE('',#3308,#3536,#4232,.T.);
#3059=EDGE_CURVE('',#3309,#3535,#4233,.F.);
#3060=EDGE_CURVE('',#3311,#3533,#4234,.T.);
#3061=EDGE_CURVE('',#3534,#3310,#4235,.F.);
#3062=EDGE_CURVE('',#3313,#3531,#4236,.T.);
#3063=EDGE_CURVE('',#3532,#3312,#4237,.F.);
#3064=EDGE_CURVE('',#3530,#3314,#4238,.T.);
#3065=EDGE_CURVE('',#3315,#3529,#4239,.T.);
#3066=EDGE_CURVE('',#3537,#3307,#4240,.F.);
#3067=EDGE_CURVE('',#3528,#3316,#4241,.F.);
#3068=EDGE_CURVE('',#3317,#3526,#4242,.F.);
#3069=EDGE_CURVE('',#3306,#3538,#4243,.T.);
#3070=EDGE_CURVE('',#3539,#3305,#4244,.T.);
#3071=EDGE_CURVE('',#3527,#3304,#4245,.T.);
#3072=EDGE_CURVE('',#3303,#3540,#4246,.F.);
#3073=EDGE_CURVE('',#3330,#3140,#4247,.T.);
#3074=EDGE_CURVE('',#3133,#3329,#4248,.T.);
#3075=EDGE_CURVE('',#3328,#3134,#4249,.F.);
#3076=EDGE_CURVE('',#3135,#3327,#4250,.T.);
#3077=EDGE_CURVE('',#3139,#3331,#4251,.F.);
#3078=EDGE_CURVE('',#3325,#3138,#4252,.F.);
#3079=EDGE_CURVE('',#3137,#3324,#4253,.T.);
#3080=EDGE_CURVE('',#3326,#3136,#4254,.F.);
#3081=VERTEX_POINT('',#8344);
#3082=VERTEX_POINT('',#8345);
#3083=VERTEX_POINT('',#8347);
#3084=VERTEX_POINT('',#8349);
#3085=VERTEX_POINT('',#8351);
#3086=VERTEX_POINT('',#8353);
#3087=VERTEX_POINT('',#8355);
#3088=VERTEX_POINT('',#8357);
#3089=VERTEX_POINT('',#8361);
#3090=VERTEX_POINT('',#8362);
#3091=VERTEX_POINT('',#8364);
#3092=VERTEX_POINT('',#8366);
#3093=VERTEX_POINT('',#8368);
#3094=VERTEX_POINT('',#8370);
#3095=VERTEX_POINT('',#8372);
#3096=VERTEX_POINT('',#8374);
#3097=VERTEX_POINT('',#8378);
#3098=VERTEX_POINT('',#8379);
#3099=VERTEX_POINT('',#8381);
#3100=VERTEX_POINT('',#8383);
#3101=VERTEX_POINT('',#8385);
#3102=VERTEX_POINT('',#8387);
#3103=VERTEX_POINT('',#8389);
#3104=VERTEX_POINT('',#8391);
#3105=VERTEX_POINT('',#8393);
#3106=VERTEX_POINT('',#8395);
#3107=VERTEX_POINT('',#8397);
#3108=VERTEX_POINT('',#8399);
#3109=VERTEX_POINT('',#8401);
#3110=VERTEX_POINT('',#8403);
#3111=VERTEX_POINT('',#8405);
#3112=VERTEX_POINT('',#8407);
#3113=VERTEX_POINT('',#8409);
#3114=VERTEX_POINT('',#8411);
#3115=VERTEX_POINT('',#8413);
#3116=VERTEX_POINT('',#8415);
#3117=VERTEX_POINT('',#8417);
#3118=VERTEX_POINT('',#8419);
#3119=VERTEX_POINT('',#8421);
#3120=VERTEX_POINT('',#8423);
#3121=VERTEX_POINT('',#8425);
#3122=VERTEX_POINT('',#8427);
#3123=VERTEX_POINT('',#8429);
#3124=VERTEX_POINT('',#8431);
#3125=VERTEX_POINT('',#8433);
#3126=VERTEX_POINT('',#8435);
#3127=VERTEX_POINT('',#8438);
#3128=VERTEX_POINT('',#8440);
#3129=VERTEX_POINT('',#8442);
#3130=VERTEX_POINT('',#8444);
#3131=VERTEX_POINT('',#8446);
#3132=VERTEX_POINT('',#8448);
#3133=VERTEX_POINT('',#8450);
#3134=VERTEX_POINT('',#8452);
#3135=VERTEX_POINT('',#8454);
#3136=VERTEX_POINT('',#8456);
#3137=VERTEX_POINT('',#8458);
#3138=VERTEX_POINT('',#8460);
#3139=VERTEX_POINT('',#8462);
#3140=VERTEX_POINT('',#8464);
#3141=VERTEX_POINT('',#8467);
#3142=VERTEX_POINT('',#8469);
#3143=VERTEX_POINT('',#8471);
#3144=VERTEX_POINT('',#8473);
#3145=VERTEX_POINT('',#8475);
#3146=VERTEX_POINT('',#8477);
#3147=VERTEX_POINT('',#8479);
#3148=VERTEX_POINT('',#8481);
#3149=VERTEX_POINT('',#8483);
#3150=VERTEX_POINT('',#8485);
#3151=VERTEX_POINT('',#8487);
#3152=VERTEX_POINT('',#8489);
#3153=VERTEX_POINT('',#8492);
#3154=VERTEX_POINT('',#8494);
#3155=VERTEX_POINT('',#8496);
#3156=VERTEX_POINT('',#8498);
#3157=VERTEX_POINT('',#8500);
#3158=VERTEX_POINT('',#8502);
#3159=VERTEX_POINT('',#8504);
#3160=VERTEX_POINT('',#8506);
#3161=VERTEX_POINT('',#8508);
#3162=VERTEX_POINT('',#8510);
#3163=VERTEX_POINT('',#8512);
#3164=VERTEX_POINT('',#8514);
#3165=VERTEX_POINT('',#8516);
#3166=VERTEX_POINT('',#8518);
#3167=VERTEX_POINT('',#8522);
#3168=VERTEX_POINT('',#8523);
#3169=VERTEX_POINT('',#8525);
#3170=VERTEX_POINT('',#8527);
#3171=VERTEX_POINT('',#8529);
#3172=VERTEX_POINT('',#8531);
#3173=VERTEX_POINT('',#8533);
#3174=VERTEX_POINT('',#8535);
#3175=VERTEX_POINT('',#8537);
#3176=VERTEX_POINT('',#8539);
#3177=VERTEX_POINT('',#8541);
#3178=VERTEX_POINT('',#8543);
#3179=VERTEX_POINT('',#8545);
#3180=VERTEX_POINT('',#8547);
#3181=VERTEX_POINT('',#8549);
#3182=VERTEX_POINT('',#8552);
#3183=VERTEX_POINT('',#8553);
#3184=VERTEX_POINT('',#8555);
#3185=VERTEX_POINT('',#8557);
#3186=VERTEX_POINT('',#8559);
#3187=VERTEX_POINT('',#8561);
#3188=VERTEX_POINT('',#8563);
#3189=VERTEX_POINT('',#8565);
#3190=VERTEX_POINT('',#8567);
#3191=VERTEX_POINT('',#8569);
#3192=VERTEX_POINT('',#8571);
#3193=VERTEX_POINT('',#8573);
#3194=VERTEX_POINT('',#8575);
#3195=VERTEX_POINT('',#8577);
#3196=VERTEX_POINT('',#8580);
#3197=VERTEX_POINT('',#8581);
#3198=VERTEX_POINT('',#8583);
#3199=VERTEX_POINT('',#8585);
#3200=VERTEX_POINT('',#8587);
#3201=VERTEX_POINT('',#8589);
#3202=VERTEX_POINT('',#8591);
#3203=VERTEX_POINT('',#8593);
#3204=VERTEX_POINT('',#8595);
#3205=VERTEX_POINT('',#8597);
#3206=VERTEX_POINT('',#8600);
#3207=VERTEX_POINT('',#8601);
#3208=VERTEX_POINT('',#8603);
#3209=VERTEX_POINT('',#8605);
#3210=VERTEX_POINT('',#8607);
#3211=VERTEX_POINT('',#8609);
#3212=VERTEX_POINT('',#8611);
#3213=VERTEX_POINT('',#8613);
#3214=VERTEX_POINT('',#8615);
#3215=VERTEX_POINT('',#8617);
#3216=VERTEX_POINT('',#8619);
#3217=VERTEX_POINT('',#8621);
#3218=VERTEX_POINT('',#8624);
#3219=VERTEX_POINT('',#8625);
#3220=VERTEX_POINT('',#8627);
#3221=VERTEX_POINT('',#8629);
#3222=VERTEX_POINT('',#8631);
#3223=VERTEX_POINT('',#8633);
#3224=VERTEX_POINT('',#8635);
#3225=VERTEX_POINT('',#8637);
#3226=VERTEX_POINT('',#8639);
#3227=VERTEX_POINT('',#8641);
#3228=VERTEX_POINT('',#8643);
#3229=VERTEX_POINT('',#8645);
#3230=VERTEX_POINT('',#8647);
#3231=VERTEX_POINT('',#8650);
#3232=VERTEX_POINT('',#8651);
#3233=VERTEX_POINT('',#8653);
#3234=VERTEX_POINT('',#8655);
#3235=VERTEX_POINT('',#8658);
#3236=VERTEX_POINT('',#8659);
#3237=VERTEX_POINT('',#8661);
#3238=VERTEX_POINT('',#8663);
#3239=VERTEX_POINT('',#8665);
#3240=VERTEX_POINT('',#8668);
#3241=VERTEX_POINT('',#8669);
#3242=VERTEX_POINT('',#8671);
#3243=VERTEX_POINT('',#8673);
#3244=VERTEX_POINT('',#8675);
#3245=VERTEX_POINT('',#8677);
#3246=VERTEX_POINT('',#8680);
#3247=VERTEX_POINT('',#8681);
#3248=VERTEX_POINT('',#8683);
#3249=VERTEX_POINT('',#8685);
#3250=VERTEX_POINT('',#8688);
#3251=VERTEX_POINT('',#8690);
#3252=VERTEX_POINT('',#8692);
#3253=VERTEX_POINT('',#8694);
#3254=VERTEX_POINT('',#8696);
#3255=VERTEX_POINT('',#8698);
#3256=VERTEX_POINT('',#8699);
#3257=VERTEX_POINT('',#8701);
#3258=VERTEX_POINT('',#8703);
#3259=VERTEX_POINT('',#8706);
#3260=VERTEX_POINT('',#8707);
#3261=VERTEX_POINT('',#8709);
#3262=VERTEX_POINT('',#8711);
#3263=VERTEX_POINT('',#8713);
#3264=VERTEX_POINT('',#8715);
#3265=VERTEX_POINT('',#8717);
#3266=VERTEX_POINT('',#8719);
#3267=VERTEX_POINT('',#8722);
#3268=VERTEX_POINT('',#8723);
#3269=VERTEX_POINT('',#8725);
#3270=VERTEX_POINT('',#8727);
#3271=VERTEX_POINT('',#8729);
#3272=VERTEX_POINT('',#8731);
#3273=VERTEX_POINT('',#8733);
#3274=VERTEX_POINT('',#8735);
#3275=VERTEX_POINT('',#8737);
#3276=VERTEX_POINT('',#8739);
#3277=VERTEX_POINT('',#8742);
#3278=VERTEX_POINT('',#8743);
#3279=VERTEX_POINT('',#8745);
#3280=VERTEX_POINT('',#8747);
#3281=VERTEX_POINT('',#8749);
#3282=VERTEX_POINT('',#8751);
#3283=VERTEX_POINT('',#8753);
#3284=VERTEX_POINT('',#8755);
#3285=VERTEX_POINT('',#8757);
#3286=VERTEX_POINT('',#8759);
#3287=VERTEX_POINT('',#8761);
#3288=VERTEX_POINT('',#8763);
#3289=VERTEX_POINT('',#8766);
#3290=VERTEX_POINT('',#8767);
#3291=VERTEX_POINT('',#8769);
#3292=VERTEX_POINT('',#8771);
#3293=VERTEX_POINT('',#8773);
#3294=VERTEX_POINT('',#8775);
#3295=VERTEX_POINT('',#8777);
#3296=VERTEX_POINT('',#8779);
#3297=VERTEX_POINT('',#8781);
#3298=VERTEX_POINT('',#8783);
#3299=VERTEX_POINT('',#8785);
#3300=VERTEX_POINT('',#8787);
#3301=VERTEX_POINT('',#8789);
#3302=VERTEX_POINT('',#8791);
#3303=VERTEX_POINT('',#8794);
#3304=VERTEX_POINT('',#8795);
#3305=VERTEX_POINT('',#8797);
#3306=VERTEX_POINT('',#8799);
#3307=VERTEX_POINT('',#8801);
#3308=VERTEX_POINT('',#8803);
#3309=VERTEX_POINT('',#8805);
#3310=VERTEX_POINT('',#8807);
#3311=VERTEX_POINT('',#8809);
#3312=VERTEX_POINT('',#8811);
#3313=VERTEX_POINT('',#8813);
#3314=VERTEX_POINT('',#8815);
#3315=VERTEX_POINT('',#8817);
#3316=VERTEX_POINT('',#8819);
#3317=VERTEX_POINT('',#8821);
#3318=VERTEX_POINT('',#8825);
#3319=VERTEX_POINT('',#8826);
#3320=VERTEX_POINT('',#8828);
#3321=VERTEX_POINT('',#8830);
#3322=VERTEX_POINT('',#8832);
#3323=VERTEX_POINT('',#8834);
#3324=VERTEX_POINT('',#8838);
#3325=VERTEX_POINT('',#8839);
#3326=VERTEX_POINT('',#8841);
#3327=VERTEX_POINT('',#8843);
#3328=VERTEX_POINT('',#8845);
#3329=VERTEX_POINT('',#8847);
#3330=VERTEX_POINT('',#8849);
#3331=VERTEX_POINT('',#8851);
#3332=VERTEX_POINT('',#8854);
#3333=VERTEX_POINT('',#8855);
#3334=VERTEX_POINT('',#8857);
#3335=VERTEX_POINT('',#8859);
#3336=VERTEX_POINT('',#8861);
#3337=VERTEX_POINT('',#8863);
#3338=VERTEX_POINT('',#8865);
#3339=VERTEX_POINT('',#8867);
#3340=VERTEX_POINT('',#8870);
#3341=VERTEX_POINT('',#8871);
#3342=VERTEX_POINT('',#8873);
#3343=VERTEX_POINT('',#8875);
#3344=VERTEX_POINT('',#8877);
#3345=VERTEX_POINT('',#8879);
#3346=VERTEX_POINT('',#8881);
#3347=VERTEX_POINT('',#8883);
#3348=VERTEX_POINT('',#8886);
#3349=VERTEX_POINT('',#8887);
#3350=VERTEX_POINT('',#8889);
#3351=VERTEX_POINT('',#8891);
#3352=VERTEX_POINT('',#8893);
#3353=VERTEX_POINT('',#8895);
#3354=VERTEX_POINT('',#8897);
#3355=VERTEX_POINT('',#8899);
#3356=VERTEX_POINT('',#8902);
#3357=VERTEX_POINT('',#8903);
#3358=VERTEX_POINT('',#8905);
#3359=VERTEX_POINT('',#8907);
#3360=VERTEX_POINT('',#8909);
#3361=VERTEX_POINT('',#8911);
#3362=VERTEX_POINT('',#8913);
#3363=VERTEX_POINT('',#8915);
#3364=VERTEX_POINT('',#8917);
#3365=VERTEX_POINT('',#8919);
#3366=VERTEX_POINT('',#8922);
#3367=VERTEX_POINT('',#8923);
#3368=VERTEX_POINT('',#8925);
#3369=VERTEX_POINT('',#8927);
#3370=VERTEX_POINT('',#8929);
#3371=VERTEX_POINT('',#8931);
#3372=VERTEX_POINT('',#8933);
#3373=VERTEX_POINT('',#8935);
#3374=VERTEX_POINT('',#8938);
#3375=VERTEX_POINT('',#8939);
#3376=VERTEX_POINT('',#8941);
#3377=VERTEX_POINT('',#8943);
#3378=VERTEX_POINT('',#8946);
#3379=VERTEX_POINT('',#8948);
#3380=VERTEX_POINT('',#8950);
#3381=VERTEX_POINT('',#8952);
#3382=VERTEX_POINT('',#8953);
#3383=VERTEX_POINT('',#8955);
#3384=VERTEX_POINT('',#8957);
#3385=VERTEX_POINT('',#8959);
#3386=VERTEX_POINT('',#8961);
#3387=VERTEX_POINT('',#8964);
#3388=VERTEX_POINT('',#8966);
#3389=VERTEX_POINT('',#8968);
#3390=VERTEX_POINT('',#8969);
#3391=VERTEX_POINT('',#8971);
#3392=VERTEX_POINT('',#8973);
#3393=VERTEX_POINT('',#8976);
#3394=VERTEX_POINT('',#8977);
#3395=VERTEX_POINT('',#8979);
#3396=VERTEX_POINT('',#8981);
#3397=VERTEX_POINT('',#8983);
#3398=VERTEX_POINT('',#8985);
#3399=VERTEX_POINT('',#8988);
#3400=VERTEX_POINT('',#8989);
#3401=VERTEX_POINT('',#8991);
#3402=VERTEX_POINT('',#8993);
#3403=VERTEX_POINT('',#8995);
#3404=VERTEX_POINT('',#8998);
#3405=VERTEX_POINT('',#8999);
#3406=VERTEX_POINT('',#9001);
#3407=VERTEX_POINT('',#9003);
#3408=VERTEX_POINT('',#9006);
#3409=VERTEX_POINT('',#9007);
#3410=VERTEX_POINT('',#9009);
#3411=VERTEX_POINT('',#9011);
#3412=VERTEX_POINT('',#9013);
#3413=VERTEX_POINT('',#9015);
#3414=VERTEX_POINT('',#9017);
#3415=VERTEX_POINT('',#9019);
#3416=VERTEX_POINT('',#9021);
#3417=VERTEX_POINT('',#9023);
#3418=VERTEX_POINT('',#9025);
#3419=VERTEX_POINT('',#9027);
#3420=VERTEX_POINT('',#9029);
#3421=VERTEX_POINT('',#9032);
#3422=VERTEX_POINT('',#9033);
#3423=VERTEX_POINT('',#9035);
#3424=VERTEX_POINT('',#9037);
#3425=VERTEX_POINT('',#9039);
#3426=VERTEX_POINT('',#9041);
#3427=VERTEX_POINT('',#9043);
#3428=VERTEX_POINT('',#9045);
#3429=VERTEX_POINT('',#9047);
#3430=VERTEX_POINT('',#9049);
#3431=VERTEX_POINT('',#9051);
#3432=VERTEX_POINT('',#9053);
#3433=VERTEX_POINT('',#9056);
#3434=VERTEX_POINT('',#9057);
#3435=VERTEX_POINT('',#9059);
#3436=VERTEX_POINT('',#9061);
#3437=VERTEX_POINT('',#9063);
#3438=VERTEX_POINT('',#9065);
#3439=VERTEX_POINT('',#9067);
#3440=VERTEX_POINT('',#9069);
#3441=VERTEX_POINT('',#9071);
#3442=VERTEX_POINT('',#9073);
#3443=VERTEX_POINT('',#9076);
#3444=VERTEX_POINT('',#9077);
#3445=VERTEX_POINT('',#9079);
#3446=VERTEX_POINT('',#9081);
#3447=VERTEX_POINT('',#9083);
#3448=VERTEX_POINT('',#9085);
#3449=VERTEX_POINT('',#9087);
#3450=VERTEX_POINT('',#9089);
#3451=VERTEX_POINT('',#9091);
#3452=VERTEX_POINT('',#9093);
#3453=VERTEX_POINT('',#9095);
#3454=VERTEX_POINT('',#9097);
#3455=VERTEX_POINT('',#9099);
#3456=VERTEX_POINT('',#9101);
#3457=VERTEX_POINT('',#9104);
#3458=VERTEX_POINT('',#9105);
#3459=VERTEX_POINT('',#9107);
#3460=VERTEX_POINT('',#9109);
#3461=VERTEX_POINT('',#9111);
#3462=VERTEX_POINT('',#9113);
#3463=VERTEX_POINT('',#9115);
#3464=VERTEX_POINT('',#9117);
#3465=VERTEX_POINT('',#9119);
#3466=VERTEX_POINT('',#9121);
#3467=VERTEX_POINT('',#9123);
#3468=VERTEX_POINT('',#9125);
#3469=VERTEX_POINT('',#9127);
#3470=VERTEX_POINT('',#9130);
#3471=VERTEX_POINT('',#9131);
#3472=VERTEX_POINT('',#9133);
#3473=VERTEX_POINT('',#9135);
#3474=VERTEX_POINT('',#9137);
#3475=VERTEX_POINT('',#9139);
#3476=VERTEX_POINT('',#9141);
#3477=VERTEX_POINT('',#9143);
#3478=VERTEX_POINT('',#9145);
#3479=VERTEX_POINT('',#9147);
#3480=VERTEX_POINT('',#9149);
#3481=VERTEX_POINT('',#9151);
#3482=VERTEX_POINT('',#9153);
#3483=VERTEX_POINT('',#9155);
#3484=VERTEX_POINT('',#9157);
#3485=VERTEX_POINT('',#9160);
#3486=VERTEX_POINT('',#9161);
#3487=VERTEX_POINT('',#9163);
#3488=VERTEX_POINT('',#9165);
#3489=VERTEX_POINT('',#9167);
#3490=VERTEX_POINT('',#9169);
#3491=VERTEX_POINT('',#9171);
#3492=VERTEX_POINT('',#9173);
#3493=VERTEX_POINT('',#9175);
#3494=VERTEX_POINT('',#9177);
#3495=VERTEX_POINT('',#9179);
#3496=VERTEX_POINT('',#9181);
#3497=VERTEX_POINT('',#9183);
#3498=VERTEX_POINT('',#9185);
#3499=VERTEX_POINT('',#9187);
#3500=VERTEX_POINT('',#9190);
#3501=VERTEX_POINT('',#9191);
#3502=VERTEX_POINT('',#9193);
#3503=VERTEX_POINT('',#9195);
#3504=VERTEX_POINT('',#9197);
#3505=VERTEX_POINT('',#9199);
#3506=VERTEX_POINT('',#9201);
#3507=VERTEX_POINT('',#9203);
#3508=VERTEX_POINT('',#9205);
#3509=VERTEX_POINT('',#9207);
#3510=VERTEX_POINT('',#9209);
#3511=VERTEX_POINT('',#9211);
#3512=VERTEX_POINT('',#9214);
#3513=VERTEX_POINT('',#9215);
#3514=VERTEX_POINT('',#9217);
#3515=VERTEX_POINT('',#9219);
#3516=VERTEX_POINT('',#9221);
#3517=VERTEX_POINT('',#9223);
#3518=VERTEX_POINT('',#9225);
#3519=VERTEX_POINT('',#9227);
#3520=VERTEX_POINT('',#9229);
#3521=VERTEX_POINT('',#9231);
#3522=VERTEX_POINT('',#9233);
#3523=VERTEX_POINT('',#9235);
#3524=VERTEX_POINT('',#9237);
#3525=VERTEX_POINT('',#9239);
#3526=VERTEX_POINT('',#9242);
#3527=VERTEX_POINT('',#9243);
#3528=VERTEX_POINT('',#9245);
#3529=VERTEX_POINT('',#9247);
#3530=VERTEX_POINT('',#9249);
#3531=VERTEX_POINT('',#9251);
#3532=VERTEX_POINT('',#9253);
#3533=VERTEX_POINT('',#9255);
#3534=VERTEX_POINT('',#9257);
#3535=VERTEX_POINT('',#9259);
#3536=VERTEX_POINT('',#9261);
#3537=VERTEX_POINT('',#9263);
#3538=VERTEX_POINT('',#9265);
#3539=VERTEX_POINT('',#9267);
#3540=VERTEX_POINT('',#9269);
#3541=VERTEX_POINT('',#9273);
#3542=VERTEX_POINT('',#9274);
#3543=VERTEX_POINT('',#9276);
#3544=VERTEX_POINT('',#9278);
#3545=VERTEX_POINT('',#9282);
#3546=VERTEX_POINT('',#9283);
#3547=VERTEX_POINT('',#9285);
#3548=VERTEX_POINT('',#9287);
#3549=VERTEX_POINT('',#9291);
#3550=VERTEX_POINT('',#9292);
#3551=VERTEX_POINT('',#9294);
#3552=VERTEX_POINT('',#9296);
#3553=VERTEX_POINT('',#9300);
#3554=VERTEX_POINT('',#9301);
#3555=VERTEX_POINT('',#9303);
#3556=VERTEX_POINT('',#9305);
#3557=VERTEX_POINT('',#9309);
#3558=VERTEX_POINT('',#9311);
#3559=VERTEX_POINT('',#9315);
#3560=VERTEX_POINT('',#9317);
#3561=VERTEX_POINT('',#9321);
#3562=VERTEX_POINT('',#9323);
#3563=VERTEX_POINT('',#9327);
#3564=VERTEX_POINT('',#9329);
#3565=VERTEX_POINT('',#9333);
#3566=VERTEX_POINT('',#9335);
#3567=VERTEX_POINT('',#9339);
#3568=VERTEX_POINT('',#9341);
#3569=VERTEX_POINT('',#9345);
#3570=VERTEX_POINT('',#9346);
#3571=VERTEX_POINT('',#9348);
#3572=VERTEX_POINT('',#9350);
#3573=VERTEX_POINT('',#9354);
#3574=VERTEX_POINT('',#9356);
#3575=VERTEX_POINT('',#9360);
#3576=VERTEX_POINT('',#9362);
#3577=VERTEX_POINT('',#9366);
#3578=VERTEX_POINT('',#9368);
#3579=VERTEX_POINT('',#9372);
#3580=VERTEX_POINT('',#9374);
#3581=VERTEX_POINT('',#9378);
#3582=VERTEX_POINT('',#9380);
#3583=VERTEX_POINT('',#9384);
#3584=VERTEX_POINT('',#9386);
#3585=VERTEX_POINT('',#9390);
#3586=VERTEX_POINT('',#9392);
#3587=VERTEX_POINT('',#9399);
#3588=VERTEX_POINT('',#9400);
#3589=VERTEX_POINT('',#9402);
#3590=VERTEX_POINT('',#9404);
#3591=VERTEX_POINT('',#9408);
#3592=VERTEX_POINT('',#9410);
#3593=VERTEX_POINT('',#9414);
#3594=VERTEX_POINT('',#9416);
#3595=VERTEX_POINT('',#9420);
#3596=VERTEX_POINT('',#9422);
#3597=VERTEX_POINT('',#9426);
#3598=VERTEX_POINT('',#9428);
#3599=VERTEX_POINT('',#9432);
#3600=VERTEX_POINT('',#9434);
#3601=VERTEX_POINT('',#9438);
#3602=VERTEX_POINT('',#9440);
#3603=VERTEX_POINT('',#9444);
#3604=VERTEX_POINT('',#9446);
#3605=VERTEX_POINT('',#9456);
#3606=VERTEX_POINT('',#9458);
#3607=VERTEX_POINT('',#9466);
#3608=VERTEX_POINT('',#9468);
#3609=VERTEX_POINT('',#9470);
#3610=VERTEX_POINT('',#9472);
#3611=VERTEX_POINT('',#9474);
#3612=VERTEX_POINT('',#9476);
#3613=VERTEX_POINT('',#9478);
#3614=VERTEX_POINT('',#9480);
#3615=VERTEX_POINT('',#9482);
#3616=VERTEX_POINT('',#9484);
#3617=VERTEX_POINT('',#9486);
#3618=VERTEX_POINT('',#9488);
#3619=VERTEX_POINT('',#9490);
#3620=VERTEX_POINT('',#9492);
#3621=VERTEX_POINT('',#9494);
#3622=VERTEX_POINT('',#9496);
#3623=VERTEX_POINT('',#9502);
#3624=VERTEX_POINT('',#9503);
#3625=VERTEX_POINT('',#9505);
#3626=VERTEX_POINT('',#9507);
#3627=VERTEX_POINT('',#9509);
#3628=VERTEX_POINT('',#9511);
#3629=VERTEX_POINT('',#9513);
#3630=VERTEX_POINT('',#9515);
#3631=VERTEX_POINT('',#9519);
#3632=VERTEX_POINT('',#9521);
#3633=VERTEX_POINT('',#9525);
#3634=VERTEX_POINT('',#9529);
#3635=VERTEX_POINT('',#9533);
#3636=VERTEX_POINT('',#9537);
#3637=VERTEX_POINT('',#9541);
#3638=VERTEX_POINT('',#9545);
#3639=VERTEX_POINT('',#9549);
#3640=VERTEX_POINT('',#9553);
#3641=VERTEX_POINT('',#9557);
#3642=VERTEX_POINT('',#9561);
#3643=VERTEX_POINT('',#9565);
#3644=VERTEX_POINT('',#9569);
#3645=VERTEX_POINT('',#9573);
#3646=VERTEX_POINT('',#9577);
#3647=VERTEX_POINT('',#9581);
#3648=VERTEX_POINT('',#9585);
#3649=VERTEX_POINT('',#9589);
#3650=VERTEX_POINT('',#9593);
#3651=VERTEX_POINT('',#9597);
#3652=VERTEX_POINT('',#9601);
#3653=VERTEX_POINT('',#9605);
#3654=VERTEX_POINT('',#9609);
#3655=VERTEX_POINT('',#9617);
#3656=VERTEX_POINT('',#9619);
#3657=VERTEX_POINT('',#9650);
#3658=VERTEX_POINT('',#9652);
#3659=VERTEX_POINT('',#9660);
#3660=VERTEX_POINT('',#9883);
#3661=VERTEX_POINT('',#9885);
#3662=VERTEX_POINT('',#9905);
#3663=VERTEX_POINT('',#9907);
#3664=LINE('',#8343,#4255);
#3665=LINE('',#8346,#4256);
#3666=LINE('',#8348,#4257);
#3667=LINE('',#8352,#4258);
#3668=LINE('',#8354,#4259);
#3669=LINE('',#8356,#4260);
#3670=LINE('',#8358,#4261);
#3671=LINE('',#8360,#4262);
#3672=LINE('',#8363,#4263);
#3673=LINE('',#8365,#4264);
#3674=LINE('',#8367,#4265);
#3675=LINE('',#8369,#4266);
#3676=LINE('',#8371,#4267);
#3677=LINE('',#8375,#4268);
#3678=LINE('',#8380,#4269);
#3679=LINE('',#8384,#4270);
#3680=LINE('',#8388,#4271);
#3681=LINE('',#8394,#4272);
#3682=LINE('',#8398,#4273);
#3683=LINE('',#8402,#4274);
#3684=LINE('',#8404,#4275);
#3685=LINE('',#8406,#4276);
#3686=LINE('',#8410,#4277);
#3687=LINE('',#8414,#4278);
#3688=LINE('',#8424,#4279);
#3689=LINE('',#8428,#4280);
#3690=LINE('',#8432,#4281);
#3691=LINE('',#8436,#4282);
#3692=LINE('',#8437,#4283);
#3693=LINE('',#8439,#4284);
#3694=LINE('',#8441,#4285);
#3695=LINE('',#8445,#4286);
#3696=LINE('',#8449,#4287);
#3697=LINE('',#8453,#4288);
#3698=LINE('',#8457,#4289);
#3699=LINE('',#8461,#4290);
#3700=LINE('',#8465,#4291);
#3701=LINE('',#8466,#4292);
#3702=LINE('',#8468,#4293);
#3703=LINE('',#8470,#4294);
#3704=LINE('',#8472,#4295);
#3705=LINE('',#8474,#4296);
#3706=LINE('',#8476,#4297);
#3707=LINE('',#8478,#4298);
#3708=LINE('',#8480,#4299);
#3709=LINE('',#8482,#4300);
#3710=LINE('',#8484,#4301);
#3711=LINE('',#8486,#4302);
#3712=LINE('',#8488,#4303);
#3713=LINE('',#8490,#4304);
#3714=LINE('',#8491,#4305);
#3715=LINE('',#8495,#4306);
#3716=LINE('',#8499,#4307);
#3717=LINE('',#8503,#4308);
#3718=LINE('',#8507,#4309);
#3719=LINE('',#8511,#4310);
#3720=LINE('',#8515,#4311);
#3721=LINE('',#8517,#4312);
#3722=LINE('',#8519,#4313);
#3723=LINE('',#8520,#4314);
#3724=LINE('',#8524,#4315);
#3725=LINE('',#8528,#4316);
#3726=LINE('',#8532,#4317);
#3727=LINE('',#8536,#4318);
#3728=LINE('',#8540,#4319);
#3729=LINE('',#8546,#4320);
#3730=LINE('',#8554,#4321);
#3731=LINE('',#8558,#4322);
#3732=LINE('',#8564,#4323);
#3733=LINE('',#8570,#4324);
#3734=LINE('',#8574,#4325);
#3735=LINE('',#8578,#4326);
#3736=LINE('',#8586,#4327);
#3737=LINE('',#8590,#4328);
#3738=LINE('',#8594,#4329);
#3739=LINE('',#8598,#4330);
#3740=LINE('',#8602,#4331);
#3741=LINE('',#8606,#4332);
#3742=LINE('',#8614,#4333);
#3743=LINE('',#8618,#4334);
#3744=LINE('',#8622,#4335);
#3745=LINE('',#8626,#4336);
#3746=LINE('',#8630,#4337);
#3747=LINE('',#8634,#4338);
#3748=LINE('',#8638,#4339);
#3749=LINE('',#8644,#4340);
#3750=LINE('',#8648,#4341);
#3751=LINE('',#8649,#4342);
#3752=LINE('',#8654,#4343);
#3753=LINE('',#8657,#4344);
#3754=LINE('',#8662,#4345);
#3755=LINE('',#8670,#4346);
#3756=LINE('',#8674,#4347);
#3757=LINE('',#8676,#4348);
#3758=LINE('',#8679,#4349);
#3759=LINE('',#8682,#4350);
#3760=LINE('',#8684,#4351);
#3761=LINE('',#8686,#4352);
#3762=LINE('',#8697,#4353);
#3763=LINE('',#8702,#4354);
#3764=LINE('',#8708,#4355);
#3765=LINE('',#8712,#4356);
#3766=LINE('',#8716,#4357);
#3767=LINE('',#8720,#4358);
#3768=LINE('',#8726,#4359);
#3769=LINE('',#8730,#4360);
#3770=LINE('',#8734,#4361);
#3771=LINE('',#8738,#4362);
#3772=LINE('',#8744,#4363);
#3773=LINE('',#8748,#4364);
#3774=LINE('',#8752,#4365);
#3775=LINE('',#8756,#4366);
#3776=LINE('',#8764,#4367);
#3777=LINE('',#8770,#4368);
#3778=LINE('',#8774,#4369);
#3779=LINE('',#8778,#4370);
#3780=LINE('',#8782,#4371);
#3781=LINE('',#8786,#4372);
#3782=LINE('',#8792,#4373);
#3783=LINE('',#8793,#4374);
#3784=LINE('',#8798,#4375);
#3785=LINE('',#8802,#4376);
#3786=LINE('',#8816,#4377);
#3787=LINE('',#8820,#4378);
#3788=LINE('',#8824,#4379);
#3789=LINE('',#8827,#4380);
#3790=LINE('',#8829,#4381);
#3791=LINE('',#8833,#4382);
#3792=LINE('',#8840,#4383);
#3793=LINE('',#8844,#4384);
#3794=LINE('',#8848,#4385);
#3795=LINE('',#8852,#4386);
#3796=LINE('',#8856,#4387);
#3797=LINE('',#8860,#4388);
#3798=LINE('',#8864,#4389);
#3799=LINE('',#8868,#4390);
#3800=LINE('',#8872,#4391);
#3801=LINE('',#8876,#4392);
#3802=LINE('',#8880,#4393);
#3803=LINE('',#8884,#4394);
#3804=LINE('',#8888,#4395);
#3805=LINE('',#8892,#4396);
#3806=LINE('',#8896,#4397);
#3807=LINE('',#8900,#4398);
#3808=LINE('',#8906,#4399);
#3809=LINE('',#8910,#4400);
#3810=LINE('',#8914,#4401);
#3811=LINE('',#8918,#4402);
#3812=LINE('',#8924,#4403);
#3813=LINE('',#8928,#4404);
#3814=LINE('',#8932,#4405);
#3815=LINE('',#8936,#4406);
#3816=LINE('',#8937,#4407);
#3817=LINE('',#8942,#4408);
#3818=LINE('',#8951,#4409);
#3819=LINE('',#8954,#4410);
#3820=LINE('',#8956,#4411);
#3821=LINE('',#8958,#4412);
#3822=LINE('',#8960,#4413);
#3823=LINE('',#8962,#4414);
#3824=LINE('',#8967,#4415);
#3825=LINE('',#8970,#4416);
#3826=LINE('',#8972,#4417);
#3827=LINE('',#8974,#4418);
#3828=LINE('',#8978,#4419);
#3829=LINE('',#8984,#4420);
#3830=LINE('',#8986,#4421);
#3831=LINE('',#8987,#4422);
#3832=LINE('',#8992,#4423);
#3833=LINE('',#8997,#4424);
#3834=LINE('',#9002,#4425);
#3835=LINE('',#9008,#4426);
#3836=LINE('',#9012,#4427);
#3837=LINE('',#9016,#4428);
#3838=LINE('',#9022,#4429);
#3839=LINE('',#9026,#4430);
#3840=LINE('',#9030,#4431);
#3841=LINE('',#9034,#4432);
#3842=LINE('',#9038,#4433);
#3843=LINE('',#9042,#4434);
#3844=LINE('',#9050,#4435);
#3845=LINE('',#9054,#4436);
#3846=LINE('',#9062,#4437);
#3847=LINE('',#9066,#4438);
#3848=LINE('',#9070,#4439);
#3849=LINE('',#9074,#4440);
#3850=LINE('',#9075,#4441);
#3851=LINE('',#9082,#4442);
#3852=LINE('',#9086,#4443);
#3853=LINE('',#9090,#4444);
#3854=LINE('',#9094,#4445);
#3855=LINE('',#9098,#4446);
#3856=LINE('',#9106,#4447);
#3857=LINE('',#9110,#4448);
#3858=LINE('',#9114,#4449);
#3859=LINE('',#9118,#4450);
#3860=LINE('',#9124,#4451);
#3861=LINE('',#9128,#4452);
#3862=LINE('',#9132,#4453);
#3863=LINE('',#9136,#4454);
#3864=LINE('',#9140,#4455);
#3865=LINE('',#9150,#4456);
#3866=LINE('',#9154,#4457);
#3867=LINE('',#9158,#4458);
#3868=LINE('',#9162,#4459);
#3869=LINE('',#9170,#4460);
#3870=LINE('',#9176,#4461);
#3871=LINE('',#9180,#4462);
#3872=LINE('',#9184,#4463);
#3873=LINE('',#9188,#4464);
#3874=LINE('',#9192,#4465);
#3875=LINE('',#9196,#4466);
#3876=LINE('',#9204,#4467);
#3877=LINE('',#9208,#4468);
#3878=LINE('',#9212,#4469);
#3879=LINE('',#9216,#4470);
#3880=LINE('',#9220,#4471);
#3881=LINE('',#9226,#4472);
#3882=LINE('',#9232,#4473);
#3883=LINE('',#9236,#4474);
#3884=LINE('',#9240,#4475);
#3885=LINE('',#9244,#4476);
#3886=LINE('',#9248,#4477);
#3887=LINE('',#9262,#4478);
#3888=LINE('',#9266,#4479);
#3889=LINE('',#9270,#4480);
#3890=LINE('',#9272,#4481);
#3891=LINE('',#9275,#4482);
#3892=LINE('',#9277,#4483);
#3893=LINE('',#9279,#4484);
#3894=LINE('',#9281,#4485);
#3895=LINE('',#9284,#4486);
#3896=LINE('',#9286,#4487);
#3897=LINE('',#9288,#4488);
#3898=LINE('',#9290,#4489);
#3899=LINE('',#9293,#4490);
#3900=LINE('',#9295,#4491);
#3901=LINE('',#9297,#4492);
#3902=LINE('',#9302,#4493);
#3903=LINE('',#9306,#4494);
#3904=LINE('',#9308,#4495);
#3905=LINE('',#9310,#4496);
#3906=LINE('',#9312,#4497);
#3907=LINE('',#9318,#4498);
#3908=LINE('',#9320,#4499);
#3909=LINE('',#9322,#4500);
#3910=LINE('',#9324,#4501);
#3911=LINE('',#9330,#4502);
#3912=LINE('',#9332,#4503);
#3913=LINE('',#9334,#4504);
#3914=LINE('',#9336,#4505);
#3915=LINE('',#9342,#4506);
#3916=LINE('',#9344,#4507);
#3917=LINE('',#9347,#4508);
#3918=LINE('',#9349,#4509);
#3919=LINE('',#9351,#4510);
#3920=LINE('',#9353,#4511);
#3921=LINE('',#9355,#4512);
#3922=LINE('',#9357,#4513);
#3923=LINE('',#9359,#4514);
#3924=LINE('',#9361,#4515);
#3925=LINE('',#9363,#4516);
#3926=LINE('',#9369,#4517);
#3927=LINE('',#9371,#4518);
#3928=LINE('',#9373,#4519);
#3929=LINE('',#9375,#4520);
#3930=LINE('',#9377,#4521);
#3931=LINE('',#9379,#4522);
#3932=LINE('',#9381,#4523);
#3933=LINE('',#9383,#4524);
#3934=LINE('',#9385,#4525);
#3935=LINE('',#9387,#4526);
#3936=LINE('',#9393,#4527);
#3937=LINE('',#9395,#4528);
#3938=LINE('',#9396,#4529);
#3939=LINE('',#9398,#4530);
#3940=LINE('',#9401,#4531);
#3941=LINE('',#9403,#4532);
#3942=LINE('',#9405,#4533);
#3943=LINE('',#9407,#4534);
#3944=LINE('',#9409,#4535);
#3945=LINE('',#9411,#4536);
#3946=LINE('',#9417,#4537);
#3947=LINE('',#9419,#4538);
#3948=LINE('',#9421,#4539);
#3949=LINE('',#9423,#4540);
#3950=LINE('',#9425,#4541);
#3951=LINE('',#9427,#4542);
#3952=LINE('',#9429,#4543);
#3953=LINE('',#9431,#4544);
#3954=LINE('',#9433,#4545);
#3955=LINE('',#9435,#4546);
#3956=LINE('',#9441,#4547);
#3957=LINE('',#9443,#4548);
#3958=LINE('',#9445,#4549);
#3959=LINE('',#9447,#4550);
#3960=LINE('',#9449,#4551);
#3961=LINE('',#9450,#4552);
#3962=LINE('',#9452,#4553);
#3963=LINE('',#9453,#4554);
#3964=LINE('',#9457,#4555);
#3965=LINE('',#9461,#4556);
#3966=LINE('',#9462,#4557);
#3967=LINE('',#9465,#4558);
#3968=LINE('',#9469,#4559);
#3969=LINE('',#9471,#4560);
#3970=LINE('',#9473,#4561);
#3971=LINE('',#9477,#4562);
#3972=LINE('',#9479,#4563);
#3973=LINE('',#9481,#4564);
#3974=LINE('',#9483,#4565);
#3975=LINE('',#9485,#4566);
#3976=LINE('',#9489,#4567);
#3977=LINE('',#9491,#4568);
#3978=LINE('',#9493,#4569);
#3979=LINE('',#9497,#4570);
#3980=LINE('',#9499,#4571);
#3981=LINE('',#9500,#4572);
#3982=LINE('',#9504,#4573);
#3983=LINE('',#9508,#4574);
#3984=LINE('',#9512,#4575);
#3985=LINE('',#9516,#4576);
#3986=LINE('',#9518,#4577);
#3987=LINE('',#9522,#4578);
#3988=LINE('',#9524,#4579);
#3989=LINE('',#9526,#4580);
#3990=LINE('',#9528,#4581);
#3991=LINE('',#9532,#4582);
#3992=LINE('',#9534,#4583);
#3993=LINE('',#9536,#4584);
#3994=LINE('',#9540,#4585);
#3995=LINE('',#9542,#4586);
#3996=LINE('',#9544,#4587);
#3997=LINE('',#9548,#4588);
#3998=LINE('',#9550,#4589);
#3999=LINE('',#9552,#4590);
#4000=LINE('',#9556,#4591);
#4001=LINE('',#9558,#4592);
#4002=LINE('',#9560,#4593);
#4003=LINE('',#9562,#4594);
#4004=LINE('',#9564,#4595);
#4005=LINE('',#9566,#4596);
#4006=LINE('',#9568,#4597);
#4007=LINE('',#9572,#4598);
#4008=LINE('',#9574,#4599);
#4009=LINE('',#9576,#4600);
#4010=LINE('',#9578,#4601);
#4011=LINE('',#9580,#4602);
#4012=LINE('',#9582,#4603);
#4013=LINE('',#9584,#4604);
#4014=LINE('',#9586,#4605);
#4015=LINE('',#9588,#4606);
#4016=LINE('',#9590,#4607);
#4017=LINE('',#9592,#4608);
#4018=LINE('',#9596,#4609);
#4019=LINE('',#9598,#4610);
#4020=LINE('',#9600,#4611);
#4021=LINE('',#9602,#4612);
#4022=LINE('',#9604,#4613);
#4023=LINE('',#9606,#4614);
#4024=LINE('',#9608,#4615);
#4025=LINE('',#9612,#4616);
#4026=LINE('',#9614,#4617);
#4027=LINE('',#9618,#4618);
#4028=LINE('',#9622,#4619);
#4029=LINE('',#9623,#4620);
#4030=LINE('',#9629,#4621);
#4031=LINE('',#9630,#4622);
#4032=LINE('',#9632,#4623);
#4033=LINE('',#9633,#4624);
#4034=LINE('',#9642,#4625);
#4035=LINE('',#9644,#4626);
#4036=LINE('',#9645,#4627);
#4037=LINE('',#9647,#4628);
#4038=LINE('',#9649,#4629);
#4039=LINE('',#9651,#4630);
#4040=LINE('',#9653,#4631);
#4041=LINE('',#9655,#4632);
#4042=LINE('',#9656,#4633);
#4043=LINE('',#9657,#4634);
#4044=LINE('',#9662,#4635);
#4045=LINE('',#9663,#4636);
#4046=LINE('',#9664,#4637);
#4047=LINE('',#9665,#4638);
#4048=LINE('',#9668,#4639);
#4049=LINE('',#9669,#4640);
#4050=LINE('',#9696,#4641);
#4051=LINE('',#9697,#4642);
#4052=LINE('',#9699,#4643);
#4053=LINE('',#9701,#4644);
#4054=LINE('',#9703,#4645);
#4055=LINE('',#9705,#4646);
#4056=LINE('',#9708,#4647);
#4057=LINE('',#9709,#4648);
#4058=LINE('',#9711,#4649);
#4059=LINE('',#9712,#4650);
#4060=LINE('',#9714,#4651);
#4061=LINE('',#9718,#4652);
#4062=LINE('',#9719,#4653);
#4063=LINE('',#9721,#4654);
#4064=LINE('',#9723,#4655);
#4065=LINE('',#9726,#4656);
#4066=LINE('',#9727,#4657);
#4067=LINE('',#9729,#4658);
#4068=LINE('',#9731,#4659);
#4069=LINE('',#9737,#4660);
#4070=LINE('',#9738,#4661);
#4071=LINE('',#9740,#4662);
#4072=LINE('',#9742,#4663);
#4073=LINE('',#9743,#4664);
#4074=LINE('',#9745,#4665);
#4075=LINE('',#9746,#4666);
#4076=LINE('',#9748,#4667);
#4077=LINE('',#9749,#4668);
#4078=LINE('',#9751,#4669);
#4079=LINE('',#9752,#4670);
#4080=LINE('',#9754,#4671);
#4081=LINE('',#9755,#4672);
#4082=LINE('',#9757,#4673);
#4083=LINE('',#9758,#4674);
#4084=LINE('',#9767,#4675);
#4085=LINE('',#9768,#4676);
#4086=LINE('',#9770,#4677);
#4087=LINE('',#9772,#4678);
#4088=LINE('',#9773,#4679);
#4089=LINE('',#9775,#4680);
#4090=LINE('',#9776,#4681);
#4091=LINE('',#9778,#4682);
#4092=LINE('',#9779,#4683);
#4093=LINE('',#9781,#4684);
#4094=LINE('',#9782,#4685);
#4095=LINE('',#9784,#4686);
#4096=LINE('',#9785,#4687);
#4097=LINE('',#9797,#4688);
#4098=LINE('',#9799,#4689);
#4099=LINE('',#9801,#4690);
#4100=LINE('',#9802,#4691);
#4101=LINE('',#9804,#4692);
#4102=LINE('',#9805,#4693);
#4103=LINE('',#9807,#4694);
#4104=LINE('',#9808,#4695);
#4105=LINE('',#9810,#4696);
#4106=LINE('',#9811,#4697);
#4107=LINE('',#9813,#4698);
#4108=LINE('',#9814,#4699);
#4109=LINE('',#9822,#4700);
#4110=LINE('',#9823,#4701);
#4111=LINE('',#9825,#4702);
#4112=LINE('',#9826,#4703);
#4113=LINE('',#9828,#4704);
#4114=LINE('',#9829,#4705);
#4115=LINE('',#9831,#4706);
#4116=LINE('',#9832,#4707);
#4117=LINE('',#9838,#4708);
#4118=LINE('',#9839,#4709);
#4119=LINE('',#9841,#4710);
#4120=LINE('',#9842,#4711);
#4121=LINE('',#9844,#4712);
#4122=LINE('',#9845,#4713);
#4123=LINE('',#9847,#4714);
#4124=LINE('',#9848,#4715);
#4125=LINE('',#9850,#4716);
#4126=LINE('',#9851,#4717);
#4127=LINE('',#9853,#4718);
#4128=LINE('',#9854,#4719);
#4129=LINE('',#9862,#4720);
#4130=LINE('',#9863,#4721);
#4131=LINE('',#9865,#4722);
#4132=LINE('',#9866,#4723);
#4133=LINE('',#9868,#4724);
#4134=LINE('',#9869,#4725);
#4135=LINE('',#9871,#4726);
#4136=LINE('',#9872,#4727);
#4137=LINE('',#9874,#4728);
#4138=LINE('',#9875,#4729);
#4139=LINE('',#9882,#4730);
#4140=LINE('',#9886,#4731);
#4141=LINE('',#9888,#4732);
#4142=LINE('',#9889,#4733);
#4143=LINE('',#9891,#4734);
#4144=LINE('',#9892,#4735);
#4145=LINE('',#9894,#4736);
#4146=LINE('',#9895,#4737);
#4147=LINE('',#9897,#4738);
#4148=LINE('',#9898,#4739);
#4149=LINE('',#9904,#4740);
#4150=LINE('',#9908,#4741);
#4151=LINE('',#9910,#4742);
#4152=LINE('',#9911,#4743);
#4153=LINE('',#9913,#4744);
#4154=LINE('',#9914,#4745);
#4155=LINE('',#9916,#4746);
#4156=LINE('',#9917,#4747);
#4157=LINE('',#9919,#4748);
#4158=LINE('',#9920,#4749);
#4159=LINE('',#9926,#4750);
#4160=LINE('',#9927,#4751);
#4161=LINE('',#9929,#4752);
#4162=LINE('',#9930,#4753);
#4163=LINE('',#9932,#4754);
#4164=LINE('',#9933,#4755);
#4165=LINE('',#9935,#4756);
#4166=LINE('',#9936,#4757);
#4167=LINE('',#9938,#4758);
#4168=LINE('',#9939,#4759);
#4169=LINE('',#9946,#4760);
#4170=LINE('',#9947,#4761);
#4171=LINE('',#9949,#4762);
#4172=LINE('',#9951,#4763);
#4173=LINE('',#9953,#4764);
#4174=LINE('',#9954,#4765);
#4175=LINE('',#9956,#4766);
#4176=LINE('',#9957,#4767);
#4177=LINE('',#9959,#4768);
#4178=LINE('',#9960,#4769);
#4179=LINE('',#9962,#4770);
#4180=LINE('',#9963,#4771);
#4181=LINE('',#9965,#4772);
#4182=LINE('',#9966,#4773);
#4183=LINE('',#9974,#4774);
#4184=LINE('',#9975,#4775);
#4185=LINE('',#9977,#4776);
#4186=LINE('',#9978,#4777);
#4187=LINE('',#9980,#4778);
#4188=LINE('',#9981,#4779);
#4189=LINE('',#9983,#4780);
#4190=LINE('',#9984,#4781);
#4191=LINE('',#9990,#4782);
#4192=LINE('',#9991,#4783);
#4193=LINE('',#9993,#4784);
#4194=LINE('',#9994,#4785);
#4195=LINE('',#9996,#4786);
#4196=LINE('',#9998,#4787);
#4197=LINE('',#9999,#4788);
#4198=LINE('',#10001,#4789);
#4199=LINE('',#10002,#4790);
#4200=LINE('',#10004,#4791);
#4201=LINE('',#10005,#4792);
#4202=LINE('',#10007,#4793);
#4203=LINE('',#10008,#4794);
#4204=LINE('',#10010,#4795);
#4205=LINE('',#10011,#4796);
#4206=LINE('',#10020,#4797);
#4207=LINE('',#10021,#4798);
#4208=LINE('',#10023,#4799);
#4209=LINE('',#10024,#4800);
#4210=LINE('',#10026,#4801);
#4211=LINE('',#10027,#4802);
#4212=LINE('',#10029,#4803);
#4213=LINE('',#10030,#4804);
#4214=LINE('',#10032,#4805);
#4215=LINE('',#10033,#4806);
#4216=LINE('',#10035,#4807);
#4217=LINE('',#10036,#4808);
#4218=LINE('',#10044,#4809);
#4219=LINE('',#10045,#4810);
#4220=LINE('',#10047,#4811);
#4221=LINE('',#10049,#4812);
#4222=LINE('',#10051,#4813);
#4223=LINE('',#10052,#4814);
#4224=LINE('',#10054,#4815);
#4225=LINE('',#10055,#4816);
#4226=LINE('',#10057,#4817);
#4227=LINE('',#10058,#4818);
#4228=LINE('',#10060,#4819);
#4229=LINE('',#10061,#4820);
#4230=LINE('',#10063,#4821);
#4231=LINE('',#10064,#4822);
#4232=LINE('',#10072,#4823);
#4233=LINE('',#10073,#4824);
#4234=LINE('',#10075,#4825);
#4235=LINE('',#10076,#4826);
#4236=LINE('',#10078,#4827);
#4237=LINE('',#10079,#4828);
#4238=LINE('',#10081,#4829);
#4239=LINE('',#10082,#4830);
#4240=LINE('',#10084,#4831);
#4241=LINE('',#10086,#4832);
#4242=LINE('',#10087,#4833);
#4243=LINE('',#10089,#4834);
#4244=LINE('',#10090,#4835);
#4245=LINE('',#10092,#4836);
#4246=LINE('',#10093,#4837);
#4247=LINE('',#10102,#4838);
#4248=LINE('',#10103,#4839);
#4249=LINE('',#10105,#4840);
#4250=LINE('',#10106,#4841);
#4251=LINE('',#10108,#4842);
#4252=LINE('',#10109,#4843);
#4253=LINE('',#10111,#4844);
#4254=LINE('',#10112,#4845);
#4255=VECTOR('',#6594,1.);
#4256=VECTOR('',#6595,1.);
#4257=VECTOR('',#6596,1.);
#4258=VECTOR('',#6599,1.);
#4259=VECTOR('',#6600,1.);
#4260=VECTOR('',#6601,1.);
#4261=VECTOR('',#6602,1.);
#4262=VECTOR('',#6605,1.);
#4263=VECTOR('',#6606,1.);
#4264=VECTOR('',#6607,1.);
#4265=VECTOR('',#6608,1.);
#4266=VECTOR('',#6609,1.);
#4267=VECTOR('',#6610,1.);
#4268=VECTOR('',#6613,1.);
#4269=VECTOR('',#6618,1.);
#4270=VECTOR('',#6621,1.);
#4271=VECTOR('',#6624,1.);
#4272=VECTOR('',#6629,1.);
#4273=VECTOR('',#6632,1.);
#4274=VECTOR('',#6635,1.);
#4275=VECTOR('',#6636,1.);
#4276=VECTOR('',#6637,1.);
#4277=VECTOR('',#6640,1.);
#4278=VECTOR('',#6643,1.);
#4279=VECTOR('',#6652,1.);
#4280=VECTOR('',#6655,1.);
#4281=VECTOR('',#6658,1.);
#4282=VECTOR('',#6661,1.);
#4283=VECTOR('',#6662,1.);
#4284=VECTOR('',#6663,1.);
#4285=VECTOR('',#6664,1.);
#4286=VECTOR('',#6667,1.);
#4287=VECTOR('',#6670,1.);
#4288=VECTOR('',#6673,1.);
#4289=VECTOR('',#6676,1.);
#4290=VECTOR('',#6679,1.);
#4291=VECTOR('',#6682,1.);
#4292=VECTOR('',#6683,1.);
#4293=VECTOR('',#6684,1.);
#4294=VECTOR('',#6685,1.);
#4295=VECTOR('',#6686,1.);
#4296=VECTOR('',#6687,1.);
#4297=VECTOR('',#6688,1.);
#4298=VECTOR('',#6689,1.);
#4299=VECTOR('',#6690,1.);
#4300=VECTOR('',#6691,1.);
#4301=VECTOR('',#6692,1.);
#4302=VECTOR('',#6693,1.);
#4303=VECTOR('',#6694,1.);
#4304=VECTOR('',#6695,1.);
#4305=VECTOR('',#6696,1.);
#4306=VECTOR('',#6699,1.);
#4307=VECTOR('',#6702,1.);
#4308=VECTOR('',#6705,1.);
#4309=VECTOR('',#6708,1.);
#4310=VECTOR('',#6711,1.);
#4311=VECTOR('',#6714,1.);
#4312=VECTOR('',#6715,1.);
#4313=VECTOR('',#6716,1.);
#4314=VECTOR('',#6717,1.);
#4315=VECTOR('',#6720,1.);
#4316=VECTOR('',#6723,1.);
#4317=VECTOR('',#6726,1.);
#4318=VECTOR('',#6729,1.);
#4319=VECTOR('',#6732,1.);
#4320=VECTOR('',#6737,1.);
#4321=VECTOR('',#6744,1.);
#4322=VECTOR('',#6747,1.);
#4323=VECTOR('',#6752,1.);
#4324=VECTOR('',#6757,1.);
#4325=VECTOR('',#6760,1.);
#4326=VECTOR('',#6763,1.);
#4327=VECTOR('',#6770,1.);
#4328=VECTOR('',#6773,1.);
#4329=VECTOR('',#6776,1.);
#4330=VECTOR('',#6779,1.);
#4331=VECTOR('',#6782,1.);
#4332=VECTOR('',#6785,1.);
#4333=VECTOR('',#6792,1.);
#4334=VECTOR('',#6795,1.);
#4335=VECTOR('',#6798,1.);
#4336=VECTOR('',#6801,1.);
#4337=VECTOR('',#6804,1.);
#4338=VECTOR('',#6807,1.);
#4339=VECTOR('',#6810,1.);
#4340=VECTOR('',#6815,1.);
#4341=VECTOR('',#6818,1.);
#4342=VECTOR('',#6819,1.);
#4343=VECTOR('',#6822,1.);
#4344=VECTOR('',#6825,1.);
#4345=VECTOR('',#6828,1.);
#4346=VECTOR('',#6835,1.);
#4347=VECTOR('',#6838,1.);
#4348=VECTOR('',#6839,1.);
#4349=VECTOR('',#6842,1.);
#4350=VECTOR('',#6843,1.);
#4351=VECTOR('',#6844,1.);
#4352=VECTOR('',#6845,1.);
#4353=VECTOR('',#6856,1.);
#4354=VECTOR('',#6859,1.);
#4355=VECTOR('',#6864,1.);
#4356=VECTOR('',#6867,1.);
#4357=VECTOR('',#6870,1.);
#4358=VECTOR('',#6873,1.);
#4359=VECTOR('',#6878,1.);
#4360=VECTOR('',#6881,1.);
#4361=VECTOR('',#6884,1.);
#4362=VECTOR('',#6887,1.);
#4363=VECTOR('',#6892,1.);
#4364=VECTOR('',#6895,1.);
#4365=VECTOR('',#6898,1.);
#4366=VECTOR('',#6901,1.);
#4367=VECTOR('',#6908,1.);
#4368=VECTOR('',#6913,1.);
#4369=VECTOR('',#6916,1.);
#4370=VECTOR('',#6919,1.);
#4371=VECTOR('',#6922,1.);
#4372=VECTOR('',#6925,1.);
#4373=VECTOR('',#6930,1.);
#4374=VECTOR('',#6931,1.);
#4375=VECTOR('',#6934,1.);
#4376=VECTOR('',#6937,1.);
#4377=VECTOR('',#6950,1.);
#4378=VECTOR('',#6953,1.);
#4379=VECTOR('',#6958,1.);
#4380=VECTOR('',#6959,1.);
#4381=VECTOR('',#6960,1.);
#4382=VECTOR('',#6963,1.);
#4383=VECTOR('',#6970,1.);
#4384=VECTOR('',#6973,1.);
#4385=VECTOR('',#6976,1.);
#4386=VECTOR('',#6979,1.);
#4387=VECTOR('',#6982,1.);
#4388=VECTOR('',#6985,1.);
#4389=VECTOR('',#6988,1.);
#4390=VECTOR('',#6991,1.);
#4391=VECTOR('',#6994,1.);
#4392=VECTOR('',#6997,1.);
#4393=VECTOR('',#7000,1.);
#4394=VECTOR('',#7003,1.);
#4395=VECTOR('',#7006,1.);
#4396=VECTOR('',#7009,1.);
#4397=VECTOR('',#7012,1.);
#4398=VECTOR('',#7015,1.);
#4399=VECTOR('',#7020,1.);
#4400=VECTOR('',#7023,1.);
#4401=VECTOR('',#7026,1.);
#4402=VECTOR('',#7029,1.);
#4403=VECTOR('',#7034,1.);
#4404=VECTOR('',#7037,1.);
#4405=VECTOR('',#7040,1.);
#4406=VECTOR('',#7043,1.);
#4407=VECTOR('',#7044,1.);
#4408=VECTOR('',#7047,1.);
#4409=VECTOR('',#7056,1.);
#4410=VECTOR('',#7057,1.);
#4411=VECTOR('',#7058,1.);
#4412=VECTOR('',#7059,1.);
#4413=VECTOR('',#7060,1.);
#4414=VECTOR('',#7061,1.);
#4415=VECTOR('',#7066,1.);
#4416=VECTOR('',#7067,1.);
#4417=VECTOR('',#7068,1.);
#4418=VECTOR('',#7069,1.);
#4419=VECTOR('',#7072,1.);
#4420=VECTOR('',#7077,1.);
#4421=VECTOR('',#7078,1.);
#4422=VECTOR('',#7079,1.);
#4423=VECTOR('',#7082,1.);
#4424=VECTOR('',#7087,1.);
#4425=VECTOR('',#7090,1.);
#4426=VECTOR('',#7095,1.);
#4427=VECTOR('',#7098,1.);
#4428=VECTOR('',#7101,1.);
#4429=VECTOR('',#7106,1.);
#4430=VECTOR('',#7109,1.);
#4431=VECTOR('',#7112,1.);
#4432=VECTOR('',#7115,1.);
#4433=VECTOR('',#7118,1.);
#4434=VECTOR('',#7121,1.);
#4435=VECTOR('',#7128,1.);
#4436=VECTOR('',#7131,1.);
#4437=VECTOR('',#7138,1.);
#4438=VECTOR('',#7141,1.);
#4439=VECTOR('',#7144,1.);
#4440=VECTOR('',#7147,1.);
#4441=VECTOR('',#7148,1.);
#4442=VECTOR('',#7153,1.);
#4443=VECTOR('',#7156,1.);
#4444=VECTOR('',#7159,1.);
#4445=VECTOR('',#7162,1.);
#4446=VECTOR('',#7165,1.);
#4447=VECTOR('',#7172,1.);
#4448=VECTOR('',#7175,1.);
#4449=VECTOR('',#7178,1.);
#4450=VECTOR('',#7181,1.);
#4451=VECTOR('',#7186,1.);
#4452=VECTOR('',#7189,1.);
#4453=VECTOR('',#7192,1.);
#4454=VECTOR('',#7195,1.);
#4455=VECTOR('',#7198,1.);
#4456=VECTOR('',#7207,1.);
#4457=VECTOR('',#7210,1.);
#4458=VECTOR('',#7213,1.);
#4459=VECTOR('',#7216,1.);
#4460=VECTOR('',#7223,1.);
#4461=VECTOR('',#7228,1.);
#4462=VECTOR('',#7231,1.);
#4463=VECTOR('',#7234,1.);
#4464=VECTOR('',#7237,1.);
#4465=VECTOR('',#7240,1.);
#4466=VECTOR('',#7243,1.);
#4467=VECTOR('',#7250,1.);
#4468=VECTOR('',#7253,1.);
#4469=VECTOR('',#7256,1.);
#4470=VECTOR('',#7259,1.);
#4471=VECTOR('',#7262,1.);
#4472=VECTOR('',#7267,1.);
#4473=VECTOR('',#7272,1.);
#4474=VECTOR('',#7275,1.);
#4475=VECTOR('',#7278,1.);
#4476=VECTOR('',#7281,1.);
#4477=VECTOR('',#7284,1.);
#4478=VECTOR('',#7297,1.);
#4479=VECTOR('',#7300,1.);
#4480=VECTOR('',#7303,1.);
#4481=VECTOR('',#7306,1.);
#4482=VECTOR('',#7307,1.);
#4483=VECTOR('',#7308,1.);
#4484=VECTOR('',#7309,1.);
#4485=VECTOR('',#7312,1.);
#4486=VECTOR('',#7313,1.);
#4487=VECTOR('',#7314,1.);
#4488=VECTOR('',#7315,1.);
#4489=VECTOR('',#7318,1.);
#4490=VECTOR('',#7319,1.);
#4491=VECTOR('',#7320,1.);
#4492=VECTOR('',#7321,1.);
#4493=VECTOR('',#7326,1.);
#4494=VECTOR('',#7329,1.);
#4495=VECTOR('',#7332,1.);
#4496=VECTOR('',#7333,1.);
#4497=VECTOR('',#7334,1.);
#4498=VECTOR('',#7341,1.);
#4499=VECTOR('',#7344,1.);
#4500=VECTOR('',#7345,1.);
#4501=VECTOR('',#7346,1.);
#4502=VECTOR('',#7353,1.);
#4503=VECTOR('',#7356,1.);
#4504=VECTOR('',#7357,1.);
#4505=VECTOR('',#7358,1.);
#4506=VECTOR('',#7365,1.);
#4507=VECTOR('',#7368,1.);
#4508=VECTOR('',#7369,1.);
#4509=VECTOR('',#7370,1.);
#4510=VECTOR('',#7371,1.);
#4511=VECTOR('',#7374,1.);
#4512=VECTOR('',#7375,1.);
#4513=VECTOR('',#7376,1.);
#4514=VECTOR('',#7379,1.);
#4515=VECTOR('',#7380,1.);
#4516=VECTOR('',#7381,1.);
#4517=VECTOR('',#7388,1.);
#4518=VECTOR('',#7391,1.);
#4519=VECTOR('',#7392,1.);
#4520=VECTOR('',#7393,1.);
#4521=VECTOR('',#7396,1.);
#4522=VECTOR('',#7397,1.);
#4523=VECTOR('',#7398,1.);
#4524=VECTOR('',#7401,1.);
#4525=VECTOR('',#7402,1.);
#4526=VECTOR('',#7403,1.);
#4527=VECTOR('',#7410,1.);
#4528=VECTOR('',#7413,1.);
#4529=VECTOR('',#7414,1.);
#4530=VECTOR('',#7417,1.);
#4531=VECTOR('',#7418,1.);
#4532=VECTOR('',#7419,1.);
#4533=VECTOR('',#7420,1.);
#4534=VECTOR('',#7423,1.);
#4535=VECTOR('',#7424,1.);
#4536=VECTOR('',#7425,1.);
#4537=VECTOR('',#7432,1.);
#4538=VECTOR('',#7435,1.);
#4539=VECTOR('',#7436,1.);
#4540=VECTOR('',#7437,1.);
#4541=VECTOR('',#7440,1.);
#4542=VECTOR('',#7441,1.);
#4543=VECTOR('',#7442,1.);
#4544=VECTOR('',#7445,1.);
#4545=VECTOR('',#7446,1.);
#4546=VECTOR('',#7447,1.);
#4547=VECTOR('',#7454,1.);
#4548=VECTOR('',#7457,1.);
#4549=VECTOR('',#7458,1.);
#4550=VECTOR('',#7459,1.);
#4551=VECTOR('',#7462,1.);
#4552=VECTOR('',#7463,1.);
#4553=VECTOR('',#7466,1.);
#4554=VECTOR('',#7467,1.);
#4555=VECTOR('',#7472,1.);
#4556=VECTOR('',#7477,1.);
#4557=VECTOR('',#7478,1.);
#4558=VECTOR('',#7483,1.);
#4559=VECTOR('',#7486,1.);
#4560=VECTOR('',#7487,1.);
#4561=VECTOR('',#7488,1.);
#4562=VECTOR('',#7491,1.);
#4563=VECTOR('',#7492,1.);
#4564=VECTOR('',#7493,1.);
#4565=VECTOR('',#7494,1.);
#4566=VECTOR('',#7495,1.);
#4567=VECTOR('',#7498,1.);
#4568=VECTOR('',#7499,1.);
#4569=VECTOR('',#7500,1.);
#4570=VECTOR('',#7503,1.);
#4571=VECTOR('',#7506,1.);
#4572=VECTOR('',#7507,1.);
#4573=VECTOR('',#7510,1.);
#4574=VECTOR('',#7513,1.);
#4575=VECTOR('',#7516,1.);
#4576=VECTOR('',#7519,1.);
#4577=VECTOR('',#7522,1.);
#4578=VECTOR('',#7525,1.);
#4579=VECTOR('',#7528,1.);
#4580=VECTOR('',#7529,1.);
#4581=VECTOR('',#7532,1.);
#4582=VECTOR('',#7537,1.);
#4583=VECTOR('',#7538,1.);
#4584=VECTOR('',#7541,1.);
#4585=VECTOR('',#7546,1.);
#4586=VECTOR('',#7547,1.);
#4587=VECTOR('',#7550,1.);
#4588=VECTOR('',#7555,1.);
#4589=VECTOR('',#7556,1.);
#4590=VECTOR('',#7559,1.);
#4591=VECTOR('',#7564,1.);
#4592=VECTOR('',#7565,1.);
#4593=VECTOR('',#7568,1.);
#4594=VECTOR('',#7569,1.);
#4595=VECTOR('',#7572,1.);
#4596=VECTOR('',#7573,1.);
#4597=VECTOR('',#7576,1.);
#4598=VECTOR('',#7581,1.);
#4599=VECTOR('',#7582,1.);
#4600=VECTOR('',#7585,1.);
#4601=VECTOR('',#7586,1.);
#4602=VECTOR('',#7589,1.);
#4603=VECTOR('',#7590,1.);
#4604=VECTOR('',#7593,1.);
#4605=VECTOR('',#7594,1.);
#4606=VECTOR('',#7597,1.);
#4607=VECTOR('',#7598,1.);
#4608=VECTOR('',#7601,1.);
#4609=VECTOR('',#7606,1.);
#4610=VECTOR('',#7607,1.);
#4611=VECTOR('',#7610,1.);
#4612=VECTOR('',#7611,1.);
#4613=VECTOR('',#7614,1.);
#4614=VECTOR('',#7615,1.);
#4615=VECTOR('',#7618,1.);
#4616=VECTOR('',#7623,1.);
#4617=VECTOR('',#7626,1.);
#4618=VECTOR('',#7631,1.);
#4619=VECTOR('',#7636,1.);
#4620=VECTOR('',#7637,1.);
#4621=VECTOR('',#7648,1.);
#4622=VECTOR('',#7649,1.);
#4623=VECTOR('',#7652,1.);
#4624=VECTOR('',#7653,1.);
#4625=VECTOR('',#7670,1.);
#4626=VECTOR('',#7673,1.);
#4627=VECTOR('',#7674,1.);
#4628=VECTOR('',#7677,1.);
#4629=VECTOR('',#7680,1.);
#4630=VECTOR('',#7681,1.);
#4631=VECTOR('',#7682,1.);
#4632=VECTOR('',#7685,1.);
#4633=VECTOR('',#7686,1.);
#4634=VECTOR('',#7687,1.);
#4635=VECTOR('',#7694,1.);
#4636=VECTOR('',#7695,1.);
#4637=VECTOR('',#7696,1.);
#4638=VECTOR('',#7697,1.);
#4639=VECTOR('',#7702,1.);
#4640=VECTOR('',#7703,1.);
#4641=VECTOR('',#7716,1.);
#4642=VECTOR('',#7717,1.);
#4643=VECTOR('',#7720,1.);
#4644=VECTOR('',#7723,1.);
#4645=VECTOR('',#7726,1.);
#4646=VECTOR('',#7729,1.);
#4647=VECTOR('',#7734,1.);
#4648=VECTOR('',#7735,1.);
#4649=VECTOR('',#7738,1.);
#4650=VECTOR('',#7739,1.);
#4651=VECTOR('',#7742,1.);
#4652=VECTOR('',#7749,1.);
#4653=VECTOR('',#7750,1.);
#4654=VECTOR('',#7753,1.);
#4655=VECTOR('',#7756,1.);
#4656=VECTOR('',#7761,1.);
#4657=VECTOR('',#7762,1.);
#4658=VECTOR('',#7765,1.);
#4659=VECTOR('',#7768,1.);
#4660=VECTOR('',#7779,1.);
#4661=VECTOR('',#7780,1.);
#4662=VECTOR('',#7783,1.);
#4663=VECTOR('',#7786,1.);
#4664=VECTOR('',#7787,1.);
#4665=VECTOR('',#7790,1.);
#4666=VECTOR('',#7791,1.);
#4667=VECTOR('',#7794,1.);
#4668=VECTOR('',#7795,1.);
#4669=VECTOR('',#7798,1.);
#4670=VECTOR('',#7799,1.);
#4671=VECTOR('',#7802,1.);
#4672=VECTOR('',#7803,1.);
#4673=VECTOR('',#7806,1.);
#4674=VECTOR('',#7807,1.);
#4675=VECTOR('',#7824,1.);
#4676=VECTOR('',#7825,1.);
#4677=VECTOR('',#7828,1.);
#4678=VECTOR('',#7831,1.);
#4679=VECTOR('',#7832,1.);
#4680=VECTOR('',#7835,1.);
#4681=VECTOR('',#7836,1.);
#4682=VECTOR('',#7839,1.);
#4683=VECTOR('',#7840,1.);
#4684=VECTOR('',#7843,1.);
#4685=VECTOR('',#7844,1.);
#4686=VECTOR('',#7847,1.);
#4687=VECTOR('',#7848,1.);
#4688=VECTOR('',#7863,1.);
#4689=VECTOR('',#7866,1.);
#4690=VECTOR('',#7869,1.);
#4691=VECTOR('',#7870,1.);
#4692=VECTOR('',#7873,1.);
#4693=VECTOR('',#7874,1.);
#4694=VECTOR('',#7877,1.);
#4695=VECTOR('',#7878,1.);
#4696=VECTOR('',#7881,1.);
#4697=VECTOR('',#7882,1.);
#4698=VECTOR('',#7885,1.);
#4699=VECTOR('',#7886,1.);
#4700=VECTOR('',#7901,1.);
#4701=VECTOR('',#7902,1.);
#4702=VECTOR('',#7905,1.);
#4703=VECTOR('',#7906,1.);
#4704=VECTOR('',#7909,1.);
#4705=VECTOR('',#7910,1.);
#4706=VECTOR('',#7913,1.);
#4707=VECTOR('',#7914,1.);
#4708=VECTOR('',#7925,1.);
#4709=VECTOR('',#7926,1.);
#4710=VECTOR('',#7929,1.);
#4711=VECTOR('',#7930,1.);
#4712=VECTOR('',#7933,1.);
#4713=VECTOR('',#7934,1.);
#4714=VECTOR('',#7937,1.);
#4715=VECTOR('',#7938,1.);
#4716=VECTOR('',#7941,1.);
#4717=VECTOR('',#7942,1.);
#4718=VECTOR('',#7945,1.);
#4719=VECTOR('',#7946,1.);
#4720=VECTOR('',#7961,1.);
#4721=VECTOR('',#7962,1.);
#4722=VECTOR('',#7965,1.);
#4723=VECTOR('',#7966,1.);
#4724=VECTOR('',#7969,1.);
#4725=VECTOR('',#7970,1.);
#4726=VECTOR('',#7973,1.);
#4727=VECTOR('',#7974,1.);
#4728=VECTOR('',#7977,1.);
#4729=VECTOR('',#7978,1.);
#4730=VECTOR('',#7991,1.);
#4731=VECTOR('',#7994,1.);
#4732=VECTOR('',#7997,1.);
#4733=VECTOR('',#7998,1.);
#4734=VECTOR('',#8001,1.);
#4735=VECTOR('',#8002,1.);
#4736=VECTOR('',#8005,1.);
#4737=VECTOR('',#8006,1.);
#4738=VECTOR('',#8009,1.);
#4739=VECTOR('',#8010,1.);
#4740=VECTOR('',#8021,1.);
#4741=VECTOR('',#8024,1.);
#4742=VECTOR('',#8027,1.);
#4743=VECTOR('',#8028,1.);
#4744=VECTOR('',#8031,1.);
#4745=VECTOR('',#8032,1.);
#4746=VECTOR('',#8035,1.);
#4747=VECTOR('',#8036,1.);
#4748=VECTOR('',#8039,1.);
#4749=VECTOR('',#8040,1.);
#4750=VECTOR('',#8051,1.);
#4751=VECTOR('',#8052,1.);
#4752=VECTOR('',#8055,1.);
#4753=VECTOR('',#8056,1.);
#4754=VECTOR('',#8059,1.);
#4755=VECTOR('',#8060,1.);
#4756=VECTOR('',#8063,1.);
#4757=VECTOR('',#8064,1.);
#4758=VECTOR('',#8067,1.);
#4759=VECTOR('',#8068,1.);
#4760=VECTOR('',#8081,1.);
#4761=VECTOR('',#8082,1.);
#4762=VECTOR('',#8085,1.);
#4763=VECTOR('',#8088,1.);
#4764=VECTOR('',#8091,1.);
#4765=VECTOR('',#8092,1.);
#4766=VECTOR('',#8095,1.);
#4767=VECTOR('',#8096,1.);
#4768=VECTOR('',#8099,1.);
#4769=VECTOR('',#8100,1.);
#4770=VECTOR('',#8103,1.);
#4771=VECTOR('',#8104,1.);
#4772=VECTOR('',#8107,1.);
#4773=VECTOR('',#8108,1.);
#4774=VECTOR('',#8123,1.);
#4775=VECTOR('',#8124,1.);
#4776=VECTOR('',#8127,1.);
#4777=VECTOR('',#8128,1.);
#4778=VECTOR('',#8131,1.);
#4779=VECTOR('',#8132,1.);
#4780=VECTOR('',#8135,1.);
#4781=VECTOR('',#8136,1.);
#4782=VECTOR('',#8147,1.);
#4783=VECTOR('',#8148,1.);
#4784=VECTOR('',#8151,1.);
#4785=VECTOR('',#8152,1.);
#4786=VECTOR('',#8155,1.);
#4787=VECTOR('',#8158,1.);
#4788=VECTOR('',#8159,1.);
#4789=VECTOR('',#8162,1.);
#4790=VECTOR('',#8163,1.);
#4791=VECTOR('',#8166,1.);
#4792=VECTOR('',#8167,1.);
#4793=VECTOR('',#8170,1.);
#4794=VECTOR('',#8171,1.);
#4795=VECTOR('',#8174,1.);
#4796=VECTOR('',#8175,1.);
#4797=VECTOR('',#8192,1.);
#4798=VECTOR('',#8193,1.);
#4799=VECTOR('',#8196,1.);
#4800=VECTOR('',#8197,1.);
#4801=VECTOR('',#8200,1.);
#4802=VECTOR('',#8201,1.);
#4803=VECTOR('',#8204,1.);
#4804=VECTOR('',#8205,1.);
#4805=VECTOR('',#8208,1.);
#4806=VECTOR('',#8209,1.);
#4807=VECTOR('',#8212,1.);
#4808=VECTOR('',#8213,1.);
#4809=VECTOR('',#8228,1.);
#4810=VECTOR('',#8229,1.);
#4811=VECTOR('',#8232,1.);
#4812=VECTOR('',#8235,1.);
#4813=VECTOR('',#8238,1.);
#4814=VECTOR('',#8239,1.);
#4815=VECTOR('',#8242,1.);
#4816=VECTOR('',#8243,1.);
#4817=VECTOR('',#8246,1.);
#4818=VECTOR('',#8247,1.);
#4819=VECTOR('',#8250,1.);
#4820=VECTOR('',#8251,1.);
#4821=VECTOR('',#8254,1.);
#4822=VECTOR('',#8255,1.);
#4823=VECTOR('',#8270,1.);
#4824=VECTOR('',#8271,1.);
#4825=VECTOR('',#8274,1.);
#4826=VECTOR('',#8275,1.);
#4827=VECTOR('',#8278,1.);
#4828=VECTOR('',#8279,1.);
#4829=VECTOR('',#8282,1.);
#4830=VECTOR('',#8283,1.);
#4831=VECTOR('',#8286,1.);
#4832=VECTOR('',#8289,1.);
#4833=VECTOR('',#8290,1.);
#4834=VECTOR('',#8293,1.);
#4835=VECTOR('',#8294,1.);
#4836=VECTOR('',#8297,1.);
#4837=VECTOR('',#8298,1.);
#4838=VECTOR('',#8315,1.);
#4839=VECTOR('',#8316,1.);
#4840=VECTOR('',#8319,1.);
#4841=VECTOR('',#8320,1.);
#4842=VECTOR('',#8323,1.);
#4843=VECTOR('',#8324,1.);
#4844=VECTOR('',#8327,1.);
#4845=VECTOR('',#8328,1.);
#4846=EDGE_LOOP('',(#444,#445,#446,#447,#448,#449,#450,#451));
#4847=EDGE_LOOP('',(#452,#453,#454,#455,#456,#457,#458,#459));
#4848=EDGE_LOOP('',(#460,#461,#462,#463,#464,#465,#466,#467,#468,#469,#470,
#471,#472,#473,#474,#475,#476,#477,#478,#479,#480,#481,#482,#483,#484,#485,
#486,#487,#488,#489,#490,#491,#492,#493,#494,#495,#496,#497,#498,#499,#500,
#501,#502,#503,#504,#505,#506,#507,#508,#509,#510,#511,#512,#513,#514,#515,
#516,#517,#518,#519,#520,#521,#522,#523,#524,#525,#526,#527,#528,#529,#530,
#531,#532,#533,#534,#535));
#4849=EDGE_LOOP('',(#536,#537,#538,#539,#540,#541,#542,#543,#544,#545,#546,
#547,#548,#549,#550));
#4850=EDGE_LOOP('',(#551,#552,#553,#554,#555,#556,#557,#558,#559,#560,#561,
#562,#563,#564));
#4851=EDGE_LOOP('',(#565,#566,#567,#568,#569,#570,#571,#572,#573,#574));
#4852=EDGE_LOOP('',(#575,#576,#577,#578,#579,#580,#581,#582,#583,#584,#585,
#586));
#4853=EDGE_LOOP('',(#587,#588,#589,#590,#591,#592,#593,#594,#595,#596,#597,
#598,#599));
#4854=EDGE_LOOP('',(#600,#601,#602,#603));
#4855=EDGE_LOOP('',(#604,#605,#606,#607,#608));
#4856=EDGE_LOOP('',(#609,#610,#611,#612,#613,#614));
#4857=EDGE_LOOP('',(#615,#616,#617,#618));
#4858=EDGE_LOOP('',(#619));
#4859=EDGE_LOOP('',(#620));
#4860=EDGE_LOOP('',(#621));
#4861=EDGE_LOOP('',(#622));
#4862=EDGE_LOOP('',(#623));
#4863=EDGE_LOOP('',(#624,#625,#626,#627));
#4864=EDGE_LOOP('',(#628,#629,#630,#631,#632,#633,#634,#635));
#4865=EDGE_LOOP('',(#636,#637,#638,#639,#640,#641,#642,#643,#644,#645));
#4866=EDGE_LOOP('',(#646,#647,#648,#649,#650,#651,#652,#653,#654,#655,#656,
#657));
#4867=EDGE_LOOP('',(#658,#659,#660,#661,#662,#663,#664,#665,#666,#667,#668,
#669,#670,#671));
#4868=EDGE_LOOP('',(#672,#673,#674,#675,#676,#677,#678,#679,#680,#681,#682,
#683,#684,#685,#686));
#4869=EDGE_LOOP('',(#687,#688,#689,#690,#691,#692));
#4870=EDGE_LOOP('',(#693,#694,#695,#696,#697,#698,#699,#700));
#4871=EDGE_LOOP('',(#701,#702,#703,#704,#705,#706,#707,#708));
#4872=EDGE_LOOP('',(#709,#710,#711,#712,#713,#714,#715,#716));
#4873=EDGE_LOOP('',(#717,#718,#719,#720,#721,#722,#723,#724));
#4874=EDGE_LOOP('',(#725,#726,#727,#728,#729,#730,#731,#732,#733,#734));
#4875=EDGE_LOOP('',(#735,#736,#737,#738,#739,#740,#741,#742));
#4876=EDGE_LOOP('',(#743,#744,#745,#746));
#4877=EDGE_LOOP('',(#747));
#4878=EDGE_LOOP('',(#748));
#4879=EDGE_LOOP('',(#749));
#4880=EDGE_LOOP('',(#750,#751,#752,#753,#754,#755));
#4881=EDGE_LOOP('',(#756));
#4882=EDGE_LOOP('',(#757));
#4883=EDGE_LOOP('',(#758,#759,#760,#761));
#4884=EDGE_LOOP('',(#762,#763,#764,#765,#766,#767));
#4885=EDGE_LOOP('',(#768,#769,#770,#771,#772));
#4886=EDGE_LOOP('',(#773,#774,#775,#776));
#4887=EDGE_LOOP('',(#777,#778,#779,#780,#781,#782,#783,#784,#785,#786,#787,
#788,#789));
#4888=EDGE_LOOP('',(#790,#791,#792,#793,#794,#795,#796,#797,#798,#799,#800,
#801));
#4889=EDGE_LOOP('',(#802,#803,#804,#805,#806,#807,#808,#809,#810,#811));
#4890=EDGE_LOOP('',(#812,#813,#814,#815,#816,#817,#818,#819,#820,#821,#822,
#823,#824,#825));
#4891=EDGE_LOOP('',(#826,#827,#828,#829,#830,#831,#832,#833,#834,#835,#836,
#837,#838));
#4892=EDGE_LOOP('',(#839,#840,#841,#842,#843,#844,#845,#846,#847,#848,#849,
#850,#851,#852,#853));
#4893=EDGE_LOOP('',(#854,#855,#856,#857,#858,#859,#860,#861,#862,#863,#864,
#865,#866,#867,#868));
#4894=EDGE_LOOP('',(#869,#870,#871,#872,#873,#874,#875,#876,#877,#878,#879,
#880));
#4895=EDGE_LOOP('',(#881,#882,#883,#884,#885,#886,#887,#888,#889,#890,#891,
#892,#893,#894));
#4896=EDGE_LOOP('',(#895,#896,#897,#898,#899,#900,#901,#902,#903,#904,#905,
#906,#907,#908,#909));
#4897=EDGE_LOOP('',(#910,#911,#912,#913));
#4898=EDGE_LOOP('',(#914,#915,#916,#917));
#4899=EDGE_LOOP('',(#918,#919,#920,#921));
#4900=EDGE_LOOP('',(#922,#923,#924,#925));
#4901=EDGE_LOOP('',(#926,#927,#928,#929));
#4902=EDGE_LOOP('',(#930,#931,#932,#933));
#4903=EDGE_LOOP('',(#934,#935,#936,#937));
#4904=EDGE_LOOP('',(#938,#939,#940,#941));
#4905=EDGE_LOOP('',(#942,#943,#944,#945));
#4906=EDGE_LOOP('',(#946,#947,#948,#949));
#4907=EDGE_LOOP('',(#950,#951,#952,#953));
#4908=EDGE_LOOP('',(#954,#955,#956,#957));
#4909=EDGE_LOOP('',(#958,#959,#960,#961));
#4910=EDGE_LOOP('',(#962,#963,#964,#965));
#4911=EDGE_LOOP('',(#966,#967,#968,#969));
#4912=EDGE_LOOP('',(#970,#971,#972,#973));
#4913=EDGE_LOOP('',(#974,#975,#976,#977));
#4914=EDGE_LOOP('',(#978,#979,#980,#981));
#4915=EDGE_LOOP('',(#982,#983,#984,#985));
#4916=EDGE_LOOP('',(#986,#987,#988,#989));
#4917=EDGE_LOOP('',(#990,#991,#992,#993));
#4918=EDGE_LOOP('',(#994,#995,#996,#997));
#4919=EDGE_LOOP('',(#998,#999,#1000,#1001));
#4920=EDGE_LOOP('',(#1002,#1003,#1004,#1005));
#4921=EDGE_LOOP('',(#1006,#1007,#1008,#1009));
#4922=EDGE_LOOP('',(#1010,#1011,#1012,#1013));
#4923=EDGE_LOOP('',(#1014,#1015,#1016,#1017));
#4924=EDGE_LOOP('',(#1018,#1019,#1020,#1021));
#4925=EDGE_LOOP('',(#1022,#1023,#1024,#1025));
#4926=EDGE_LOOP('',(#1026,#1027,#1028,#1029,#1030,#1031,#1032,#1033,#1034,
#1035,#1036,#1037,#1038,#1039,#1040,#1041,#1042,#1043,#1044,#1045,#1046,
#1047));
#4927=EDGE_LOOP('',(#1048,#1049,#1050,#1051,#1052,#1053,#1054,#1055));
#4928=EDGE_LOOP('',(#1056,#1057,#1058,#1059,#1060,#1061,#1062,#1063,#1064,
#1065,#1066,#1067,#1068,#1069,#1070,#1071,#1072,#1073,#1074,#1075,#1076,
#1077,#1078,#1079));
#4929=EDGE_LOOP('',(#1080,#1081,#1082,#1083,#1084,#1085,#1086,#1087));
#4930=EDGE_LOOP('',(#1088,#1089,#1090,#1091,#1092,#1093,#1094,#1095,#1096,
#1097,#1098,#1099,#1100,#1101,#1102,#1103,#1104,#1105,#1106,#1107,#1108,
#1109,#1110,#1111));
#4931=EDGE_LOOP('',(#1112,#1113,#1114,#1115,#1116,#1117,#1118,#1119));
#4932=EDGE_LOOP('',(#1120,#1121,#1122,#1123));
#4933=EDGE_LOOP('',(#1124,#1125,#1126,#1127));
#4934=EDGE_LOOP('',(#1128,#1129,#1130,#1131));
#4935=EDGE_LOOP('',(#1132,#1133,#1134,#1135));
#4936=EDGE_LOOP('',(#1136,#1137,#1138,#1139));
#4937=EDGE_LOOP('',(#1140,#1141,#1142,#1143));
#4938=EDGE_LOOP('',(#1144,#1145,#1146,#1147));
#4939=EDGE_LOOP('',(#1148,#1149,#1150,#1151));
#4940=EDGE_LOOP('',(#1152,#1153,#1154,#1155));
#4941=EDGE_LOOP('',(#1156,#1157,#1158,#1159));
#4942=EDGE_LOOP('',(#1160,#1161,#1162,#1163));
#4943=EDGE_LOOP('',(#1164,#1165,#1166,#1167));
#4944=EDGE_LOOP('',(#1168,#1169,#1170,#1171));
#4945=EDGE_LOOP('',(#1172,#1173,#1174,#1175));
#4946=EDGE_LOOP('',(#1176,#1177,#1178,#1179));
#4947=EDGE_LOOP('',(#1180,#1181,#1182,#1183));
#4948=EDGE_LOOP('',(#1184,#1185,#1186,#1187));
#4949=EDGE_LOOP('',(#1188,#1189,#1190,#1191));
#4950=EDGE_LOOP('',(#1192,#1193,#1194,#1195));
#4951=EDGE_LOOP('',(#1196,#1197,#1198,#1199));
#4952=EDGE_LOOP('',(#1200,#1201,#1202,#1203));
#4953=EDGE_LOOP('',(#1204,#1205,#1206,#1207));
#4954=EDGE_LOOP('',(#1208,#1209,#1210,#1211));
#4955=EDGE_LOOP('',(#1212,#1213,#1214,#1215));
#4956=EDGE_LOOP('',(#1216,#1217,#1218,#1219));
#4957=EDGE_LOOP('',(#1220,#1221,#1222,#1223,#1224,#1225,#1226,#1227,#1228,
#1229,#1230,#1231,#1232,#1233,#1234,#1235,#1236,#1237,#1238,#1239,#1240,
#1241));
#4958=EDGE_LOOP('',(#1242,#1243,#1244,#1245,#1246,#1247,#1248,#1249));
#4959=EDGE_LOOP('',(#1250,#1251,#1252,#1253));
#4960=EDGE_LOOP('',(#1254,#1255,#1256,#1257,#1258));
#4961=EDGE_LOOP('',(#1259,#1260,#1261,#1262,#1263));
#4962=EDGE_LOOP('',(#1264,#1265,#1266,#1267));
#4963=EDGE_LOOP('',(#1268,#1269,#1270,#1271));
#4964=EDGE_LOOP('',(#1272,#1273,#1274,#1275));
#4965=EDGE_LOOP('',(#1276));
#4966=EDGE_LOOP('',(#1277));
#4967=EDGE_LOOP('',(#1278));
#4968=EDGE_LOOP('',(#1279));
#4969=EDGE_LOOP('',(#1280));
#4970=EDGE_LOOP('',(#1281));
#4971=EDGE_LOOP('',(#1282));
#4972=EDGE_LOOP('',(#1283));
#4973=EDGE_LOOP('',(#1284,#1285,#1286,#1287));
#4974=EDGE_LOOP('',(#1288));
#4975=EDGE_LOOP('',(#1289));
#4976=EDGE_LOOP('',(#1290,#1291,#1292,#1293,#1294,#1295,#1296,#1297));
#4977=EDGE_LOOP('',(#1298,#1299,#1300,#1301));
#4978=EDGE_LOOP('',(#1302,#1303,#1304,#1305));
#4979=EDGE_LOOP('',(#1306,#1307,#1308,#1309));
#4980=EDGE_LOOP('',(#1310,#1311,#1312,#1313,#1314,#1315));
#4981=EDGE_LOOP('',(#1316));
#4982=EDGE_LOOP('',(#1317,#1318,#1319,#1320));
#4983=EDGE_LOOP('',(#1321,#1322,#1323,#1324,#1325,#1326,#1327,#1328,#1329,
#1330));
#4984=EDGE_LOOP('',(#1331,#1332,#1333,#1334,#1335,#1336,#1337,#1338));
#4985=EDGE_LOOP('',(#1339,#1340,#1341,#1342,#1343));
#4986=EDGE_LOOP('',(#1344,#1345,#1346,#1347,#1348));
#4987=EDGE_LOOP('',(#1349,#1350,#1351,#1352,#1353));
#4988=EDGE_LOOP('',(#1354,#1355,#1356,#1357,#1358));
#4989=EDGE_LOOP('',(#1359,#1360,#1361,#1362));
#4990=EDGE_LOOP('',(#1363,#1364,#1365,#1366));
#4991=EDGE_LOOP('',(#1367,#1368,#1369,#1370));
#4992=EDGE_LOOP('',(#1371,#1372,#1373,#1374));
#4993=EDGE_LOOP('',(#1375,#1376,#1377,#1378));
#4994=EDGE_LOOP('',(#1379,#1380,#1381,#1382));
#4995=EDGE_LOOP('',(#1383,#1384,#1385,#1386));
#4996=EDGE_LOOP('',(#1387,#1388,#1389,#1390));
#4997=EDGE_LOOP('',(#1391,#1392,#1393,#1394));
#4998=EDGE_LOOP('',(#1395,#1396,#1397,#1398));
#4999=EDGE_LOOP('',(#1399,#1400,#1401,#1402));
#5000=EDGE_LOOP('',(#1403,#1404,#1405,#1406));
#5001=EDGE_LOOP('',(#1407,#1408,#1409,#1410));
#5002=EDGE_LOOP('',(#1411,#1412,#1413,#1414));
#5003=EDGE_LOOP('',(#1415,#1416,#1417,#1418));
#5004=EDGE_LOOP('',(#1419,#1420,#1421,#1422));
#5005=EDGE_LOOP('',(#1423,#1424,#1425,#1426));
#5006=EDGE_LOOP('',(#1427,#1428,#1429,#1430));
#5007=EDGE_LOOP('',(#1431,#1432,#1433,#1434));
#5008=EDGE_LOOP('',(#1435,#1436,#1437,#1438));
#5009=EDGE_LOOP('',(#1439,#1440,#1441,#1442));
#5010=EDGE_LOOP('',(#1443));
#5011=EDGE_LOOP('',(#1444,#1445,#1446,#1447));
#5012=EDGE_LOOP('',(#1448,#1449,#1450,#1451));
#5013=EDGE_LOOP('',(#1452,#1453,#1454,#1455));
#5014=EDGE_LOOP('',(#1456,#1457,#1458,#1459));
#5015=EDGE_LOOP('',(#1460,#1461,#1462,#1463));
#5016=EDGE_LOOP('',(#1464,#1465,#1466,#1467,#1468));
#5017=EDGE_LOOP('',(#1469,#1470,#1471,#1472));
#5018=EDGE_LOOP('',(#1473,#1474,#1475,#1476));
#5019=EDGE_LOOP('',(#1477,#1478,#1479,#1480));
#5020=EDGE_LOOP('',(#1481,#1482,#1483,#1484));
#5021=EDGE_LOOP('',(#1485,#1486,#1487,#1488));
#5022=EDGE_LOOP('',(#1489,#1490,#1491,#1492));
#5023=EDGE_LOOP('',(#1493,#1494,#1495,#1496));
#5024=EDGE_LOOP('',(#1497,#1498,#1499,#1500));
#5025=EDGE_LOOP('',(#1501,#1502,#1503,#1504));
#5026=EDGE_LOOP('',(#1505,#1506,#1507,#1508));
#5027=EDGE_LOOP('',(#1509,#1510,#1511,#1512));
#5028=EDGE_LOOP('',(#1513,#1514,#1515,#1516));
#5029=EDGE_LOOP('',(#1517,#1518,#1519,#1520));
#5030=EDGE_LOOP('',(#1521,#1522,#1523,#1524,#1525));
#5031=EDGE_LOOP('',(#1526,#1527,#1528,#1529));
#5032=EDGE_LOOP('',(#1530,#1531,#1532,#1533));
#5033=EDGE_LOOP('',(#1534,#1535,#1536,#1537));
#5034=EDGE_LOOP('',(#1538,#1539,#1540,#1541));
#5035=EDGE_LOOP('',(#1542,#1543,#1544,#1545));
#5036=EDGE_LOOP('',(#1546,#1547,#1548,#1549));
#5037=EDGE_LOOP('',(#1550,#1551,#1552,#1553));
#5038=EDGE_LOOP('',(#1554,#1555,#1556,#1557));
#5039=EDGE_LOOP('',(#1558,#1559,#1560,#1561));
#5040=EDGE_LOOP('',(#1562,#1563,#1564,#1565));
#5041=EDGE_LOOP('',(#1566,#1567,#1568,#1569));
#5042=EDGE_LOOP('',(#1570,#1571,#1572,#1573));
#5043=EDGE_LOOP('',(#1574,#1575,#1576,#1577));
#5044=EDGE_LOOP('',(#1578,#1579,#1580,#1581));
#5045=EDGE_LOOP('',(#1582,#1583,#1584,#1585));
#5046=EDGE_LOOP('',(#1586,#1587,#1588,#1589));
#5047=EDGE_LOOP('',(#1590,#1591,#1592,#1593));
#5048=EDGE_LOOP('',(#1594,#1595,#1596,#1597));
#5049=EDGE_LOOP('',(#1598,#1599,#1600,#1601));
#5050=EDGE_LOOP('',(#1602,#1603,#1604,#1605));
#5051=EDGE_LOOP('',(#1606,#1607,#1608,#1609));
#5052=EDGE_LOOP('',(#1610,#1611,#1612,#1613));
#5053=EDGE_LOOP('',(#1614,#1615,#1616,#1617));
#5054=EDGE_LOOP('',(#1618,#1619,#1620,#1621));
#5055=EDGE_LOOP('',(#1622,#1623,#1624,#1625));
#5056=EDGE_LOOP('',(#1626,#1627,#1628,#1629));
#5057=EDGE_LOOP('',(#1630,#1631,#1632,#1633));
#5058=EDGE_LOOP('',(#1634,#1635,#1636,#1637));
#5059=EDGE_LOOP('',(#1638,#1639,#1640,#1641));
#5060=EDGE_LOOP('',(#1642,#1643,#1644,#1645));
#5061=EDGE_LOOP('',(#1646,#1647,#1648,#1649));
#5062=EDGE_LOOP('',(#1650,#1651,#1652,#1653));
#5063=EDGE_LOOP('',(#1654,#1655,#1656,#1657));
#5064=EDGE_LOOP('',(#1658,#1659,#1660,#1661));
#5065=EDGE_LOOP('',(#1662,#1663,#1664,#1665));
#5066=EDGE_LOOP('',(#1666,#1667,#1668,#1669));
#5067=EDGE_LOOP('',(#1670,#1671,#1672,#1673));
#5068=EDGE_LOOP('',(#1674,#1675,#1676,#1677));
#5069=EDGE_LOOP('',(#1678,#1679,#1680,#1681));
#5070=EDGE_LOOP('',(#1682,#1683,#1684,#1685));
#5071=EDGE_LOOP('',(#1686,#1687,#1688,#1689));
#5072=EDGE_LOOP('',(#1690,#1691,#1692,#1693));
#5073=EDGE_LOOP('',(#1694,#1695,#1696,#1697));
#5074=EDGE_LOOP('',(#1698,#1699,#1700,#1701));
#5075=EDGE_LOOP('',(#1702,#1703,#1704,#1705));
#5076=EDGE_LOOP('',(#1706,#1707,#1708,#1709));
#5077=EDGE_LOOP('',(#1710,#1711,#1712,#1713));
#5078=EDGE_LOOP('',(#1714,#1715,#1716,#1717));
#5079=EDGE_LOOP('',(#1718,#1719,#1720,#1721));
#5080=EDGE_LOOP('',(#1722,#1723,#1724,#1725));
#5081=EDGE_LOOP('',(#1726,#1727,#1728,#1729));
#5082=EDGE_LOOP('',(#1730,#1731,#1732,#1733));
#5083=EDGE_LOOP('',(#1734,#1735,#1736,#1737));
#5084=EDGE_LOOP('',(#1738,#1739,#1740,#1741));
#5085=EDGE_LOOP('',(#1742,#1743,#1744,#1745,#1746));
#5086=EDGE_LOOP('',(#1747,#1748,#1749,#1750,#1751));
#5087=EDGE_LOOP('',(#1752,#1753,#1754,#1755));
#5088=EDGE_LOOP('',(#1756,#1757,#1758,#1759));
#5089=EDGE_LOOP('',(#1760,#1761,#1762,#1763));
#5090=EDGE_LOOP('',(#1764,#1765,#1766,#1767));
#5091=EDGE_LOOP('',(#1768,#1769,#1770,#1771));
#5092=EDGE_LOOP('',(#1772,#1773,#1774,#1775));
#5093=EDGE_LOOP('',(#1776,#1777,#1778,#1779,#1780));
#5094=EDGE_LOOP('',(#1781,#1782,#1783,#1784));
#5095=EDGE_LOOP('',(#1785,#1786,#1787,#1788,#1789));
#5096=EDGE_LOOP('',(#1790,#1791,#1792,#1793));
#5097=EDGE_LOOP('',(#1794,#1795,#1796,#1797));
#5098=EDGE_LOOP('',(#1798,#1799,#1800,#1801));
#5099=EDGE_LOOP('',(#1802,#1803,#1804,#1805));
#5100=EDGE_LOOP('',(#1806,#1807,#1808,#1809));
#5101=EDGE_LOOP('',(#1810,#1811,#1812,#1813));
#5102=EDGE_LOOP('',(#1814,#1815,#1816,#1817));
#5103=EDGE_LOOP('',(#1818,#1819,#1820,#1821));
#5104=EDGE_LOOP('',(#1822,#1823,#1824,#1825));
#5105=EDGE_LOOP('',(#1826,#1827,#1828,#1829));
#5106=EDGE_LOOP('',(#1830,#1831,#1832,#1833));
#5107=EDGE_LOOP('',(#1834,#1835,#1836,#1837));
#5108=EDGE_LOOP('',(#1838,#1839,#1840,#1841));
#5109=EDGE_LOOP('',(#1842,#1843,#1844,#1845));
#5110=EDGE_LOOP('',(#1846,#1847,#1848,#1849));
#5111=EDGE_LOOP('',(#1850,#1851,#1852,#1853));
#5112=EDGE_LOOP('',(#1854,#1855,#1856,#1857));
#5113=EDGE_LOOP('',(#1858,#1859,#1860,#1861));
#5114=EDGE_LOOP('',(#1862,#1863,#1864,#1865));
#5115=EDGE_LOOP('',(#1866,#1867,#1868,#1869));
#5116=EDGE_LOOP('',(#1870,#1871,#1872,#1873));
#5117=EDGE_LOOP('',(#1874,#1875,#1876,#1877));
#5118=EDGE_LOOP('',(#1878,#1879,#1880,#1881));
#5119=EDGE_LOOP('',(#1882,#1883,#1884,#1885));
#5120=EDGE_LOOP('',(#1886,#1887,#1888,#1889));
#5121=EDGE_LOOP('',(#1890,#1891,#1892,#1893));
#5122=EDGE_LOOP('',(#1894,#1895,#1896,#1897));
#5123=EDGE_LOOP('',(#1898,#1899,#1900,#1901));
#5124=EDGE_LOOP('',(#1902,#1903,#1904,#1905,#1906));
#5125=EDGE_LOOP('',(#1907,#1908,#1909,#1910));
#5126=EDGE_LOOP('',(#1911,#1912,#1913,#1914));
#5127=EDGE_LOOP('',(#1915,#1916,#1917,#1918));
#5128=EDGE_LOOP('',(#1919,#1920,#1921,#1922));
#5129=EDGE_LOOP('',(#1923,#1924,#1925,#1926));
#5130=EDGE_LOOP('',(#1927,#1928,#1929,#1930));
#5131=EDGE_LOOP('',(#1931,#1932,#1933,#1934));
#5132=EDGE_LOOP('',(#1935,#1936,#1937,#1938));
#5133=EDGE_LOOP('',(#1939,#1940,#1941,#1942));
#5134=EDGE_LOOP('',(#1943,#1944,#1945,#1946));
#5135=EDGE_LOOP('',(#1947,#1948,#1949,#1950));
#5136=EDGE_LOOP('',(#1951,#1952,#1953,#1954));
#5137=EDGE_LOOP('',(#1955,#1956,#1957,#1958));
#5138=EDGE_LOOP('',(#1959,#1960,#1961,#1962));
#5139=EDGE_LOOP('',(#1963,#1964,#1965,#1966));
#5140=EDGE_LOOP('',(#1967,#1968,#1969,#1970));
#5141=EDGE_LOOP('',(#1971,#1972,#1973,#1974));
#5142=EDGE_LOOP('',(#1975,#1976,#1977,#1978));
#5143=EDGE_LOOP('',(#1979,#1980,#1981,#1982));
#5144=EDGE_LOOP('',(#1983,#1984,#1985,#1986));
#5145=EDGE_LOOP('',(#1987,#1988,#1989,#1990));
#5146=EDGE_LOOP('',(#1991,#1992,#1993,#1994));
#5147=EDGE_LOOP('',(#1995,#1996,#1997,#1998));
#5148=EDGE_LOOP('',(#1999,#2000,#2001,#2002));
#5149=EDGE_LOOP('',(#2003,#2004,#2005,#2006));
#5150=EDGE_LOOP('',(#2007,#2008,#2009,#2010));
#5151=EDGE_LOOP('',(#2011,#2012,#2013,#2014));
#5152=EDGE_LOOP('',(#2015,#2016,#2017,#2018));
#5153=EDGE_LOOP('',(#2019,#2020,#2021,#2022));
#5154=EDGE_LOOP('',(#2023,#2024,#2025,#2026));
#5155=EDGE_LOOP('',(#2027,#2028,#2029,#2030));
#5156=EDGE_LOOP('',(#2031,#2032,#2033,#2034));
#5157=EDGE_LOOP('',(#2035,#2036,#2037,#2038));
#5158=EDGE_LOOP('',(#2039,#2040,#2041,#2042));
#5159=EDGE_LOOP('',(#2043,#2044,#2045,#2046));
#5160=EDGE_LOOP('',(#2047,#2048,#2049,#2050));
#5161=EDGE_LOOP('',(#2051,#2052,#2053,#2054));
#5162=EDGE_LOOP('',(#2055,#2056,#2057,#2058));
#5163=EDGE_LOOP('',(#2059,#2060,#2061,#2062));
#5164=EDGE_LOOP('',(#2063,#2064,#2065,#2066));
#5165=EDGE_LOOP('',(#2067,#2068,#2069,#2070));
#5166=EDGE_LOOP('',(#2071,#2072,#2073,#2074));
#5167=EDGE_LOOP('',(#2075,#2076,#2077,#2078));
#5168=EDGE_LOOP('',(#2079,#2080,#2081,#2082));
#5169=EDGE_LOOP('',(#2083,#2084,#2085,#2086));
#5170=EDGE_LOOP('',(#2087,#2088,#2089,#2090));
#5171=EDGE_LOOP('',(#2091,#2092,#2093,#2094));
#5172=EDGE_LOOP('',(#2095,#2096,#2097,#2098));
#5173=EDGE_LOOP('',(#2099,#2100,#2101,#2102));
#5174=EDGE_LOOP('',(#2103,#2104,#2105,#2106));
#5175=EDGE_LOOP('',(#2107,#2108,#2109,#2110));
#5176=EDGE_LOOP('',(#2111,#2112,#2113,#2114));
#5177=EDGE_LOOP('',(#2115,#2116,#2117,#2118));
#5178=EDGE_LOOP('',(#2119,#2120,#2121,#2122));
#5179=EDGE_LOOP('',(#2123,#2124,#2125,#2126));
#5180=EDGE_LOOP('',(#2127,#2128,#2129,#2130));
#5181=EDGE_LOOP('',(#2131,#2132,#2133,#2134));
#5182=EDGE_LOOP('',(#2135,#2136,#2137,#2138));
#5183=EDGE_LOOP('',(#2139,#2140,#2141,#2142));
#5184=EDGE_LOOP('',(#2143,#2144,#2145,#2146));
#5185=EDGE_LOOP('',(#2147,#2148,#2149,#2150));
#5186=EDGE_LOOP('',(#2151,#2152,#2153,#2154));
#5187=EDGE_LOOP('',(#2155,#2156,#2157,#2158));
#5188=EDGE_LOOP('',(#2159,#2160,#2161,#2162,#2163));
#5189=EDGE_LOOP('',(#2164,#2165,#2166,#2167));
#5190=EDGE_LOOP('',(#2168,#2169,#2170,#2171));
#5191=EDGE_LOOP('',(#2172,#2173,#2174,#2175));
#5192=EDGE_LOOP('',(#2176,#2177,#2178,#2179));
#5193=EDGE_LOOP('',(#2180,#2181,#2182,#2183));
#5194=EDGE_LOOP('',(#2184,#2185,#2186,#2187));
#5195=EDGE_LOOP('',(#2188,#2189,#2190,#2191));
#5196=EDGE_LOOP('',(#2192,#2193,#2194,#2195,#2196));
#5197=EDGE_LOOP('',(#2197,#2198,#2199,#2200,#2201));
#5198=FACE_BOUND('',#4846,.T.);
#5199=FACE_BOUND('',#4847,.T.);
#5200=FACE_BOUND('',#4848,.T.);
#5201=FACE_BOUND('',#4849,.T.);
#5202=FACE_BOUND('',#4850,.T.);
#5203=FACE_BOUND('',#4851,.T.);
#5204=FACE_BOUND('',#4852,.T.);
#5205=FACE_BOUND('',#4853,.T.);
#5206=FACE_BOUND('',#4854,.T.);
#5207=FACE_BOUND('',#4855,.T.);
#5208=FACE_BOUND('',#4856,.T.);
#5209=FACE_BOUND('',#4857,.T.);
#5210=FACE_BOUND('',#4858,.T.);
#5211=FACE_BOUND('',#4859,.T.);
#5212=FACE_BOUND('',#4860,.T.);
#5213=FACE_BOUND('',#4861,.T.);
#5214=FACE_BOUND('',#4862,.T.);
#5215=FACE_BOUND('',#4863,.T.);
#5216=FACE_BOUND('',#4864,.T.);
#5217=FACE_BOUND('',#4865,.T.);
#5218=FACE_BOUND('',#4866,.T.);
#5219=FACE_BOUND('',#4867,.T.);
#5220=FACE_BOUND('',#4868,.T.);
#5221=FACE_BOUND('',#4869,.T.);
#5222=FACE_BOUND('',#4870,.T.);
#5223=FACE_BOUND('',#4871,.T.);
#5224=FACE_BOUND('',#4872,.T.);
#5225=FACE_BOUND('',#4873,.T.);
#5226=FACE_BOUND('',#4874,.T.);
#5227=FACE_BOUND('',#4875,.T.);
#5228=FACE_BOUND('',#4876,.T.);
#5229=FACE_BOUND('',#4877,.T.);
#5230=FACE_BOUND('',#4878,.T.);
#5231=FACE_BOUND('',#4879,.T.);
#5232=FACE_BOUND('',#4880,.T.);
#5233=FACE_BOUND('',#4881,.T.);
#5234=FACE_BOUND('',#4882,.T.);
#5235=FACE_BOUND('',#4883,.T.);
#5236=FACE_BOUND('',#4884,.T.);
#5237=FACE_BOUND('',#4885,.T.);
#5238=FACE_BOUND('',#4886,.T.);
#5239=FACE_BOUND('',#4887,.T.);
#5240=FACE_BOUND('',#4888,.T.);
#5241=FACE_BOUND('',#4889,.T.);
#5242=FACE_BOUND('',#4890,.T.);
#5243=FACE_BOUND('',#4891,.T.);
#5244=FACE_BOUND('',#4892,.T.);
#5245=FACE_BOUND('',#4893,.T.);
#5246=FACE_BOUND('',#4894,.T.);
#5247=FACE_BOUND('',#4895,.T.);
#5248=FACE_BOUND('',#4896,.T.);
#5249=FACE_BOUND('',#4897,.T.);
#5250=FACE_BOUND('',#4898,.T.);
#5251=FACE_BOUND('',#4899,.T.);
#5252=FACE_BOUND('',#4900,.T.);
#5253=FACE_BOUND('',#4901,.T.);
#5254=FACE_BOUND('',#4902,.T.);
#5255=FACE_BOUND('',#4903,.T.);
#5256=FACE_BOUND('',#4904,.T.);
#5257=FACE_BOUND('',#4905,.T.);
#5258=FACE_BOUND('',#4906,.T.);
#5259=FACE_BOUND('',#4907,.T.);
#5260=FACE_BOUND('',#4908,.T.);
#5261=FACE_BOUND('',#4909,.T.);
#5262=FACE_BOUND('',#4910,.T.);
#5263=FACE_BOUND('',#4911,.T.);
#5264=FACE_BOUND('',#4912,.T.);
#5265=FACE_BOUND('',#4913,.T.);
#5266=FACE_BOUND('',#4914,.T.);
#5267=FACE_BOUND('',#4915,.T.);
#5268=FACE_BOUND('',#4916,.T.);
#5269=FACE_BOUND('',#4917,.T.);
#5270=FACE_BOUND('',#4918,.T.);
#5271=FACE_BOUND('',#4919,.T.);
#5272=FACE_BOUND('',#4920,.T.);
#5273=FACE_BOUND('',#4921,.T.);
#5274=FACE_BOUND('',#4922,.T.);
#5275=FACE_BOUND('',#4923,.T.);
#5276=FACE_BOUND('',#4924,.T.);
#5277=FACE_BOUND('',#4925,.T.);
#5278=FACE_BOUND('',#4926,.T.);
#5279=FACE_BOUND('',#4927,.T.);
#5280=FACE_BOUND('',#4928,.T.);
#5281=FACE_BOUND('',#4929,.T.);
#5282=FACE_BOUND('',#4930,.T.);
#5283=FACE_BOUND('',#4931,.T.);
#5284=FACE_BOUND('',#4932,.T.);
#5285=FACE_BOUND('',#4933,.T.);
#5286=FACE_BOUND('',#4934,.T.);
#5287=FACE_BOUND('',#4935,.T.);
#5288=FACE_BOUND('',#4936,.T.);
#5289=FACE_BOUND('',#4937,.T.);
#5290=FACE_BOUND('',#4938,.T.);
#5291=FACE_BOUND('',#4939,.T.);
#5292=FACE_BOUND('',#4940,.T.);
#5293=FACE_BOUND('',#4941,.T.);
#5294=FACE_BOUND('',#4942,.T.);
#5295=FACE_BOUND('',#4943,.T.);
#5296=FACE_BOUND('',#4944,.T.);
#5297=FACE_BOUND('',#4945,.T.);
#5298=FACE_BOUND('',#4946,.T.);
#5299=FACE_BOUND('',#4947,.T.);
#5300=FACE_BOUND('',#4948,.T.);
#5301=FACE_BOUND('',#4949,.T.);
#5302=FACE_BOUND('',#4950,.T.);
#5303=FACE_BOUND('',#4951,.T.);
#5304=FACE_BOUND('',#4952,.T.);
#5305=FACE_BOUND('',#4953,.T.);
#5306=FACE_BOUND('',#4954,.T.);
#5307=FACE_BOUND('',#4955,.T.);
#5308=FACE_BOUND('',#4956,.T.);
#5309=FACE_BOUND('',#4957,.T.);
#5310=FACE_BOUND('',#4958,.T.);
#5311=FACE_BOUND('',#4959,.T.);
#5312=FACE_BOUND('',#4960,.T.);
#5313=FACE_BOUND('',#4961,.T.);
#5314=FACE_BOUND('',#4962,.T.);
#5315=FACE_BOUND('',#4963,.T.);
#5316=FACE_BOUND('',#4964,.T.);
#5317=FACE_BOUND('',#4965,.T.);
#5318=FACE_BOUND('',#4966,.T.);
#5319=FACE_BOUND('',#4967,.T.);
#5320=FACE_BOUND('',#4968,.T.);
#5321=FACE_BOUND('',#4969,.T.);
#5322=FACE_BOUND('',#4970,.T.);
#5323=FACE_BOUND('',#4971,.T.);
#5324=FACE_BOUND('',#4972,.T.);
#5325=FACE_BOUND('',#4973,.T.);
#5326=FACE_BOUND('',#4974,.T.);
#5327=FACE_BOUND('',#4975,.T.);
#5328=FACE_BOUND('',#4976,.T.);
#5329=FACE_BOUND('',#4977,.T.);
#5330=FACE_BOUND('',#4978,.T.);
#5331=FACE_BOUND('',#4979,.T.);
#5332=FACE_BOUND('',#4980,.T.);
#5333=FACE_BOUND('',#4981,.T.);
#5334=FACE_BOUND('',#4982,.T.);
#5335=FACE_BOUND('',#4983,.T.);
#5336=FACE_BOUND('',#4984,.T.);
#5337=FACE_BOUND('',#4985,.T.);
#5338=FACE_BOUND('',#4986,.T.);
#5339=FACE_BOUND('',#4987,.T.);
#5340=FACE_BOUND('',#4988,.T.);
#5341=FACE_BOUND('',#4989,.T.);
#5342=FACE_BOUND('',#4990,.T.);
#5343=FACE_BOUND('',#4991,.T.);
#5344=FACE_BOUND('',#4992,.T.);
#5345=FACE_BOUND('',#4993,.T.);
#5346=FACE_BOUND('',#4994,.T.);
#5347=FACE_BOUND('',#4995,.T.);
#5348=FACE_BOUND('',#4996,.T.);
#5349=FACE_BOUND('',#4997,.T.);
#5350=FACE_BOUND('',#4998,.T.);
#5351=FACE_BOUND('',#4999,.T.);
#5352=FACE_BOUND('',#5000,.T.);
#5353=FACE_BOUND('',#5001,.T.);
#5354=FACE_BOUND('',#5002,.T.);
#5355=FACE_BOUND('',#5003,.T.);
#5356=FACE_BOUND('',#5004,.T.);
#5357=FACE_BOUND('',#5005,.T.);
#5358=FACE_BOUND('',#5006,.T.);
#5359=FACE_BOUND('',#5007,.T.);
#5360=FACE_BOUND('',#5008,.T.);
#5361=FACE_BOUND('',#5009,.T.);
#5362=FACE_BOUND('',#5010,.T.);
#5363=FACE_BOUND('',#5011,.T.);
#5364=FACE_BOUND('',#5012,.T.);
#5365=FACE_BOUND('',#5013,.T.);
#5366=FACE_BOUND('',#5014,.T.);
#5367=FACE_BOUND('',#5015,.T.);
#5368=FACE_BOUND('',#5016,.T.);
#5369=FACE_BOUND('',#5017,.T.);
#5370=FACE_BOUND('',#5018,.T.);
#5371=FACE_BOUND('',#5019,.T.);
#5372=FACE_BOUND('',#5020,.T.);
#5373=FACE_BOUND('',#5021,.T.);
#5374=FACE_BOUND('',#5022,.T.);
#5375=FACE_BOUND('',#5023,.T.);
#5376=FACE_BOUND('',#5024,.T.);
#5377=FACE_BOUND('',#5025,.T.);
#5378=FACE_BOUND('',#5026,.T.);
#5379=FACE_BOUND('',#5027,.T.);
#5380=FACE_BOUND('',#5028,.T.);
#5381=FACE_BOUND('',#5029,.T.);
#5382=FACE_BOUND('',#5030,.T.);
#5383=FACE_BOUND('',#5031,.T.);
#5384=FACE_BOUND('',#5032,.T.);
#5385=FACE_BOUND('',#5033,.T.);
#5386=FACE_BOUND('',#5034,.T.);
#5387=FACE_BOUND('',#5035,.T.);
#5388=FACE_BOUND('',#5036,.T.);
#5389=FACE_BOUND('',#5037,.T.);
#5390=FACE_BOUND('',#5038,.T.);
#5391=FACE_BOUND('',#5039,.T.);
#5392=FACE_BOUND('',#5040,.T.);
#5393=FACE_BOUND('',#5041,.T.);
#5394=FACE_BOUND('',#5042,.T.);
#5395=FACE_BOUND('',#5043,.T.);
#5396=FACE_BOUND('',#5044,.T.);
#5397=FACE_BOUND('',#5045,.T.);
#5398=FACE_BOUND('',#5046,.T.);
#5399=FACE_BOUND('',#5047,.T.);
#5400=FACE_BOUND('',#5048,.T.);
#5401=FACE_BOUND('',#5049,.T.);
#5402=FACE_BOUND('',#5050,.T.);
#5403=FACE_BOUND('',#5051,.T.);
#5404=FACE_BOUND('',#5052,.T.);
#5405=FACE_BOUND('',#5053,.T.);
#5406=FACE_BOUND('',#5054,.T.);
#5407=FACE_BOUND('',#5055,.T.);
#5408=FACE_BOUND('',#5056,.T.);
#5409=FACE_BOUND('',#5057,.T.);
#5410=FACE_BOUND('',#5058,.T.);
#5411=FACE_BOUND('',#5059,.T.);
#5412=FACE_BOUND('',#5060,.T.);
#5413=FACE_BOUND('',#5061,.T.);
#5414=FACE_BOUND('',#5062,.T.);
#5415=FACE_BOUND('',#5063,.T.);
#5416=FACE_BOUND('',#5064,.T.);
#5417=FACE_BOUND('',#5065,.T.);
#5418=FACE_BOUND('',#5066,.T.);
#5419=FACE_BOUND('',#5067,.T.);
#5420=FACE_BOUND('',#5068,.T.);
#5421=FACE_BOUND('',#5069,.T.);
#5422=FACE_BOUND('',#5070,.T.);
#5423=FACE_BOUND('',#5071,.T.);
#5424=FACE_BOUND('',#5072,.T.);
#5425=FACE_BOUND('',#5073,.T.);
#5426=FACE_BOUND('',#5074,.T.);
#5427=FACE_BOUND('',#5075,.T.);
#5428=FACE_BOUND('',#5076,.T.);
#5429=FACE_BOUND('',#5077,.T.);
#5430=FACE_BOUND('',#5078,.T.);
#5431=FACE_BOUND('',#5079,.T.);
#5432=FACE_BOUND('',#5080,.T.);
#5433=FACE_BOUND('',#5081,.T.);
#5434=FACE_BOUND('',#5082,.T.);
#5435=FACE_BOUND('',#5083,.T.);
#5436=FACE_BOUND('',#5084,.T.);
#5437=FACE_BOUND('',#5085,.T.);
#5438=FACE_BOUND('',#5086,.T.);
#5439=FACE_BOUND('',#5087,.T.);
#5440=FACE_BOUND('',#5088,.T.);
#5441=FACE_BOUND('',#5089,.T.);
#5442=FACE_BOUND('',#5090,.T.);
#5443=FACE_BOUND('',#5091,.T.);
#5444=FACE_BOUND('',#5092,.T.);
#5445=FACE_BOUND('',#5093,.T.);
#5446=FACE_BOUND('',#5094,.T.);
#5447=FACE_BOUND('',#5095,.T.);
#5448=FACE_BOUND('',#5096,.T.);
#5449=FACE_BOUND('',#5097,.T.);
#5450=FACE_BOUND('',#5098,.T.);
#5451=FACE_BOUND('',#5099,.T.);
#5452=FACE_BOUND('',#5100,.T.);
#5453=FACE_BOUND('',#5101,.T.);
#5454=FACE_BOUND('',#5102,.T.);
#5455=FACE_BOUND('',#5103,.T.);
#5456=FACE_BOUND('',#5104,.T.);
#5457=FACE_BOUND('',#5105,.T.);
#5458=FACE_BOUND('',#5106,.T.);
#5459=FACE_BOUND('',#5107,.T.);
#5460=FACE_BOUND('',#5108,.T.);
#5461=FACE_BOUND('',#5109,.T.);
#5462=FACE_BOUND('',#5110,.T.);
#5463=FACE_BOUND('',#5111,.T.);
#5464=FACE_BOUND('',#5112,.T.);
#5465=FACE_BOUND('',#5113,.T.);
#5466=FACE_BOUND('',#5114,.T.);
#5467=FACE_BOUND('',#5115,.T.);
#5468=FACE_BOUND('',#5116,.T.);
#5469=FACE_BOUND('',#5117,.T.);
#5470=FACE_BOUND('',#5118,.T.);
#5471=FACE_BOUND('',#5119,.T.);
#5472=FACE_BOUND('',#5120,.T.);
#5473=FACE_BOUND('',#5121,.T.);
#5474=FACE_BOUND('',#5122,.T.);
#5475=FACE_BOUND('',#5123,.T.);
#5476=FACE_BOUND('',#5124,.T.);
#5477=FACE_BOUND('',#5125,.T.);
#5478=FACE_BOUND('',#5126,.T.);
#5479=FACE_BOUND('',#5127,.T.);
#5480=FACE_BOUND('',#5128,.T.);
#5481=FACE_BOUND('',#5129,.T.);
#5482=FACE_BOUND('',#5130,.T.);
#5483=FACE_BOUND('',#5131,.T.);
#5484=FACE_BOUND('',#5132,.T.);
#5485=FACE_BOUND('',#5133,.T.);
#5486=FACE_BOUND('',#5134,.T.);
#5487=FACE_BOUND('',#5135,.T.);
#5488=FACE_BOUND('',#5136,.T.);
#5489=FACE_BOUND('',#5137,.T.);
#5490=FACE_BOUND('',#5138,.T.);
#5491=FACE_BOUND('',#5139,.T.);
#5492=FACE_BOUND('',#5140,.T.);
#5493=FACE_BOUND('',#5141,.T.);
#5494=FACE_BOUND('',#5142,.T.);
#5495=FACE_BOUND('',#5143,.T.);
#5496=FACE_BOUND('',#5144,.T.);
#5497=FACE_BOUND('',#5145,.T.);
#5498=FACE_BOUND('',#5146,.T.);
#5499=FACE_BOUND('',#5147,.T.);
#5500=FACE_BOUND('',#5148,.T.);
#5501=FACE_BOUND('',#5149,.T.);
#5502=FACE_BOUND('',#5150,.T.);
#5503=FACE_BOUND('',#5151,.T.);
#5504=FACE_BOUND('',#5152,.T.);
#5505=FACE_BOUND('',#5153,.T.);
#5506=FACE_BOUND('',#5154,.T.);
#5507=FACE_BOUND('',#5155,.T.);
#5508=FACE_BOUND('',#5156,.T.);
#5509=FACE_BOUND('',#5157,.T.);
#5510=FACE_BOUND('',#5158,.T.);
#5511=FACE_BOUND('',#5159,.T.);
#5512=FACE_BOUND('',#5160,.T.);
#5513=FACE_BOUND('',#5161,.T.);
#5514=FACE_BOUND('',#5162,.T.);
#5515=FACE_BOUND('',#5163,.T.);
#5516=FACE_BOUND('',#5164,.T.);
#5517=FACE_BOUND('',#5165,.T.);
#5518=FACE_BOUND('',#5166,.T.);
#5519=FACE_BOUND('',#5167,.T.);
#5520=FACE_BOUND('',#5168,.T.);
#5521=FACE_BOUND('',#5169,.T.);
#5522=FACE_BOUND('',#5170,.T.);
#5523=FACE_BOUND('',#5171,.T.);
#5524=FACE_BOUND('',#5172,.T.);
#5525=FACE_BOUND('',#5173,.T.);
#5526=FACE_BOUND('',#5174,.T.);
#5527=FACE_BOUND('',#5175,.T.);
#5528=FACE_BOUND('',#5176,.T.);
#5529=FACE_BOUND('',#5177,.T.);
#5530=FACE_BOUND('',#5178,.T.);
#5531=FACE_BOUND('',#5179,.T.);
#5532=FACE_BOUND('',#5180,.T.);
#5533=FACE_BOUND('',#5181,.T.);
#5534=FACE_BOUND('',#5182,.T.);
#5535=FACE_BOUND('',#5183,.T.);
#5536=FACE_BOUND('',#5184,.T.);
#5537=FACE_BOUND('',#5185,.T.);
#5538=FACE_BOUND('',#5186,.T.);
#5539=FACE_BOUND('',#5187,.T.);
#5540=FACE_BOUND('',#5188,.T.);
#5541=FACE_BOUND('',#5189,.T.);
#5542=FACE_BOUND('',#5190,.T.);
#5543=FACE_BOUND('',#5191,.T.);
#5544=FACE_BOUND('',#5192,.T.);
#5545=FACE_BOUND('',#5193,.T.);
#5546=FACE_BOUND('',#5194,.T.);
#5547=FACE_BOUND('',#5195,.T.);
#5548=FACE_BOUND('',#5196,.T.);
#5549=FACE_BOUND('',#5197,.T.);
#5550=PLANE('',#6011);
#5551=PLANE('',#6013);
#5552=PLANE('',#6015);
#5553=PLANE('',#6131);
#5554=PLANE('',#6134);
#5555=PLANE('',#6254);
#5556=PLANE('',#6255);
#5557=PLANE('',#6256);
#5558=PLANE('',#6260);
#5559=PLANE('',#6264);
#5560=PLANE('',#6268);
#5561=PLANE('',#6272);
#5562=PLANE('',#6273);
#5563=PLANE('',#6274);
#5564=PLANE('',#6278);
#5565=PLANE('',#6279);
#5566=PLANE('',#6280);
#5567=PLANE('',#6284);
#5568=PLANE('',#6285);
#5569=PLANE('',#6286);
#5570=PLANE('',#6290);
#5571=PLANE('',#6291);
#5572=PLANE('',#6292);
#5573=PLANE('',#6296);
#5574=PLANE('',#6297);
#5575=PLANE('',#6298);
#5576=PLANE('',#6299);
#5577=PLANE('',#6302);
#5578=PLANE('',#6304);
#5579=PLANE('',#6316);
#5580=PLANE('',#6319);
#5581=PLANE('',#6322);
#5582=PLANE('',#6325);
#5583=PLANE('',#6328);
#5584=PLANE('',#6329);
#5585=PLANE('',#6330);
#5586=PLANE('',#6333);
#5587=PLANE('',#6334);
#5588=PLANE('',#6335);
#5589=PLANE('',#6336);
#5590=PLANE('',#6337);
#5591=PLANE('',#6340);
#5592=PLANE('',#6341);
#5593=PLANE('',#6342);
#5594=PLANE('',#6345);
#5595=PLANE('',#6346);
#5596=PLANE('',#6347);
#5597=PLANE('',#6350);
#5598=PLANE('',#6351);
#5599=PLANE('',#6353);
#5600=PLANE('',#6355);
#5601=PLANE('',#6356);
#5602=PLANE('',#6357);
#5603=PLANE('',#6362);
#5604=PLANE('',#6364);
#5605=PLANE('',#6365);
#5606=PLANE('',#6366);
#5607=PLANE('',#6367);
#5608=PLANE('',#6368);
#5609=PLANE('',#6369);
#5610=PLANE('',#6379);
#5611=PLANE('',#6382);
#5612=PLANE('',#6383);
#5613=PLANE('',#6385);
#5614=PLANE('',#6386);
#5615=PLANE('',#6391);
#5616=PLANE('',#6393);
#5617=PLANE('',#6394);
#5618=PLANE('',#6396);
#5619=PLANE('',#6402);
#5620=PLANE('',#6404);
#5621=PLANE('',#6405);
#5622=PLANE('',#6406);
#5623=PLANE('',#6407);
#5624=PLANE('',#6408);
#5625=PLANE('',#6416);
#5626=PLANE('',#6418);
#5627=PLANE('',#6419);
#5628=PLANE('',#6420);
#5629=PLANE('',#6421);
#5630=PLANE('',#6422);
#5631=PLANE('',#6429);
#5632=PLANE('',#6431);
#5633=PLANE('',#6432);
#5634=PLANE('',#6433);
#5635=PLANE('',#6434);
#5636=PLANE('',#6435);
#5637=PLANE('',#6442);
#5638=PLANE('',#6443);
#5639=PLANE('',#6444);
#5640=PLANE('',#6445);
#5641=PLANE('',#6451);
#5642=PLANE('',#6452);
#5643=PLANE('',#6453);
#5644=PLANE('',#6454);
#5645=PLANE('',#6455);
#5646=PLANE('',#6462);
#5647=PLANE('',#6464);
#5648=PLANE('',#6465);
#5649=PLANE('',#6466);
#5650=PLANE('',#6472);
#5651=PLANE('',#6474);
#5652=PLANE('',#6475);
#5653=PLANE('',#6476);
#5654=PLANE('',#6477);
#5655=PLANE('',#6482);
#5656=PLANE('',#6484);
#5657=PLANE('',#6485);
#5658=PLANE('',#6486);
#5659=PLANE('',#6487);
#5660=PLANE('',#6493);
#5661=PLANE('',#6494);
#5662=PLANE('',#6495);
#5663=PLANE('',#6496);
#5664=PLANE('',#6502);
#5665=PLANE('',#6505);
#5666=PLANE('',#6506);
#5667=PLANE('',#6507);
#5668=PLANE('',#6508);
#5669=PLANE('',#6509);
#5670=PLANE('',#6516);
#5671=PLANE('',#6517);
#5672=PLANE('',#6518);
#5673=PLANE('',#6519);
#5674=PLANE('',#6525);
#5675=PLANE('',#6526);
#5676=PLANE('',#6527);
#5677=PLANE('',#6529);
#5678=PLANE('',#6530);
#5679=PLANE('',#6531);
#5680=PLANE('',#6540);
#5681=PLANE('',#6541);
#5682=PLANE('',#6542);
#5683=PLANE('',#6543);
#5684=PLANE('',#6544);
#5685=PLANE('',#6551);
#5686=PLANE('',#6554);
#5687=PLANE('',#6555);
#5688=PLANE('',#6556);
#5689=PLANE('',#6557);
#5690=PLANE('',#6558);
#5691=PLANE('',#6568);
#5692=PLANE('',#6569);
#5693=PLANE('',#6570);
#5694=PLANE('',#6571);
#5695=PLANE('',#6572);
#5696=PLANE('',#6580);
#5697=PLANE('',#6581);
#5698=PLANE('',#6582);
#5699=PLANE('',#6583);
#5700=PLANE('',#6588);
#5701=PLANE('',#6589);
#5702=ADVANCED_FACE('',(#5198),#5550,.F.);
#5703=ADVANCED_FACE('',(#5199),#5551,.T.);
#5704=ADVANCED_FACE('',(#5200,#5201,#5202,#5203,#5204,#5205,#5206,#5207,
#5208,#5209,#5210,#5211,#5212,#5213,#5214,#5215,#5216,#5217,#5218,#5219,
#5220),#5552,.T.);
#5705=ADVANCED_FACE('',(#5221),#5553,.T.);
#5706=ADVANCED_FACE('',(#5222,#5223,#5224,#5225,#5226,#5227,#5228,#5229,
#5230,#5231,#5232,#5233,#5234,#5235,#5236,#5237,#5238,#5239,#5240,#5241,
#5242,#5243,#5244,#5245,#5246,#5247,#5248),#5554,.T.);
#5707=ADVANCED_FACE('',(#5249),#5555,.F.);
#5708=ADVANCED_FACE('',(#5250),#5556,.T.);
#5709=ADVANCED_FACE('',(#5251),#5557,.T.);
#5710=ADVANCED_FACE('',(#5252),#22,.F.);
#5711=ADVANCED_FACE('',(#5253),#5558,.T.);
#5712=ADVANCED_FACE('',(#5254),#23,.F.);
#5713=ADVANCED_FACE('',(#5255),#5559,.F.);
#5714=ADVANCED_FACE('',(#5256),#24,.F.);
#5715=ADVANCED_FACE('',(#5257),#5560,.F.);
#5716=ADVANCED_FACE('',(#5258),#25,.F.);
#5717=ADVANCED_FACE('',(#5259),#5561,.T.);
#5718=ADVANCED_FACE('',(#5260),#5562,.F.);
#5719=ADVANCED_FACE('',(#5261),#5563,.T.);
#5720=ADVANCED_FACE('',(#5262),#26,.F.);
#5721=ADVANCED_FACE('',(#5263),#5564,.T.);
#5722=ADVANCED_FACE('',(#5264),#5565,.T.);
#5723=ADVANCED_FACE('',(#5265),#5566,.T.);
#5724=ADVANCED_FACE('',(#5266),#27,.F.);
#5725=ADVANCED_FACE('',(#5267),#5567,.T.);
#5726=ADVANCED_FACE('',(#5268),#5568,.F.);
#5727=ADVANCED_FACE('',(#5269),#5569,.T.);
#5728=ADVANCED_FACE('',(#5270),#28,.F.);
#5729=ADVANCED_FACE('',(#5271),#5570,.T.);
#5730=ADVANCED_FACE('',(#5272),#5571,.T.);
#5731=ADVANCED_FACE('',(#5273),#5572,.T.);
#5732=ADVANCED_FACE('',(#5274),#29,.F.);
#5733=ADVANCED_FACE('',(#5275),#5573,.T.);
#5734=ADVANCED_FACE('',(#5276),#5574,.T.);
#5735=ADVANCED_FACE('',(#5277),#5575,.T.);
#5736=ADVANCED_FACE('',(#5278,#5279),#5576,.F.);
#5737=ADVANCED_FACE('',(#5280,#5281),#5577,.T.);
#5738=ADVANCED_FACE('',(#5282,#5283),#5578,.T.);
#5739=ADVANCED_FACE('',(#5284),#30,.F.);
#5740=ADVANCED_FACE('',(#5285),#5579,.F.);
#5741=ADVANCED_FACE('',(#5286),#31,.F.);
#5742=ADVANCED_FACE('',(#5287),#5580,.T.);
#5743=ADVANCED_FACE('',(#5288),#32,.F.);
#5744=ADVANCED_FACE('',(#5289),#5581,.T.);
#5745=ADVANCED_FACE('',(#5290),#33,.F.);
#5746=ADVANCED_FACE('',(#5291),#5582,.F.);
#5747=ADVANCED_FACE('',(#5292),#34,.F.);
#5748=ADVANCED_FACE('',(#5293),#5583,.F.);
#5749=ADVANCED_FACE('',(#5294),#5584,.F.);
#5750=ADVANCED_FACE('',(#5295),#5585,.F.);
#5751=ADVANCED_FACE('',(#5296),#35,.F.);
#5752=ADVANCED_FACE('',(#5297),#5586,.F.);
#5753=ADVANCED_FACE('',(#5298),#5587,.F.);
#5754=ADVANCED_FACE('',(#5299),#5588,.F.);
#5755=ADVANCED_FACE('',(#5300),#5589,.F.);
#5756=ADVANCED_FACE('',(#5301),#5590,.F.);
#5757=ADVANCED_FACE('',(#5302),#36,.F.);
#5758=ADVANCED_FACE('',(#5303),#5591,.F.);
#5759=ADVANCED_FACE('',(#5304),#5592,.F.);
#5760=ADVANCED_FACE('',(#5305),#5593,.F.);
#5761=ADVANCED_FACE('',(#5306),#37,.F.);
#5762=ADVANCED_FACE('',(#5307),#5594,.F.);
#5763=ADVANCED_FACE('',(#5308),#5595,.F.);
#5764=ADVANCED_FACE('',(#5309,#5310),#5596,.T.);
#5765=ADVANCED_FACE('',(#5311),#5597,.T.);
#5766=ADVANCED_FACE('',(#5312),#5598,.T.);
#5767=ADVANCED_FACE('',(#5313),#5599,.T.);
#5768=ADVANCED_FACE('',(#5314),#5600,.T.);
#5769=ADVANCED_FACE('',(#5315),#5601,.F.);
#5770=ADVANCED_FACE('',(#5316),#5602,.F.);
#5771=ADVANCED_FACE('',(#5317,#5318),#38,.F.);
#5772=ADVANCED_FACE('',(#5319,#5320),#39,.F.);
#5773=ADVANCED_FACE('',(#5321,#5322),#40,.F.);
#5774=ADVANCED_FACE('',(#5323,#5324),#41,.F.);
#5775=ADVANCED_FACE('',(#5325),#5603,.F.);
#5776=ADVANCED_FACE('',(#5326,#5327),#42,.F.);
#5777=ADVANCED_FACE('',(#5328),#5604,.T.);
#5778=ADVANCED_FACE('',(#5329),#5605,.T.);
#5779=ADVANCED_FACE('',(#5330),#5606,.T.);
#5780=ADVANCED_FACE('',(#5331),#5607,.F.);
#5781=ADVANCED_FACE('',(#5332),#5608,.T.);
#5782=ADVANCED_FACE('',(#5333,#5334),#5609,.F.);
#5783=ADVANCED_FACE('',(#5335),#43,.F.);
#5784=ADVANCED_FACE('',(#5336),#44,.F.);
#5785=ADVANCED_FACE('',(#5337),#45,.F.);
#5786=ADVANCED_FACE('',(#5338),#46,.F.);
#5787=ADVANCED_FACE('',(#5339),#47,.F.);
#5788=ADVANCED_FACE('',(#5340),#48,.F.);
#5789=ADVANCED_FACE('',(#5341),#5610,.T.);
#5790=ADVANCED_FACE('',(#5342),#49,.F.);
#5791=ADVANCED_FACE('',(#5343),#50,.F.);
#5792=ADVANCED_FACE('',(#5344),#5611,.T.);
#5793=ADVANCED_FACE('',(#5345),#5612,.F.);
#5794=ADVANCED_FACE('',(#5346),#51,.F.);
#5795=ADVANCED_FACE('',(#5347),#5613,.T.);
#5796=ADVANCED_FACE('',(#5348),#5614,.F.);
#5797=ADVANCED_FACE('',(#5349),#52,.F.);
#5798=ADVANCED_FACE('',(#5350),#53,.F.);
#5799=ADVANCED_FACE('',(#5351),#54,.F.);
#5800=ADVANCED_FACE('',(#5352),#55,.F.);
#5801=ADVANCED_FACE('',(#5353),#5615,.T.);
#5802=ADVANCED_FACE('',(#5354),#56,.F.);
#5803=ADVANCED_FACE('',(#5355),#5616,.F.);
#5804=ADVANCED_FACE('',(#5356),#5617,.F.);
#5805=ADVANCED_FACE('',(#5357),#57,.F.);
#5806=ADVANCED_FACE('',(#5358),#5618,.T.);
#5807=ADVANCED_FACE('',(#5359),#58,.F.);
#5808=ADVANCED_FACE('',(#5360),#59,.F.);
#5809=ADVANCED_FACE('',(#5361),#60,.F.);
#5810=ADVANCED_FACE('',(#5362),#12,.T.);
#5811=ADVANCED_FACE('',(#5363),#61,.T.);
#5812=ADVANCED_FACE('',(#5364),#5619,.T.);
#5813=ADVANCED_FACE('',(#5365),#62,.T.);
#5814=ADVANCED_FACE('',(#5366),#5620,.T.);
#5815=ADVANCED_FACE('',(#5367),#5621,.T.);
#5816=ADVANCED_FACE('',(#5368),#5622,.T.);
#5817=ADVANCED_FACE('',(#5369),#5623,.T.);
#5818=ADVANCED_FACE('',(#5370),#5624,.T.);
#5819=ADVANCED_FACE('',(#5371),#63,.F.);
#5820=ADVANCED_FACE('',(#5372),#64,.F.);
#5821=ADVANCED_FACE('',(#5373),#65,.F.);
#5822=ADVANCED_FACE('',(#5374),#66,.F.);
#5823=ADVANCED_FACE('',(#5375),#67,.F.);
#5824=ADVANCED_FACE('',(#5376),#68,.F.);
#5825=ADVANCED_FACE('',(#5377),#69,.F.);
#5826=ADVANCED_FACE('',(#5378),#5625,.F.);
#5827=ADVANCED_FACE('',(#5379),#70,.T.);
#5828=ADVANCED_FACE('',(#5380),#5626,.T.);
#5829=ADVANCED_FACE('',(#5381),#5627,.T.);
#5830=ADVANCED_FACE('',(#5382),#5628,.T.);
#5831=ADVANCED_FACE('',(#5383),#5629,.T.);
#5832=ADVANCED_FACE('',(#5384),#5630,.T.);
#5833=ADVANCED_FACE('',(#5385),#71,.F.);
#5834=ADVANCED_FACE('',(#5386),#72,.F.);
#5835=ADVANCED_FACE('',(#5387),#73,.F.);
#5836=ADVANCED_FACE('',(#5388),#74,.F.);
#5837=ADVANCED_FACE('',(#5389),#75,.F.);
#5838=ADVANCED_FACE('',(#5390),#76,.F.);
#5839=ADVANCED_FACE('',(#5391),#5631,.T.);
#5840=ADVANCED_FACE('',(#5392),#77,.T.);
#5841=ADVANCED_FACE('',(#5393),#5632,.F.);
#5842=ADVANCED_FACE('',(#5394),#5633,.F.);
#5843=ADVANCED_FACE('',(#5395),#5634,.T.);
#5844=ADVANCED_FACE('',(#5396),#5635,.T.);
#5845=ADVANCED_FACE('',(#5397),#5636,.T.);
#5846=ADVANCED_FACE('',(#5398),#78,.F.);
#5847=ADVANCED_FACE('',(#5399),#79,.F.);
#5848=ADVANCED_FACE('',(#5400),#80,.F.);
#5849=ADVANCED_FACE('',(#5401),#81,.F.);
#5850=ADVANCED_FACE('',(#5402),#82,.F.);
#5851=ADVANCED_FACE('',(#5403),#83,.F.);
#5852=ADVANCED_FACE('',(#5404),#5637,.T.);
#5853=ADVANCED_FACE('',(#5405),#5638,.T.);
#5854=ADVANCED_FACE('',(#5406),#5639,.T.);
#5855=ADVANCED_FACE('',(#5407),#5640,.T.);
#5856=ADVANCED_FACE('',(#5408),#84,.F.);
#5857=ADVANCED_FACE('',(#5409),#85,.F.);
#5858=ADVANCED_FACE('',(#5410),#86,.F.);
#5859=ADVANCED_FACE('',(#5411),#87,.F.);
#5860=ADVANCED_FACE('',(#5412),#88,.T.);
#5861=ADVANCED_FACE('',(#5413),#5641,.T.);
#5862=ADVANCED_FACE('',(#5414),#5642,.T.);
#5863=ADVANCED_FACE('',(#5415),#5643,.T.);
#5864=ADVANCED_FACE('',(#5416),#5644,.T.);
#5865=ADVANCED_FACE('',(#5417),#5645,.T.);
#5866=ADVANCED_FACE('',(#5418),#89,.F.);
#5867=ADVANCED_FACE('',(#5419),#90,.F.);
#5868=ADVANCED_FACE('',(#5420),#91,.F.);
#5869=ADVANCED_FACE('',(#5421),#92,.F.);
#5870=ADVANCED_FACE('',(#5422),#93,.F.);
#5871=ADVANCED_FACE('',(#5423),#94,.F.);
#5872=ADVANCED_FACE('',(#5424),#5646,.F.);
#5873=ADVANCED_FACE('',(#5425),#95,.T.);
#5874=ADVANCED_FACE('',(#5426),#5647,.T.);
#5875=ADVANCED_FACE('',(#5427),#5648,.T.);
#5876=ADVANCED_FACE('',(#5428),#5649,.T.);
#5877=ADVANCED_FACE('',(#5429),#96,.F.);
#5878=ADVANCED_FACE('',(#5430),#97,.F.);
#5879=ADVANCED_FACE('',(#5431),#98,.F.);
#5880=ADVANCED_FACE('',(#5432),#99,.F.);
#5881=ADVANCED_FACE('',(#5433),#100,.F.);
#5882=ADVANCED_FACE('',(#5434),#5650,.T.);
#5883=ADVANCED_FACE('',(#5435),#5651,.F.);
#5884=ADVANCED_FACE('',(#5436),#5652,.T.);
#5885=ADVANCED_FACE('',(#5437),#5653,.T.);
#5886=ADVANCED_FACE('',(#5438),#5654,.T.);
#5887=ADVANCED_FACE('',(#5439),#101,.F.);
#5888=ADVANCED_FACE('',(#5440),#102,.F.);
#5889=ADVANCED_FACE('',(#5441),#103,.F.);
#5890=ADVANCED_FACE('',(#5442),#104,.F.);
#5891=ADVANCED_FACE('',(#5443),#5655,.T.);
#5892=ADVANCED_FACE('',(#5444),#5656,.F.);
#5893=ADVANCED_FACE('',(#5445),#5657,.T.);
#5894=ADVANCED_FACE('',(#5446),#5658,.T.);
#5895=ADVANCED_FACE('',(#5447),#5659,.T.);
#5896=ADVANCED_FACE('',(#5448),#105,.F.);
#5897=ADVANCED_FACE('',(#5449),#106,.F.);
#5898=ADVANCED_FACE('',(#5450),#107,.F.);
#5899=ADVANCED_FACE('',(#5451),#108,.F.);
#5900=ADVANCED_FACE('',(#5452),#109,.T.);
#5901=ADVANCED_FACE('',(#5453),#5660,.T.);
#5902=ADVANCED_FACE('',(#5454),#5661,.T.);
#5903=ADVANCED_FACE('',(#5455),#5662,.T.);
#5904=ADVANCED_FACE('',(#5456),#5663,.T.);
#5905=ADVANCED_FACE('',(#5457),#110,.F.);
#5906=ADVANCED_FACE('',(#5458),#111,.F.);
#5907=ADVANCED_FACE('',(#5459),#112,.F.);
#5908=ADVANCED_FACE('',(#5460),#113,.F.);
#5909=ADVANCED_FACE('',(#5461),#114,.F.);
#5910=ADVANCED_FACE('',(#5462),#5664,.T.);
#5911=ADVANCED_FACE('',(#5463),#115,.T.);
#5912=ADVANCED_FACE('',(#5464),#116,.T.);
#5913=ADVANCED_FACE('',(#5465),#5665,.F.);
#5914=ADVANCED_FACE('',(#5466),#5666,.T.);
#5915=ADVANCED_FACE('',(#5467),#5667,.T.);
#5916=ADVANCED_FACE('',(#5468),#5668,.T.);
#5917=ADVANCED_FACE('',(#5469),#5669,.T.);
#5918=ADVANCED_FACE('',(#5470),#117,.F.);
#5919=ADVANCED_FACE('',(#5471),#118,.F.);
#5920=ADVANCED_FACE('',(#5472),#119,.F.);
#5921=ADVANCED_FACE('',(#5473),#120,.F.);
#5922=ADVANCED_FACE('',(#5474),#121,.F.);
#5923=ADVANCED_FACE('',(#5475),#122,.F.);
#5924=ADVANCED_FACE('',(#5476),#5670,.F.);
#5925=ADVANCED_FACE('',(#5477),#5671,.T.);
#5926=ADVANCED_FACE('',(#5478),#5672,.T.);
#5927=ADVANCED_FACE('',(#5479),#5673,.T.);
#5928=ADVANCED_FACE('',(#5480),#123,.F.);
#5929=ADVANCED_FACE('',(#5481),#124,.F.);
#5930=ADVANCED_FACE('',(#5482),#125,.F.);
#5931=ADVANCED_FACE('',(#5483),#126,.F.);
#5932=ADVANCED_FACE('',(#5484),#127,.T.);
#5933=ADVANCED_FACE('',(#5485),#5674,.F.);
#5934=ADVANCED_FACE('',(#5486),#5675,.F.);
#5935=ADVANCED_FACE('',(#5487),#5676,.F.);
#5936=ADVANCED_FACE('',(#5488),#128,.T.);
#5937=ADVANCED_FACE('',(#5489),#5677,.T.);
#5938=ADVANCED_FACE('',(#5490),#5678,.T.);
#5939=ADVANCED_FACE('',(#5491),#5679,.T.);
#5940=ADVANCED_FACE('',(#5492),#129,.F.);
#5941=ADVANCED_FACE('',(#5493),#130,.F.);
#5942=ADVANCED_FACE('',(#5494),#131,.F.);
#5943=ADVANCED_FACE('',(#5495),#132,.F.);
#5944=ADVANCED_FACE('',(#5496),#133,.F.);
#5945=ADVANCED_FACE('',(#5497),#134,.F.);
#5946=ADVANCED_FACE('',(#5498),#135,.F.);
#5947=ADVANCED_FACE('',(#5499),#136,.T.);
#5948=ADVANCED_FACE('',(#5500),#5680,.T.);
#5949=ADVANCED_FACE('',(#5501),#5681,.T.);
#5950=ADVANCED_FACE('',(#5502),#5682,.T.);
#5951=ADVANCED_FACE('',(#5503),#5683,.T.);
#5952=ADVANCED_FACE('',(#5504),#5684,.T.);
#5953=ADVANCED_FACE('',(#5505),#137,.F.);
#5954=ADVANCED_FACE('',(#5506),#138,.F.);
#5955=ADVANCED_FACE('',(#5507),#139,.F.);
#5956=ADVANCED_FACE('',(#5508),#140,.F.);
#5957=ADVANCED_FACE('',(#5509),#141,.F.);
#5958=ADVANCED_FACE('',(#5510),#142,.F.);
#5959=ADVANCED_FACE('',(#5511),#5685,.F.);
#5960=ADVANCED_FACE('',(#5512),#143,.T.);
#5961=ADVANCED_FACE('',(#5513),#144,.T.);
#5962=ADVANCED_FACE('',(#5514),#5686,.T.);
#5963=ADVANCED_FACE('',(#5515),#5687,.T.);
#5964=ADVANCED_FACE('',(#5516),#5688,.T.);
#5965=ADVANCED_FACE('',(#5517),#5689,.T.);
#5966=ADVANCED_FACE('',(#5518),#5690,.T.);
#5967=ADVANCED_FACE('',(#5519),#145,.F.);
#5968=ADVANCED_FACE('',(#5520),#146,.F.);
#5969=ADVANCED_FACE('',(#5521),#147,.F.);
#5970=ADVANCED_FACE('',(#5522),#148,.F.);
#5971=ADVANCED_FACE('',(#5523),#149,.F.);
#5972=ADVANCED_FACE('',(#5524),#150,.F.);
#5973=ADVANCED_FACE('',(#5525),#151,.T.);
#5974=ADVANCED_FACE('',(#5526),#152,.T.);
#5975=ADVANCED_FACE('',(#5527),#153,.T.);
#5976=ADVANCED_FACE('',(#5528),#5691,.F.);
#5977=ADVANCED_FACE('',(#5529),#5692,.T.);
#5978=ADVANCED_FACE('',(#5530),#5693,.T.);
#5979=ADVANCED_FACE('',(#5531),#5694,.T.);
#5980=ADVANCED_FACE('',(#5532),#5695,.T.);
#5981=ADVANCED_FACE('',(#5533),#154,.F.);
#5982=ADVANCED_FACE('',(#5534),#155,.F.);
#5983=ADVANCED_FACE('',(#5535),#156,.F.);
#5984=ADVANCED_FACE('',(#5536),#157,.F.);
#5985=ADVANCED_FACE('',(#5537),#158,.F.);
#5986=ADVANCED_FACE('',(#5538),#159,.F.);
#5987=ADVANCED_FACE('',(#5539),#160,.F.);
#5988=ADVANCED_FACE('',(#5540),#5696,.F.);
#5989=ADVANCED_FACE('',(#5541),#5697,.T.);
#5990=ADVANCED_FACE('',(#5542),#5698,.T.);
#5991=ADVANCED_FACE('',(#5543),#5699,.T.);
#5992=ADVANCED_FACE('',(#5544),#161,.F.);
#5993=ADVANCED_FACE('',(#5545),#162,.F.);
#5994=ADVANCED_FACE('',(#5546),#163,.F.);
#5995=ADVANCED_FACE('',(#5547),#164,.F.);
#5996=ADVANCED_FACE('',(#5548),#5700,.F.);
#5997=ADVANCED_FACE('',(#5549),#5701,.F.);
#5998=CLOSED_SHELL('',(#5702,#5703,#5704,#5705,#5706,#5707,#5708,#5709,
#5710,#5711,#5712,#5713,#5714,#5715,#5716,#5717,#5718,#5719,#5720,#5721,
#5722,#5723,#5724,#5725,#5726,#5727,#5728,#5729,#5730,#5731,#5732,#5733,
#5734,#5735,#5736,#5737,#5738,#5739,#5740,#5741,#5742,#5743,#5744,#5745,
#5746,#5747,#5748,#5749,#5750,#5751,#5752,#5753,#5754,#5755,#5756,#5757,
#5758,#5759,#5760,#5761,#5762,#5763,#5764,#5765,#5766,#5767,#5768,#5769,
#5770,#5771,#5772,#5773,#5774,#5775,#5776,#5777,#5778,#5779,#5780,#5781,
#5782,#5783,#5784,#5785,#5786,#5787,#5788,#5789,#5790,#5791,#5792,#5793,
#5794,#5795,#5796,#5797,#5798,#5799,#5800,#5801,#5802,#5803,#5804,#5805,
#5806,#5807,#5808,#5809,#5810,#5811,#5812,#5813,#5814,#5815,#5816,#5817,
#5818,#5819,#5820,#5821,#5822,#5823,#5824,#5825,#5826,#5827,#5828,#5829,
#5830,#5831,#5832,#5833,#5834,#5835,#5836,#5837,#5838,#5839,#5840,#5841,
#5842,#5843,#5844,#5845,#5846,#5847,#5848,#5849,#5850,#5851,#5852,#5853,
#5854,#5855,#5856,#5857,#5858,#5859,#5860,#5861,#5862,#5863,#5864,#5865,
#5866,#5867,#5868,#5869,#5870,#5871,#5872,#5873,#5874,#5875,#5876,#5877,
#5878,#5879,#5880,#5881,#5882,#5883,#5884,#5885,#5886,#5887,#5888,#5889,
#5890,#5891,#5892,#5893,#5894,#5895,#5896,#5897,#5898,#5899,#5900,#5901,
#5902,#5903,#5904,#5905,#5906,#5907,#5908,#5909,#5910,#5911,#5912,#5913,
#5914,#5915,#5916,#5917,#5918,#5919,#5920,#5921,#5922,#5923,#5924,#5925,
#5926,#5927,#5928,#5929,#5930,#5931,#5932,#5933,#5934,#5935,#5936,#5937,
#5938,#5939,#5940,#5941,#5942,#5943,#5944,#5945,#5946,#5947,#5948,#5949,
#5950,#5951,#5952,#5953,#5954,#5955,#5956,#5957,#5958,#5959,#5960,#5961,
#5962,#5963,#5964,#5965,#5966,#5967,#5968,#5969,#5970,#5971,#5972,#5973,
#5974,#5975,#5976,#5977,#5978,#5979,#5980,#5981,#5982,#5983,#5984,#5985,
#5986,#5987,#5988,#5989,#5990,#5991,#5992,#5993,#5994,#5995,#5996,#5997));
#5999=STYLED_ITEM('',(#6000),#6007);
#6000=PRESENTATION_STYLE_ASSIGNMENT((#6001));
#6001=SURFACE_STYLE_USAGE(.BOTH.,#6002);
#6002=SURFACE_SIDE_STYLE('',(#6003));
#6003=SURFACE_STYLE_FILL_AREA(#6004);
#6004=FILL_AREA_STYLE('',(#6005));
#6005=FILL_AREA_STYLE_COLOUR('',#6006);
#6006=COLOUR_RGB('',0.647058823529412,0.647058823529412,0.647058823529412);
#6007=MANIFOLD_SOLID_BREP('Part 2',#5998);
#6008=SHAPE_DEFINITION_REPRESENTATION(#10125,#6009);
#6009=SHAPE_REPRESENTATION('Part 2',(#6010),#10120);
#6010=AXIS2_PLACEMENT_3D('',#8341,#6590,#6591);
#6011=AXIS2_PLACEMENT_3D('',#8342,#6592,#6593);
#6012=AXIS2_PLACEMENT_3D('',#8350,#6597,#6598);
#6013=AXIS2_PLACEMENT_3D('',#8359,#6603,#6604);
#6014=AXIS2_PLACEMENT_3D('',#8373,#6611,#6612);
#6015=AXIS2_PLACEMENT_3D('',#8376,#6614,#6615);
#6016=AXIS2_PLACEMENT_3D('',#8377,#6616,#6617);
#6017=AXIS2_PLACEMENT_3D('',#8382,#6619,#6620);
#6018=AXIS2_PLACEMENT_3D('',#8386,#6622,#6623);
#6019=AXIS2_PLACEMENT_3D('',#8390,#6625,#6626);
#6020=AXIS2_PLACEMENT_3D('',#8392,#6627,#6628);
#6021=AXIS2_PLACEMENT_3D('',#8396,#6630,#6631);
#6022=AXIS2_PLACEMENT_3D('',#8400,#6633,#6634);
#6023=AXIS2_PLACEMENT_3D('',#8408,#6638,#6639);
#6024=AXIS2_PLACEMENT_3D('',#8412,#6641,#6642);
#6025=AXIS2_PLACEMENT_3D('',#8416,#6644,#6645);
#6026=AXIS2_PLACEMENT_3D('',#8418,#6646,#6647);
#6027=AXIS2_PLACEMENT_3D('',#8420,#6648,#6649);
#6028=AXIS2_PLACEMENT_3D('',#8422,#6650,#6651);
#6029=AXIS2_PLACEMENT_3D('',#8426,#6653,#6654);
#6030=AXIS2_PLACEMENT_3D('',#8430,#6656,#6657);
#6031=AXIS2_PLACEMENT_3D('',#8434,#6659,#6660);
#6032=AXIS2_PLACEMENT_3D('',#8443,#6665,#6666);
#6033=AXIS2_PLACEMENT_3D('',#8447,#6668,#6669);
#6034=AXIS2_PLACEMENT_3D('',#8451,#6671,#6672);
#6035=AXIS2_PLACEMENT_3D('',#8455,#6674,#6675);
#6036=AXIS2_PLACEMENT_3D('',#8459,#6677,#6678);
#6037=AXIS2_PLACEMENT_3D('',#8463,#6680,#6681);
#6038=AXIS2_PLACEMENT_3D('',#8493,#6697,#6698);
#6039=AXIS2_PLACEMENT_3D('',#8497,#6700,#6701);
#6040=AXIS2_PLACEMENT_3D('',#8501,#6703,#6704);
#6041=AXIS2_PLACEMENT_3D('',#8505,#6706,#6707);
#6042=AXIS2_PLACEMENT_3D('',#8509,#6709,#6710);
#6043=AXIS2_PLACEMENT_3D('',#8513,#6712,#6713);
#6044=AXIS2_PLACEMENT_3D('',#8521,#6718,#6719);
#6045=AXIS2_PLACEMENT_3D('',#8526,#6721,#6722);
#6046=AXIS2_PLACEMENT_3D('',#8530,#6724,#6725);
#6047=AXIS2_PLACEMENT_3D('',#8534,#6727,#6728);
#6048=AXIS2_PLACEMENT_3D('',#8538,#6730,#6731);
#6049=AXIS2_PLACEMENT_3D('',#8542,#6733,#6734);
#6050=AXIS2_PLACEMENT_3D('',#8544,#6735,#6736);
#6051=AXIS2_PLACEMENT_3D('',#8548,#6738,#6739);
#6052=AXIS2_PLACEMENT_3D('',#8550,#6740,#6741);
#6053=AXIS2_PLACEMENT_3D('',#8551,#6742,#6743);
#6054=AXIS2_PLACEMENT_3D('',#8556,#6745,#6746);
#6055=AXIS2_PLACEMENT_3D('',#8560,#6748,#6749);
#6056=AXIS2_PLACEMENT_3D('',#8562,#6750,#6751);
#6057=AXIS2_PLACEMENT_3D('',#8566,#6753,#6754);
#6058=AXIS2_PLACEMENT_3D('',#8568,#6755,#6756);
#6059=AXIS2_PLACEMENT_3D('',#8572,#6758,#6759);
#6060=AXIS2_PLACEMENT_3D('',#8576,#6761,#6762);
#6061=AXIS2_PLACEMENT_3D('',#8579,#6764,#6765);
#6062=AXIS2_PLACEMENT_3D('',#8582,#6766,#6767);
#6063=AXIS2_PLACEMENT_3D('',#8584,#6768,#6769);
#6064=AXIS2_PLACEMENT_3D('',#8588,#6771,#6772);
#6065=AXIS2_PLACEMENT_3D('',#8592,#6774,#6775);
#6066=AXIS2_PLACEMENT_3D('',#8596,#6777,#6778);
#6067=AXIS2_PLACEMENT_3D('',#8599,#6780,#6781);
#6068=AXIS2_PLACEMENT_3D('',#8604,#6783,#6784);
#6069=AXIS2_PLACEMENT_3D('',#8608,#6786,#6787);
#6070=AXIS2_PLACEMENT_3D('',#8610,#6788,#6789);
#6071=AXIS2_PLACEMENT_3D('',#8612,#6790,#6791);
#6072=AXIS2_PLACEMENT_3D('',#8616,#6793,#6794);
#6073=AXIS2_PLACEMENT_3D('',#8620,#6796,#6797);
#6074=AXIS2_PLACEMENT_3D('',#8623,#6799,#6800);
#6075=AXIS2_PLACEMENT_3D('',#8628,#6802,#6803);
#6076=AXIS2_PLACEMENT_3D('',#8632,#6805,#6806);
#6077=AXIS2_PLACEMENT_3D('',#8636,#6808,#6809);
#6078=AXIS2_PLACEMENT_3D('',#8640,#6811,#6812);
#6079=AXIS2_PLACEMENT_3D('',#8642,#6813,#6814);
#6080=AXIS2_PLACEMENT_3D('',#8646,#6816,#6817);
#6081=AXIS2_PLACEMENT_3D('',#8652,#6820,#6821);
#6082=AXIS2_PLACEMENT_3D('',#8656,#6823,#6824);
#6083=AXIS2_PLACEMENT_3D('',#8660,#6826,#6827);
#6084=AXIS2_PLACEMENT_3D('',#8664,#6829,#6830);
#6085=AXIS2_PLACEMENT_3D('',#8666,#6831,#6832);
#6086=AXIS2_PLACEMENT_3D('',#8667,#6833,#6834);
#6087=AXIS2_PLACEMENT_3D('',#8672,#6836,#6837);
#6088=AXIS2_PLACEMENT_3D('',#8678,#6840,#6841);
#6089=AXIS2_PLACEMENT_3D('',#8687,#6846,#6847);
#6090=AXIS2_PLACEMENT_3D('',#8689,#6848,#6849);
#6091=AXIS2_PLACEMENT_3D('',#8691,#6850,#6851);
#6092=AXIS2_PLACEMENT_3D('',#8693,#6852,#6853);
#6093=AXIS2_PLACEMENT_3D('',#8695,#6854,#6855);
#6094=AXIS2_PLACEMENT_3D('',#8700,#6857,#6858);
#6095=AXIS2_PLACEMENT_3D('',#8704,#6860,#6861);
#6096=AXIS2_PLACEMENT_3D('',#8705,#6862,#6863);
#6097=AXIS2_PLACEMENT_3D('',#8710,#6865,#6866);
#6098=AXIS2_PLACEMENT_3D('',#8714,#6868,#6869);
#6099=AXIS2_PLACEMENT_3D('',#8718,#6871,#6872);
#6100=AXIS2_PLACEMENT_3D('',#8721,#6874,#6875);
#6101=AXIS2_PLACEMENT_3D('',#8724,#6876,#6877);
#6102=AXIS2_PLACEMENT_3D('',#8728,#6879,#6880);
#6103=AXIS2_PLACEMENT_3D('',#8732,#6882,#6883);
#6104=AXIS2_PLACEMENT_3D('',#8736,#6885,#6886);
#6105=AXIS2_PLACEMENT_3D('',#8740,#6888,#6889);
#6106=AXIS2_PLACEMENT_3D('',#8741,#6890,#6891);
#6107=AXIS2_PLACEMENT_3D('',#8746,#6893,#6894);
#6108=AXIS2_PLACEMENT_3D('',#8750,#6896,#6897);
#6109=AXIS2_PLACEMENT_3D('',#8754,#6899,#6900);
#6110=AXIS2_PLACEMENT_3D('',#8758,#6902,#6903);
#6111=AXIS2_PLACEMENT_3D('',#8760,#6904,#6905);
#6112=AXIS2_PLACEMENT_3D('',#8762,#6906,#6907);
#6113=AXIS2_PLACEMENT_3D('',#8765,#6909,#6910);
#6114=AXIS2_PLACEMENT_3D('',#8768,#6911,#6912);
#6115=AXIS2_PLACEMENT_3D('',#8772,#6914,#6915);
#6116=AXIS2_PLACEMENT_3D('',#8776,#6917,#6918);
#6117=AXIS2_PLACEMENT_3D('',#8780,#6920,#6921);
#6118=AXIS2_PLACEMENT_3D('',#8784,#6923,#6924);
#6119=AXIS2_PLACEMENT_3D('',#8788,#6926,#6927);
#6120=AXIS2_PLACEMENT_3D('',#8790,#6928,#6929);
#6121=AXIS2_PLACEMENT_3D('',#8796,#6932,#6933);
#6122=AXIS2_PLACEMENT_3D('',#8800,#6935,#6936);
#6123=AXIS2_PLACEMENT_3D('',#8804,#6938,#6939);
#6124=AXIS2_PLACEMENT_3D('',#8806,#6940,#6941);
#6125=AXIS2_PLACEMENT_3D('',#8808,#6942,#6943);
#6126=AXIS2_PLACEMENT_3D('',#8810,#6944,#6945);
#6127=AXIS2_PLACEMENT_3D('',#8812,#6946,#6947);
#6128=AXIS2_PLACEMENT_3D('',#8814,#6948,#6949);
#6129=AXIS2_PLACEMENT_3D('',#8818,#6951,#6952);
#6130=AXIS2_PLACEMENT_3D('',#8822,#6954,#6955);
#6131=AXIS2_PLACEMENT_3D('',#8823,#6956,#6957);
#6132=AXIS2_PLACEMENT_3D('',#8831,#6961,#6962);
#6133=AXIS2_PLACEMENT_3D('',#8835,#6964,#6965);
#6134=AXIS2_PLACEMENT_3D('',#8836,#6966,#6967);
#6135=AXIS2_PLACEMENT_3D('',#8837,#6968,#6969);
#6136=AXIS2_PLACEMENT_3D('',#8842,#6971,#6972);
#6137=AXIS2_PLACEMENT_3D('',#8846,#6974,#6975);
#6138=AXIS2_PLACEMENT_3D('',#8850,#6977,#6978);
#6139=AXIS2_PLACEMENT_3D('',#8853,#6980,#6981);
#6140=AXIS2_PLACEMENT_3D('',#8858,#6983,#6984);
#6141=AXIS2_PLACEMENT_3D('',#8862,#6986,#6987);
#6142=AXIS2_PLACEMENT_3D('',#8866,#6989,#6990);
#6143=AXIS2_PLACEMENT_3D('',#8869,#6992,#6993);
#6144=AXIS2_PLACEMENT_3D('',#8874,#6995,#6996);
#6145=AXIS2_PLACEMENT_3D('',#8878,#6998,#6999);
#6146=AXIS2_PLACEMENT_3D('',#8882,#7001,#7002);
#6147=AXIS2_PLACEMENT_3D('',#8885,#7004,#7005);
#6148=AXIS2_PLACEMENT_3D('',#8890,#7007,#7008);
#6149=AXIS2_PLACEMENT_3D('',#8894,#7010,#7011);
#6150=AXIS2_PLACEMENT_3D('',#8898,#7013,#7014);
#6151=AXIS2_PLACEMENT_3D('',#8901,#7016,#7017);
#6152=AXIS2_PLACEMENT_3D('',#8904,#7018,#7019);
#6153=AXIS2_PLACEMENT_3D('',#8908,#7021,#7022);
#6154=AXIS2_PLACEMENT_3D('',#8912,#7024,#7025);
#6155=AXIS2_PLACEMENT_3D('',#8916,#7027,#7028);
#6156=AXIS2_PLACEMENT_3D('',#8920,#7030,#7031);
#6157=AXIS2_PLACEMENT_3D('',#8921,#7032,#7033);
#6158=AXIS2_PLACEMENT_3D('',#8926,#7035,#7036);
#6159=AXIS2_PLACEMENT_3D('',#8930,#7038,#7039);
#6160=AXIS2_PLACEMENT_3D('',#8934,#7041,#7042);
#6161=AXIS2_PLACEMENT_3D('',#8940,#7045,#7046);
#6162=AXIS2_PLACEMENT_3D('',#8944,#7048,#7049);
#6163=AXIS2_PLACEMENT_3D('',#8945,#7050,#7051);
#6164=AXIS2_PLACEMENT_3D('',#8947,#7052,#7053);
#6165=AXIS2_PLACEMENT_3D('',#8949,#7054,#7055);
#6166=AXIS2_PLACEMENT_3D('',#8963,#7062,#7063);
#6167=AXIS2_PLACEMENT_3D('',#8965,#7064,#7065);
#6168=AXIS2_PLACEMENT_3D('',#8975,#7070,#7071);
#6169=AXIS2_PLACEMENT_3D('',#8980,#7073,#7074);
#6170=AXIS2_PLACEMENT_3D('',#8982,#7075,#7076);
#6171=AXIS2_PLACEMENT_3D('',#8990,#7080,#7081);
#6172=AXIS2_PLACEMENT_3D('',#8994,#7083,#7084);
#6173=AXIS2_PLACEMENT_3D('',#8996,#7085,#7086);
#6174=AXIS2_PLACEMENT_3D('',#9000,#7088,#7089);
#6175=AXIS2_PLACEMENT_3D('',#9004,#7091,#7092);
#6176=AXIS2_PLACEMENT_3D('',#9005,#7093,#7094);
#6177=AXIS2_PLACEMENT_3D('',#9010,#7096,#7097);
#6178=AXIS2_PLACEMENT_3D('',#9014,#7099,#7100);
#6179=AXIS2_PLACEMENT_3D('',#9018,#7102,#7103);
#6180=AXIS2_PLACEMENT_3D('',#9020,#7104,#7105);
#6181=AXIS2_PLACEMENT_3D('',#9024,#7107,#7108);
#6182=AXIS2_PLACEMENT_3D('',#9028,#7110,#7111);
#6183=AXIS2_PLACEMENT_3D('',#9031,#7113,#7114);
#6184=AXIS2_PLACEMENT_3D('',#9036,#7116,#7117);
#6185=AXIS2_PLACEMENT_3D('',#9040,#7119,#7120);
#6186=AXIS2_PLACEMENT_3D('',#9044,#7122,#7123);
#6187=AXIS2_PLACEMENT_3D('',#9046,#7124,#7125);
#6188=AXIS2_PLACEMENT_3D('',#9048,#7126,#7127);
#6189=AXIS2_PLACEMENT_3D('',#9052,#7129,#7130);
#6190=AXIS2_PLACEMENT_3D('',#9055,#7132,#7133);
#6191=AXIS2_PLACEMENT_3D('',#9058,#7134,#7135);
#6192=AXIS2_PLACEMENT_3D('',#9060,#7136,#7137);
#6193=AXIS2_PLACEMENT_3D('',#9064,#7139,#7140);
#6194=AXIS2_PLACEMENT_3D('',#9068,#7142,#7143);
#6195=AXIS2_PLACEMENT_3D('',#9072,#7145,#7146);
#6196=AXIS2_PLACEMENT_3D('',#9078,#7149,#7150);
#6197=AXIS2_PLACEMENT_3D('',#9080,#7151,#7152);
#6198=AXIS2_PLACEMENT_3D('',#9084,#7154,#7155);
#6199=AXIS2_PLACEMENT_3D('',#9088,#7157,#7158);
#6200=AXIS2_PLACEMENT_3D('',#9092,#7160,#7161);
#6201=AXIS2_PLACEMENT_3D('',#9096,#7163,#7164);
#6202=AXIS2_PLACEMENT_3D('',#9100,#7166,#7167);
#6203=AXIS2_PLACEMENT_3D('',#9102,#7168,#7169);
#6204=AXIS2_PLACEMENT_3D('',#9103,#7170,#7171);
#6205=AXIS2_PLACEMENT_3D('',#9108,#7173,#7174);
#6206=AXIS2_PLACEMENT_3D('',#9112,#7176,#7177);
#6207=AXIS2_PLACEMENT_3D('',#9116,#7179,#7180);
#6208=AXIS2_PLACEMENT_3D('',#9120,#7182,#7183);
#6209=AXIS2_PLACEMENT_3D('',#9122,#7184,#7185);
#6210=AXIS2_PLACEMENT_3D('',#9126,#7187,#7188);
#6211=AXIS2_PLACEMENT_3D('',#9129,#7190,#7191);
#6212=AXIS2_PLACEMENT_3D('',#9134,#7193,#7194);
#6213=AXIS2_PLACEMENT_3D('',#9138,#7196,#7197);
#6214=AXIS2_PLACEMENT_3D('',#9142,#7199,#7200);
#6215=AXIS2_PLACEMENT_3D('',#9144,#7201,#7202);
#6216=AXIS2_PLACEMENT_3D('',#9146,#7203,#7204);
#6217=AXIS2_PLACEMENT_3D('',#9148,#7205,#7206);
#6218=AXIS2_PLACEMENT_3D('',#9152,#7208,#7209);
#6219=AXIS2_PLACEMENT_3D('',#9156,#7211,#7212);
#6220=AXIS2_PLACEMENT_3D('',#9159,#7214,#7215);
#6221=AXIS2_PLACEMENT_3D('',#9164,#7217,#7218);
#6222=AXIS2_PLACEMENT_3D('',#9166,#7219,#7220);
#6223=AXIS2_PLACEMENT_3D('',#9168,#7221,#7222);
#6224=AXIS2_PLACEMENT_3D('',#9172,#7224,#7225);
#6225=AXIS2_PLACEMENT_3D('',#9174,#7226,#7227);
#6226=AXIS2_PLACEMENT_3D('',#9178,#7229,#7230);
#6227=AXIS2_PLACEMENT_3D('',#9182,#7232,#7233);
#6228=AXIS2_PLACEMENT_3D('',#9186,#7235,#7236);
#6229=AXIS2_PLACEMENT_3D('',#9189,#7238,#7239);
#6230=AXIS2_PLACEMENT_3D('',#9194,#7241,#7242);
#6231=AXIS2_PLACEMENT_3D('',#9198,#7244,#7245);
#6232=AXIS2_PLACEMENT_3D('',#9200,#7246,#7247);
#6233=AXIS2_PLACEMENT_3D('',#9202,#7248,#7249);
#6234=AXIS2_PLACEMENT_3D('',#9206,#7251,#7252);
#6235=AXIS2_PLACEMENT_3D('',#9210,#7254,#7255);
#6236=AXIS2_PLACEMENT_3D('',#9213,#7257,#7258);
#6237=AXIS2_PLACEMENT_3D('',#9218,#7260,#7261);
#6238=AXIS2_PLACEMENT_3D('',#9222,#7263,#7264);
#6239=AXIS2_PLACEMENT_3D('',#9224,#7265,#7266);
#6240=AXIS2_PLACEMENT_3D('',#9228,#7268,#7269);
#6241=AXIS2_PLACEMENT_3D('',#9230,#7270,#7271);
#6242=AXIS2_PLACEMENT_3D('',#9234,#7273,#7274);
#6243=AXIS2_PLACEMENT_3D('',#9238,#7276,#7277);
#6244=AXIS2_PLACEMENT_3D('',#9241,#7279,#7280);
#6245=AXIS2_PLACEMENT_3D('',#9246,#7282,#7283);
#6246=AXIS2_PLACEMENT_3D('',#9250,#7285,#7286);
#6247=AXIS2_PLACEMENT_3D('',#9252,#7287,#7288);
#6248=AXIS2_PLACEMENT_3D('',#9254,#7289,#7290);
#6249=AXIS2_PLACEMENT_3D('',#9256,#7291,#7292);
#6250=AXIS2_PLACEMENT_3D('',#9258,#7293,#7294);
#6251=AXIS2_PLACEMENT_3D('',#9260,#7295,#7296);
#6252=AXIS2_PLACEMENT_3D('',#9264,#7298,#7299);
#6253=AXIS2_PLACEMENT_3D('',#9268,#7301,#7302);
#6254=AXIS2_PLACEMENT_3D('',#9271,#7304,#7305);
#6255=AXIS2_PLACEMENT_3D('',#9280,#7310,#7311);
#6256=AXIS2_PLACEMENT_3D('',#9289,#7316,#7317);
#6257=AXIS2_PLACEMENT_3D('',#9298,#7322,#7323);
#6258=AXIS2_PLACEMENT_3D('',#9299,#7324,#7325);
#6259=AXIS2_PLACEMENT_3D('',#9304,#7327,#7328);
#6260=AXIS2_PLACEMENT_3D('',#9307,#7330,#7331);
#6261=AXIS2_PLACEMENT_3D('',#9313,#7335,#7336);
#6262=AXIS2_PLACEMENT_3D('',#9314,#7337,#7338);
#6263=AXIS2_PLACEMENT_3D('',#9316,#7339,#7340);
#6264=AXIS2_PLACEMENT_3D('',#9319,#7342,#7343);
#6265=AXIS2_PLACEMENT_3D('',#9325,#7347,#7348);
#6266=AXIS2_PLACEMENT_3D('',#9326,#7349,#7350);
#6267=AXIS2_PLACEMENT_3D('',#9328,#7351,#7352);
#6268=AXIS2_PLACEMENT_3D('',#9331,#7354,#7355);
#6269=AXIS2_PLACEMENT_3D('',#9337,#7359,#7360);
#6270=AXIS2_PLACEMENT_3D('',#9338,#7361,#7362);
#6271=AXIS2_PLACEMENT_3D('',#9340,#7363,#7364);
#6272=AXIS2_PLACEMENT_3D('',#9343,#7366,#7367);
#6273=AXIS2_PLACEMENT_3D('',#9352,#7372,#7373);
#6274=AXIS2_PLACEMENT_3D('',#9358,#7377,#7378);
#6275=AXIS2_PLACEMENT_3D('',#9364,#7382,#7383);
#6276=AXIS2_PLACEMENT_3D('',#9365,#7384,#7385);
#6277=AXIS2_PLACEMENT_3D('',#9367,#7386,#7387);
#6278=AXIS2_PLACEMENT_3D('',#9370,#7389,#7390);
#6279=AXIS2_PLACEMENT_3D('',#9376,#7394,#7395);
#6280=AXIS2_PLACEMENT_3D('',#9382,#7399,#7400);
#6281=AXIS2_PLACEMENT_3D('',#9388,#7404,#7405);
#6282=AXIS2_PLACEMENT_3D('',#9389,#7406,#7407);
#6283=AXIS2_PLACEMENT_3D('',#9391,#7408,#7409);
#6284=AXIS2_PLACEMENT_3D('',#9394,#7411,#7412);
#6285=AXIS2_PLACEMENT_3D('',#9397,#7415,#7416);
#6286=AXIS2_PLACEMENT_3D('',#9406,#7421,#7422);
#6287=AXIS2_PLACEMENT_3D('',#9412,#7426,#7427);
#6288=AXIS2_PLACEMENT_3D('',#9413,#7428,#7429);
#6289=AXIS2_PLACEMENT_3D('',#9415,#7430,#7431);
#6290=AXIS2_PLACEMENT_3D('',#9418,#7433,#7434);
#6291=AXIS2_PLACEMENT_3D('',#9424,#7438,#7439);
#6292=AXIS2_PLACEMENT_3D('',#9430,#7443,#7444);
#6293=AXIS2_PLACEMENT_3D('',#9436,#7448,#7449);
#6294=AXIS2_PLACEMENT_3D('',#9437,#7450,#7451);
#6295=AXIS2_PLACEMENT_3D('',#9439,#7452,#7453);
#6296=AXIS2_PLACEMENT_3D('',#9442,#7455,#7456);
#6297=AXIS2_PLACEMENT_3D('',#9448,#7460,#7461);
#6298=AXIS2_PLACEMENT_3D('',#9451,#7464,#7465);
#6299=AXIS2_PLACEMENT_3D('',#9454,#7468,#7469);
#6300=AXIS2_PLACEMENT_3D('',#9455,#7470,#7471);
#6301=AXIS2_PLACEMENT_3D('',#9459,#7473,#7474);
#6302=AXIS2_PLACEMENT_3D('',#9460,#7475,#7476);
#6303=AXIS2_PLACEMENT_3D('',#9463,#7479,#7480);
#6304=AXIS2_PLACEMENT_3D('',#9464,#7481,#7482);
#6305=AXIS2_PLACEMENT_3D('',#9467,#7484,#7485);
#6306=AXIS2_PLACEMENT_3D('',#9475,#7489,#7490);
#6307=AXIS2_PLACEMENT_3D('',#9487,#7496,#7497);
#6308=AXIS2_PLACEMENT_3D('',#9495,#7501,#7502);
#6309=AXIS2_PLACEMENT_3D('',#9498,#7504,#7505);
#6310=AXIS2_PLACEMENT_3D('',#9501,#7508,#7509);
#6311=AXIS2_PLACEMENT_3D('',#9506,#7511,#7512);
#6312=AXIS2_PLACEMENT_3D('',#9510,#7514,#7515);
#6313=AXIS2_PLACEMENT_3D('',#9514,#7517,#7518);
#6314=AXIS2_PLACEMENT_3D('',#9517,#7520,#7521);
#6315=AXIS2_PLACEMENT_3D('',#9520,#7523,#7524);
#6316=AXIS2_PLACEMENT_3D('',#9523,#7526,#7527);
#6317=AXIS2_PLACEMENT_3D('',#9527,#7530,#7531);
#6318=AXIS2_PLACEMENT_3D('',#9530,#7533,#7534);
#6319=AXIS2_PLACEMENT_3D('',#9531,#7535,#7536);
#6320=AXIS2_PLACEMENT_3D('',#9535,#7539,#7540);
#6321=AXIS2_PLACEMENT_3D('',#9538,#7542,#7543);
#6322=AXIS2_PLACEMENT_3D('',#9539,#7544,#7545);
#6323=AXIS2_PLACEMENT_3D('',#9543,#7548,#7549);
#6324=AXIS2_PLACEMENT_3D('',#9546,#7551,#7552);
#6325=AXIS2_PLACEMENT_3D('',#9547,#7553,#7554);
#6326=AXIS2_PLACEMENT_3D('',#9551,#7557,#7558);
#6327=AXIS2_PLACEMENT_3D('',#9554,#7560,#7561);
#6328=AXIS2_PLACEMENT_3D('',#9555,#7562,#7563);
#6329=AXIS2_PLACEMENT_3D('',#9559,#7566,#7567);
#6330=AXIS2_PLACEMENT_3D('',#9563,#7570,#7571);
#6331=AXIS2_PLACEMENT_3D('',#9567,#7574,#7575);
#6332=AXIS2_PLACEMENT_3D('',#9570,#7577,#7578);
#6333=AXIS2_PLACEMENT_3D('',#9571,#7579,#7580);
#6334=AXIS2_PLACEMENT_3D('',#9575,#7583,#7584);
#6335=AXIS2_PLACEMENT_3D('',#9579,#7587,#7588);
#6336=AXIS2_PLACEMENT_3D('',#9583,#7591,#7592);
#6337=AXIS2_PLACEMENT_3D('',#9587,#7595,#7596);
#6338=AXIS2_PLACEMENT_3D('',#9591,#7599,#7600);
#6339=AXIS2_PLACEMENT_3D('',#9594,#7602,#7603);
#6340=AXIS2_PLACEMENT_3D('',#9595,#7604,#7605);
#6341=AXIS2_PLACEMENT_3D('',#9599,#7608,#7609);
#6342=AXIS2_PLACEMENT_3D('',#9603,#7612,#7613);
#6343=AXIS2_PLACEMENT_3D('',#9607,#7616,#7617);
#6344=AXIS2_PLACEMENT_3D('',#9610,#7619,#7620);
#6345=AXIS2_PLACEMENT_3D('',#9611,#7621,#7622);
#6346=AXIS2_PLACEMENT_3D('',#9613,#7624,#7625);
#6347=AXIS2_PLACEMENT_3D('',#9615,#7627,#7628);
#6348=AXIS2_PLACEMENT_3D('',#9616,#7629,#7630);
#6349=AXIS2_PLACEMENT_3D('',#9620,#7632,#7633);
#6350=AXIS2_PLACEMENT_3D('',#9621,#7634,#7635);
#6351=AXIS2_PLACEMENT_3D('',#9624,#7638,#7639);
#6352=AXIS2_PLACEMENT_3D('',#9625,#7640,#7641);
#6353=AXIS2_PLACEMENT_3D('',#9626,#7642,#7643);
#6354=AXIS2_PLACEMENT_3D('',#9627,#7644,#7645);
#6355=AXIS2_PLACEMENT_3D('',#9628,#7646,#7647);
#6356=AXIS2_PLACEMENT_3D('',#9631,#7650,#7651);
#6357=AXIS2_PLACEMENT_3D('',#9634,#7654,#7655);
#6358=AXIS2_PLACEMENT_3D('',#9635,#7656,#7657);
#6359=AXIS2_PLACEMENT_3D('',#9636,#7658,#7659);
#6360=AXIS2_PLACEMENT_3D('',#9637,#7660,#7661);
#6361=AXIS2_PLACEMENT_3D('',#9638,#7662,#7663);
#6362=AXIS2_PLACEMENT_3D('',#9639,#7664,#7665);
#6363=AXIS2_PLACEMENT_3D('',#9640,#7666,#7667);
#6364=AXIS2_PLACEMENT_3D('',#9641,#7668,#7669);
#6365=AXIS2_PLACEMENT_3D('',#9643,#7671,#7672);
#6366=AXIS2_PLACEMENT_3D('',#9646,#7675,#7676);
#6367=AXIS2_PLACEMENT_3D('',#9648,#7678,#7679);
#6368=AXIS2_PLACEMENT_3D('',#9654,#7683,#7684);
#6369=AXIS2_PLACEMENT_3D('',#9658,#7688,#7689);
#6370=AXIS2_PLACEMENT_3D('',#9659,#7690,#7691);
#6371=AXIS2_PLACEMENT_3D('',#9661,#7692,#7693);
#6372=AXIS2_PLACEMENT_3D('',#9666,#7698,#7699);
#6373=AXIS2_PLACEMENT_3D('',#9667,#7700,#7701);
#6374=AXIS2_PLACEMENT_3D('',#9670,#7704,#7705);
#6375=AXIS2_PLACEMENT_3D('',#9671,#7706,#7707);
#6376=AXIS2_PLACEMENT_3D('',#9677,#7708,#7709);
#6377=AXIS2_PLACEMENT_3D('',#9683,#7710,#7711);
#6378=AXIS2_PLACEMENT_3D('',#9689,#7712,#7713);
#6379=AXIS2_PLACEMENT_3D('',#9695,#7714,#7715);
#6380=AXIS2_PLACEMENT_3D('',#9698,#7718,#7719);
#6381=AXIS2_PLACEMENT_3D('',#9700,#7721,#7722);
#6382=AXIS2_PLACEMENT_3D('',#9702,#7724,#7725);
#6383=AXIS2_PLACEMENT_3D('',#9704,#7727,#7728);
#6384=AXIS2_PLACEMENT_3D('',#9706,#7730,#7731);
#6385=AXIS2_PLACEMENT_3D('',#9707,#7732,#7733);
#6386=AXIS2_PLACEMENT_3D('',#9710,#7736,#7737);
#6387=AXIS2_PLACEMENT_3D('',#9713,#7740,#7741);
#6388=AXIS2_PLACEMENT_3D('',#9715,#7743,#7744);
#6389=AXIS2_PLACEMENT_3D('',#9716,#7745,#7746);
#6390=AXIS2_PLACEMENT_3D('',#9717,#7747,#7748);
#6391=AXIS2_PLACEMENT_3D('',#9720,#7751,#7752);
#6392=AXIS2_PLACEMENT_3D('',#9722,#7754,#7755);
#6393=AXIS2_PLACEMENT_3D('',#9724,#7757,#7758);
#6394=AXIS2_PLACEMENT_3D('',#9725,#7759,#7760);
#6395=AXIS2_PLACEMENT_3D('',#9728,#7763,#7764);
#6396=AXIS2_PLACEMENT_3D('',#9730,#7766,#7767);
#6397=AXIS2_PLACEMENT_3D('',#9732,#7769,#7770);
#6398=AXIS2_PLACEMENT_3D('',#9733,#7771,#7772);
#6399=AXIS2_PLACEMENT_3D('',#9734,#7773,#7774);
#6400=AXIS2_PLACEMENT_3D('',#9735,#7775,#7776);
#6401=AXIS2_PLACEMENT_3D('',#9736,#7777,#7778);
#6402=AXIS2_PLACEMENT_3D('',#9739,#7781,#7782);
#6403=AXIS2_PLACEMENT_3D('',#9741,#7784,#7785);
#6404=AXIS2_PLACEMENT_3D('',#9744,#7788,#7789);
#6405=AXIS2_PLACEMENT_3D('',#9747,#7792,#7793);
#6406=AXIS2_PLACEMENT_3D('',#9750,#7796,#7797);
#6407=AXIS2_PLACEMENT_3D('',#9753,#7800,#7801);
#6408=AXIS2_PLACEMENT_3D('',#9756,#7804,#7805);
#6409=AXIS2_PLACEMENT_3D('',#9759,#7808,#7809);
#6410=AXIS2_PLACEMENT_3D('',#9760,#7810,#7811);
#6411=AXIS2_PLACEMENT_3D('',#9761,#7812,#7813);
#6412=AXIS2_PLACEMENT_3D('',#9762,#7814,#7815);
#6413=AXIS2_PLACEMENT_3D('',#9763,#7816,#7817);
#6414=AXIS2_PLACEMENT_3D('',#9764,#7818,#7819);
#6415=AXIS2_PLACEMENT_3D('',#9765,#7820,#7821);
#6416=AXIS2_PLACEMENT_3D('',#9766,#7822,#7823);
#6417=AXIS2_PLACEMENT_3D('',#9769,#7826,#7827);
#6418=AXIS2_PLACEMENT_3D('',#9771,#7829,#7830);
#6419=AXIS2_PLACEMENT_3D('',#9774,#7833,#7834);
#6420=AXIS2_PLACEMENT_3D('',#9777,#7837,#7838);
#6421=AXIS2_PLACEMENT_3D('',#9780,#7841,#7842);
#6422=AXIS2_PLACEMENT_3D('',#9783,#7845,#7846);
#6423=AXIS2_PLACEMENT_3D('',#9786,#7849,#7850);
#6424=AXIS2_PLACEMENT_3D('',#9787,#7851,#7852);
#6425=AXIS2_PLACEMENT_3D('',#9788,#7853,#7854);
#6426=AXIS2_PLACEMENT_3D('',#9789,#7855,#7856);
#6427=AXIS2_PLACEMENT_3D('',#9790,#7857,#7858);
#6428=AXIS2_PLACEMENT_3D('',#9791,#7859,#7860);
#6429=AXIS2_PLACEMENT_3D('',#9792,#7861,#7862);
#6430=AXIS2_PLACEMENT_3D('',#9798,#7864,#7865);
#6431=AXIS2_PLACEMENT_3D('',#9800,#7867,#7868);
#6432=AXIS2_PLACEMENT_3D('',#9803,#7871,#7872);
#6433=AXIS2_PLACEMENT_3D('',#9806,#7875,#7876);
#6434=AXIS2_PLACEMENT_3D('',#9809,#7879,#7880);
#6435=AXIS2_PLACEMENT_3D('',#9812,#7883,#7884);
#6436=AXIS2_PLACEMENT_3D('',#9815,#7887,#7888);
#6437=AXIS2_PLACEMENT_3D('',#9816,#7889,#7890);
#6438=AXIS2_PLACEMENT_3D('',#9817,#7891,#7892);
#6439=AXIS2_PLACEMENT_3D('',#9818,#7893,#7894);
#6440=AXIS2_PLACEMENT_3D('',#9819,#7895,#7896);
#6441=AXIS2_PLACEMENT_3D('',#9820,#7897,#7898);
#6442=AXIS2_PLACEMENT_3D('',#9821,#7899,#7900);
#6443=AXIS2_PLACEMENT_3D('',#9824,#7903,#7904);
#6444=AXIS2_PLACEMENT_3D('',#9827,#7907,#7908);
#6445=AXIS2_PLACEMENT_3D('',#9830,#7911,#7912);
#6446=AXIS2_PLACEMENT_3D('',#9833,#7915,#7916);
#6447=AXIS2_PLACEMENT_3D('',#9834,#7917,#7918);
#6448=AXIS2_PLACEMENT_3D('',#9835,#7919,#7920);
#6449=AXIS2_PLACEMENT_3D('',#9836,#7921,#7922);
#6450=AXIS2_PLACEMENT_3D('',#9837,#7923,#7924);
#6451=AXIS2_PLACEMENT_3D('',#9840,#7927,#7928);
#6452=AXIS2_PLACEMENT_3D('',#9843,#7931,#7932);
#6453=AXIS2_PLACEMENT_3D('',#9846,#7935,#7936);
#6454=AXIS2_PLACEMENT_3D('',#9849,#7939,#7940);
#6455=AXIS2_PLACEMENT_3D('',#9852,#7943,#7944);
#6456=AXIS2_PLACEMENT_3D('',#9855,#7947,#7948);
#6457=AXIS2_PLACEMENT_3D('',#9856,#7949,#7950);
#6458=AXIS2_PLACEMENT_3D('',#9857,#7951,#7952);
#6459=AXIS2_PLACEMENT_3D('',#9858,#7953,#7954);
#6460=AXIS2_PLACEMENT_3D('',#9859,#7955,#7956);
#6461=AXIS2_PLACEMENT_3D('',#9860,#7957,#7958);
#6462=AXIS2_PLACEMENT_3D('',#9861,#7959,#7960);
#6463=AXIS2_PLACEMENT_3D('',#9864,#7963,#7964);
#6464=AXIS2_PLACEMENT_3D('',#9867,#7967,#7968);
#6465=AXIS2_PLACEMENT_3D('',#9870,#7971,#7972);
#6466=AXIS2_PLACEMENT_3D('',#9873,#7975,#7976);
#6467=AXIS2_PLACEMENT_3D('',#9876,#7979,#7980);
#6468=AXIS2_PLACEMENT_3D('',#9877,#7981,#7982);
#6469=AXIS2_PLACEMENT_3D('',#9878,#7983,#7984);
#6470=AXIS2_PLACEMENT_3D('',#9879,#7985,#7986);
#6471=AXIS2_PLACEMENT_3D('',#9880,#7987,#7988);
#6472=AXIS2_PLACEMENT_3D('',#9881,#7989,#7990);
#6473=AXIS2_PLACEMENT_3D('',#9884,#7992,#7993);
#6474=AXIS2_PLACEMENT_3D('',#9887,#7995,#7996);
#6475=AXIS2_PLACEMENT_3D('',#9890,#7999,#8000);
#6476=AXIS2_PLACEMENT_3D('',#9893,#8003,#8004);
#6477=AXIS2_PLACEMENT_3D('',#9896,#8007,#8008);
#6478=AXIS2_PLACEMENT_3D('',#9899,#8011,#8012);
#6479=AXIS2_PLACEMENT_3D('',#9900,#8013,#8014);
#6480=AXIS2_PLACEMENT_3D('',#9901,#8015,#8016);
#6481=AXIS2_PLACEMENT_3D('',#9902,#8017,#8018);
#6482=AXIS2_PLACEMENT_3D('',#9903,#8019,#8020);
#6483=AXIS2_PLACEMENT_3D('',#9906,#8022,#8023);
#6484=AXIS2_PLACEMENT_3D('',#9909,#8025,#8026);
#6485=AXIS2_PLACEMENT_3D('',#9912,#8029,#8030);
#6486=AXIS2_PLACEMENT_3D('',#9915,#8033,#8034);
#6487=AXIS2_PLACEMENT_3D('',#9918,#8037,#8038);
#6488=AXIS2_PLACEMENT_3D('',#9921,#8041,#8042);
#6489=AXIS2_PLACEMENT_3D('',#9922,#8043,#8044);
#6490=AXIS2_PLACEMENT_3D('',#9923,#8045,#8046);
#6491=AXIS2_PLACEMENT_3D('',#9924,#8047,#8048);
#6492=AXIS2_PLACEMENT_3D('',#9925,#8049,#8050);
#6493=AXIS2_PLACEMENT_3D('',#9928,#8053,#8054);
#6494=AXIS2_PLACEMENT_3D('',#9931,#8057,#8058);
#6495=AXIS2_PLACEMENT_3D('',#9934,#8061,#8062);
#6496=AXIS2_PLACEMENT_3D('',#9937,#8065,#8066);
#6497=AXIS2_PLACEMENT_3D('',#9940,#8069,#8070);
#6498=AXIS2_PLACEMENT_3D('',#9941,#8071,#8072);
#6499=AXIS2_PLACEMENT_3D('',#9942,#8073,#8074);
#6500=AXIS2_PLACEMENT_3D('',#9943,#8075,#8076);
#6501=AXIS2_PLACEMENT_3D('',#9944,#8077,#8078);
#6502=AXIS2_PLACEMENT_3D('',#9945,#8079,#8080);
#6503=AXIS2_PLACEMENT_3D('',#9948,#8083,#8084);
#6504=AXIS2_PLACEMENT_3D('',#9950,#8086,#8087);
#6505=AXIS2_PLACEMENT_3D('',#9952,#8089,#8090);
#6506=AXIS2_PLACEMENT_3D('',#9955,#8093,#8094);
#6507=AXIS2_PLACEMENT_3D('',#9958,#8097,#8098);
#6508=AXIS2_PLACEMENT_3D('',#9961,#8101,#8102);
#6509=AXIS2_PLACEMENT_3D('',#9964,#8105,#8106);
#6510=AXIS2_PLACEMENT_3D('',#9967,#8109,#8110);
#6511=AXIS2_PLACEMENT_3D('',#9968,#8111,#8112);
#6512=AXIS2_PLACEMENT_3D('',#9969,#8113,#8114);
#6513=AXIS2_PLACEMENT_3D('',#9970,#8115,#8116);
#6514=AXIS2_PLACEMENT_3D('',#9971,#8117,#8118);
#6515=AXIS2_PLACEMENT_3D('',#9972,#8119,#8120);
#6516=AXIS2_PLACEMENT_3D('',#9973,#8121,#8122);
#6517=AXIS2_PLACEMENT_3D('',#9976,#8125,#8126);
#6518=AXIS2_PLACEMENT_3D('',#9979,#8129,#8130);
#6519=AXIS2_PLACEMENT_3D('',#9982,#8133,#8134);
#6520=AXIS2_PLACEMENT_3D('',#9985,#8137,#8138);
#6521=AXIS2_PLACEMENT_3D('',#9986,#8139,#8140);
#6522=AXIS2_PLACEMENT_3D('',#9987,#8141,#8142);
#6523=AXIS2_PLACEMENT_3D('',#9988,#8143,#8144);
#6524=AXIS2_PLACEMENT_3D('',#9989,#8145,#8146);
#6525=AXIS2_PLACEMENT_3D('',#9992,#8149,#8150);
#6526=AXIS2_PLACEMENT_3D('',#9995,#8153,#8154);
#6527=AXIS2_PLACEMENT_3D('',#9997,#8156,#8157);
#6528=AXIS2_PLACEMENT_3D('',#10000,#8160,#8161);
#6529=AXIS2_PLACEMENT_3D('',#10003,#8164,#8165);
#6530=AXIS2_PLACEMENT_3D('',#10006,#8168,#8169);
#6531=AXIS2_PLACEMENT_3D('',#10009,#8172,#8173);
#6532=AXIS2_PLACEMENT_3D('',#10012,#8176,#8177);
#6533=AXIS2_PLACEMENT_3D('',#10013,#8178,#8179);
#6534=AXIS2_PLACEMENT_3D('',#10014,#8180,#8181);
#6535=AXIS2_PLACEMENT_3D('',#10015,#8182,#8183);
#6536=AXIS2_PLACEMENT_3D('',#10016,#8184,#8185);
#6537=AXIS2_PLACEMENT_3D('',#10017,#8186,#8187);
#6538=AXIS2_PLACEMENT_3D('',#10018,#8188,#8189);
#6539=AXIS2_PLACEMENT_3D('',#10019,#8190,#8191);
#6540=AXIS2_PLACEMENT_3D('',#10022,#8194,#8195);
#6541=AXIS2_PLACEMENT_3D('',#10025,#8198,#8199);
#6542=AXIS2_PLACEMENT_3D('',#10028,#8202,#8203);
#6543=AXIS2_PLACEMENT_3D('',#10031,#8206,#8207);
#6544=AXIS2_PLACEMENT_3D('',#10034,#8210,#8211);
#6545=AXIS2_PLACEMENT_3D('',#10037,#8214,#8215);
#6546=AXIS2_PLACEMENT_3D('',#10038,#8216,#8217);
#6547=AXIS2_PLACEMENT_3D('',#10039,#8218,#8219);
#6548=AXIS2_PLACEMENT_3D('',#10040,#8220,#8221);
#6549=AXIS2_PLACEMENT_3D('',#10041,#8222,#8223);
#6550=AXIS2_PLACEMENT_3D('',#10042,#8224,#8225);
#6551=AXIS2_PLACEMENT_3D('',#10043,#8226,#8227);
#6552=AXIS2_PLACEMENT_3D('',#10046,#8230,#8231);
#6553=AXIS2_PLACEMENT_3D('',#10048,#8233,#8234);
#6554=AXIS2_PLACEMENT_3D('',#10050,#8236,#8237);
#6555=AXIS2_PLACEMENT_3D('',#10053,#8240,#8241);
#6556=AXIS2_PLACEMENT_3D('',#10056,#8244,#8245);
#6557=AXIS2_PLACEMENT_3D('',#10059,#8248,#8249);
#6558=AXIS2_PLACEMENT_3D('',#10062,#8252,#8253);
#6559=AXIS2_PLACEMENT_3D('',#10065,#8256,#8257);
#6560=AXIS2_PLACEMENT_3D('',#10066,#8258,#8259);
#6561=AXIS2_PLACEMENT_3D('',#10067,#8260,#8261);
#6562=AXIS2_PLACEMENT_3D('',#10068,#8262,#8263);
#6563=AXIS2_PLACEMENT_3D('',#10069,#8264,#8265);
#6564=AXIS2_PLACEMENT_3D('',#10070,#8266,#8267);
#6565=AXIS2_PLACEMENT_3D('',#10071,#8268,#8269);
#6566=AXIS2_PLACEMENT_3D('',#10074,#8272,#8273);
#6567=AXIS2_PLACEMENT_3D('',#10077,#8276,#8277);
#6568=AXIS2_PLACEMENT_3D('',#10080,#8280,#8281);
#6569=AXIS2_PLACEMENT_3D('',#10083,#8284,#8285);
#6570=AXIS2_PLACEMENT_3D('',#10085,#8287,#8288);
#6571=AXIS2_PLACEMENT_3D('',#10088,#8291,#8292);
#6572=AXIS2_PLACEMENT_3D('',#10091,#8295,#8296);
#6573=AXIS2_PLACEMENT_3D('',#10094,#8299,#8300);
#6574=AXIS2_PLACEMENT_3D('',#10095,#8301,#8302);
#6575=AXIS2_PLACEMENT_3D('',#10096,#8303,#8304);
#6576=AXIS2_PLACEMENT_3D('',#10097,#8305,#8306);
#6577=AXIS2_PLACEMENT_3D('',#10098,#8307,#8308);
#6578=AXIS2_PLACEMENT_3D('',#10099,#8309,#8310);
#6579=AXIS2_PLACEMENT_3D('',#10100,#8311,#8312);
#6580=AXIS2_PLACEMENT_3D('',#10101,#8313,#8314);
#6581=AXIS2_PLACEMENT_3D('',#10104,#8317,#8318);
#6582=AXIS2_PLACEMENT_3D('',#10107,#8321,#8322);
#6583=AXIS2_PLACEMENT_3D('',#10110,#8325,#8326);
#6584=AXIS2_PLACEMENT_3D('',#10113,#8329,#8330);
#6585=AXIS2_PLACEMENT_3D('',#10114,#8331,#8332);
#6586=AXIS2_PLACEMENT_3D('',#10115,#8333,#8334);
#6587=AXIS2_PLACEMENT_3D('',#10116,#8335,#8336);
#6588=AXIS2_PLACEMENT_3D('',#10117,#8337,#8338);
#6589=AXIS2_PLACEMENT_3D('',#10118,#8339,#8340);
#6590=DIRECTION('',(0.,0.,1.));
#6591=DIRECTION('',(1.,0.,0.));
#6592=DIRECTION('',(0.,1.,0.));
#6593=DIRECTION('',(-1.,0.,0.));
#6594=DIRECTION('',(0.,0.,-1.));
#6595=DIRECTION('',(0.,0.,-1.));
#6596=DIRECTION('',(-1.,0.,0.));
#6597=DIRECTION('',(0.,1.,0.));
#6598=DIRECTION('',(0.,0.,1.));
#6599=DIRECTION('',(0.,0.,-1.));
#6600=DIRECTION('',(-1.,0.,0.));
#6601=DIRECTION('',(0.,0.,-1.));
#6602=DIRECTION('',(-1.,0.,0.));
#6603=DIRECTION('',(0.,1.,0.));
#6604=DIRECTION('',(-1.,0.,0.));
#6605=DIRECTION('',(0.,0.,-1.));
#6606=DIRECTION('',(0.,0.,-1.));
#6607=DIRECTION('',(-1.,0.,0.));
#6608=DIRECTION('',(0.,0.,-1.));
#6609=DIRECTION('',(-1.,0.,0.));
#6610=DIRECTION('',(0.,0.,-1.));
#6611=DIRECTION('',(0.,1.,0.));
#6612=DIRECTION('',(0.,0.,1.));
#6613=DIRECTION('',(-1.,0.,0.));
#6614=DIRECTION('',(-1.,0.,0.));
#6615=DIRECTION('',(0.,0.,1.));
#6616=DIRECTION('',(1.,1.38777878078145E-16,0.));
#6617=DIRECTION('',(-1.38777878078145E-16,1.,0.));
#6618=DIRECTION('',(-1.11129146681251E-16,0.800769893733895,0.598972100593515));
#6619=DIRECTION('',(1.,1.38777878078145E-16,0.));
#6620=DIRECTION('',(-1.38777878078145E-16,1.,0.));
#6621=DIRECTION('',(2.60724395001818E-17,-0.187871726108254,0.982193572840459));
#6622=DIRECTION('',(1.,1.38777878078145E-16,0.));
#6623=DIRECTION('',(-1.38777878078145E-16,1.,0.));
#6624=DIRECTION('',(-1.38777878078145E-16,1.,0.));
#6625=DIRECTION('',(1.,1.38777878078145E-16,0.));
#6626=DIRECTION('',(-1.38777878078145E-16,1.,0.));
#6627=DIRECTION('',(1.,1.38777878078145E-16,0.));
#6628=DIRECTION('',(-1.38777878078145E-16,1.,0.));
#6629=DIRECTION('',(1.12563218379787E-16,-0.811103469361334,0.58490269446294));
#6630=DIRECTION('',(1.,1.38777878078145E-16,0.));
#6631=DIRECTION('',(-1.38777878078145E-16,1.,0.));
#6632=DIRECTION('',(1.1352973741382E-16,-0.818067972979761,-0.575121545053552));
#6633=DIRECTION('',(1.,1.38777878078145E-16,0.));
#6634=DIRECTION('',(-1.38777878078145E-16,1.,0.));
#6635=DIRECTION('',(-1.03481412032013E-16,0.745662157867431,-0.666324205116763));
#6636=DIRECTION('',(0.,1.,0.));
#6637=DIRECTION('',(-1.03481412032013E-16,0.745662157867431,0.666324205116763));
#6638=DIRECTION('',(1.,1.38777878078145E-16,0.));
#6639=DIRECTION('',(-1.38777878078145E-16,1.,0.));
#6640=DIRECTION('',(1.1352973741382E-16,-0.818067972979761,0.575121545053552));
#6641=DIRECTION('',(1.,1.38777878078145E-16,0.));
#6642=DIRECTION('',(-1.38777878078145E-16,1.,0.));
#6643=DIRECTION('',(1.12563218379787E-16,-0.811103469361334,-0.584902694462941));
#6644=DIRECTION('',(1.,1.38777878078145E-16,0.));
#6645=DIRECTION('',(-1.38777878078145E-16,1.,0.));
#6646=DIRECTION('',(1.,1.38777878078145E-16,0.));
#6647=DIRECTION('',(-1.38777878078145E-16,1.,0.));
#6648=DIRECTION('',(1.,1.38777878078145E-16,0.));
#6649=DIRECTION('',(-1.38777878078145E-16,1.,0.));
#6650=DIRECTION('',(1.,1.38777878078145E-16,0.));
#6651=DIRECTION('',(-1.38777878078145E-16,1.,0.));
#6652=DIRECTION('',(1.38777878078145E-16,-1.,0.));
#6653=DIRECTION('',(1.,1.38777878078145E-16,0.));
#6654=DIRECTION('',(-1.38777878078145E-16,1.,0.));
#6655=DIRECTION('',(2.60724395001818E-17,-0.187871726108254,-0.982193572840459));
#6656=DIRECTION('',(1.,1.38777878078145E-16,0.));
#6657=DIRECTION('',(-1.38777878078145E-16,1.,0.));
#6658=DIRECTION('',(-1.11129146681251E-16,0.800769893733894,-0.598972100593515));
#6659=DIRECTION('',(1.,1.38777878078145E-16,0.));
#6660=DIRECTION('',(-1.38777878078145E-16,1.,0.));
#6661=DIRECTION('',(-1.03481412032013E-16,0.745662157867431,0.666324205116763));
#6662=DIRECTION('',(0.,0.,-1.));
#6663=DIRECTION('',(0.,1.,0.));
#6664=DIRECTION('',(1.03481412032013E-16,-0.745662157867431,-0.666324205116763));
#6665=DIRECTION('',(1.,1.38777878078145E-16,0.));
#6666=DIRECTION('',(-1.38777878078145E-16,1.,0.));
#6667=DIRECTION('',(-7.5931817842734E-17,0.547146410467362,-0.837036920041573));
#6668=DIRECTION('',(1.,1.38777878078145E-16,0.));
#6669=DIRECTION('',(-1.38777878078145E-16,1.,0.));
#6670=DIRECTION('',(0.,1.,0.));
#6671=DIRECTION('',(1.,1.38777878078145E-16,0.));
#6672=DIRECTION('',(-1.38777878078145E-16,1.,0.));
#6673=DIRECTION('',(7.5931817842734E-17,-0.547146410467362,0.837036920041573));
#6674=DIRECTION('',(1.,1.38777878078145E-16,0.));
#6675=DIRECTION('',(-1.38777878078145E-16,1.,0.));
#6676=DIRECTION('',(1.11129146681251E-16,-0.800769893733894,0.598972100593515));
#6677=DIRECTION('',(1.,1.38777878078145E-16,0.));
#6678=DIRECTION('',(-1.38777878078145E-16,1.,0.));
#6679=DIRECTION('',(7.7428149539014E-17,-0.557928616659025,-0.829888943602062));
#6680=DIRECTION('',(1.,1.38777878078145E-16,0.));
#6681=DIRECTION('',(-1.38777878078145E-16,1.,0.));
#6682=DIRECTION('',(1.38777878078145E-16,-1.,0.));
#6683=DIRECTION('',(0.,1.,0.));
#6684=DIRECTION('',(0.,0.,-1.));
#6685=DIRECTION('',(0.,1.,0.));
#6686=DIRECTION('',(0.,0.,-1.));
#6687=DIRECTION('',(0.,-1.,0.));
#6688=DIRECTION('',(-7.48937182715781E-17,0.539666114720432,0.841879138963874));
#6689=DIRECTION('',(-1.38777878078145E-16,1.,0.));
#6690=DIRECTION('',(-7.48937182715781E-17,0.539666114720432,-0.841879138963874));
#6691=DIRECTION('',(0.,-1.,0.));
#6692=DIRECTION('',(0.,0.,-1.));
#6693=DIRECTION('',(0.,1.,0.));
#6694=DIRECTION('',(0.,0.,-1.));
#6695=DIRECTION('',(0.,1.,0.));
#6696=DIRECTION('',(1.38777878078145E-16,-1.,0.));
#6697=DIRECTION('',(1.,1.38777878078145E-16,0.));
#6698=DIRECTION('',(-1.38777878078145E-16,1.,0.));
#6699=DIRECTION('',(7.7428149539014E-17,-0.557928616659025,0.829888943602062));
#6700=DIRECTION('',(1.,1.38777878078145E-16,0.));
#6701=DIRECTION('',(-1.38777878078145E-16,1.,0.));
#6702=DIRECTION('',(1.11129146681251E-16,-0.800769893733895,-0.598972100593515));
#6703=DIRECTION('',(1.,1.38777878078145E-16,0.));
#6704=DIRECTION('',(-1.38777878078145E-16,1.,0.));
#6705=DIRECTION('',(7.5931817842734E-17,-0.547146410467362,-0.837036920041573));
#6706=DIRECTION('',(1.,1.38777878078145E-16,0.));
#6707=DIRECTION('',(-1.38777878078145E-16,1.,0.));
#6708=DIRECTION('',(0.,1.,0.));
#6709=DIRECTION('',(1.,1.38777878078145E-16,0.));
#6710=DIRECTION('',(-1.38777878078145E-16,1.,0.));
#6711=DIRECTION('',(-7.5931817842734E-17,0.547146410467362,0.837036920041573));
#6712=DIRECTION('',(1.,1.38777878078145E-16,0.));
#6713=DIRECTION('',(-1.38777878078145E-16,1.,0.));
#6714=DIRECTION('',(1.03481412032013E-16,-0.745662157867431,0.666324205116763));
#6715=DIRECTION('',(0.,1.,0.));
#6716=DIRECTION('',(0.,0.,-1.));
#6717=DIRECTION('',(-1.03481412032013E-16,0.745662157867431,-0.666324205116763));
#6718=DIRECTION('',(1.,1.38777878078145E-16,0.));
#6719=DIRECTION('',(-1.38777878078145E-16,1.,0.));
#6720=DIRECTION('',(6.33183353723952E-17,-0.456256690542143,-0.889848207468854));
#6721=DIRECTION('',(1.,1.38777878078145E-16,0.));
#6722=DIRECTION('',(-1.38777878078145E-16,1.,0.));
#6723=DIRECTION('',(-7.82547263004201E-17,0.563884729930483,-0.825853504776256));
#6724=DIRECTION('',(1.,1.38777878078145E-16,0.));
#6725=DIRECTION('',(-1.38777878078145E-16,1.,0.));
#6726=DIRECTION('',(-1.38459238274736E-16,0.997703958240166,-0.0677260046946854));
#6727=DIRECTION('',(1.,1.38777878078145E-16,0.));
#6728=DIRECTION('',(-1.38777878078145E-16,1.,0.));
#6729=DIRECTION('',(-7.48937182715781E-17,0.539666114720432,-0.841879138963874));
#6730=DIRECTION('',(1.,1.38777878078145E-16,0.));
#6731=DIRECTION('',(-1.38777878078145E-16,1.,0.));
#6732=DIRECTION('',(-1.38777878078145E-16,1.,0.));
#6733=DIRECTION('',(1.,1.38777878078145E-16,0.));
#6734=DIRECTION('',(-1.38777878078145E-16,1.,0.));
#6735=DIRECTION('',(1.,1.38777878078145E-16,0.));
#6736=DIRECTION('',(-1.38777878078145E-16,1.,0.));
#6737=DIRECTION('',(-7.48937182715781E-17,0.539666114720432,-0.841879138963874));
#6738=DIRECTION('',(1.,1.38777878078145E-16,0.));
#6739=DIRECTION('',(-1.38777878078145E-16,1.,0.));
#6740=DIRECTION('',(1.,1.38777878078145E-16,0.));
#6741=DIRECTION('',(-1.38777878078145E-16,1.,0.));
#6742=DIRECTION('',(1.,1.38777878078145E-16,0.));
#6743=DIRECTION('',(-1.38777878078145E-16,1.,0.));
#6744=DIRECTION('',(4.84689333831971E-18,-0.0349255472517779,-0.999389916973933));
#6745=DIRECTION('',(1.,1.38777878078145E-16,0.));
#6746=DIRECTION('',(-1.38777878078145E-16,1.,0.));
#6747=DIRECTION('',(-1.12563218379787E-16,0.811103469361334,-0.584902694462941));
#6748=DIRECTION('',(1.,1.38777878078145E-16,0.));
#6749=DIRECTION('',(-1.38777878078145E-16,1.,0.));
#6750=DIRECTION('',(1.,1.38777878078145E-16,0.));
#6751=DIRECTION('',(-1.38777878078145E-16,1.,0.));
#6752=DIRECTION('',(-1.38777878078145E-16,1.,0.));
#6753=DIRECTION('',(1.,1.38777878078145E-16,0.));
#6754=DIRECTION('',(-1.38777878078145E-16,1.,0.));
#6755=DIRECTION('',(1.,1.38777878078145E-16,0.));
#6756=DIRECTION('',(-1.38777878078145E-16,1.,0.));
#6757=DIRECTION('',(-1.32847841937125E-16,0.95726958631202,0.289197059324631));
#6758=DIRECTION('',(1.,1.38777878078145E-16,0.));
#6759=DIRECTION('',(-1.38777878078145E-16,1.,0.));
#6760=DIRECTION('',(0.,0.,-1.));
#6761=DIRECTION('',(1.,1.38777878078145E-16,0.));
#6762=DIRECTION('',(-1.38777878078145E-16,1.,0.));
#6763=DIRECTION('',(1.38459238274736E-16,-0.997703958240166,0.0677260046946853));
#6764=DIRECTION('',(1.,1.38777878078145E-16,0.));
#6765=DIRECTION('',(-1.38777878078145E-16,1.,0.));
#6766=DIRECTION('',(1.,1.38777878078145E-16,0.));
#6767=DIRECTION('',(-1.38777878078145E-16,1.,0.));
#6768=DIRECTION('',(1.,1.38777878078145E-16,0.));
#6769=DIRECTION('',(-1.38777878078145E-16,1.,0.));
#6770=DIRECTION('',(1.32847841937125E-16,-0.95726958631202,0.289197059324631));
#6771=DIRECTION('',(1.,1.38777878078145E-16,0.));
#6772=DIRECTION('',(-1.38777878078145E-16,1.,0.));
#6773=DIRECTION('',(0.,0.,-1.));
#6774=DIRECTION('',(1.,1.38777878078145E-16,0.));
#6775=DIRECTION('',(-1.38777878078145E-16,1.,0.));
#6776=DIRECTION('',(-7.7428149539014E-17,0.557928616659025,0.829888943602062));
#6777=DIRECTION('',(1.,1.38777878078145E-16,0.));
#6778=DIRECTION('',(-1.38777878078145E-16,1.,0.));
#6779=DIRECTION('',(-2.60724395001818E-17,0.187871726108254,0.982193572840459));
#6780=DIRECTION('',(1.,1.38777878078145E-16,0.));
#6781=DIRECTION('',(-1.38777878078145E-16,1.,0.));
#6782=DIRECTION('',(1.00902700889621E-16,-0.72708058580348,-0.686552126023704));
#6783=DIRECTION('',(1.,1.38777878078145E-16,0.));
#6784=DIRECTION('',(-1.38777878078145E-16,1.,0.));
#6785=DIRECTION('',(0.,0.,-1.));
#6786=DIRECTION('',(1.,1.38777878078145E-16,0.));
#6787=DIRECTION('',(-1.38777878078145E-16,1.,0.));
#6788=DIRECTION('',(1.,1.38777878078145E-16,0.));
#6789=DIRECTION('',(-1.38777878078145E-16,1.,0.));
#6790=DIRECTION('',(1.,1.38777878078145E-16,0.));
#6791=DIRECTION('',(-1.38777878078145E-16,1.,0.));
#6792=DIRECTION('',(-1.1352973741382E-16,0.818067972979761,0.575121545053552));
#6793=DIRECTION('',(1.,1.38777878078145E-16,0.));
#6794=DIRECTION('',(-1.38777878078145E-16,1.,0.));
#6795=DIRECTION('',(-4.84689333831971E-18,0.0349255472517779,0.999389916973933));
#6796=DIRECTION('',(1.,1.38777878078145E-16,0.));
#6797=DIRECTION('',(-1.38777878078145E-16,1.,0.));
#6798=DIRECTION('',(7.82547263004201E-17,-0.563884729930483,0.825853504776256));
#6799=DIRECTION('',(1.,1.38777878078145E-16,0.));
#6800=DIRECTION('',(-1.38777878078145E-16,1.,0.));
#6801=DIRECTION('',(-1.38459238274736E-16,0.997703958240166,0.0677260046946854));
#6802=DIRECTION('',(1.,1.38777878078145E-16,0.));
#6803=DIRECTION('',(-1.38777878078145E-16,1.,0.));
#6804=DIRECTION('',(-7.82547263004201E-17,0.563884729930484,0.825853504776256));
#6805=DIRECTION('',(1.,1.38777878078145E-16,0.));
#6806=DIRECTION('',(-1.38777878078145E-16,1.,0.));
#6807=DIRECTION('',(6.33183353723952E-17,-0.456256690542143,0.889848207468854));
#6808=DIRECTION('',(1.,1.38777878078145E-16,0.));
#6809=DIRECTION('',(-1.38777878078145E-16,1.,0.));
#6810=DIRECTION('',(-7.48937182715781E-17,0.539666114720432,0.841879138963874));
#6811=DIRECTION('',(1.,1.38777878078145E-16,0.));
#6812=DIRECTION('',(-1.38777878078145E-16,1.,0.));
#6813=DIRECTION('',(1.,1.38777878078145E-16,0.));
#6814=DIRECTION('',(-1.38777878078145E-16,1.,0.));
#6815=DIRECTION('',(1.38777878078145E-16,-1.,0.));
#6816=DIRECTION('',(1.,1.38777878078145E-16,0.));
#6817=DIRECTION('',(-1.38777878078145E-16,1.,0.));
#6818=DIRECTION('',(-7.48937182715781E-17,0.539666114720432,0.841879138963874));
#6819=DIRECTION('',(0.,-1.,0.));
#6820=DIRECTION('',(1.,0.,0.));
#6821=DIRECTION('',(0.,0.,1.));
#6822=DIRECTION('',(0.,-1.,0.));
#6823=DIRECTION('',(-1.,0.,0.));
#6824=DIRECTION('',(0.,0.,1.));
#6825=DIRECTION('',(0.,1.,0.));
#6826=DIRECTION('',(1.,0.,0.));
#6827=DIRECTION('',(0.,0.,1.));
#6828=DIRECTION('',(0.,1.,0.));
#6829=DIRECTION('',(-1.,0.,0.));
#6830=DIRECTION('',(0.,0.,1.));
#6831=DIRECTION('',(-1.,0.,0.));
#6832=DIRECTION('',(0.,0.,1.));
#6833=DIRECTION('',(-1.,0.,0.));
#6834=DIRECTION('',(0.,0.,1.));
#6835=DIRECTION('',(0.,1.,0.));
#6836=DIRECTION('',(-1.,0.,0.));
#6837=DIRECTION('',(0.,0.,1.));
#6838=DIRECTION('',(0.,1.,0.));
#6839=DIRECTION('',(0.,0.,-1.));
#6840=DIRECTION('',(-1.,0.,0.));
#6841=DIRECTION('',(0.,0.,1.));
#6842=DIRECTION('',(0.,2.36937840621223E-15,-1.));
#6843=DIRECTION('',(0.,-1.,0.));
#6844=DIRECTION('',(0.,0.,-1.));
#6845=DIRECTION('',(0.,-1.,0.));
#6846=DIRECTION('',(-1.,0.,0.));
#6847=DIRECTION('',(0.,0.,1.));
#6848=DIRECTION('',(-1.,0.,0.));
#6849=DIRECTION('',(0.,0.,1.));
#6850=DIRECTION('',(-1.,0.,0.));
#6851=DIRECTION('',(0.,0.,1.));
#6852=DIRECTION('',(-1.,0.,0.));
#6853=DIRECTION('',(0.,0.,1.));
#6854=DIRECTION('',(-1.,0.,0.));
#6855=DIRECTION('',(0.,0.,1.));
#6856=DIRECTION('',(0.,-1.,0.));
#6857=DIRECTION('',(-1.,0.,0.));
#6858=DIRECTION('',(0.,0.,1.));
#6859=DIRECTION('',(0.,-1.,0.));
#6860=DIRECTION('',(-1.,0.,0.));
#6861=DIRECTION('',(0.,0.,1.));
#6862=DIRECTION('',(1.,1.38777878078145E-16,0.));
#6863=DIRECTION('',(-1.38777878078145E-16,1.,0.));
#6864=DIRECTION('',(-1.00902700889621E-16,0.72708058580348,0.686552126023704));
#6865=DIRECTION('',(1.,1.38777878078145E-16,0.));
#6866=DIRECTION('',(-1.38777878078145E-16,1.,0.));
#6867=DIRECTION('',(-6.33183353723952E-17,0.456256690542143,0.889848207468854));
#6868=DIRECTION('',(1.,1.38777878078145E-16,0.));
#6869=DIRECTION('',(-1.38777878078145E-16,1.,0.));
#6870=DIRECTION('',(1.38777878078145E-16,-1.,0.));
#6871=DIRECTION('',(1.,1.38777878078145E-16,0.));
#6872=DIRECTION('',(-1.38777878078145E-16,1.,0.));
#6873=DIRECTION('',(0.,0.,-1.));
#6874=DIRECTION('',(1.,1.38777878078145E-16,0.));
#6875=DIRECTION('',(-1.38777878078145E-16,1.,0.));
#6876=DIRECTION('',(1.,1.38777878078145E-16,0.));
#6877=DIRECTION('',(-1.38777878078145E-16,1.,0.));
#6878=DIRECTION('',(-2.60724395001818E-17,0.187871726108254,-0.982193572840459));
#6879=DIRECTION('',(1.,1.38777878078145E-16,0.));
#6880=DIRECTION('',(-1.38777878078145E-16,1.,0.));
#6881=DIRECTION('',(-7.7428149539014E-17,0.557928616659025,-0.829888943602062));
#6882=DIRECTION('',(1.,1.38777878078145E-16,0.));
#6883=DIRECTION('',(-1.38777878078145E-16,1.,0.));
#6884=DIRECTION('',(0.,0.,-1.));
#6885=DIRECTION('',(1.,1.38777878078145E-16,0.));
#6886=DIRECTION('',(-1.38777878078145E-16,1.,0.));
#6887=DIRECTION('',(1.32847841937125E-16,-0.95726958631202,-0.289197059324631));
#6888=DIRECTION('',(1.,1.38777878078145E-16,0.));
#6889=DIRECTION('',(-1.38777878078145E-16,1.,0.));
#6890=DIRECTION('',(1.,1.38777878078145E-16,0.));
#6891=DIRECTION('',(-1.38777878078145E-16,1.,0.));
#6892=DIRECTION('',(1.00902700889621E-16,-0.72708058580348,0.686552126023704));
#6893=DIRECTION('',(1.,1.38777878078145E-16,0.));
#6894=DIRECTION('',(-1.38777878078145E-16,1.,0.));
#6895=DIRECTION('',(7.82547263004201E-17,-0.563884729930484,-0.825853504776256));
#6896=DIRECTION('',(1.,1.38777878078145E-16,0.));
#6897=DIRECTION('',(-1.38777878078145E-16,1.,0.));
#6898=DIRECTION('',(-4.84689333831971E-18,0.0349255472517779,-0.999389916973933));
#6899=DIRECTION('',(1.,1.38777878078145E-16,0.));
#6900=DIRECTION('',(-1.38777878078145E-16,1.,0.));
#6901=DIRECTION('',(-1.1352973741382E-16,0.818067972979761,-0.575121545053552));
#6902=DIRECTION('',(1.,1.38777878078145E-16,0.));
#6903=DIRECTION('',(-1.38777878078145E-16,1.,0.));
#6904=DIRECTION('',(1.,1.38777878078145E-16,0.));
#6905=DIRECTION('',(-1.38777878078145E-16,1.,0.));
#6906=DIRECTION('',(1.,1.38777878078145E-16,0.));
#6907=DIRECTION('',(-1.38777878078145E-16,1.,0.));
#6908=DIRECTION('',(0.,0.,1.));
#6909=DIRECTION('',(1.,1.38777878078145E-16,0.));
#6910=DIRECTION('',(-1.38777878078145E-16,1.,0.));
#6911=DIRECTION('',(1.,1.38777878078145E-16,0.));
#6912=DIRECTION('',(-1.38777878078145E-16,1.,0.));
#6913=DIRECTION('',(-1.12563218379787E-16,0.811103469361334,0.584902694462941));
#6914=DIRECTION('',(1.,1.38777878078145E-16,0.));
#6915=DIRECTION('',(-1.38777878078145E-16,1.,0.));
#6916=DIRECTION('',(4.84689333831971E-18,-0.0349255472517779,0.999389916973933));
#6917=DIRECTION('',(1.,1.38777878078145E-16,0.));
#6918=DIRECTION('',(-1.38777878078145E-16,1.,0.));
#6919=DIRECTION('',(1.38459238274736E-16,-0.997703958240166,-0.0677260046946853));
#6920=DIRECTION('',(1.,1.38777878078145E-16,0.));
#6921=DIRECTION('',(-1.38777878078145E-16,1.,0.));
#6922=DIRECTION('',(0.,0.,-1.));
#6923=DIRECTION('',(1.,1.38777878078145E-16,0.));
#6924=DIRECTION('',(-1.38777878078145E-16,1.,0.));
#6925=DIRECTION('',(-1.32847841937125E-16,0.95726958631202,-0.289197059324631));
#6926=DIRECTION('',(1.,1.38777878078145E-16,0.));
#6927=DIRECTION('',(-1.38777878078145E-16,1.,0.));
#6928=DIRECTION('',(1.,1.38777878078145E-16,0.));
#6929=DIRECTION('',(-1.38777878078145E-16,1.,0.));
#6930=DIRECTION('',(1.38777878078145E-16,-1.,0.));
#6931=DIRECTION('',(-1.00902700889621E-16,0.72708058580348,-0.686552126023705));
#6932=DIRECTION('',(1.,1.38777878078145E-16,0.));
#6933=DIRECTION('',(-1.38777878078145E-16,1.,0.));
#6934=DIRECTION('',(0.,0.,1.));
#6935=DIRECTION('',(1.,1.38777878078145E-16,0.));
#6936=DIRECTION('',(-1.38777878078145E-16,1.,0.));
#6937=DIRECTION('',(1.38777878078145E-16,-1.,0.));
#6938=DIRECTION('',(1.,1.38777878078145E-16,0.));
#6939=DIRECTION('',(-1.38777878078145E-16,1.,0.));
#6940=DIRECTION('',(1.,1.38777878078145E-16,0.));
#6941=DIRECTION('',(-1.38777878078145E-16,1.,0.));
#6942=DIRECTION('',(1.,1.38777878078145E-16,0.));
#6943=DIRECTION('',(-1.38777878078145E-16,1.,0.));
#6944=DIRECTION('',(1.,1.38777878078145E-16,0.));
#6945=DIRECTION('',(-1.38777878078145E-16,1.,0.));
#6946=DIRECTION('',(1.,1.38777878078145E-16,0.));
#6947=DIRECTION('',(-1.38777878078145E-16,1.,0.));
#6948=DIRECTION('',(1.,1.38777878078145E-16,0.));
#6949=DIRECTION('',(-1.38777878078145E-16,1.,0.));
#6950=DIRECTION('',(-1.38777878078145E-16,1.,0.));
#6951=DIRECTION('',(1.,1.38777878078145E-16,0.));
#6952=DIRECTION('',(-1.38777878078145E-16,1.,0.));
#6953=DIRECTION('',(-6.33183353723952E-17,0.456256690542143,-0.889848207468854));
#6954=DIRECTION('',(1.,1.38777878078145E-16,0.));
#6955=DIRECTION('',(-1.38777878078145E-16,1.,0.));
#6956=DIRECTION('',(-1.,0.,0.));
#6957=DIRECTION('',(0.,0.,1.));
#6958=DIRECTION('',(0.,0.,1.));
#6959=DIRECTION('',(0.,1.,0.));
#6960=DIRECTION('',(0.,0.,-1.));
#6961=DIRECTION('',(1.,1.38777878078145E-16,0.));
#6962=DIRECTION('',(-1.38777878078145E-16,1.,0.));
#6963=DIRECTION('',(0.,1.,0.));
#6964=DIRECTION('',(1.,1.38777878078145E-16,0.));
#6965=DIRECTION('',(-1.38777878078145E-16,1.,0.));
#6966=DIRECTION('',(1.,1.38777878078145E-16,0.));
#6967=DIRECTION('',(-1.38777878078145E-16,1.,0.));
#6968=DIRECTION('',(1.,1.38777878078145E-16,0.));
#6969=DIRECTION('',(-1.38777878078145E-16,1.,0.));
#6970=DIRECTION('',(1.11129146681251E-16,-0.800769893733894,0.598972100593515));
#6971=DIRECTION('',(1.,1.38777878078145E-16,0.));
#6972=DIRECTION('',(-1.38777878078145E-16,1.,0.));
#6973=DIRECTION('',(7.5931817842734E-17,-0.547146410467362,0.837036920041573));
#6974=DIRECTION('',(1.,1.38777878078145E-16,0.));
#6975=DIRECTION('',(-1.38777878078145E-16,1.,0.));
#6976=DIRECTION('',(1.38777878078145E-16,-1.,0.));
#6977=DIRECTION('',(1.,1.38777878078145E-16,0.));
#6978=DIRECTION('',(-1.38777878078145E-16,1.,0.));
#6979=DIRECTION('',(7.7428149539014E-17,-0.557928616659025,-0.829888943602062));
#6980=DIRECTION('',(1.,1.38777878078145E-16,0.));
#6981=DIRECTION('',(-1.38777878078145E-16,1.,0.));
#6982=DIRECTION('',(7.5931817842734E-17,-0.547146410467362,-0.837036920041573));
#6983=DIRECTION('',(1.,1.38777878078145E-16,0.));
#6984=DIRECTION('',(-1.38777878078145E-16,1.,0.));
#6985=DIRECTION('',(1.11129146681251E-16,-0.800769893733895,-0.598972100593515));
#6986=DIRECTION('',(1.,1.38777878078145E-16,0.));
#6987=DIRECTION('',(-1.38777878078145E-16,1.,0.));
#6988=DIRECTION('',(7.7428149539014E-17,-0.557928616659025,0.829888943602062));
#6989=DIRECTION('',(1.,1.38777878078145E-16,0.));
#6990=DIRECTION('',(-1.38777878078145E-16,1.,0.));
#6991=DIRECTION('',(1.38777878078145E-16,-1.,0.));
#6992=DIRECTION('',(1.,1.38777878078145E-16,0.));
#6993=DIRECTION('',(-1.38777878078145E-16,1.,0.));
#6994=DIRECTION('',(-7.5931817842734E-17,0.547146410467362,-0.837036920041573));
#6995=DIRECTION('',(1.,1.38777878078145E-16,0.));
#6996=DIRECTION('',(-1.38777878078145E-16,1.,0.));
#6997=DIRECTION('',(1.03481412032013E-16,-0.745662157867431,-0.666324205116763));
#6998=DIRECTION('',(1.,1.38777878078145E-16,0.));
#6999=DIRECTION('',(-1.38777878078145E-16,1.,0.));
#7000=DIRECTION('',(0.,0.,1.));
#7001=DIRECTION('',(1.,1.38777878078145E-16,0.));
#7002=DIRECTION('',(-1.38777878078145E-16,1.,0.));
#7003=DIRECTION('',(1.38777878078145E-16,-1.,0.));
#7004=DIRECTION('',(1.,1.38777878078145E-16,0.));
#7005=DIRECTION('',(-1.38777878078145E-16,1.,0.));
#7006=DIRECTION('',(1.03481412032013E-16,-0.745662157867431,0.666324205116763));
#7007=DIRECTION('',(1.,1.38777878078145E-16,0.));
#7008=DIRECTION('',(-1.38777878078145E-16,1.,0.));
#7009=DIRECTION('',(-7.5931817842734E-17,0.547146410467362,0.837036920041573));
#7010=DIRECTION('',(1.,1.38777878078145E-16,0.));
#7011=DIRECTION('',(-1.38777878078145E-16,1.,0.));
#7012=DIRECTION('',(1.38777878078145E-16,-1.,0.));
#7013=DIRECTION('',(1.,1.38777878078145E-16,0.));
#7014=DIRECTION('',(-1.38777878078145E-16,1.,0.));
#7015=DIRECTION('',(0.,0.,-1.));
#7016=DIRECTION('',(1.,1.38777878078145E-16,0.));
#7017=DIRECTION('',(-1.38777878078145E-16,1.,0.));
#7018=DIRECTION('',(1.,1.38777878078145E-16,0.));
#7019=DIRECTION('',(-1.38777878078145E-16,1.,0.));
#7020=DIRECTION('',(1.32847841937125E-16,-0.95726958631202,-0.289197059324631));
#7021=DIRECTION('',(1.,1.38777878078145E-16,0.));
#7022=DIRECTION('',(-1.38777878078145E-16,1.,0.));
#7023=DIRECTION('',(0.,0.,-1.));
#7024=DIRECTION('',(1.,1.38777878078145E-16,0.));
#7025=DIRECTION('',(-1.38777878078145E-16,1.,0.));
#7026=DIRECTION('',(-7.7428149539014E-17,0.557928616659025,-0.829888943602062));
#7027=DIRECTION('',(1.,1.38777878078145E-16,0.));
#7028=DIRECTION('',(-1.38777878078145E-16,1.,0.));
#7029=DIRECTION('',(-2.60724395001818E-17,0.187871726108254,-0.982193572840459));
#7030=DIRECTION('',(1.,1.38777878078145E-16,0.));
#7031=DIRECTION('',(-1.38777878078145E-16,1.,0.));
#7032=DIRECTION('',(1.,1.38777878078145E-16,0.));
#7033=DIRECTION('',(-1.38777878078145E-16,1.,0.));
#7034=DIRECTION('',(-6.33183353723952E-17,0.456256690542143,0.889848207468854));
#7035=DIRECTION('',(1.,1.38777878078145E-16,0.));
#7036=DIRECTION('',(-1.38777878078145E-16,1.,0.));
#7037=DIRECTION('',(-1.00902700889621E-16,0.72708058580348,0.686552126023704));
#7038=DIRECTION('',(1.,1.38777878078145E-16,0.));
#7039=DIRECTION('',(-1.38777878078145E-16,1.,0.));
#7040=DIRECTION('',(0.,0.,-1.));
#7041=DIRECTION('',(1.,1.38777878078145E-16,0.));
#7042=DIRECTION('',(-1.38777878078145E-16,1.,0.));
#7043=DIRECTION('',(1.38777878078145E-16,-1.,0.));
#7044=DIRECTION('',(-1.38777878078145E-16,1.,0.));
#7045=DIRECTION('',(1.,1.38777878078145E-16,0.));
#7046=DIRECTION('',(-1.38777878078145E-16,1.,0.));
#7047=DIRECTION('',(-1.38777878078145E-16,1.,0.));
#7048=DIRECTION('',(1.,1.38777878078145E-16,0.));
#7049=DIRECTION('',(-1.38777878078145E-16,1.,0.));
#7050=DIRECTION('',(1.,1.38777878078145E-16,0.));
#7051=DIRECTION('',(-1.38777878078145E-16,1.,0.));
#7052=DIRECTION('',(-1.,-1.38777878078145E-16,0.));
#7053=DIRECTION('',(-1.38777878078145E-16,1.,0.));
#7054=DIRECTION('',(1.,1.38777878078145E-16,0.));
#7055=DIRECTION('',(-1.38777878078145E-16,1.,0.));
#7056=DIRECTION('',(0.,0.,-1.));
#7057=DIRECTION('',(-7.48937182715781E-17,0.539666114720432,-0.841879138963874));
#7058=DIRECTION('',(-1.38777878078145E-16,1.,0.));
#7059=DIRECTION('',(-7.48937182715781E-17,0.539666114720432,0.841879138963874));
#7060=DIRECTION('',(0.,0.,-1.));
#7061=DIRECTION('',(1.38777878078145E-16,-1.,0.));
#7062=DIRECTION('',(1.,1.38777878078145E-16,0.));
#7063=DIRECTION('',(-1.38777878078145E-16,1.,0.));
#7064=DIRECTION('',(-1.,-1.38777878078145E-16,0.));
#7065=DIRECTION('',(-1.38777878078145E-16,1.,0.));
#7066=DIRECTION('',(1.38777878078145E-16,-1.,0.));
#7067=DIRECTION('',(3.28817307578309E-31,-2.36937840621222E-15,1.));
#7068=DIRECTION('',(1.38777878078145E-16,-1.,0.));
#7069=DIRECTION('',(0.,0.,-1.));
#7070=DIRECTION('',(1.,1.38777878078145E-16,0.));
#7071=DIRECTION('',(-1.38777878078145E-16,1.,0.));
#7072=DIRECTION('',(1.38777878078145E-16,-1.,0.));
#7073=DIRECTION('',(1.,1.38777878078145E-16,0.));
#7074=DIRECTION('',(-1.38777878078145E-16,1.,0.));
#7075=DIRECTION('',(1.,1.38777878078145E-16,0.));
#7076=DIRECTION('',(-1.38777878078145E-16,1.,0.));
#7077=DIRECTION('',(0.,0.,1.));
#7078=DIRECTION('',(1.38777878078145E-16,-1.,0.));
#7079=DIRECTION('',(1.38777878078145E-16,-1.,0.));
#7080=DIRECTION('',(1.,1.38777878078145E-16,0.));
#7081=DIRECTION('',(-1.38777878078145E-16,1.,0.));
#7082=DIRECTION('',(1.38777878078145E-16,-1.,0.));
#7083=DIRECTION('',(1.,1.38777878078145E-16,0.));
#7084=DIRECTION('',(-1.38777878078145E-16,1.,0.));
#7085=DIRECTION('',(1.,1.38777878078145E-16,0.));
#7086=DIRECTION('',(-1.38777878078145E-16,1.,0.));
#7087=DIRECTION('',(-1.38777878078145E-16,1.,0.));
#7088=DIRECTION('',(1.,1.38777878078145E-16,0.));
#7089=DIRECTION('',(-1.38777878078145E-16,1.,0.));
#7090=DIRECTION('',(-1.38777878078145E-16,1.,0.));
#7091=DIRECTION('',(1.,1.38777878078145E-16,0.));
#7092=DIRECTION('',(-1.38777878078145E-16,1.,0.));
#7093=DIRECTION('',(1.,1.38777878078145E-16,0.));
#7094=DIRECTION('',(-1.38777878078145E-16,1.,0.));
#7095=DIRECTION('',(-1.38459238274736E-16,0.997703958240166,0.0677260046946854));
#7096=DIRECTION('',(1.,1.38777878078145E-16,0.));
#7097=DIRECTION('',(-1.38777878078145E-16,1.,0.));
#7098=DIRECTION('',(-7.48937182715781E-17,0.539666114720432,0.841879138963874));
#7099=DIRECTION('',(1.,1.38777878078145E-16,0.));
#7100=DIRECTION('',(-1.38777878078145E-16,1.,0.));
#7101=DIRECTION('',(1.38777878078145E-16,-1.,0.));
#7102=DIRECTION('',(1.,1.38777878078145E-16,0.));
#7103=DIRECTION('',(-1.38777878078145E-16,1.,0.));
#7104=DIRECTION('',(1.,1.38777878078145E-16,0.));
#7105=DIRECTION('',(-1.38777878078145E-16,1.,0.));
#7106=DIRECTION('',(-7.48937182715781E-17,0.539666114720432,0.841879138963874));
#7107=DIRECTION('',(1.,1.38777878078145E-16,0.));
#7108=DIRECTION('',(-1.38777878078145E-16,1.,0.));
#7109=DIRECTION('',(6.33183353723952E-17,-0.456256690542143,0.889848207468854));
#7110=DIRECTION('',(1.,1.38777878078145E-16,0.));
#7111=DIRECTION('',(-1.38777878078145E-16,1.,0.));
#7112=DIRECTION('',(-7.82547263004201E-17,0.563884729930484,0.825853504776256));
#7113=DIRECTION('',(1.,1.38777878078145E-16,0.));
#7114=DIRECTION('',(-1.38777878078145E-16,1.,0.));
#7115=DIRECTION('',(7.82547263004201E-17,-0.563884729930483,0.825853504776256));
#7116=DIRECTION('',(1.,1.38777878078145E-16,0.));
#7117=DIRECTION('',(-1.38777878078145E-16,1.,0.));
#7118=DIRECTION('',(-4.84689333831971E-18,0.0349255472517779,0.999389916973933));
#7119=DIRECTION('',(1.,1.38777878078145E-16,0.));
#7120=DIRECTION('',(-1.38777878078145E-16,1.,0.));
#7121=DIRECTION('',(-1.1352973741382E-16,0.818067972979761,0.575121545053552));
#7122=DIRECTION('',(1.,1.38777878078145E-16,0.));
#7123=DIRECTION('',(-1.38777878078145E-16,1.,0.));
#7124=DIRECTION('',(1.,1.38777878078145E-16,0.));
#7125=DIRECTION('',(-1.38777878078145E-16,1.,0.));
#7126=DIRECTION('',(1.,1.38777878078145E-16,0.));
#7127=DIRECTION('',(-1.38777878078145E-16,1.,0.));
#7128=DIRECTION('',(0.,0.,-1.));
#7129=DIRECTION('',(1.,1.38777878078145E-16,0.));
#7130=DIRECTION('',(-1.38777878078145E-16,1.,0.));
#7131=DIRECTION('',(1.00902700889621E-16,-0.72708058580348,-0.686552126023704));
#7132=DIRECTION('',(1.,1.38777878078145E-16,0.));
#7133=DIRECTION('',(-1.38777878078145E-16,1.,0.));
#7134=DIRECTION('',(1.,1.38777878078145E-16,0.));
#7135=DIRECTION('',(-1.38777878078145E-16,1.,0.));
#7136=DIRECTION('',(1.,1.38777878078145E-16,0.));
#7137=DIRECTION('',(-1.38777878078145E-16,1.,0.));
#7138=DIRECTION('',(-2.60724395001818E-17,0.187871726108254,0.982193572840459));
#7139=DIRECTION('',(1.,1.38777878078145E-16,0.));
#7140=DIRECTION('',(-1.38777878078145E-16,1.,0.));
#7141=DIRECTION('',(-7.7428149539014E-17,0.557928616659025,0.829888943602062));
#7142=DIRECTION('',(1.,1.38777878078145E-16,0.));
#7143=DIRECTION('',(-1.38777878078145E-16,1.,0.));
#7144=DIRECTION('',(0.,0.,-1.));
#7145=DIRECTION('',(1.,1.38777878078145E-16,0.));
#7146=DIRECTION('',(-1.38777878078145E-16,1.,0.));
#7147=DIRECTION('',(1.32847841937125E-16,-0.95726958631202,0.289197059324631));
#7148=DIRECTION('',(-1.38777878078145E-16,1.,0.));
#7149=DIRECTION('',(1.,1.38777878078145E-16,0.));
#7150=DIRECTION('',(-1.38777878078145E-16,1.,0.));
#7151=DIRECTION('',(1.,1.38777878078145E-16,0.));
#7152=DIRECTION('',(-1.38777878078145E-16,1.,0.));
#7153=DIRECTION('',(-1.12563218379787E-16,0.811103469361334,-0.584902694462941));
#7154=DIRECTION('',(1.,1.38777878078145E-16,0.));
#7155=DIRECTION('',(-1.38777878078145E-16,1.,0.));
#7156=DIRECTION('',(4.84689333831971E-18,-0.0349255472517779,-0.999389916973933));
#7157=DIRECTION('',(1.,1.38777878078145E-16,0.));
#7158=DIRECTION('',(-1.38777878078145E-16,1.,0.));
#7159=DIRECTION('',(1.38459238274736E-16,-0.997703958240166,0.0677260046946853));
#7160=DIRECTION('',(1.,1.38777878078145E-16,0.));
#7161=DIRECTION('',(-1.38777878078145E-16,1.,0.));
#7162=DIRECTION('',(0.,0.,-1.));
#7163=DIRECTION('',(1.,1.38777878078145E-16,0.));
#7164=DIRECTION('',(-1.38777878078145E-16,1.,0.));
#7165=DIRECTION('',(-1.32847841937125E-16,0.95726958631202,0.289197059324631));
#7166=DIRECTION('',(1.,1.38777878078145E-16,0.));
#7167=DIRECTION('',(-1.38777878078145E-16,1.,0.));
#7168=DIRECTION('',(1.,1.38777878078145E-16,0.));
#7169=DIRECTION('',(-1.38777878078145E-16,1.,0.));
#7170=DIRECTION('',(1.,1.38777878078145E-16,0.));
#7171=DIRECTION('',(-1.38777878078145E-16,1.,0.));
#7172=DIRECTION('',(-1.11129146681251E-16,0.800769893733895,0.598972100593515));
#7173=DIRECTION('',(1.,1.38777878078145E-16,0.));
#7174=DIRECTION('',(-1.38777878078145E-16,1.,0.));
#7175=DIRECTION('',(-1.03481412032013E-16,0.745662157867431,-0.666324205116763));
#7176=DIRECTION('',(1.,1.38777878078145E-16,0.));
#7177=DIRECTION('',(-1.38777878078145E-16,1.,0.));
#7178=DIRECTION('',(1.1352973741382E-16,-0.818067972979761,-0.575121545053552));
#7179=DIRECTION('',(1.,1.38777878078145E-16,0.));
#7180=DIRECTION('',(-1.38777878078145E-16,1.,0.));
#7181=DIRECTION('',(1.12563218379787E-16,-0.811103469361334,0.58490269446294));
#7182=DIRECTION('',(1.,1.38777878078145E-16,0.));
#7183=DIRECTION('',(-1.38777878078145E-16,1.,0.));
#7184=DIRECTION('',(1.,1.38777878078145E-16,0.));
#7185=DIRECTION('',(-1.38777878078145E-16,1.,0.));
#7186=DIRECTION('',(-1.38777878078145E-16,1.,0.));
#7187=DIRECTION('',(1.,1.38777878078145E-16,0.));
#7188=DIRECTION('',(-1.38777878078145E-16,1.,0.));
#7189=DIRECTION('',(2.60724395001818E-17,-0.187871726108254,0.982193572840459));
#7190=DIRECTION('',(1.,1.38777878078145E-16,0.));
#7191=DIRECTION('',(-1.38777878078145E-16,1.,0.));
#7192=DIRECTION('',(-1.11129146681251E-16,0.800769893733894,-0.598972100593515));
#7193=DIRECTION('',(1.,1.38777878078145E-16,0.));
#7194=DIRECTION('',(-1.38777878078145E-16,1.,0.));
#7195=DIRECTION('',(2.60724395001818E-17,-0.187871726108254,-0.982193572840459));
#7196=DIRECTION('',(1.,1.38777878078145E-16,0.));
#7197=DIRECTION('',(-1.38777878078145E-16,1.,0.));
#7198=DIRECTION('',(1.38777878078145E-16,-1.,0.));
#7199=DIRECTION('',(1.,1.38777878078145E-16,0.));
#7200=DIRECTION('',(-1.38777878078145E-16,1.,0.));
#7201=DIRECTION('',(1.,1.38777878078145E-16,0.));
#7202=DIRECTION('',(-1.38777878078145E-16,1.,0.));
#7203=DIRECTION('',(1.,1.38777878078145E-16,0.));
#7204=DIRECTION('',(-1.38777878078145E-16,1.,0.));
#7205=DIRECTION('',(1.,1.38777878078145E-16,0.));
#7206=DIRECTION('',(-1.38777878078145E-16,1.,0.));
#7207=DIRECTION('',(1.12563218379787E-16,-0.811103469361334,-0.584902694462941));
#7208=DIRECTION('',(1.,1.38777878078145E-16,0.));
#7209=DIRECTION('',(-1.38777878078145E-16,1.,0.));
#7210=DIRECTION('',(1.1352973741382E-16,-0.818067972979761,0.575121545053552));
#7211=DIRECTION('',(1.,1.38777878078145E-16,0.));
#7212=DIRECTION('',(-1.38777878078145E-16,1.,0.));
#7213=DIRECTION('',(-1.03481412032013E-16,0.745662157867431,0.666324205116763));
#7214=DIRECTION('',(1.,1.38777878078145E-16,0.));
#7215=DIRECTION('',(-1.38777878078145E-16,1.,0.));
#7216=DIRECTION('',(6.33183353723952E-17,-0.456256690542143,-0.889848207468854));
#7217=DIRECTION('',(1.,1.38777878078145E-16,0.));
#7218=DIRECTION('',(-1.38777878078145E-16,1.,0.));
#7219=DIRECTION('',(1.,1.38777878078145E-16,0.));
#7220=DIRECTION('',(-1.38777878078145E-16,1.,0.));
#7221=DIRECTION('',(1.,1.38777878078145E-16,0.));
#7222=DIRECTION('',(-1.38777878078145E-16,1.,0.));
#7223=DIRECTION('',(-7.48937182715781E-17,0.539666114720432,-0.841879138963874));
#7224=DIRECTION('',(1.,1.38777878078145E-16,0.));
#7225=DIRECTION('',(-1.38777878078145E-16,1.,0.));
#7226=DIRECTION('',(1.,1.38777878078145E-16,0.));
#7227=DIRECTION('',(-1.38777878078145E-16,1.,0.));
#7228=DIRECTION('',(-1.38777878078145E-16,1.,0.));
#7229=DIRECTION('',(1.,1.38777878078145E-16,0.));
#7230=DIRECTION('',(-1.38777878078145E-16,1.,0.));
#7231=DIRECTION('',(-7.48937182715781E-17,0.539666114720432,-0.841879138963874));
#7232=DIRECTION('',(1.,1.38777878078145E-16,0.));
#7233=DIRECTION('',(-1.38777878078145E-16,1.,0.));
#7234=DIRECTION('',(-1.38459238274736E-16,0.997703958240166,-0.0677260046946854));
#7235=DIRECTION('',(1.,1.38777878078145E-16,0.));
#7236=DIRECTION('',(-1.38777878078145E-16,1.,0.));
#7237=DIRECTION('',(-7.82547263004201E-17,0.563884729930483,-0.825853504776256));
#7238=DIRECTION('',(1.,1.38777878078145E-16,0.));
#7239=DIRECTION('',(-1.38777878078145E-16,1.,0.));
#7240=DIRECTION('',(1.00902700889621E-16,-0.72708058580348,0.686552126023704));
#7241=DIRECTION('',(1.,1.38777878078145E-16,0.));
#7242=DIRECTION('',(-1.38777878078145E-16,1.,0.));
#7243=DIRECTION('',(0.,0.,1.));
#7244=DIRECTION('',(1.,1.38777878078145E-16,0.));
#7245=DIRECTION('',(-1.38777878078145E-16,1.,0.));
#7246=DIRECTION('',(1.,1.38777878078145E-16,0.));
#7247=DIRECTION('',(-1.38777878078145E-16,1.,0.));
#7248=DIRECTION('',(1.,1.38777878078145E-16,0.));
#7249=DIRECTION('',(-1.38777878078145E-16,1.,0.));
#7250=DIRECTION('',(-1.1352973741382E-16,0.818067972979761,-0.575121545053552));
#7251=DIRECTION('',(1.,1.38777878078145E-16,0.));
#7252=DIRECTION('',(-1.38777878078145E-16,1.,0.));
#7253=DIRECTION('',(-4.84689333831971E-18,0.0349255472517779,-0.999389916973933));
#7254=DIRECTION('',(1.,1.38777878078145E-16,0.));
#7255=DIRECTION('',(-1.38777878078145E-16,1.,0.));
#7256=DIRECTION('',(7.82547263004201E-17,-0.563884729930484,-0.825853504776256));
#7257=DIRECTION('',(1.,1.38777878078145E-16,0.));
#7258=DIRECTION('',(-1.38777878078145E-16,1.,0.));
#7259=DIRECTION('',(4.84689333831971E-18,-0.0349255472517779,0.999389916973933));
#7260=DIRECTION('',(1.,1.38777878078145E-16,0.));
#7261=DIRECTION('',(-1.38777878078145E-16,1.,0.));
#7262=DIRECTION('',(-1.12563218379787E-16,0.811103469361334,0.584902694462941));
#7263=DIRECTION('',(1.,1.38777878078145E-16,0.));
#7264=DIRECTION('',(-1.38777878078145E-16,1.,0.));
#7265=DIRECTION('',(1.,1.38777878078145E-16,0.));
#7266=DIRECTION('',(-1.38777878078145E-16,1.,0.));
#7267=DIRECTION('',(1.38777878078145E-16,-1.,0.));
#7268=DIRECTION('',(1.,1.38777878078145E-16,0.));
#7269=DIRECTION('',(-1.38777878078145E-16,1.,0.));
#7270=DIRECTION('',(1.,1.38777878078145E-16,0.));
#7271=DIRECTION('',(-1.38777878078145E-16,1.,0.));
#7272=DIRECTION('',(-1.32847841937125E-16,0.95726958631202,-0.289197059324631));
#7273=DIRECTION('',(1.,1.38777878078145E-16,0.));
#7274=DIRECTION('',(-1.38777878078145E-16,1.,0.));
#7275=DIRECTION('',(0.,0.,-1.));
#7276=DIRECTION('',(1.,1.38777878078145E-16,0.));
#7277=DIRECTION('',(-1.38777878078145E-16,1.,0.));
#7278=DIRECTION('',(1.38459238274736E-16,-0.997703958240166,-0.0677260046946853));
#7279=DIRECTION('',(1.,1.38777878078145E-16,0.));
#7280=DIRECTION('',(-1.38777878078145E-16,1.,0.));
#7281=DIRECTION('',(-6.33183353723952E-17,0.456256690542143,-0.889848207468854));
#7282=DIRECTION('',(1.,1.38777878078145E-16,0.));
#7283=DIRECTION('',(-1.38777878078145E-16,1.,0.));
#7284=DIRECTION('',(-1.38777878078145E-16,1.,0.));
#7285=DIRECTION('',(1.,1.38777878078145E-16,0.));
#7286=DIRECTION('',(-1.38777878078145E-16,1.,0.));
#7287=DIRECTION('',(1.,1.38777878078145E-16,0.));
#7288=DIRECTION('',(-1.38777878078145E-16,1.,0.));
#7289=DIRECTION('',(1.,1.38777878078145E-16,0.));
#7290=DIRECTION('',(-1.38777878078145E-16,1.,0.));
#7291=DIRECTION('',(1.,1.38777878078145E-16,0.));
#7292=DIRECTION('',(-1.38777878078145E-16,1.,0.));
#7293=DIRECTION('',(1.,1.38777878078145E-16,0.));
#7294=DIRECTION('',(-1.38777878078145E-16,1.,0.));
#7295=DIRECTION('',(1.,1.38777878078145E-16,0.));
#7296=DIRECTION('',(-1.38777878078145E-16,1.,0.));
#7297=DIRECTION('',(1.38777878078145E-16,-1.,0.));
#7298=DIRECTION('',(1.,1.38777878078145E-16,0.));
#7299=DIRECTION('',(-1.38777878078145E-16,1.,0.));
#7300=DIRECTION('',(0.,0.,1.));
#7301=DIRECTION('',(1.,1.38777878078145E-16,0.));
#7302=DIRECTION('',(-1.38777878078145E-16,1.,0.));
#7303=DIRECTION('',(-1.00902700889621E-16,0.72708058580348,-0.686552126023705));
#7304=DIRECTION('',(0.,0.,-1.));
#7305=DIRECTION('',(-1.,0.,0.));
#7306=DIRECTION('',(1.,0.,0.));
#7307=DIRECTION('',(0.,1.,0.));
#7308=DIRECTION('',(1.,0.,0.));
#7309=DIRECTION('',(0.,-1.,0.));
#7310=DIRECTION('',(0.,0.,-1.));
#7311=DIRECTION('',(-1.,0.,0.));
#7312=DIRECTION('',(1.,0.,0.));
#7313=DIRECTION('',(0.,-1.,0.));
#7314=DIRECTION('',(1.,0.,0.));
#7315=DIRECTION('',(0.,1.,0.));
#7316=DIRECTION('',(0.,0.,-1.));
#7317=DIRECTION('',(-1.,0.,0.));
#7318=DIRECTION('',(1.,0.,0.));
#7319=DIRECTION('',(0.,-1.,0.));
#7320=DIRECTION('',(1.,0.,0.));
#7321=DIRECTION('',(0.,-1.,0.));
#7322=DIRECTION('',(0.,-1.,0.));
#7323=DIRECTION('',(0.,0.,-1.));
#7324=DIRECTION('',(0.,1.,0.));
#7325=DIRECTION('',(0.,0.,-1.));
#7326=DIRECTION('',(0.,-1.,0.));
#7327=DIRECTION('',(0.,1.,0.));
#7328=DIRECTION('',(0.,0.,-1.));
#7329=DIRECTION('',(0.,-1.,0.));
#7330=DIRECTION('',(0.,0.,-1.));
#7331=DIRECTION('',(-1.,0.,0.));
#7332=DIRECTION('',(1.,0.,0.));
#7333=DIRECTION('',(1.,0.,0.));
#7334=DIRECTION('',(0.,-1.,0.));
#7335=DIRECTION('',(0.,-1.,0.));
#7336=DIRECTION('',(0.,0.,-1.));
#7337=DIRECTION('',(0.,-1.,0.));
#7338=DIRECTION('',(0.,0.,-1.));
#7339=DIRECTION('',(0.,-1.,0.));
#7340=DIRECTION('',(0.,0.,-1.));
#7341=DIRECTION('',(0.,-1.,0.));
#7342=DIRECTION('',(1.,0.,1.02939505855893E-12));
#7343=DIRECTION('',(1.02939505855893E-12,0.,-1.));
#7344=DIRECTION('',(-1.02939505855893E-12,0.,1.));
#7345=DIRECTION('',(-1.02939505855893E-12,0.,1.));
#7346=DIRECTION('',(0.,-1.,0.));
#7347=DIRECTION('',(0.,-1.,0.));
#7348=DIRECTION('',(0.,0.,-1.));
#7349=DIRECTION('',(0.,1.,0.));
#7350=DIRECTION('',(0.,0.,-1.));
#7351=DIRECTION('',(0.,1.,0.));
#7352=DIRECTION('',(0.,0.,-1.));
#7353=DIRECTION('',(0.,-1.,0.));
#7354=DIRECTION('',(0.,0.,-1.));
#7355=DIRECTION('',(-1.,0.,0.));
#7356=DIRECTION('',(1.,0.,0.));
#7357=DIRECTION('',(1.,0.,0.));
#7358=DIRECTION('',(0.,-1.,0.));
#7359=DIRECTION('',(0.,-1.,0.));
#7360=DIRECTION('',(0.,0.,-1.));
#7361=DIRECTION('',(0.,-1.,0.));
#7362=DIRECTION('',(0.,0.,-1.));
#7363=DIRECTION('',(0.,-1.,0.));
#7364=DIRECTION('',(0.,0.,-1.));
#7365=DIRECTION('',(0.,-1.,0.));
#7366=DIRECTION('',(-1.,0.,0.));
#7367=DIRECTION('',(0.,0.,1.));
#7368=DIRECTION('',(0.,0.,-1.));
#7369=DIRECTION('',(0.,-1.,0.));
#7370=DIRECTION('',(0.,0.,-1.));
#7371=DIRECTION('',(0.,-1.,0.));
#7372=DIRECTION('',(6.66678041749257E-12,0.,1.));
#7373=DIRECTION('',(1.,0.,-6.66678041749257E-12));
#7374=DIRECTION('',(-1.,0.,6.66678041749257E-12));
#7375=DIRECTION('',(0.,-1.,0.));
#7376=DIRECTION('',(-1.,0.,6.66678041749257E-12));
#7377=DIRECTION('',(1.,0.,0.));
#7378=DIRECTION('',(0.,0.,-1.));
#7379=DIRECTION('',(0.,0.,1.));
#7380=DIRECTION('',(0.,0.,1.));
#7381=DIRECTION('',(0.,-1.,0.));
#7382=DIRECTION('',(0.,-1.,0.));
#7383=DIRECTION('',(0.,0.,-1.));
#7384=DIRECTION('',(0.,-1.,0.));
#7385=DIRECTION('',(0.,0.,-1.));
#7386=DIRECTION('',(0.,-1.,0.));
#7387=DIRECTION('',(0.,0.,-1.));
#7388=DIRECTION('',(0.,-1.,0.));
#7389=DIRECTION('',(-1.,0.,0.));
#7390=DIRECTION('',(0.,0.,1.));
#7391=DIRECTION('',(0.,0.,-1.));
#7392=DIRECTION('',(0.,0.,-1.));
#7393=DIRECTION('',(0.,-1.,0.));
#7394=DIRECTION('',(0.,0.,-1.));
#7395=DIRECTION('',(-1.,0.,0.));
#7396=DIRECTION('',(1.,0.,0.));
#7397=DIRECTION('',(1.,0.,0.));
#7398=DIRECTION('',(0.,-1.,0.));
#7399=DIRECTION('',(1.,0.,0.));
#7400=DIRECTION('',(0.,0.,-1.));
#7401=DIRECTION('',(0.,0.,1.));
#7402=DIRECTION('',(0.,0.,1.));
#7403=DIRECTION('',(0.,-1.,0.));
#7404=DIRECTION('',(0.,-1.,0.));
#7405=DIRECTION('',(0.,0.,-1.));
#7406=DIRECTION('',(0.,-1.,0.));
#7407=DIRECTION('',(0.,0.,-1.));
#7408=DIRECTION('',(0.,-1.,0.));
#7409=DIRECTION('',(0.,0.,-1.));
#7410=DIRECTION('',(0.,-1.,0.));
#7411=DIRECTION('',(-1.,0.,0.));
#7412=DIRECTION('',(0.,0.,1.));
#7413=DIRECTION('',(0.,0.,-1.));
#7414=DIRECTION('',(0.,0.,-1.));
#7415=DIRECTION('',(0.,0.,-1.));
#7416=DIRECTION('',(-1.,0.,0.));
#7417=DIRECTION('',(-1.,0.,0.));
#7418=DIRECTION('',(0.,1.,0.));
#7419=DIRECTION('',(1.,0.,0.));
#7420=DIRECTION('',(0.,1.,0.));
#7421=DIRECTION('',(-1.,0.,0.));
#7422=DIRECTION('',(0.,0.,1.));
#7423=DIRECTION('',(0.,0.,-1.));
#7424=DIRECTION('',(0.,0.,-1.));
#7425=DIRECTION('',(0.,-1.,0.));
#7426=DIRECTION('',(0.,-1.,0.));
#7427=DIRECTION('',(0.,0.,-1.));
#7428=DIRECTION('',(0.,-1.,0.));
#7429=DIRECTION('',(0.,0.,-1.));
#7430=DIRECTION('',(0.,-1.,0.));
#7431=DIRECTION('',(0.,0.,-1.));
#7432=DIRECTION('',(0.,-1.,0.));
#7433=DIRECTION('',(1.,0.,0.));
#7434=DIRECTION('',(0.,0.,-1.));
#7435=DIRECTION('',(0.,0.,1.));
#7436=DIRECTION('',(0.,0.,1.));
#7437=DIRECTION('',(0.,-1.,0.));
#7438=DIRECTION('',(0.,0.,1.));
#7439=DIRECTION('',(1.,0.,0.));
#7440=DIRECTION('',(-1.,0.,0.));
#7441=DIRECTION('',(-1.,0.,0.));
#7442=DIRECTION('',(0.,-1.,0.));
#7443=DIRECTION('',(-1.,0.,0.));
#7444=DIRECTION('',(0.,0.,1.));
#7445=DIRECTION('',(0.,0.,-1.));
#7446=DIRECTION('',(0.,0.,-1.));
#7447=DIRECTION('',(0.,-1.,0.));
#7448=DIRECTION('',(0.,-1.,0.));
#7449=DIRECTION('',(0.,0.,-1.));
#7450=DIRECTION('',(0.,-1.,0.));
#7451=DIRECTION('',(0.,0.,-1.));
#7452=DIRECTION('',(0.,-1.,0.));
#7453=DIRECTION('',(0.,0.,-1.));
#7454=DIRECTION('',(0.,-1.,0.));
#7455=DIRECTION('',(1.,0.,0.));
#7456=DIRECTION('',(0.,0.,-1.));
#7457=DIRECTION('',(0.,0.,1.));
#7458=DIRECTION('',(0.,0.,1.));
#7459=DIRECTION('',(0.,-1.,0.));
#7460=DIRECTION('',(3.4476778730394E-12,0.,1.));
#7461=DIRECTION('',(1.,0.,-3.4476778730394E-12));
#7462=DIRECTION('',(-1.,0.,3.4476778730394E-12));
#7463=DIRECTION('',(-1.,0.,3.4476778730394E-12));
#7464=DIRECTION('',(1.,0.,0.));
#7465=DIRECTION('',(0.,0.,-1.));
#7466=DIRECTION('',(0.,0.,1.));
#7467=DIRECTION('',(0.,0.,1.));
#7468=DIRECTION('',(0.,-1.,0.));
#7469=DIRECTION('',(1.,0.,0.));
#7470=DIRECTION('',(0.,-1.,0.));
#7471=DIRECTION('',(0.,0.,-1.));
#7472=DIRECTION('',(0.,0.,-1.));
#7473=DIRECTION('',(0.,-1.,0.));
#7474=DIRECTION('',(0.,0.,-1.));
#7475=DIRECTION('',(0.,-1.,0.));
#7476=DIRECTION('',(1.,0.,0.));
#7477=DIRECTION('',(1.,1.38777878078145E-16,0.));
#7478=DIRECTION('',(1.,0.,0.));
#7479=DIRECTION('',(0.,-1.,0.));
#7480=DIRECTION('',(0.,0.,-1.));
#7481=DIRECTION('',(0.,1.,0.));
#7482=DIRECTION('',(0.,0.,1.));
#7483=DIRECTION('',(0.,0.,-1.));
#7484=DIRECTION('',(0.,-1.,0.));
#7485=DIRECTION('',(0.,0.,-1.));
#7486=DIRECTION('',(0.,0.,1.));
#7487=DIRECTION('',(1.,0.,0.));
#7488=DIRECTION('',(0.,0.,-1.));
#7489=DIRECTION('',(0.,-1.,0.));
#7490=DIRECTION('',(0.,0.,-1.));
#7491=DIRECTION('',(0.,0.,1.));
#7492=DIRECTION('',(1.,0.,0.));
#7493=DIRECTION('',(0.,0.,-1.));
#7494=DIRECTION('',(-1.,0.,0.));
#7495=DIRECTION('',(0.,0.,1.));
#7496=DIRECTION('',(0.,-1.,0.));
#7497=DIRECTION('',(0.,0.,-1.));
#7498=DIRECTION('',(0.,0.,-1.));
#7499=DIRECTION('',(-1.,0.,0.));
#7500=DIRECTION('',(0.,0.,1.));
#7501=DIRECTION('',(0.,-1.,0.));
#7502=DIRECTION('',(0.,0.,-1.));
#7503=DIRECTION('',(0.,0.,-1.));
#7504=DIRECTION('',(0.,1.,0.));
#7505=DIRECTION('',(0.,0.,1.));
#7506=DIRECTION('',(1.,0.,0.));
#7507=DIRECTION('',(1.,1.38777878078145E-16,0.));
#7508=DIRECTION('',(0.,1.,0.));
#7509=DIRECTION('',(0.,0.,-1.));
#7510=DIRECTION('',(0.,0.,1.));
#7511=DIRECTION('',(0.,-1.,0.));
#7512=DIRECTION('',(0.,0.,-1.));
#7513=DIRECTION('',(1.,0.,0.));
#7514=DIRECTION('',(0.,1.,0.));
#7515=DIRECTION('',(0.,0.,-1.));
#7516=DIRECTION('',(-1.02939505855893E-12,0.,1.));
#7517=DIRECTION('',(0.,-1.,0.));
#7518=DIRECTION('',(0.,0.,-1.));
#7519=DIRECTION('',(1.,0.,0.));
#7520=DIRECTION('',(0.,1.,0.));
#7521=DIRECTION('',(0.,0.,1.));
#7522=DIRECTION('',(0.,1.,0.));
#7523=DIRECTION('',(0.,1.,0.));
#7524=DIRECTION('',(0.,0.,-1.));
#7525=DIRECTION('',(0.,1.,0.));
#7526=DIRECTION('',(0.,0.,1.));
#7527=DIRECTION('',(1.,0.,0.));
#7528=DIRECTION('',(0.,1.,0.));
#7529=DIRECTION('',(1.,0.,0.));
#7530=DIRECTION('',(0.,1.,0.));
#7531=DIRECTION('',(0.,0.,1.));
#7532=DIRECTION('',(0.,1.,0.));
#7533=DIRECTION('',(0.,-1.,0.));
#7534=DIRECTION('',(0.,0.,-1.));
#7535=DIRECTION('',(-1.,0.,-1.02939505855893E-12));
#7536=DIRECTION('',(-1.02939505855893E-12,0.,1.));
#7537=DIRECTION('',(0.,1.,0.));
#7538=DIRECTION('',(-1.02939505855893E-12,0.,1.));
#7539=DIRECTION('',(0.,1.,0.));
#7540=DIRECTION('',(0.,0.,1.));
#7541=DIRECTION('',(0.,1.,0.));
#7542=DIRECTION('',(0.,1.,0.));
#7543=DIRECTION('',(0.,0.,-1.));
#7544=DIRECTION('',(0.,0.,1.));
#7545=DIRECTION('',(1.,0.,0.));
#7546=DIRECTION('',(0.,1.,0.));
#7547=DIRECTION('',(1.,0.,0.));
#7548=DIRECTION('',(0.,1.,0.));
#7549=DIRECTION('',(0.,0.,1.));
#7550=DIRECTION('',(0.,1.,0.));
#7551=DIRECTION('',(0.,-1.,0.));
#7552=DIRECTION('',(0.,0.,-1.));
#7553=DIRECTION('',(1.,0.,0.));
#7554=DIRECTION('',(0.,0.,-1.));
#7555=DIRECTION('',(0.,1.,0.));
#7556=DIRECTION('',(0.,0.,-1.));
#7557=DIRECTION('',(0.,1.,0.));
#7558=DIRECTION('',(0.,0.,1.));
#7559=DIRECTION('',(0.,1.,0.));
#7560=DIRECTION('',(0.,-1.,0.));
#7561=DIRECTION('',(0.,0.,-1.));
#7562=DIRECTION('',(-1.,0.,0.));
#7563=DIRECTION('',(0.,0.,1.));
#7564=DIRECTION('',(0.,1.,0.));
#7565=DIRECTION('',(0.,0.,1.));
#7566=DIRECTION('',(0.,0.,-1.));
#7567=DIRECTION('',(-1.,0.,0.));
#7568=DIRECTION('',(0.,1.,0.));
#7569=DIRECTION('',(-1.,0.,0.));
#7570=DIRECTION('',(1.,0.,0.));
#7571=DIRECTION('',(0.,0.,-1.));
#7572=DIRECTION('',(0.,1.,0.));
#7573=DIRECTION('',(0.,0.,-1.));
#7574=DIRECTION('',(0.,1.,0.));
#7575=DIRECTION('',(0.,0.,1.));
#7576=DIRECTION('',(0.,1.,0.));
#7577=DIRECTION('',(0.,-1.,0.));
#7578=DIRECTION('',(0.,0.,-1.));
#7579=DIRECTION('',(-1.,0.,0.));
#7580=DIRECTION('',(0.,0.,1.));
#7581=DIRECTION('',(0.,1.,0.));
#7582=DIRECTION('',(0.,0.,1.));
#7583=DIRECTION('',(0.,0.,-1.));
#7584=DIRECTION('',(-1.,0.,0.));
#7585=DIRECTION('',(0.,1.,0.));
#7586=DIRECTION('',(-1.,0.,0.));
#7587=DIRECTION('',(1.,0.,0.));
#7588=DIRECTION('',(0.,0.,-1.));
#7589=DIRECTION('',(0.,1.,0.));
#7590=DIRECTION('',(0.,0.,-1.));
#7591=DIRECTION('',(0.,0.,1.));
#7592=DIRECTION('',(1.,0.,0.));
#7593=DIRECTION('',(0.,1.,0.));
#7594=DIRECTION('',(1.,0.,0.));
#7595=DIRECTION('',(-1.,0.,0.));
#7596=DIRECTION('',(0.,0.,1.));
#7597=DIRECTION('',(0.,1.,0.));
#7598=DIRECTION('',(0.,0.,1.));
#7599=DIRECTION('',(0.,1.,0.));
#7600=DIRECTION('',(0.,0.,1.));
#7601=DIRECTION('',(0.,1.,0.));
#7602=DIRECTION('',(0.,-1.,0.));
#7603=DIRECTION('',(0.,0.,-1.));
#7604=DIRECTION('',(1.,0.,0.));
#7605=DIRECTION('',(0.,0.,-1.));
#7606=DIRECTION('',(0.,1.,0.));
#7607=DIRECTION('',(0.,0.,-1.));
#7608=DIRECTION('',(0.,0.,1.));
#7609=DIRECTION('',(1.,0.,0.));
#7610=DIRECTION('',(0.,1.,0.));
#7611=DIRECTION('',(1.,0.,0.));
#7612=DIRECTION('',(-1.,0.,0.));
#7613=DIRECTION('',(0.,0.,1.));
#7614=DIRECTION('',(0.,1.,0.));
#7615=DIRECTION('',(0.,0.,1.));
#7616=DIRECTION('',(0.,1.,0.));
#7617=DIRECTION('',(0.,0.,1.));
#7618=DIRECTION('',(0.,1.,0.));
#7619=DIRECTION('',(0.,-1.,0.));
#7620=DIRECTION('',(0.,0.,-1.));
#7621=DIRECTION('',(1.,0.,0.));
#7622=DIRECTION('',(0.,0.,-1.));
#7623=DIRECTION('',(0.,0.,-1.));
#7624=DIRECTION('',(-1.,0.,0.));
#7625=DIRECTION('',(0.,0.,1.));
#7626=DIRECTION('',(0.,0.,1.));
#7627=DIRECTION('',(0.,-1.,0.));
#7628=DIRECTION('',(1.,0.,0.));
#7629=DIRECTION('',(0.,-1.,0.));
#7630=DIRECTION('',(0.,0.,-1.));
#7631=DIRECTION('',(0.,0.,-1.));
#7632=DIRECTION('',(0.,-1.,0.));
#7633=DIRECTION('',(0.,0.,-1.));
#7634=DIRECTION('',(0.,0.,-1.));
#7635=DIRECTION('',(-1.,0.,0.));
#7636=DIRECTION('',(1.,1.38777878078145E-16,0.));
#7637=DIRECTION('',(1.,1.38777878078145E-16,0.));
#7638=DIRECTION('',(-1.16834200503662E-16,0.841879138963874,-0.539666114720432));
#7639=DIRECTION('',(0.,0.539666114720432,0.841879138963874));
#7640=DIRECTION('',(-1.16834200503662E-16,0.841879138963874,-0.539666114720432));
#7641=DIRECTION('',(1.82261352785712E-16,0.539666114720432,0.841879138963874));
#7642=DIRECTION('',(1.16834200503662E-16,-0.841879138963874,-0.539666114720432));
#7643=DIRECTION('',(0.,0.539666114720432,-0.841879138963874));
#7644=DIRECTION('',(1.16834200503662E-16,-0.841879138963874,-0.539666114720432));
#7645=DIRECTION('',(1.82261352785712E-16,0.539666114720432,-0.841879138963874));
#7646=DIRECTION('',(0.,0.,1.));
#7647=DIRECTION('',(1.,0.,0.));
#7648=DIRECTION('',(1.,1.38777878078145E-16,0.));
#7649=DIRECTION('',(1.,1.38777878078145E-16,0.));
#7650=DIRECTION('',(0.,0.,1.));
#7651=DIRECTION('',(1.,0.,0.));
#7652=DIRECTION('',(1.,1.38777878078145E-16,0.));
#7653=DIRECTION('',(1.,1.38777878078145E-16,0.));
#7654=DIRECTION('',(1.38777878078145E-16,-1.,0.));
#7655=DIRECTION('',(1.,1.38777878078145E-16,0.));
#7656=DIRECTION('',(1.,1.38777878078145E-16,0.));
#7657=DIRECTION('',(-1.38777878078145E-16,1.,0.));
#7658=DIRECTION('',(1.,1.38777878078145E-16,0.));
#7659=DIRECTION('',(-1.38777878078145E-16,1.,0.));
#7660=DIRECTION('',(1.,1.38777878078145E-16,0.));
#7661=DIRECTION('',(-1.38777878078145E-16,1.,0.));
#7662=DIRECTION('',(1.,1.38777878078145E-16,0.));
#7663=DIRECTION('',(-1.38777878078145E-16,1.,0.));
#7664=DIRECTION('',(-1.38777878078145E-16,1.,2.36937840621223E-15));
#7665=DIRECTION('',(0.,-2.36937840621223E-15,1.));
#7666=DIRECTION('',(1.,1.38777878078145E-16,0.));
#7667=DIRECTION('',(-1.38777878078145E-16,1.,0.));
#7668=DIRECTION('',(0.,0.,1.));
#7669=DIRECTION('',(1.,0.,0.));
#7670=DIRECTION('',(0.,1.,0.));
#7671=DIRECTION('',(0.,0.,-1.));
#7672=DIRECTION('',(-1.,0.,0.));
#7673=DIRECTION('',(0.,1.,0.));
#7674=DIRECTION('',(0.,1.,0.));
#7675=DIRECTION('',(1.,0.,0.));
#7676=DIRECTION('',(0.,0.,-1.));
#7677=DIRECTION('',(0.,1.,0.));
#7678=DIRECTION('',(0.,0.,-1.));
#7679=DIRECTION('',(-1.,0.,0.));
#7680=DIRECTION('',(0.704655247079724,0.709549845157486,0.));
#7681=DIRECTION('',(0.,1.,0.));
#7682=DIRECTION('',(-0.704655247079724,0.709549845157487,0.));
#7683=DIRECTION('',(0.,0.,-1.));
#7684=DIRECTION('',(-1.,0.,0.));
#7685=DIRECTION('',(0.704655247079724,0.709549845157486,0.));
#7686=DIRECTION('',(0.,1.,0.));
#7687=DIRECTION('',(-0.704655247079724,0.709549845157487,0.));
#7688=DIRECTION('',(1.,0.,0.));
#7689=DIRECTION('',(0.,0.,-1.));
#7690=DIRECTION('',(1.,0.,0.));
#7691=DIRECTION('',(0.,0.,-1.));
#7692=DIRECTION('',(0.,-1.,0.));
#7693=DIRECTION('',(0.,0.,-1.));
#7694=DIRECTION('',(0.,1.,0.));
#7695=DIRECTION('',(1.38777878078145E-16,-1.,0.));
#7696=DIRECTION('',(1.38777878078145E-16,-1.,0.));
#7697=DIRECTION('',(0.,1.,0.));
#7698=DIRECTION('',(0.,1.,0.));
#7699=DIRECTION('',(0.,0.,1.));
#7700=DIRECTION('',(-0.709549845157486,0.704655247079724,0.));
#7701=DIRECTION('',(0.704655247079724,0.709549845157486,0.));
#7702=DIRECTION('',(0.,1.,0.));
#7703=DIRECTION('',(0.,1.,0.));
#7704=DIRECTION('',(-0.709549845157487,-0.704655247079724,0.));
#7705=DIRECTION('',(-0.704655247079724,0.709549845157487,0.));
#7706=DIRECTION('',(0.,1.,0.));
#7707=DIRECTION('',(0.,0.,1.));
#7708=DIRECTION('',(0.,1.,0.));
#7709=DIRECTION('',(0.,0.,1.));
#7710=DIRECTION('',(0.,1.,0.));
#7711=DIRECTION('',(0.,0.,1.));
#7712=DIRECTION('',(0.,1.,0.));
#7713=DIRECTION('',(0.,0.,1.));
#7714=DIRECTION('',(0.,0.,1.));
#7715=DIRECTION('',(1.,0.,0.));
#7716=DIRECTION('',(-1.,0.,0.));
#7717=DIRECTION('',(-1.,0.,0.));
#7718=DIRECTION('',(-1.,0.,0.));
#7719=DIRECTION('',(0.,0.,1.));
#7720=DIRECTION('',(-1.,0.,0.));
#7721=DIRECTION('',(-1.,0.,0.));
#7722=DIRECTION('',(0.,0.,1.));
#7723=DIRECTION('',(-1.,0.,0.));
#7724=DIRECTION('',(0.,1.,0.));
#7725=DIRECTION('',(0.,0.,1.));
#7726=DIRECTION('',(-1.,0.,0.));
#7727=DIRECTION('',(0.,0.,1.));
#7728=DIRECTION('',(1.,0.,0.));
#7729=DIRECTION('',(-1.,0.,0.));
#7730=DIRECTION('',(-1.,0.,0.));
#7731=DIRECTION('',(0.,0.,1.));
#7732=DIRECTION('',(0.,0.,1.));
#7733=DIRECTION('',(1.,0.,0.));
#7734=DIRECTION('',(-1.,0.,0.));
#7735=DIRECTION('',(-1.,0.,0.));
#7736=DIRECTION('',(0.,0.,1.));
#7737=DIRECTION('',(1.,0.,0.));
#7738=DIRECTION('',(-1.,0.,0.));
#7739=DIRECTION('',(-1.,0.,0.));
#7740=DIRECTION('',(-1.,0.,0.));
#7741=DIRECTION('',(0.,0.,1.));
#7742=DIRECTION('',(-1.,0.,0.));
#7743=DIRECTION('',(-1.,0.,0.));
#7744=DIRECTION('',(0.,0.,1.));
#7745=DIRECTION('',(-1.,0.,0.));
#7746=DIRECTION('',(0.,0.,1.));
#7747=DIRECTION('',(-1.,0.,0.));
#7748=DIRECTION('',(0.,0.,1.));
#7749=DIRECTION('',(-1.,0.,0.));
#7750=DIRECTION('',(-1.,0.,0.));
#7751=DIRECTION('',(0.,0.,-1.));
#7752=DIRECTION('',(-1.,0.,0.));
#7753=DIRECTION('',(-1.,0.,0.));
#7754=DIRECTION('',(-1.,0.,0.));
#7755=DIRECTION('',(0.,0.,1.));
#7756=DIRECTION('',(-1.,0.,0.));
#7757=DIRECTION('',(0.,0.,-1.));
#7758=DIRECTION('',(-1.,0.,0.));
#7759=DIRECTION('',(0.,0.,-1.));
#7760=DIRECTION('',(-1.,0.,0.));
#7761=DIRECTION('',(-1.,0.,0.));
#7762=DIRECTION('',(-1.,0.,0.));
#7763=DIRECTION('',(-1.,0.,0.));
#7764=DIRECTION('',(0.,0.,1.));
#7765=DIRECTION('',(-1.,0.,0.));
#7766=DIRECTION('',(0.,0.,-1.));
#7767=DIRECTION('',(-1.,0.,0.));
#7768=DIRECTION('',(-1.,0.,0.));
#7769=DIRECTION('',(-1.,0.,0.));
#7770=DIRECTION('',(0.,0.,1.));
#7771=DIRECTION('',(0.,0.,-1.));
#7772=DIRECTION('',(-1.,0.,0.));
#7773=DIRECTION('',(0.,0.,1.));
#7774=DIRECTION('',(1.,0.,0.));
#7775=DIRECTION('',(1.,0.,0.));
#7776=DIRECTION('',(0.,0.,1.));
#7777=DIRECTION('',(1.,1.38777878078145E-16,0.));
#7778=DIRECTION('',(-1.38777878078145E-16,1.,0.));
#7779=DIRECTION('',(1.,0.,0.));
#7780=DIRECTION('',(1.,1.38777878078145E-16,0.));
#7781=DIRECTION('',(0.,0.,1.));
#7782=DIRECTION('',(1.,0.,0.));
#7783=DIRECTION('',(-1.,-1.38777878078145E-16,0.));
#7784=DIRECTION('',(1.,1.38777878078145E-16,0.));
#7785=DIRECTION('',(-1.38777878078145E-16,1.,0.));
#7786=DIRECTION('',(1.,1.38777878078145E-16,0.));
#7787=DIRECTION('',(1.,1.38777878078145E-16,0.));
#7788=DIRECTION('',(1.3630673990079E-16,-0.982193572840459,0.187871726108254));
#7789=DIRECTION('',(0.,-0.187871726108254,-0.982193572840459));
#7790=DIRECTION('',(-1.,-1.38777878078145E-16,-1.04924641796372E-34));
#7791=DIRECTION('',(-1.,-1.38777878078145E-16,-1.04924641796372E-34));
#7792=DIRECTION('',(8.3124077148377E-17,-0.598972100593515,-0.800769893733894));
#7793=DIRECTION('',(0.,0.800769893733894,-0.598972100593515));
#7794=DIRECTION('',(1.,1.38777878078145E-16,-9.16475207208761E-33));
#7795=DIRECTION('',(-1.,-1.38777878078145E-16,-9.16475207208761E-33));
#7796=DIRECTION('',(-9.24710592982108E-17,0.666324205116763,-0.745662157867431));
#7797=DIRECTION('',(0.,0.745662157867431,0.666324205116763));
#7798=DIRECTION('',(1.,1.38777878078145E-16,-8.15312147955965E-33));
#7799=DIRECTION('',(1.,1.38777878078145E-16,-1.63062429591193E-32));
#7800=DIRECTION('',(8.11715548197562E-17,-0.584902694462941,0.811103469361334));
#7801=DIRECTION('',(0.,-0.811103469361334,-0.584902694462941));
#7802=DIRECTION('',(1.,1.38777878078145E-16,0.));
#7803=DIRECTION('',(-1.,-1.38777878078145E-16,0.));
#7804=DIRECTION('',(-7.9814147659556E-17,0.575121545053552,0.818067972979761));
#7805=DIRECTION('',(0.,-0.818067972979761,0.575121545053552));
#7806=DIRECTION('',(1.,1.38777878078145E-16,9.47667646068491E-33));
#7807=DIRECTION('',(-1.,-1.38777878078145E-16,-9.47667646068491E-33));
#7808=DIRECTION('',(-1.,-1.38777878078145E-16,-5.15148452734692E-33));
#7809=DIRECTION('',(1.38777878078145E-16,-1.,0.));
#7810=DIRECTION('',(1.,1.38777878078145E-16,-1.13796587200679E-32));
#7811=DIRECTION('',(-1.38777878078145E-16,1.,0.));
#7812=DIRECTION('',(-1.,-1.38777878078145E-16,6.43321161570994E-33));
#7813=DIRECTION('',(1.38777878078145E-16,-1.,0.));
#7814=DIRECTION('',(1.,1.38777878078145E-16,-4.05066581771984E-33));
#7815=DIRECTION('',(-1.38777878078145E-16,1.,0.));
#7816=DIRECTION('',(-1.,-1.38777878078145E-16,0.));
#7817=DIRECTION('',(1.38777878078145E-16,-1.,0.));
#7818=DIRECTION('',(1.,1.38777878078145E-16,0.));
#7819=DIRECTION('',(-1.38777878078145E-16,1.,0.));
#7820=DIRECTION('',(-1.,-1.38777878078145E-16,0.));
#7821=DIRECTION('',(1.38777878078145E-16,-1.,0.));
#7822=DIRECTION('',(0.,0.,-1.));
#7823=DIRECTION('',(-1.,0.,0.));
#7824=DIRECTION('',(-1.,0.,0.));
#7825=DIRECTION('',(-1.,-1.38777878078145E-16,0.));
#7826=DIRECTION('',(1.,1.38777878078145E-16,0.));
#7827=DIRECTION('',(-1.38777878078145E-16,1.,0.));
#7828=DIRECTION('',(1.,1.38777878078145E-16,0.));
#7829=DIRECTION('',(-8.11715548197562E-17,0.58490269446294,0.811103469361334));
#7830=DIRECTION('',(0.,-0.811103469361334,0.58490269446294));
#7831=DIRECTION('',(1.,1.38777878078145E-16,-1.50989904833499E-33));
#7832=DIRECTION('',(-1.,-1.38777878078145E-16,3.80310833576445E-33));
#7833=DIRECTION('',(7.9814147659556E-17,-0.575121545053552,0.818067972979761));
#7834=DIRECTION('',(0.,-0.818067972979761,-0.575121545053552));
#7835=DIRECTION('',(-1.,-1.38777878078145E-16,9.47667646068491E-33));
#7836=DIRECTION('',(1.,1.38777878078145E-16,1.41778407075954E-32));
#7837=DIRECTION('',(9.24710592982108E-17,-0.666324205116763,-0.745662157867431));
#7838=DIRECTION('',(0.,0.745662157867431,-0.666324205116763));
#7839=DIRECTION('',(1.,1.38777878078145E-16,8.15312147955965E-33));
#7840=DIRECTION('',(1.,1.38777878078145E-16,1.63062429591193E-32));
#7841=DIRECTION('',(-1.3630673990079E-16,0.982193572840459,0.187871726108254));
#7842=DIRECTION('',(0.,-0.187871726108254,0.982193572840459));
#7843=DIRECTION('',(-1.,-1.38777878078145E-16,1.04924641796372E-34));
#7844=DIRECTION('',(1.,1.38777878078145E-16,-1.04924641796372E-34));
#7845=DIRECTION('',(-8.31240771483769E-17,0.598972100593515,-0.800769893733894));
#7846=DIRECTION('',(0.,0.800769893733895,0.598972100593515));
#7847=DIRECTION('',(1.,1.38777878078145E-16,-1.47658022961353E-32));
#7848=DIRECTION('',(1.,1.38777878078145E-16,-1.47658022961353E-32));
#7849=DIRECTION('',(1.,1.38777878078145E-16,2.04888450952927E-32));
#7850=DIRECTION('',(-1.38777878078145E-16,1.,0.));
#7851=DIRECTION('',(1.,1.38777878078145E-16,4.3655461903954E-33));
#7852=DIRECTION('',(-1.38777878078145E-16,1.,0.));
#7853=DIRECTION('',(1.,1.38777878078145E-16,-4.74513248210024E-33));
#7854=DIRECTION('',(-1.38777878078145E-16,1.,0.));
#7855=DIRECTION('',(-1.,-1.38777878078145E-16,-1.13177957843055E-32));
#7856=DIRECTION('',(1.38777878078145E-16,-1.,0.));
#7857=DIRECTION('',(1.,1.38777878078145E-16,0.));
#7858=DIRECTION('',(-1.38777878078145E-16,1.,0.));
#7859=DIRECTION('',(1.,1.38777878078145E-16,0.));
#7860=DIRECTION('',(-1.38777878078145E-16,1.,0.));
#7861=DIRECTION('',(0.,0.,1.));
#7862=DIRECTION('',(1.,0.,0.));
#7863=DIRECTION('',(-1.,-1.38777878078145E-16,0.));
#7864=DIRECTION('',(1.,1.38777878078145E-16,0.));
#7865=DIRECTION('',(-1.38777878078145E-16,1.,0.));
#7866=DIRECTION('',(1.,1.38777878078145E-16,0.));
#7867=DIRECTION('',(-1.16834200503662E-16,0.841879138963874,-0.539666114720432));
#7868=DIRECTION('',(0.,0.539666114720432,0.841879138963874));
#7869=DIRECTION('',(-1.,-1.38777878078145E-16,-9.89909165478565E-33));
#7870=DIRECTION('',(-1.,-1.38777878078145E-16,-9.89909165478565E-33));
#7871=DIRECTION('',(-1.16834200503662E-16,0.841879138963874,-0.539666114720432));
#7872=DIRECTION('',(0.,0.539666114720432,0.841879138963874));
#7873=DIRECTION('',(-1.,-1.38777878078145E-16,-9.89909165478565E-33));
#7874=DIRECTION('',(1.,1.38777878078145E-16,2.54431135271759E-33));
#7875=DIRECTION('',(-9.3988712222389E-18,0.0677260046946854,-0.997703958240166));
#7876=DIRECTION('',(0.,0.997703958240166,0.0677260046946854));
#7877=DIRECTION('',(1.,1.38777878078145E-16,-1.54424102999875E-33));
#7878=DIRECTION('',(-1.,-1.38777878078145E-16,0.));
#7879=DIRECTION('',(-1.23491246044168E-16,0.889848207468854,0.456256690542143));
#7880=DIRECTION('',(0.,-0.456256690542143,0.889848207468854));
#7881=DIRECTION('',(-1.,-1.38777878078145E-16,0.));
#7882=DIRECTION('',(-1.,-1.38777878078145E-16,1.29999785163344E-32));
#7883=DIRECTION('',(-1.14610196996248E-16,0.825853504776256,-0.563884729930484));
#7884=DIRECTION('',(0.,0.563884729930484,0.825853504776256));
#7885=DIRECTION('',(-1.,-1.38777878078145E-16,-1.45994221001679E-32));
#7886=DIRECTION('',(-1.,-1.38777878078145E-16,1.72724725777642E-32));
#7887=DIRECTION('',(-1.,-1.38777878078145E-16,7.57670708490685E-33));
#7888=DIRECTION('',(1.38777878078145E-16,-1.,0.));
#7889=DIRECTION('',(-1.,-1.38777878078145E-16,4.05721068884585E-35));
#7890=DIRECTION('',(1.38777878078145E-16,-1.,0.));
#7891=DIRECTION('',(-1.,-1.38777878078145E-16,-3.79775083759262E-35));
#7892=DIRECTION('',(1.38777878078145E-16,-1.,0.));
#7893=DIRECTION('',(1.,1.38777878078145E-16,4.12602441240353E-34));
#7894=DIRECTION('',(-1.38777878078145E-16,1.,0.));
#7895=DIRECTION('',(1.,1.38777878078145E-16,0.));
#7896=DIRECTION('',(-1.38777878078145E-16,1.,0.));
#7897=DIRECTION('',(1.,1.38777878078145E-16,0.));
#7898=DIRECTION('',(-1.38777878078145E-16,1.,0.));
#7899=DIRECTION('',(0.,0.,1.));
#7900=DIRECTION('',(1.,0.,0.));
#7901=DIRECTION('',(-1.,-1.38777878078145E-16,0.));
#7902=DIRECTION('',(1.,1.38777878078145E-16,0.));
#7903=DIRECTION('',(1.38777878078145E-16,-1.,0.));
#7904=DIRECTION('',(1.,1.38777878078145E-16,0.));
#7905=DIRECTION('',(-1.,-1.38777878078145E-16,0.));
#7906=DIRECTION('',(-1.,-1.38777878078145E-16,-7.9907021691315E-33));
#7907=DIRECTION('',(-1.23491246044168E-16,0.889848207468853,-0.456256690542142));
#7908=DIRECTION('',(0.,0.456256690542143,0.889848207468854));
#7909=DIRECTION('',(1.,1.38777878078145E-16,2.34141390555225E-33));
#7910=DIRECTION('',(-1.,-1.38777878078145E-16,-2.34141390555225E-33));
#7911=DIRECTION('',(-9.52782472396086E-17,0.686552126023704,-0.72708058580348));
#7912=DIRECTION('',(0.,0.72708058580348,0.686552126023704));
#7913=DIRECTION('',(-1.,-1.38777878078145E-16,-1.15337814981161E-32));
#7914=DIRECTION('',(-1.,-1.38777878078145E-16,1.66633278708908E-33));
#7915=DIRECTION('',(-1.,-1.38777878078145E-16,7.94253076478159E-33));
#7916=DIRECTION('',(1.38777878078145E-16,-1.,0.));
#7917=DIRECTION('',(-1.,-1.38777878078145E-16,-7.9907021691315E-33));
#7918=DIRECTION('',(1.38777878078145E-16,-1.,0.));
#7919=DIRECTION('',(1.,1.38777878078145E-16,0.));
#7920=DIRECTION('',(-1.38777878078145E-16,1.,0.));
#7921=DIRECTION('',(-1.,-1.38777878078145E-16,0.));
#7922=DIRECTION('',(1.38777878078145E-16,-1.,0.));
#7923=DIRECTION('',(1.,1.38777878078145E-16,0.));
#7924=DIRECTION('',(-1.38777878078145E-16,1.,0.));
#7925=DIRECTION('',(1.,1.38777878078145E-16,0.));
#7926=DIRECTION('',(1.,1.38777878078145E-16,0.));
#7927=DIRECTION('',(9.52782472396086E-17,-0.686552126023704,0.72708058580348));
#7928=DIRECTION('',(0.,-0.72708058580348,-0.686552126023704));
#7929=DIRECTION('',(1.,1.38777878078145E-16,-7.80907917030661E-33));
#7930=DIRECTION('',(1.,1.38777878078145E-16,6.5332913620073E-34));
#7931=DIRECTION('',(-1.14610196996248E-16,0.825853504776256,0.563884729930483));
#7932=DIRECTION('',(0.,-0.563884729930483,0.825853504776256));
#7933=DIRECTION('',(1.,1.38777878078145E-16,0.));
#7934=DIRECTION('',(1.,1.38777878078145E-16,-1.28524808425611E-32));
#7935=DIRECTION('',(-1.38693212050335E-16,0.999389916973933,-0.0349255472517779));
#7936=DIRECTION('',(0.,0.0349255472517779,0.999389916973933));
#7937=DIRECTION('',(1.,1.38777878078145E-16,-1.15626080348197E-32));
#7938=DIRECTION('',(1.,1.38777878078145E-16,1.77293323200569E-32));
#7939=DIRECTION('',(1.38777878078145E-16,-1.,0.));
#7940=DIRECTION('',(1.,1.38777878078145E-16,0.));
#7941=DIRECTION('',(1.,1.38777878078145E-16,0.));
#7942=DIRECTION('',(1.,1.38777878078145E-16,-1.23259516440783E-32));
#7943=DIRECTION('',(-7.9814147659556E-17,0.575121545053552,-0.818067972979761));
#7944=DIRECTION('',(0.,0.818067972979761,0.575121545053552));
#7945=DIRECTION('',(1.,1.38777878078145E-16,1.41778407075954E-32));
#7946=DIRECTION('',(1.,1.38777878078145E-16,1.41778407075954E-32));
#7947=DIRECTION('',(1.,1.38777878078145E-16,1.77347906329472E-32));
#7948=DIRECTION('',(-1.38777878078145E-16,1.,0.));
#7949=DIRECTION('',(1.,1.38777878078145E-16,-1.17329548941513E-32));
#7950=DIRECTION('',(-1.38777878078145E-16,1.,0.));
#7951=DIRECTION('',(1.,1.38777878078145E-16,-4.01229804819683E-33));
#7952=DIRECTION('',(-1.38777878078145E-16,1.,0.));
#7953=DIRECTION('',(1.,1.38777878078145E-16,-1.23259516440783E-32));
#7954=DIRECTION('',(-1.38777878078145E-16,1.,0.));
#7955=DIRECTION('',(1.,1.38777878078145E-16,0.));
#7956=DIRECTION('',(-1.38777878078145E-16,1.,0.));
#7957=DIRECTION('',(1.,1.38777878078145E-16,0.));
#7958=DIRECTION('',(-1.38777878078145E-16,1.,0.));
#7959=DIRECTION('',(1.38777878078145E-16,-1.,0.));
#7960=DIRECTION('',(1.,1.38777878078145E-16,0.));
#7961=DIRECTION('',(1.,1.38777878078145E-16,0.));
#7962=DIRECTION('',(-1.,-1.38777878078145E-16,0.));
#7963=DIRECTION('',(1.,1.38777878078145E-16,0.));
#7964=DIRECTION('',(-1.38777878078145E-16,1.,0.));
#7965=DIRECTION('',(1.,1.38777878078145E-16,0.));
#7966=DIRECTION('',(1.,1.38777878078145E-16,0.));
#7967=DIRECTION('',(1.3630673990079E-16,-0.982193572840459,-0.187871726108254));
#7968=DIRECTION('',(0.,0.187871726108254,-0.982193572840459));
#7969=DIRECTION('',(-1.,-1.38777878078145E-16,0.));
#7970=DIRECTION('',(-1.,-1.38777878078145E-16,0.));
#7971=DIRECTION('',(1.15170226633607E-16,-0.829888943602062,-0.557928616659025));
#7972=DIRECTION('',(0.,0.557928616659025,-0.829888943602062));
#7973=DIRECTION('',(-1.,-1.38777878078145E-16,-1.37540022995733E-32));
#7974=DIRECTION('',(-1.,-1.38777878078145E-16,-1.45105765346775E-32));
#7975=DIRECTION('',(4.01341542395117E-17,-0.289197059324631,0.95726958631202));
#7976=DIRECTION('',(0.,-0.95726958631202,-0.289197059324631));
#7977=DIRECTION('',(1.,1.38777878078145E-16,6.37196062127367E-33));
#7978=DIRECTION('',(-1.,-1.38777878078145E-16,0.));
#7979=DIRECTION('',(-1.,-1.38777878078145E-16,0.));
#7980=DIRECTION('',(1.38777878078145E-16,-1.,0.));
#7981=DIRECTION('',(1.,1.38777878078145E-16,0.));
#7982=DIRECTION('',(-1.38777878078145E-16,1.,0.));
#7983=DIRECTION('',(1.,1.38777878078145E-16,0.));
#7984=DIRECTION('',(-1.38777878078145E-16,1.,0.));
#7985=DIRECTION('',(1.,1.38777878078145E-16,0.));
#7986=DIRECTION('',(-1.38777878078145E-16,1.,0.));
#7987=DIRECTION('',(-1.,-1.38777878078145E-16,0.));
#7988=DIRECTION('',(1.38777878078145E-16,-1.,0.));
#7989=DIRECTION('',(1.,1.38777878078145E-16,0.));
#7990=DIRECTION('',(-1.38777878078145E-16,1.,0.));
#7991=DIRECTION('',(1.03481412032013E-16,-0.745662157867431,0.666324205116763));
#7992=DIRECTION('',(1.,1.38777878078145E-16,0.));
#7993=DIRECTION('',(-1.38777878078145E-16,1.,0.));
#7994=DIRECTION('',(0.,0.,-1.));
#7995=DIRECTION('',(0.,0.,1.));
#7996=DIRECTION('',(1.,0.,0.));
#7997=DIRECTION('',(-1.,-1.38777878078145E-16,0.));
#7998=DIRECTION('',(1.,1.38777878078145E-16,0.));
#7999=DIRECTION('',(-1.16162207636435E-16,0.837036920041572,-0.547146410467362));
#8000=DIRECTION('',(0.,0.547146410467362,0.837036920041573));
#8001=DIRECTION('',(1.,1.38777878078145E-16,0.));
#8002=DIRECTION('',(1.,1.38777878078145E-16,1.54879462592799E-32));
#8003=DIRECTION('',(1.38777878078145E-16,-1.,0.));
#8004=DIRECTION('',(1.,1.38777878078145E-16,0.));
#8005=DIRECTION('',(-1.,-1.38777878078145E-16,0.));
#8006=DIRECTION('',(1.,1.38777878078145E-16,1.9665165387472E-32));
#8007=DIRECTION('',(-9.24710592982108E-17,0.666324205116763,0.745662157867431));
#8008=DIRECTION('',(0.,-0.745662157867431,0.666324205116763));
#8009=DIRECTION('',(1.,1.38777878078145E-16,1.63062429591193E-32));
#8010=DIRECTION('',(1.,1.38777878078145E-16,8.15312147955965E-33));
#8011=DIRECTION('',(1.,1.38777878078145E-16,7.75596677161912E-33));
#8012=DIRECTION('',(-1.38777878078145E-16,1.,0.));
#8013=DIRECTION('',(1.,1.38777878078145E-16,1.9665165387472E-32));
#8014=DIRECTION('',(-1.38777878078145E-16,1.,0.));
#8015=DIRECTION('',(-1.,-1.38777878078145E-16,0.));
#8016=DIRECTION('',(1.38777878078145E-16,-1.,0.));
#8017=DIRECTION('',(1.,1.38777878078145E-16,0.));
#8018=DIRECTION('',(-1.38777878078145E-16,1.,0.));
#8019=DIRECTION('',(1.,1.38777878078145E-16,0.));
#8020=DIRECTION('',(-1.38777878078145E-16,1.,0.));
#8021=DIRECTION('',(0.,0.,1.));
#8022=DIRECTION('',(1.,1.38777878078145E-16,0.));
#8023=DIRECTION('',(-1.38777878078145E-16,1.,0.));
#8024=DIRECTION('',(1.03481412032013E-16,-0.745662157867431,-0.666324205116763));
#8025=DIRECTION('',(0.,0.,1.));
#8026=DIRECTION('',(1.,0.,0.));
#8027=DIRECTION('',(1.,1.38777878078145E-16,0.));
#8028=DIRECTION('',(-1.,-1.38777878078145E-16,0.));
#8029=DIRECTION('',(-1.38777878078145E-16,1.,0.));
#8030=DIRECTION('',(-1.,-1.38777878078145E-16,0.));
#8031=DIRECTION('',(1.,1.38777878078145E-16,0.));
#8032=DIRECTION('',(-1.,-1.38777878078145E-16,1.9665165387472E-32));
#8033=DIRECTION('',(1.16162207636435E-16,-0.837036920041573,-0.547146410467362));
#8034=DIRECTION('',(0.,0.547146410467362,-0.837036920041573));
#8035=DIRECTION('',(-1.,-1.38777878078145E-16,1.60735352245731E-32));
#8036=DIRECTION('',(-1.,-1.38777878078145E-16,4.53311208067259E-32));
#8037=DIRECTION('',(9.24710592982108E-17,-0.666324205116763,0.745662157867431));
#8038=DIRECTION('',(0.,-0.745662157867431,-0.666324205116763));
#8039=DIRECTION('',(-1.,-1.38777878078145E-16,1.63062429591193E-32));
#8040=DIRECTION('',(-1.,-1.38777878078145E-16,2.45193228906674E-32));
#8041=DIRECTION('',(-1.,-1.38777878078145E-16,3.78223371915172E-32));
#8042=DIRECTION('',(1.38777878078145E-16,-1.,0.));
#8043=DIRECTION('',(-1.,-1.38777878078145E-16,1.9665165387472E-32));
#8044=DIRECTION('',(1.38777878078145E-16,-1.,0.));
#8045=DIRECTION('',(1.,1.38777878078145E-16,0.));
#8046=DIRECTION('',(-1.38777878078145E-16,1.,0.));
#8047=DIRECTION('',(-1.,-1.38777878078145E-16,0.));
#8048=DIRECTION('',(1.38777878078145E-16,-1.,0.));
#8049=DIRECTION('',(1.,1.38777878078145E-16,0.));
#8050=DIRECTION('',(-1.38777878078145E-16,1.,0.));
#8051=DIRECTION('',(1.,1.38777878078145E-16,0.));
#8052=DIRECTION('',(1.,1.38777878078145E-16,0.));
#8053=DIRECTION('',(1.38777878078145E-16,-1.,0.));
#8054=DIRECTION('',(1.,1.38777878078145E-16,0.));
#8055=DIRECTION('',(1.,1.38777878078145E-16,0.));
#8056=DIRECTION('',(-1.,-1.38777878078145E-16,0.));
#8057=DIRECTION('',(-1.3630673990079E-16,0.982193572840459,-0.187871726108254));
#8058=DIRECTION('',(0.,0.187871726108254,0.982193572840459));
#8059=DIRECTION('',(1.,1.38777878078145E-16,0.));
#8060=DIRECTION('',(1.,1.38777878078145E-16,0.));
#8061=DIRECTION('',(-1.15170226633607E-16,0.829888943602062,-0.557928616659025));
#8062=DIRECTION('',(0.,0.557928616659025,0.829888943602062));
#8063=DIRECTION('',(-1.,-1.38777878078145E-16,1.45105765346775E-32));
#8064=DIRECTION('',(1.,1.38777878078145E-16,-1.45105765346775E-32));
#8065=DIRECTION('',(-4.01341542395117E-17,0.289197059324631,0.95726958631202));
#8066=DIRECTION('',(0.,-0.95726958631202,0.289197059324631));
#8067=DIRECTION('',(1.,1.38777878078145E-16,-5.87854548261981E-33));
#8068=DIRECTION('',(1.,1.38777878078145E-16,0.));
#8069=DIRECTION('',(1.,1.38777878078145E-16,0.));
#8070=DIRECTION('',(-1.38777878078145E-16,1.,0.));
#8071=DIRECTION('',(1.,1.38777878078145E-16,0.));
#8072=DIRECTION('',(-1.38777878078145E-16,1.,0.));
#8073=DIRECTION('',(1.,1.38777878078145E-16,0.));
#8074=DIRECTION('',(-1.38777878078145E-16,1.,0.));
#8075=DIRECTION('',(-1.,-1.38777878078145E-16,0.));
#8076=DIRECTION('',(1.38777878078145E-16,-1.,0.));
#8077=DIRECTION('',(1.,1.38777878078145E-16,0.));
#8078=DIRECTION('',(-1.38777878078145E-16,1.,0.));
#8079=DIRECTION('',(0.,0.,-1.));
#8080=DIRECTION('',(-1.,0.,0.));
#8081=DIRECTION('',(-1.,0.,0.));
#8082=DIRECTION('',(1.,1.38777878078145E-16,0.));
#8083=DIRECTION('',(1.,1.38777878078145E-16,0.));
#8084=DIRECTION('',(-1.38777878078145E-16,1.,0.));
#8085=DIRECTION('',(1.,1.38777878078145E-16,0.));
#8086=DIRECTION('',(1.,1.38777878078145E-16,0.));
#8087=DIRECTION('',(-1.38777878078145E-16,1.,0.));
#8088=DIRECTION('',(1.,1.38777878078145E-16,0.));
#8089=DIRECTION('',(1.38777878078145E-16,-1.,0.));
#8090=DIRECTION('',(1.,1.38777878078145E-16,0.));
#8091=DIRECTION('',(1.,1.38777878078145E-16,1.54074395550979E-33));
#8092=DIRECTION('',(-1.,-1.38777878078145E-16,6.16297582203916E-33));
#8093=DIRECTION('',(-4.01341542395117E-17,0.289197059324631,-0.95726958631202));
#8094=DIRECTION('',(0.,0.95726958631202,0.289197059324631));
#8095=DIRECTION('',(-1.,-1.38777878078145E-16,6.24803687332909E-33));
#8096=DIRECTION('',(-1.,-1.38777878078145E-16,-1.23923747944579E-34));
#8097=DIRECTION('',(-9.39887122223888E-18,0.0677260046946853,0.997703958240166));
#8098=DIRECTION('',(0.,-0.997703958240166,0.0677260046946853));
#8099=DIRECTION('',(1.,1.38777878078145E-16,7.03468695202816E-36));
#8100=DIRECTION('',(-1.,-1.38777878078145E-16,-7.03468695202818E-36));
#8101=DIRECTION('',(8.11715548197563E-17,-0.584902694462941,-0.811103469361334));
#8102=DIRECTION('',(0.,0.811103469361334,-0.584902694462941));
#8103=DIRECTION('',(1.,1.38777878078145E-16,7.84164064322195E-33));
#8104=DIRECTION('',(-1.,-1.38777878078145E-16,9.35153969155692E-33));
#8105=DIRECTION('',(1.38693212050335E-16,-0.999389916973933,0.0349255472517779));
#8106=DIRECTION('',(0.,-0.0349255472517779,-0.999389916973933));
#8107=DIRECTION('',(-1.,-1.38777878078145E-16,-1.54168107130929E-33));
#8108=DIRECTION('',(-1.,-1.38777878078145E-16,1.15626080348197E-32));
#8109=DIRECTION('',(-1.,-1.38777878078145E-16,1.20156274649682E-32));
#8110=DIRECTION('',(1.38777878078145E-16,-1.,0.));
#8111=DIRECTION('',(-1.,-1.38777878078145E-16,-1.53803589229128E-33));
#8112=DIRECTION('',(1.38777878078145E-16,-1.,0.));
#8113=DIRECTION('',(1.,1.38777878078145E-16,0.));
#8114=DIRECTION('',(-1.38777878078145E-16,1.,0.));
#8115=DIRECTION('',(1.,1.38777878078145E-16,0.));
#8116=DIRECTION('',(-1.38777878078145E-16,1.,0.));
#8117=DIRECTION('',(1.,1.38777878078145E-16,-6.16297582203916E-33));
#8118=DIRECTION('',(-1.38777878078145E-16,1.,0.));
#8119=DIRECTION('',(-1.,-1.38777878078145E-16,-1.54074395550979E-33));
#8120=DIRECTION('',(1.38777878078145E-16,-1.,0.));
#8121=DIRECTION('',(0.,0.,1.));
#8122=DIRECTION('',(1.,0.,0.));
#8123=DIRECTION('',(1.,1.38777878078145E-16,0.));
#8124=DIRECTION('',(-1.,-1.38777878078145E-16,0.));
#8125=DIRECTION('',(-1.15170226633607E-16,0.829888943602062,0.557928616659025));
#8126=DIRECTION('',(0.,-0.557928616659025,0.829888943602062));
#8127=DIRECTION('',(1.,1.38777878078145E-16,2.34415089366856E-32));
#8128=DIRECTION('',(-1.,-1.38777878078145E-16,1.28716873902718E-32));
#8129=DIRECTION('',(1.16162207636435E-16,-0.837036920041573,0.547146410467362));
#8130=DIRECTION('',(0.,-0.547146410467362,-0.837036920041573));
#8131=DIRECTION('',(-1.,-1.38777878078145E-16,-1.60735352245731E-32));
#8132=DIRECTION('',(-1.,-1.38777878078145E-16,2.32198880307509E-32));
#8133=DIRECTION('',(8.31240771483769E-17,-0.598972100593515,0.800769893733895));
#8134=DIRECTION('',(0.,-0.800769893733895,-0.598972100593515));
#8135=DIRECTION('',(-1.,-1.38777878078145E-16,-9.16475207208761E-33));
#8136=DIRECTION('',(-1.,-1.38777878078145E-16,1.76014294142993E-32));
#8137=DIRECTION('',(-1.,-1.38777878078145E-16,3.78590056880614E-32));
#8138=DIRECTION('',(1.38777878078145E-16,-1.,0.));
#8139=DIRECTION('',(-1.,-1.38777878078145E-16,0.));
#8140=DIRECTION('',(1.38777878078145E-16,-1.,0.));
#8141=DIRECTION('',(1.,1.38777878078145E-16,0.));
#8142=DIRECTION('',(-1.38777878078145E-16,1.,0.));
#8143=DIRECTION('',(-1.,-1.38777878078145E-16,0.));
#8144=DIRECTION('',(1.38777878078145E-16,-1.,0.));
#8145=DIRECTION('',(1.,1.38777878078145E-16,0.));
#8146=DIRECTION('',(-1.38777878078145E-16,1.,0.));
#8147=DIRECTION('',(-1.,0.,0.));
#8148=DIRECTION('',(1.,1.38777878078145E-16,0.));
#8149=DIRECTION('',(1.16834200503662E-16,-0.841879138963874,-0.539666114720432));
#8150=DIRECTION('',(0.,0.539666114720432,-0.841879138963874));
#8151=DIRECTION('',(-1.,-1.38777878078145E-16,8.49332791863285E-33));
#8152=DIRECTION('',(-1.,-1.38777878078145E-16,8.49332791863285E-33));
#8153=DIRECTION('',(0.,0.,-1.));
#8154=DIRECTION('',(-1.,0.,0.));
#8155=DIRECTION('',(1.,1.38777878078145E-16,0.));
#8156=DIRECTION('',(1.16834200503662E-16,-0.841879138963874,-0.539666114720432));
#8157=DIRECTION('',(0.,0.539666114720432,-0.841879138963874));
#8158=DIRECTION('',(1.,1.38777878078145E-16,0.));
#8159=DIRECTION('',(-1.,-1.38777878078145E-16,0.));
#8160=DIRECTION('',(1.,1.38777878078145E-16,0.));
#8161=DIRECTION('',(-1.38777878078145E-16,1.,0.));
#8162=DIRECTION('',(1.,1.38777878078145E-16,0.));
#8163=DIRECTION('',(1.,1.38777878078145E-16,0.));
#8164=DIRECTION('',(1.23491246044168E-16,-0.889848207468854,0.456256690542143));
#8165=DIRECTION('',(0.,-0.456256690542143,-0.889848207468854));
#8166=DIRECTION('',(1.,1.38777878078145E-16,0.));
#8167=DIRECTION('',(-1.,-1.38777878078145E-16,0.));
#8168=DIRECTION('',(9.3988712222389E-18,-0.0677260046946854,-0.997703958240166));
#8169=DIRECTION('',(0.,0.997703958240166,-0.0677260046946854));
#8170=DIRECTION('',(-1.,-1.38777878078145E-16,0.));
#8171=DIRECTION('',(-1.,-1.38777878078145E-16,1.53719015394085E-33));
#8172=DIRECTION('',(1.14610196996248E-16,-0.825853504776256,-0.563884729930483));
#8173=DIRECTION('',(0.,0.563884729930483,-0.825853504776256));
#8174=DIRECTION('',(-1.,-1.38777878078145E-16,1.01794303649647E-32));
#8175=DIRECTION('',(-1.,-1.38777878078145E-16,-2.67305047759632E-33));
#8176=DIRECTION('',(-1.,-1.38777878078145E-16,-1.01857882781198E-32));
#8177=DIRECTION('',(1.38777878078145E-16,-1.,0.));
#8178=DIRECTION('',(-1.,-1.38777878078145E-16,6.26418823288702E-33));
#8179=DIRECTION('',(1.38777878078145E-16,-1.,0.));
#8180=DIRECTION('',(1.,1.38777878078145E-16,-3.79775083759262E-35));
#8181=DIRECTION('',(-1.38777878078145E-16,1.,0.));
#8182=DIRECTION('',(1.,1.38777878078145E-16,0.));
#8183=DIRECTION('',(-1.38777878078145E-16,1.,0.));
#8184=DIRECTION('',(1.,1.38777878078145E-16,0.));
#8185=DIRECTION('',(-1.38777878078145E-16,1.,0.));
#8186=DIRECTION('',(1.,1.38777878078145E-16,0.));
#8187=DIRECTION('',(-1.38777878078145E-16,1.,0.));
#8188=DIRECTION('',(1.,1.38777878078145E-16,0.));
#8189=DIRECTION('',(-1.38777878078145E-16,1.,0.));
#8190=DIRECTION('',(1.,1.38777878078145E-16,0.));
#8191=DIRECTION('',(-1.38777878078145E-16,1.,0.));
#8192=DIRECTION('',(1.,1.38777878078145E-16,0.));
#8193=DIRECTION('',(1.,1.38777878078145E-16,0.));
#8194=DIRECTION('',(-1.38777878078145E-16,1.,0.));
#8195=DIRECTION('',(-1.,-1.38777878078145E-16,0.));
#8196=DIRECTION('',(1.,1.38777878078145E-16,0.));
#8197=DIRECTION('',(1.,1.38777878078145E-16,-7.9907021691315E-33));
#8198=DIRECTION('',(-9.52782472396086E-17,0.686552126023704,0.72708058580348));
#8199=DIRECTION('',(0.,-0.72708058580348,0.686552126023704));
#8200=DIRECTION('',(1.,1.38777878078145E-16,-1.6271487476814E-32));
#8201=DIRECTION('',(1.,1.38777878078145E-16,-1.15337814981161E-32));
#8202=DIRECTION('',(7.9814147659556E-17,-0.575121545053552,-0.818067972979761));
#8203=DIRECTION('',(0.,0.818067972979761,-0.575121545053552));
#8204=DIRECTION('',(1.,1.38777878078145E-16,9.47667646068491E-33));
#8205=DIRECTION('',(-1.,-1.38777878078145E-16,-9.47667646068491E-33));
#8206=DIRECTION('',(1.38693212050335E-16,-0.999389916973933,-0.0349255472517779));
#8207=DIRECTION('',(0.,0.0349255472517779,-0.999389916973933));
#8208=DIRECTION('',(-1.,-1.38777878078145E-16,-1.15626080348197E-32));
#8209=DIRECTION('',(-1.,-1.38777878078145E-16,0.));
#8210=DIRECTION('',(1.14610196996248E-16,-0.825853504776256,0.563884729930483));
#8211=DIRECTION('',(0.,-0.563884729930484,-0.825853504776256));
#8212=DIRECTION('',(1.,1.38777878078145E-16,-1.28524808425611E-32));
#8213=DIRECTION('',(-1.,-1.38777878078145E-16,-1.45994221001679E-32));
#8214=DIRECTION('',(-1.,-1.38777878078145E-16,0.));
#8215=DIRECTION('',(1.38777878078145E-16,-1.,0.));
#8216=DIRECTION('',(1.,1.38777878078145E-16,-7.9907021691315E-33));
#8217=DIRECTION('',(-1.38777878078145E-16,1.,0.));
#8218=DIRECTION('',(-1.,-1.38777878078145E-16,-1.17329548941513E-32));
#8219=DIRECTION('',(1.38777878078145E-16,-1.,0.));
#8220=DIRECTION('',(1.,1.38777878078145E-16,-1.40753904540459E-32));
#8221=DIRECTION('',(-1.38777878078145E-16,1.,0.));
#8222=DIRECTION('',(1.,1.38777878078145E-16,0.));
#8223=DIRECTION('',(-1.38777878078145E-16,1.,0.));
#8224=DIRECTION('',(1.,1.38777878078145E-16,0.));
#8225=DIRECTION('',(-1.38777878078145E-16,1.,0.));
#8226=DIRECTION('',(0.,0.,1.));
#8227=DIRECTION('',(1.,0.,0.));
#8228=DIRECTION('',(1.,0.,0.));
#8229=DIRECTION('',(1.,1.38777878078145E-16,0.));
#8230=DIRECTION('',(1.,1.38777878078145E-16,0.));
#8231=DIRECTION('',(-1.38777878078145E-16,1.,0.));
#8232=DIRECTION('',(1.,1.38777878078145E-16,0.));
#8233=DIRECTION('',(1.,1.38777878078145E-16,0.));
#8234=DIRECTION('',(-1.38777878078145E-16,1.,0.));
#8235=DIRECTION('',(1.,1.38777878078145E-16,0.));
#8236=DIRECTION('',(1.38777878078145E-16,-1.,0.));
#8237=DIRECTION('',(1.,1.38777878078145E-16,0.));
#8238=DIRECTION('',(1.,1.38777878078145E-16,0.));
#8239=DIRECTION('',(-1.,-1.38777878078145E-16,-6.16297582203916E-33));
#8240=DIRECTION('',(4.01341542395117E-17,-0.289197059324631,-0.95726958631202));
#8241=DIRECTION('',(0.,0.95726958631202,-0.289197059324631));
#8242=DIRECTION('',(-1.,-1.38777878078145E-16,-1.00340472045101E-32));
#8243=DIRECTION('',(1.,1.38777878078145E-16,-1.25071245507029E-33));
#8244=DIRECTION('',(-8.11715548197562E-17,0.584902694462941,-0.811103469361334));
#8245=DIRECTION('',(0.,0.811103469361334,0.584902694462941));
#8246=DIRECTION('',(1.,1.38777878078145E-16,7.84164064322195E-33));
#8247=DIRECTION('',(1.,1.38777878078145E-16,3.58962597178927E-32));
#8248=DIRECTION('',(9.39887122223889E-18,-0.0677260046946853,0.997703958240166));
#8249=DIRECTION('',(0.,-0.997703958240166,-0.0677260046946853));
#8250=DIRECTION('',(1.,1.38777878078145E-16,0.));
#8251=DIRECTION('',(1.,1.38777878078145E-16,0.));
#8252=DIRECTION('',(-1.38693212050335E-16,0.999389916973933,0.0349255472517779));
#8253=DIRECTION('',(0.,-0.0349255472517779,0.999389916973933));
#8254=DIRECTION('',(1.,1.38777878078145E-16,0.));
#8255=DIRECTION('',(1.,1.38777878078145E-16,2.85210998192219E-32));
#8256=DIRECTION('',(1.,1.38777878078145E-16,2.90992646590972E-32));
#8257=DIRECTION('',(-1.38777878078145E-16,1.,0.));
#8258=DIRECTION('',(1.,1.38777878078145E-16,7.06229110282598E-36));
#8259=DIRECTION('',(-1.38777878078145E-16,1.,0.));
#8260=DIRECTION('',(1.,1.38777878078145E-16,0.));
#8261=DIRECTION('',(-1.38777878078145E-16,1.,0.));
#8262=DIRECTION('',(1.,1.38777878078145E-16,0.));
#8263=DIRECTION('',(-1.38777878078145E-16,1.,0.));
#8264=DIRECTION('',(-1.,-1.38777878078145E-16,-6.16297582203916E-33));
#8265=DIRECTION('',(1.38777878078145E-16,-1.,0.));
#8266=DIRECTION('',(1.,1.38777878078145E-16,0.));
#8267=DIRECTION('',(-1.38777878078145E-16,1.,0.));
#8268=DIRECTION('',(-1.,-1.38777878078145E-16,0.));
#8269=DIRECTION('',(1.38777878078145E-16,-1.,0.));
#8270=DIRECTION('',(1.,0.,0.));
#8271=DIRECTION('',(-1.,-1.38777878078145E-16,0.));
#8272=DIRECTION('',(1.,1.38777878078145E-16,0.));
#8273=DIRECTION('',(-1.38777878078145E-16,1.,0.));
#8274=DIRECTION('',(1.,1.38777878078145E-16,0.));
#8275=DIRECTION('',(1.,1.38777878078145E-16,0.));
#8276=DIRECTION('',(1.,1.38777878078145E-16,0.));
#8277=DIRECTION('',(-1.38777878078145E-16,1.,0.));
#8278=DIRECTION('',(1.,1.38777878078145E-16,0.));
#8279=DIRECTION('',(1.,1.38777878078145E-16,0.));
#8280=DIRECTION('',(0.,0.,-1.));
#8281=DIRECTION('',(-1.,0.,0.));
#8282=DIRECTION('',(-1.,-1.38777878078145E-16,0.));
#8283=DIRECTION('',(1.,1.38777878078145E-16,0.));
#8284=DIRECTION('',(0.,0.,1.));
#8285=DIRECTION('',(1.,0.,0.));
#8286=DIRECTION('',(1.,1.38777878078145E-16,0.));
#8287=DIRECTION('',(1.23491246044168E-16,-0.889848207468853,-0.456256690542142));
#8288=DIRECTION('',(0.,0.456256690542143,-0.889848207468854));
#8289=DIRECTION('',(1.,1.38777878078145E-16,-2.56262727435893E-33));
#8290=DIRECTION('',(-1.,-1.38777878078145E-16,-1.29999785163344E-32));
#8291=DIRECTION('',(-1.38777878078145E-16,1.,0.));
#8292=DIRECTION('',(-1.,-1.38777878078145E-16,0.));
#8293=DIRECTION('',(1.,1.38777878078145E-16,0.));
#8294=DIRECTION('',(-1.,-1.38777878078145E-16,2.03166538132098E-32));
#8295=DIRECTION('',(9.52782472396086E-17,-0.686552126023704,-0.72708058580348));
#8296=DIRECTION('',(0.,0.72708058580348,-0.686552126023705));
#8297=DIRECTION('',(-1.,-1.38777878078145E-16,-1.6271487476814E-32));
#8298=DIRECTION('',(-1.,-1.38777878078145E-16,1.93428606684227E-32));
#8299=DIRECTION('',(-1.,-1.38777878078145E-16,2.03166538132098E-32));
#8300=DIRECTION('',(1.38777878078145E-16,-1.,0.));
#8301=DIRECTION('',(-1.,-1.38777878078145E-16,-2.2060841372662E-33));
#8302=DIRECTION('',(1.38777878078145E-16,-1.,0.));
#8303=DIRECTION('',(1.,1.38777878078145E-16,0.));
#8304=DIRECTION('',(-1.38777878078145E-16,1.,0.));
#8305=DIRECTION('',(-1.,-1.38777878078145E-16,0.));
#8306=DIRECTION('',(1.38777878078145E-16,-1.,0.));
#8307=DIRECTION('',(-1.,-1.38777878078145E-16,0.));
#8308=DIRECTION('',(1.38777878078145E-16,-1.,0.));
#8309=DIRECTION('',(-1.,-1.38777878078145E-16,0.));
#8310=DIRECTION('',(1.38777878078145E-16,-1.,0.));
#8311=DIRECTION('',(1.,1.38777878078145E-16,0.));
#8312=DIRECTION('',(-1.38777878078145E-16,1.,0.));
#8313=DIRECTION('',(0.,0.,1.));
#8314=DIRECTION('',(1.,0.,0.));
#8315=DIRECTION('',(-1.,-1.38777878078145E-16,0.));
#8316=DIRECTION('',(1.,1.38777878078145E-16,0.));
#8317=DIRECTION('',(-1.16162207636435E-16,0.837036920041573,0.547146410467362));
#8318=DIRECTION('',(0.,-0.547146410467362,0.837036920041573));
#8319=DIRECTION('',(1.,1.38777878078145E-16,-1.60735352245731E-32));
#8320=DIRECTION('',(1.,1.38777878078145E-16,-2.58533482926961E-33));
#8321=DIRECTION('',(1.15170226633607E-16,-0.829888943602062,0.557928616659025));
#8322=DIRECTION('',(0.,-0.557928616659025,-0.829888943602062));
#8323=DIRECTION('',(-1.,-1.38777878078145E-16,2.34415089366856E-32));
#8324=DIRECTION('',(1.,1.38777878078145E-16,1.28716873902718E-32));
#8325=DIRECTION('',(-8.3124077148377E-17,0.598972100593515,0.800769893733894));
#8326=DIRECTION('',(0.,-0.800769893733894,0.598972100593515));
#8327=DIRECTION('',(1.,1.38777878078145E-16,-2.39305543682229E-32));
#8328=DIRECTION('',(1.,1.38777878078145E-16,9.16475207208761E-33));
#8329=DIRECTION('',(1.,1.38777878078145E-16,7.06342101056901E-33));
#8330=DIRECTION('',(-1.38777878078145E-16,1.,0.));
#8331=DIRECTION('',(1.,1.38777878078145E-16,0.));
#8332=DIRECTION('',(-1.38777878078145E-16,1.,0.));
#8333=DIRECTION('',(-1.,-1.38777878078145E-16,0.));
#8334=DIRECTION('',(1.38777878078145E-16,-1.,0.));
#8335=DIRECTION('',(1.,1.38777878078145E-16,0.));
#8336=DIRECTION('',(-1.38777878078145E-16,1.,0.));
#8337=DIRECTION('',(-0.709549845157487,-0.704655247079724,0.));
#8338=DIRECTION('',(0.704655247079724,-0.709549845157487,0.));
#8339=DIRECTION('',(-0.709549845157486,0.704655247079724,0.));
#8340=DIRECTION('',(-0.704655247079724,-0.709549845157486,0.));
#8341=CARTESIAN_POINT('',(0.,0.,0.));
#8342=CARTESIAN_POINT('',(-0.012,-0.06,0.0299999999999975));
#8343=CARTESIAN_POINT('',(-0.037,-0.06,0.057));
#8344=CARTESIAN_POINT('',(-0.037,-0.06,0.037));
#8345=CARTESIAN_POINT('',(-0.037,-0.06,0.032));
#8346=CARTESIAN_POINT('',(-0.037,-0.06,0.0595));
#8347=CARTESIAN_POINT('',(-0.037,-0.06,0.082));
#8348=CARTESIAN_POINT('',(-0.012,-0.06,0.082));
#8349=CARTESIAN_POINT('',(0.008,-0.06,0.082));
#8350=CARTESIAN_POINT('',(0.008,-0.06,0.077));
#8351=CARTESIAN_POINT('',(0.013,-0.06,0.077));
#8352=CARTESIAN_POINT('',(0.013,-0.06,0.087000000000005));
#8353=CARTESIAN_POINT('',(0.013,-0.06,0.08700000000001));
#8354=CARTESIAN_POINT('',(-0.0145,-0.06,0.087));
#8355=CARTESIAN_POINT('',(-0.042,-0.06,0.087));
#8356=CARTESIAN_POINT('',(-0.042,-0.06,0.0595));
#8357=CARTESIAN_POINT('',(-0.042,-0.06,0.032));
#8358=CARTESIAN_POINT('',(-0.0145,-0.06,0.032));
#8359=CARTESIAN_POINT('',(-0.012,0.06,0.0299999999999975));
#8360=CARTESIAN_POINT('',(-0.037,0.06,0.0595));
#8361=CARTESIAN_POINT('',(-0.037,0.06,0.082));
#8362=CARTESIAN_POINT('',(-0.037,0.06,0.037));
#8363=CARTESIAN_POINT('',(-0.037,0.06,0.057));
#8364=CARTESIAN_POINT('',(-0.037,0.06,0.032));
#8365=CARTESIAN_POINT('',(-0.0145,0.06,0.032));
#8366=CARTESIAN_POINT('',(-0.042,0.06,0.032));
#8367=CARTESIAN_POINT('',(-0.042,0.06,0.0595));
#8368=CARTESIAN_POINT('',(-0.042,0.06,0.087));
#8369=CARTESIAN_POINT('',(-0.0145,0.06,0.087));
#8370=CARTESIAN_POINT('',(0.013,0.06,0.08700000000001));
#8371=CARTESIAN_POINT('',(0.013,0.06,0.087000000000005));
#8372=CARTESIAN_POINT('',(0.013,0.06,0.077));
#8373=CARTESIAN_POINT('',(0.008,0.06,0.077));
#8374=CARTESIAN_POINT('',(0.008,0.06,0.082));
#8375=CARTESIAN_POINT('',(-0.012,0.06,0.082));
#8376=CARTESIAN_POINT('',(0.013,0.0975,0.027));
#8377=CARTESIAN_POINT('',(0.013,-0.0445527930582469,0.0607341653393975));
#8378=CARTESIAN_POINT('',(0.013,-0.0456481932358123,0.0621986133210581));
#8379=CARTESIAN_POINT('',(0.013,-0.0433342193519293,0.0620978322937055));
#8380=CARTESIAN_POINT('',(0.013,-0.0332597132418249,0.0714651378785176));
#8381=CARTESIAN_POINT('',(0.013,-0.0676390918216671,0.0457495249837215));
#8382=CARTESIAN_POINT('',(0.013,-0.0665436916441017,0.044285077002061));
#8383=CARTESIAN_POINT('',(0.013,-0.0683399272501123,0.0439414971893542));
#8384=CARTESIAN_POINT('',(0.013,-0.0628016623196119,0.0149874425686456));
#8385=CARTESIAN_POINT('',(0.013,-0.0661243495074478,0.0323584545248101));
#8386=CARTESIAN_POINT('',(0.013,-0.0643281139014372,0.0327020343375169));
#8387=CARTESIAN_POINT('',(0.013,-0.0643281139014372,0.030873234337517));
#8388=CARTESIAN_POINT('',(0.013,-6.93889390390723E-19,0.030873234337517));
#8389=CARTESIAN_POINT('',(0.013,-0.064,0.030873234337517));
#8390=CARTESIAN_POINT('',(0.013,-0.064,0.0187732343375169));
#8391=CARTESIAN_POINT('',(0.013,-0.0525298208766145,0.0149203145515039));
#8392=CARTESIAN_POINT('',(0.013,-0.0507962123162138,0.0143379823445072));
#8393=CARTESIAN_POINT('',(0.013,-0.0518658823638477,0.0128546363197392));
#8394=CARTESIAN_POINT('',(0.013,-0.0244546926928192,-0.00691211268657893));
#8395=CARTESIAN_POINT('',(0.013,-0.0419053985748868,0.00567193518925951));
#8396=CARTESIAN_POINT('',(0.013,-0.040835728527253,0.00715528121402752));
#8397=CARTESIAN_POINT('',(0.013,-0.0397839462456591,0.00565919850504214));
#8398=CARTESIAN_POINT('',(0.013,-0.00311852665039719,0.0314358741165509));
#8399=CARTESIAN_POINT('',(0.013,-0.00830672508592166,0.0277884452978737));
#8400=CARTESIAN_POINT('',(0.013,-0.00935850736751559,0.0292845280068591));
#8401=CARTESIAN_POINT('',(0.013,-0.00813993366119806,0.030648194961167));
#8402=CARTESIAN_POINT('',(0.013,-0.00180141675006389,0.0249840919919219));
#8403=CARTESIAN_POINT('',(0.013,-0.00965269554877746,0.032));
#8404=CARTESIAN_POINT('',(0.013,-0.06,0.032));
#8405=CARTESIAN_POINT('',(0.013,0.00965269554877746,0.032));
#8406=CARTESIAN_POINT('',(0.013,0.00180141675006389,0.0249840919919219));
#8407=CARTESIAN_POINT('',(0.013,0.00813993366119806,0.030648194961167));
#8408=CARTESIAN_POINT('',(0.013,0.0093585073675156,0.0292845280068591));
#8409=CARTESIAN_POINT('',(0.013,0.00830672508592166,0.0277884452978737));
#8410=CARTESIAN_POINT('',(0.013,0.0031185266503972,0.0314358741165509));
#8411=CARTESIAN_POINT('',(0.013,0.0397839462456591,0.00565919850504215));
#8412=CARTESIAN_POINT('',(0.013,0.040835728527253,0.00715528121402753));
#8413=CARTESIAN_POINT('',(0.013,0.0419053985748868,0.00567193518925952));
#8414=CARTESIAN_POINT('',(0.013,0.0244546926928192,-0.00691211268657891));
#8415=CARTESIAN_POINT('',(0.013,0.0518715609904692,0.0128587312892927));
#8416=CARTESIAN_POINT('',(0.013,0.0508018909428353,0.0143420773140607));
#8417=CARTESIAN_POINT('',(0.013,0.0525358269586176,0.0149234337737075));
#8418=CARTESIAN_POINT('',(0.013,0.0640081726448411,0.0187698976635405));
#8419=CARTESIAN_POINT('',(0.013,0.0633890572899842,0.0308540482823214));
#8420=CARTESIAN_POINT('',(0.013,0.0632954838882518,0.0326804527989847));
#8421=CARTESIAN_POINT('',(0.013,0.0634058588472988,0.0308549866096469));
#8422=CARTESIAN_POINT('',(0.013,0.06401,0.0208632343375171));
#8423=CARTESIAN_POINT('',(0.013,0.06401,0.030873234337517));
#8424=CARTESIAN_POINT('',(0.013,-6.93889390390723E-19,0.030873234337517));
#8425=CARTESIAN_POINT('',(0.013,0.0643281139014372,0.030873234337517));
#8426=CARTESIAN_POINT('',(0.013,0.0643281139014372,0.0327020343375171));
#8427=CARTESIAN_POINT('',(0.013,0.0661243495074478,0.0323584545248103));
#8428=CARTESIAN_POINT('',(0.013,0.0628016623196119,0.0149874425686456));
#8429=CARTESIAN_POINT('',(0.013,0.0683399272501123,0.0439414971893542));
#8430=CARTESIAN_POINT('',(0.013,0.0665436916441017,0.0442850770020609));
#8431=CARTESIAN_POINT('',(0.013,0.0676390918216671,0.0457495249837215));
#8432=CARTESIAN_POINT('',(0.013,0.0332597132418248,0.0714651378785175));
#8433=CARTESIAN_POINT('',(0.013,0.0456481932358123,0.062198613321058));
#8434=CARTESIAN_POINT('',(0.013,0.0445527930582469,0.0607341653393975));
#8435=CARTESIAN_POINT('',(0.013,0.0433342193519293,0.0620978322937055));
#8436=CARTESIAN_POINT('',(0.013,0.00180141675006389,0.0249840919919219));
#8437=CARTESIAN_POINT('',(0.013,0.00965269554877746,0.057));
#8438=CARTESIAN_POINT('',(0.013,0.00965269554877744,0.042));
#8439=CARTESIAN_POINT('',(0.013,0.0975,0.042));
#8440=CARTESIAN_POINT('',(0.013,0.00883720900761172,0.042));
#8441=CARTESIAN_POINT('',(0.013,-0.00352917689087021,0.0309493892548613));
#8442=CARTESIAN_POINT('',(0.013,0.0378222025269776,0.0679010096775484));
#8443=CARTESIAN_POINT('',(0.013,0.0366036288206601,0.0692646766318564));
#8444=CARTESIAN_POINT('',(0.013,0.0381344019400321,0.0702652979873191));
#8445=CARTESIAN_POINT('',(0.013,0.0465328534723569,0.0574171573996273));
#8446=CARTESIAN_POINT('',(0.013,0.0342734813738748,0.0761718213554627));
#8447=CARTESIAN_POINT('',(0.013,0.0327427082545028,0.0751712));
#8448=CARTESIAN_POINT('',(0.013,0.0327427082545028,0.077));
#8449=CARTESIAN_POINT('',(0.013,0.06,0.077));
#8450=CARTESIAN_POINT('',(0.013,0.0466699314400955,0.077));
#8451=CARTESIAN_POINT('',(0.013,0.0466699314400955,0.0751712));
#8452=CARTESIAN_POINT('',(0.013,0.0451391583207234,0.0741705786445373));
#8453=CARTESIAN_POINT('',(0.013,0.0532291488326895,0.0617943286833662));
#8454=CARTESIAN_POINT('',(0.013,0.0470099734645694,0.0713085634398055));
#8455=CARTESIAN_POINT('',(0.013,0.0485407465839415,0.0723091847952683));
#8456=CARTESIAN_POINT('',(0.013,0.047445346406376,0.0708447368136077));
#8457=CARTESIAN_POINT('',(0.013,0.038051490046573,0.0778712970283887));
#8458=CARTESIAN_POINT('',(0.013,0.0704407363026817,0.0536442937176111));
#8459=CARTESIAN_POINT('',(0.013,0.0715361364802471,0.0551087416992717));
#8460=CARTESIAN_POINT('',(0.013,0.0730538373803066,0.0540884018451257));
#8461=CARTESIAN_POINT('',(0.013,0.0377708826798153,0.00160689591540747));
#8462=CARTESIAN_POINT('',(0.013,0.0865416898126099,0.074150860145854));
#8463=CARTESIAN_POINT('',(0.013,0.0850239889125505,0.0751712));
#8464=CARTESIAN_POINT('',(0.013,0.0850239889125505,0.077));
#8465=CARTESIAN_POINT('',(0.013,-6.93889390390723E-19,0.077));
#8466=CARTESIAN_POINT('',(0.013,0.0975,0.08700000000001));
#8467=CARTESIAN_POINT('',(0.013,0.1,0.087000000000005));
#8468=CARTESIAN_POINT('',(0.013,0.1,0.087000000000005));
#8469=CARTESIAN_POINT('',(0.013,0.1,0.03200000000001));
#8470=CARTESIAN_POINT('',(0.013,0.0975,0.03200000000001));
#8471=CARTESIAN_POINT('',(0.013,0.094,0.03200000000001));
#8472=CARTESIAN_POINT('',(0.013,0.094,-0.03200000000001));
#8473=CARTESIAN_POINT('',(0.013,0.094,-0.03200000000001));
#8474=CARTESIAN_POINT('',(0.013,0.1,-0.03200000000001));
#8475=CARTESIAN_POINT('',(0.013,0.0967948717948654,-0.03200000000001));
#8476=CARTESIAN_POINT('',(0.013,0.075,-0.066));
#8477=CARTESIAN_POINT('',(0.013,0.05,-0.105));
#8478=CARTESIAN_POINT('',(0.013,1.31838984174237E-17,-0.105));
#8479=CARTESIAN_POINT('',(0.013,-0.05,-0.105));
#8480=CARTESIAN_POINT('',(0.013,-0.075,-0.066));
#8481=CARTESIAN_POINT('',(0.013,-0.0967948717948654,-0.03200000000001));
#8482=CARTESIAN_POINT('',(0.013,-0.095,-0.03200000000001));
#8483=CARTESIAN_POINT('',(0.013,-0.094,-0.03200000000001));
#8484=CARTESIAN_POINT('',(0.013,-0.094,0.027));
#8485=CARTESIAN_POINT('',(0.013,-0.094,0.03200000000001));
#8486=CARTESIAN_POINT('',(0.013,0.0975,0.03200000000001));
#8487=CARTESIAN_POINT('',(0.013,-0.1,0.03200000000001));
#8488=CARTESIAN_POINT('',(0.013,-0.1,0.08700000000001));
#8489=CARTESIAN_POINT('',(0.013,-0.1,0.08700000000001));
#8490=CARTESIAN_POINT('',(0.013,0.0975,0.08700000000001));
#8491=CARTESIAN_POINT('',(0.013,-6.93889390390723E-19,0.077));
#8492=CARTESIAN_POINT('',(0.013,-0.0850239889125505,0.077));
#8493=CARTESIAN_POINT('',(0.013,-0.0850239889125505,0.0751712));
#8494=CARTESIAN_POINT('',(0.013,-0.0865416898126099,0.074150860145854));
#8495=CARTESIAN_POINT('',(0.013,-0.0377708826798153,0.00160689591540747));
#8496=CARTESIAN_POINT('',(0.013,-0.0730538373803066,0.0540884018451257));
#8497=CARTESIAN_POINT('',(0.013,-0.0715361364802471,0.0551087416992717));
#8498=CARTESIAN_POINT('',(0.013,-0.0704407363026817,0.0536442937176111));
#8499=CARTESIAN_POINT('',(0.013,-0.038051490046573,0.0778712970283887));
#8500=CARTESIAN_POINT('',(0.013,-0.0474453464063761,0.0708447368136077));
#8501=CARTESIAN_POINT('',(0.013,-0.0485407465839415,0.0723091847952683));
#8502=CARTESIAN_POINT('',(0.013,-0.0470099734645695,0.0713085634398055));
#8503=CARTESIAN_POINT('',(0.013,-0.0532291488326895,0.0617943286833662));
#8504=CARTESIAN_POINT('',(0.013,-0.0451391583207235,0.0741705786445373));
#8505=CARTESIAN_POINT('',(0.013,-0.0466699314400955,0.0751712));
#8506=CARTESIAN_POINT('',(0.013,-0.0466699314400955,0.077));
#8507=CARTESIAN_POINT('',(0.013,0.06,0.077));
#8508=CARTESIAN_POINT('',(0.013,-0.0327427082545028,0.077));
#8509=CARTESIAN_POINT('',(0.013,-0.0327427082545028,0.0751712));
#8510=CARTESIAN_POINT('',(0.013,-0.0342734813738749,0.0761718213554627));
#8511=CARTESIAN_POINT('',(0.013,-0.0465328534723569,0.0574171573996273));
#8512=CARTESIAN_POINT('',(0.013,-0.0381344019400321,0.0702652979873191));
#8513=CARTESIAN_POINT('',(0.013,-0.0366036288206601,0.0692646766318564));
#8514=CARTESIAN_POINT('',(0.013,-0.0378222025269776,0.0679010096775484));
#8515=CARTESIAN_POINT('',(0.013,0.00352917689087021,0.0309493892548613));
#8516=CARTESIAN_POINT('',(0.013,-0.00883720900761172,0.042));
#8517=CARTESIAN_POINT('',(0.013,0.0975,0.042));
#8518=CARTESIAN_POINT('',(0.013,-0.00965269554877746,0.042));
#8519=CARTESIAN_POINT('',(0.013,-0.00965269554877746,0.057));
#8520=CARTESIAN_POINT('',(0.013,-0.00180141675006389,0.0249840919919219));
#8521=CARTESIAN_POINT('',(0.013,-0.0387213662079729,-0.0702277492223042));
#8522=CARTESIAN_POINT('',(0.013,-0.0370940118061538,-0.0710621514579677));
#8523=CARTESIAN_POINT('',(0.013,-0.0382119907980558,-0.0719841791616334));
#8524=CARTESIAN_POINT('',(0.013,0.0104410097189948,0.0216465245416885));
#8525=CARTESIAN_POINT('',(0.013,-0.0300051196888121,-0.0572365176112374));
#8526=CARTESIAN_POINT('',(0.013,-0.0316324740906312,-0.0564021153755739));
#8527=CARTESIAN_POINT('',(0.013,-0.0301221532010964,-0.055370882981477));
#8528=CARTESIAN_POINT('',(0.013,-0.0589033148585755,-0.0132186097158197));
#8529=CARTESIAN_POINT('',(0.013,-0.0436676752132908,-0.0355324014017863));
#8530=CARTESIAN_POINT('',(0.013,-0.0451779961028257,-0.0365636337958832));
#8531=CARTESIAN_POINT('',(0.013,-0.04505413878544,-0.0347390327970536));
#8532=CARTESIAN_POINT('',(0.013,-0.00437839234979191,-0.0375001782964858));
#8533=CARTESIAN_POINT('',(0.013,-0.0812710798684469,-0.0322805593174641));
#8534=CARTESIAN_POINT('',(0.013,-0.0813949371858326,-0.0341051603162938));
#8535=CARTESIAN_POINT('',(0.013,-0.0829345657551697,-0.0350921017068945));
#8536=CARTESIAN_POINT('',(0.013,-0.0869912738480127,-0.0287636370820595));
#8537=CARTESIAN_POINT('',(0.013,-0.0693494341229971,-0.0562849070530838));
#8538=CARTESIAN_POINT('',(0.013,-0.06780980555366,-0.0552979656624831));
#8539=CARTESIAN_POINT('',(0.013,-0.06780980555366,-0.0571267656624831));
#8540=CARTESIAN_POINT('',(0.013,-6.93889390390723E-19,-0.0571267656624831));
#8541=CARTESIAN_POINT('',(0.013,-0.064,-0.0571267656624831));
#8542=CARTESIAN_POINT('',(0.013,-0.064,-0.0692267656624831));
#8543=CARTESIAN_POINT('',(0.013,-0.0546387132946837,-0.0768933366835373));
#8544=CARTESIAN_POINT('',(0.013,-0.0532238437800819,-0.0780520660292649));
#8545=CARTESIAN_POINT('',(0.013,-0.054763472349419,-0.0790390074198656));
#8546=CARTESIAN_POINT('',(0.013,-0.0869912738480127,-0.0287636370820595));
#8547=CARTESIAN_POINT('',(0.013,-0.0503709761782263,-0.0858913014469263));
#8548=CARTESIAN_POINT('',(0.013,-0.0488313476088891,-0.0849043600563256));
#8549=CARTESIAN_POINT('',(0.013,-0.0470087115527525,-0.0847543359020347));
#8550=CARTESIAN_POINT('',(0.013,-0.0348,-0.0837494168895326));
#8551=CARTESIAN_POINT('',(0.013,-0.0475748097745925,-0.024716505681011));
#8552=CARTESIAN_POINT('',(0.013,-0.0457471254944305,-0.024780377521825));
#8553=CARTESIAN_POINT('',(0.013,-0.0476986670919781,-0.0265411066798407));
#8554=CARTESIAN_POINT('',(0.013,-0.0438839687197481,0.0285336072508695));
#8555=CARTESIAN_POINT('',(0.013,-0.044984957450416,-0.00297103971140293));
#8556=CARTESIAN_POINT('',(0.013,-0.0468126417305779,-0.00290716787058888));
#8557=CARTESIAN_POINT('',(0.013,-0.0457429716829441,-0.00142382184582088));
#8558=CARTESIAN_POINT('',(0.013,-0.0291339142485227,-0.0134009404414696));
#8559=CARTESIAN_POINT('',(0.013,-0.0578325120167382,0.00729418391196794));
#8560=CARTESIAN_POINT('',(0.013,-0.0589021820643721,0.00581083788719993));
#8561=CARTESIAN_POINT('',(0.013,-0.0595715067327338,0.00751275267012019));
#8562=CARTESIAN_POINT('',(0.013,-0.064,0.0187732343375169));
#8563=CARTESIAN_POINT('',(0.013,-0.064,0.0066732343375169));
#8564=CARTESIAN_POINT('',(0.013,-6.93889390390723E-19,0.00667323433751691));
#8565=CARTESIAN_POINT('',(0.013,-0.068,0.00667323433751692));
#8566=CARTESIAN_POINT('',(0.013,-0.068,0.0187732343375169));
#8567=CARTESIAN_POINT('',(0.013,-0.0781798772742774,0.0122325846235625));
#8568=CARTESIAN_POINT('',(0.013,-0.0797184689733847,0.0112440275824981));
#8569=CARTESIAN_POINT('',(0.013,-0.0802473525554776,0.0129946822019455));
#8570=CARTESIAN_POINT('',(0.013,-0.00283425657807049,0.0363816570207448));
#8571=CARTESIAN_POINT('',(0.013,-0.0887000835820929,0.0104410599087972));
#8572=CARTESIAN_POINT('',(0.013,-0.0881712,0.0086904052893498));
#8573=CARTESIAN_POINT('',(0.013,-0.09,0.0086904052893498));
#8574=CARTESIAN_POINT('',(0.013,-0.09,0.027));
#8575=CARTESIAN_POINT('',(0.013,-0.09,-0.0219607470290729));
#8576=CARTESIAN_POINT('',(0.013,-0.0881712,-0.0219607470290729));
#8577=CARTESIAN_POINT('',(0.013,-0.0882950573173857,-0.0237853480279025));
#8578=CARTESIAN_POINT('',(0.013,-0.00383658431223442,-0.0295185466305645));
#8579=CARTESIAN_POINT('',(0.013,0.0757469561238091,0.0303489045235485));
#8580=CARTESIAN_POINT('',(0.013,0.0747298093947856,0.028829061777855));
#8581=CARTESIAN_POINT('',(0.013,0.0739507205177985,0.0306924843362552));
#8582=CARTESIAN_POINT('',(0.013,0.068,0.018773234337517));
#8583=CARTESIAN_POINT('',(0.013,0.0795438134699945,0.0223995783049274));
#8584=CARTESIAN_POINT('',(0.013,0.0812885511620545,0.0229476657303489));
#8585=CARTESIAN_POINT('',(0.013,0.0807596675799616,0.0211970111109014));
#8586=CARTESIAN_POINT('',(0.013,0.00514783305266755,0.0440398137112409));
#8587=CARTESIAN_POINT('',(0.013,0.0876423164179071,0.0191177203523114));
#8588=CARTESIAN_POINT('',(0.013,0.0881712,0.0208683749717588));
#8589=CARTESIAN_POINT('',(0.013,0.09,0.0208683749717588));
#8590=CARTESIAN_POINT('',(0.013,0.09,0.027));
#8591=CARTESIAN_POINT('',(0.013,0.09,0.058958078741744));
#8592=CARTESIAN_POINT('',(0.013,0.0881712,0.058958078741744));
#8593=CARTESIAN_POINT('',(0.013,0.0866534990999406,0.05997841859589));
#8594=CARTESIAN_POINT('',(0.013,0.0444099942286318,-0.00285653301786472));
#8595=CARTESIAN_POINT('',(0.013,0.0769370827833866,0.0455257695799124));
#8596=CARTESIAN_POINT('',(0.013,0.078454783683446,0.0445054297257663));
#8597=CARTESIAN_POINT('',(0.013,0.0766585480774354,0.0448490095384731));
#8598=CARTESIAN_POINT('',(0.013,0.0706592109023356,0.0134844687597796));
#8599=CARTESIAN_POINT('',(0.013,-0.0239012722672862,-0.0470513392360817));
#8600=CARTESIAN_POINT('',(0.013,-0.022645705739214,-0.0483810242113991));
#8601=CARTESIAN_POINT('',(0.013,-0.025411593156821,-0.0480825716301785));
#8602=CARTESIAN_POINT('',(0.013,0.0269544633805811,-0.00154563591300384));
#8603=CARTESIAN_POINT('',(0.013,-0.00457323347192785,-0.0313159361044208));
#8604=CARTESIAN_POINT('',(0.013,-0.0058288,-0.0299862511291034));
#8605=CARTESIAN_POINT('',(0.013,-0.004,-0.0299862511291034));
#8606=CARTESIAN_POINT('',(0.013,-0.004,0.027));
#8607=CARTESIAN_POINT('',(0.013,-0.004,-0.0178067556334391));
#8608=CARTESIAN_POINT('',(0.013,-0.0058288,-0.0178067556334391));
#8609=CARTESIAN_POINT('',(0.013,-0.00529391032074184,-0.0160579267478636));
#8610=CARTESIAN_POINT('',(0.013,1.66533453693773E-17,0.00125058311046744));
#8611=CARTESIAN_POINT('',(0.013,-0.0168288576540549,0.00791388184754636));
#8612=CARTESIAN_POINT('',(0.013,-0.0185292231169132,0.00858713271662757));
#8613=CARTESIAN_POINT('',(0.013,-0.0195810053985071,0.010083215425613));
#8614=CARTESIAN_POINT('',(0.013,0.00148244571003122,0.0248913303327128));
#8615=CARTESIAN_POINT('',(0.013,-0.0362064806217325,-0.00160489523688265));
#8616=CARTESIAN_POINT('',(0.013,-0.0351546983401386,-0.00310097794586803));
#8617=CARTESIAN_POINT('',(0.013,-0.0369823826203005,-0.00303710610505398));
#8618=CARTESIAN_POINT('',(0.013,-0.0358888493839566,0.0282542028728553));
#8619=CARTESIAN_POINT('',(0.013,-0.0378955920594298,-0.0291684734669446));
#8620=CARTESIAN_POINT('',(0.013,-0.0360679077792679,-0.0292323453077587));
#8621=CARTESIAN_POINT('',(0.013,-0.0375782286688027,-0.0302635777018555));
#8622=CARTESIAN_POINT('',(0.013,-0.0522964868203654,-0.00870753187637579));
#8623=CARTESIAN_POINT('',(0.013,0.0813949371858326,-0.0341051603162938));
#8624=CARTESIAN_POINT('',(0.013,0.081271079868447,-0.0322805593174641));
#8625=CARTESIAN_POINT('',(0.013,0.0829345657551698,-0.0350921017068945));
#8626=CARTESIAN_POINT('',(0.013,0.0043783923497919,-0.0375001782964858));
#8627=CARTESIAN_POINT('',(0.013,0.04505413878544,-0.0347390327970536));
#8628=CARTESIAN_POINT('',(0.013,0.0451779961028256,-0.0365636337958832));
#8629=CARTESIAN_POINT('',(0.013,0.0436676752132908,-0.0355324014017863));
#8630=CARTESIAN_POINT('',(0.013,0.0589033148585755,-0.0132186097158197));
#8631=CARTESIAN_POINT('',(0.013,0.0301221532010964,-0.055370882981477));
#8632=CARTESIAN_POINT('',(0.013,0.0316324740906311,-0.0564021153755739));
#8633=CARTESIAN_POINT('',(0.013,0.0300051196888121,-0.0572365176112374));
#8634=CARTESIAN_POINT('',(0.013,-0.0104410097189948,0.0216465245416885));
#8635=CARTESIAN_POINT('',(0.013,0.045767907714379,-0.0879790556605871));
#8636=CARTESIAN_POINT('',(0.013,0.0473952621161981,-0.0871446534249236));
#8637=CARTESIAN_POINT('',(0.013,0.0489348906855352,-0.0881315948155244));
#8638=CARTESIAN_POINT('',(0.013,0.0869912738480127,-0.0287636370820595));
#8639=CARTESIAN_POINT('',(0.013,0.054765862551606,-0.0790352787044539));
#8640=CARTESIAN_POINT('',(0.013,0.0532262339822689,-0.0780483373138532));
#8641=CARTESIAN_POINT('',(0.013,0.0546418627102363,-0.0768905356276593));
#8642=CARTESIAN_POINT('',(0.013,0.0640081726448411,-0.0692301023364594));
#8643=CARTESIAN_POINT('',(0.013,0.0640010747396255,-0.0571284350403858));
#8644=CARTESIAN_POINT('',(0.013,-6.93889390390723E-19,-0.0571267656624831));
#8645=CARTESIAN_POINT('',(0.013,0.06780980555366,-0.0571267656624831));
#8646=CARTESIAN_POINT('',(0.013,0.06780980555366,-0.0552979656624831));
#8647=CARTESIAN_POINT('',(0.013,0.0693494341229971,-0.0562849070530838));
#8648=CARTESIAN_POINT('',(0.013,0.0869912738480127,-0.0287636370820595));
#8649=CARTESIAN_POINT('',(0.013,-0.066,0.0208732343375169));
#8650=CARTESIAN_POINT('',(0.013,-0.064,0.0208732343375169));
#8651=CARTESIAN_POINT('',(0.013,-0.068,0.0208732343375169));
#8652=CARTESIAN_POINT('',(0.013,-0.068,0.0187732343375169));
#8653=CARTESIAN_POINT('',(0.013,-0.068,0.0166732343375169));
#8654=CARTESIAN_POINT('',(0.013,-0.066,0.0166732343375169));
#8655=CARTESIAN_POINT('',(0.013,-0.064,0.0166732343375169));
#8656=CARTESIAN_POINT('',(0.013,-0.064,0.0187732343375169));
#8657=CARTESIAN_POINT('',(0.013,0.0660632532416141,-0.0713267656624831));
#8658=CARTESIAN_POINT('',(0.013,0.0641263119495002,-0.0713237761299219));
#8659=CARTESIAN_POINT('',(0.013,0.068,-0.0713267656624831));
#8660=CARTESIAN_POINT('',(0.013,0.068,-0.0692267656624831));
#8661=CARTESIAN_POINT('',(0.013,0.068,-0.0671267656624831));
#8662=CARTESIAN_POINT('',(0.013,0.066,-0.0671267656624831));
#8663=CARTESIAN_POINT('',(0.013,0.0640040863224205,-0.067129272143702));
#8664=CARTESIAN_POINT('',(0.013,0.0640081726448411,-0.0692301023364594));
#8665=CARTESIAN_POINT('',(0.013,0.063210320740572,-0.0711726347914918));
#8666=CARTESIAN_POINT('',(0.013,0.064,-0.0692267656624831));
#8667=CARTESIAN_POINT('',(0.013,0.064,0.018773234337517));
#8668=CARTESIAN_POINT('',(0.013,0.064,0.0166732343375169));
#8669=CARTESIAN_POINT('',(0.013,0.0632103207405748,0.016827365208507));
#8670=CARTESIAN_POINT('',(0.013,0.0660632532416151,0.016673234337517));
#8671=CARTESIAN_POINT('',(0.013,0.068,0.0166732343375171));
#8672=CARTESIAN_POINT('',(0.013,0.068,0.018773234337517));
#8673=CARTESIAN_POINT('',(0.013,0.068,0.020873234337517));
#8674=CARTESIAN_POINT('',(0.013,0.066,0.020873234337517));
#8675=CARTESIAN_POINT('',(0.013,0.064,0.0208732343375169));
#8676=CARTESIAN_POINT('',(0.013,0.064,0.0208715580490554));
#8677=CARTESIAN_POINT('',(0.013,0.064,0.0208698817605938));
#8678=CARTESIAN_POINT('',(0.013,0.0640081726448411,0.0187698976635405));
#8679=CARTESIAN_POINT('',(0.013,0.0100499999999997,0.027));
#8680=CARTESIAN_POINT('',(0.013,0.01005,-0.0784994168895326));
#8681=CARTESIAN_POINT('',(0.013,0.01005,-0.0989994168895326));
#8682=CARTESIAN_POINT('',(0.013,-0.01005,-0.0784994168895326));
#8683=CARTESIAN_POINT('',(0.013,-0.03005,-0.0784994168895326));
#8684=CARTESIAN_POINT('',(0.013,-0.03005,-0.0887494168895326));
#8685=CARTESIAN_POINT('',(0.013,-0.03005,-0.0989994168895326));
#8686=CARTESIAN_POINT('',(0.013,-0.015025,-0.0989994168895326));
#8687=CARTESIAN_POINT('',(0.013,-0.0348,-0.0937494168895326));
#8688=CARTESIAN_POINT('',(0.013,-0.0348,-0.0914994168895326));
#8689=CARTESIAN_POINT('',(0.013,-0.0348,-0.0837494168895326));
#8690=CARTESIAN_POINT('',(0.013,-0.0348,-0.0814994168895326));
#8691=CARTESIAN_POINT('',(0.013,0.0147,-0.0937494168895326));
#8692=CARTESIAN_POINT('',(0.013,0.0147,-0.0914994168895326));
#8693=CARTESIAN_POINT('',(0.013,0.0147,-0.0837494168895326));
#8694=CARTESIAN_POINT('',(0.013,0.0147,-0.0814994168895326));
#8695=CARTESIAN_POINT('',(0.013,1.66533453693773E-17,0.00125058311046744));
#8696=CARTESIAN_POINT('',(0.013,1.66533453693773E-17,0.00935058311046744));
#8697=CARTESIAN_POINT('',(0.013,-0.066,-0.0713267656624831));
#8698=CARTESIAN_POINT('',(0.013,-0.064,-0.0713267656624831));
#8699=CARTESIAN_POINT('',(0.013,-0.068,-0.0713267656624831));
#8700=CARTESIAN_POINT('',(0.013,-0.064,-0.0692267656624831));
#8701=CARTESIAN_POINT('',(0.013,-0.064,-0.0671267656624831));
#8702=CARTESIAN_POINT('',(0.013,-0.066,-0.0671267656624831));
#8703=CARTESIAN_POINT('',(0.013,-0.068,-0.0671267656624831));
#8704=CARTESIAN_POINT('',(0.013,-0.068,-0.0692267656624831));
#8705=CARTESIAN_POINT('',(0.013,-0.0058288,-0.0460196870750205));
#8706=CARTESIAN_POINT('',(0.013,-0.00708436652807216,-0.0446900020997031));
#8707=CARTESIAN_POINT('',(0.013,-0.004,-0.0460196870750206));
#8708=CARTESIAN_POINT('',(0.013,0.0324468803887708,-0.00736228059943167));
#8709=CARTESIAN_POINT('',(0.013,-0.0213901597055102,-0.0581983709273096));
#8710=CARTESIAN_POINT('',(0.013,-0.0201345931774381,-0.0595280559026269));
#8711=CARTESIAN_POINT('',(0.013,-0.0217619475792571,-0.0586936536669635));
#8712=CARTESIAN_POINT('',(0.013,0.0175597953787456,0.0179964710173515));
#8713=CARTESIAN_POINT('',(0.013,-0.0254241915558458,-0.0658362146538691));
#8714=CARTESIAN_POINT('',(0.013,-0.0237968371540267,-0.0666706168895326));
#8715=CARTESIAN_POINT('',(0.013,-0.0237968371540267,-0.0684994168895326));
#8716=CARTESIAN_POINT('',(0.013,-6.93889390390723E-19,-0.0684994168895326));
#8717=CARTESIAN_POINT('',(0.013,-0.0058288,-0.0684994168895326));
#8718=CARTESIAN_POINT('',(0.013,-0.0058288,-0.0666706168895326));
#8719=CARTESIAN_POINT('',(0.013,-0.004,-0.0666706168895326));
#8720=CARTESIAN_POINT('',(0.013,-0.004,0.027));
#8721=CARTESIAN_POINT('',(0.013,-0.068,0.0187732343375169));
#8722=CARTESIAN_POINT('',(0.013,-0.0795438134699945,0.0223995783049274));
#8723=CARTESIAN_POINT('',(0.013,-0.0747298093947856,0.028829061777855));
#8724=CARTESIAN_POINT('',(0.013,-0.0757469561238091,0.0303489045235484));
#8725=CARTESIAN_POINT('',(0.013,-0.0739507205177984,0.0306924843362552));
#8726=CARTESIAN_POINT('',(0.013,-0.0706592109023356,0.0134844687597796));
#8727=CARTESIAN_POINT('',(0.013,-0.0766585480774354,0.0448490095384731));
#8728=CARTESIAN_POINT('',(0.013,-0.078454783683446,0.0445054297257663));
#8729=CARTESIAN_POINT('',(0.013,-0.0769370827833866,0.0455257695799124));
#8730=CARTESIAN_POINT('',(0.013,-0.0444099942286318,-0.00285653301786472));
#8731=CARTESIAN_POINT('',(0.013,-0.0866534990999406,0.05997841859589));
#8732=CARTESIAN_POINT('',(0.013,-0.0881712,0.058958078741744));
#8733=CARTESIAN_POINT('',(0.013,-0.09,0.058958078741744));
#8734=CARTESIAN_POINT('',(0.013,-0.09,0.027));
#8735=CARTESIAN_POINT('',(0.013,-0.09,0.0208683749717588));
#8736=CARTESIAN_POINT('',(0.013,-0.0881712,0.0208683749717588));
#8737=CARTESIAN_POINT('',(0.013,-0.0876423164179071,0.0191177203523114));
#8738=CARTESIAN_POINT('',(0.013,-0.00514783305266755,0.0440398137112409));
#8739=CARTESIAN_POINT('',(0.013,-0.0807596675799616,0.0211970111109014));
#8740=CARTESIAN_POINT('',(0.013,-0.0812885511620545,0.0229476657303489));
#8741=CARTESIAN_POINT('',(0.013,0.0058288,-0.0299862511291034));
#8742=CARTESIAN_POINT('',(0.013,0.00457323347192786,-0.0313159361044208));
#8743=CARTESIAN_POINT('',(0.013,0.004,-0.0299862511291034));
#8744=CARTESIAN_POINT('',(0.013,-0.0269544633805811,-0.00154563591300382));
#8745=CARTESIAN_POINT('',(0.013,0.022645705739214,-0.0483810242113991));
#8746=CARTESIAN_POINT('',(0.013,0.0239012722672862,-0.0470513392360817));
#8747=CARTESIAN_POINT('',(0.013,0.025411593156821,-0.0480825716301785));
#8748=CARTESIAN_POINT('',(0.013,0.0522964868203654,-0.00870753187637579));
#8749=CARTESIAN_POINT('',(0.013,0.0375782286688027,-0.0302635777018555));
#8750=CARTESIAN_POINT('',(0.013,0.0360679077792679,-0.0292323453077587));
#8751=CARTESIAN_POINT('',(0.013,0.0378955920594298,-0.0291684734669446));
#8752=CARTESIAN_POINT('',(0.013,0.0358888493839566,0.0282542028728553));
#8753=CARTESIAN_POINT('',(0.013,0.0369823826203005,-0.00303710610505398));
#8754=CARTESIAN_POINT('',(0.013,0.0351546983401386,-0.00310097794586803));
#8755=CARTESIAN_POINT('',(0.013,0.0362064806217325,-0.00160489523688265));
#8756=CARTESIAN_POINT('',(0.013,-0.00148244571003122,0.0248913303327128));
#8757=CARTESIAN_POINT('',(0.013,0.0195810053985072,0.0100832154256129));
#8758=CARTESIAN_POINT('',(0.013,0.0185292231169133,0.00858713271662755));
#8759=CARTESIAN_POINT('',(0.013,0.016828857654055,0.00791388184754634));
#8760=CARTESIAN_POINT('',(0.013,1.66533453693773E-17,0.00125058311046744));
#8761=CARTESIAN_POINT('',(0.013,0.00529391032074184,-0.0160579267478636));
#8762=CARTESIAN_POINT('',(0.013,0.0058288,-0.0178067556334391));
#8763=CARTESIAN_POINT('',(0.013,0.004,-0.0178067556334391));
#8764=CARTESIAN_POINT('',(0.013,0.004,0.027));
#8765=CARTESIAN_POINT('',(0.013,0.064,0.018773234337517));
#8766=CARTESIAN_POINT('',(0.013,0.0595715067327337,0.00751275267012019));
#8767=CARTESIAN_POINT('',(0.013,0.064,0.00667323433751689));
#8768=CARTESIAN_POINT('',(0.013,0.058902182064372,0.00581083788719993));
#8769=CARTESIAN_POINT('',(0.013,0.0578325120167382,0.00729418391196794));
#8770=CARTESIAN_POINT('',(0.013,0.0291339142485227,-0.0134009404414696));
#8771=CARTESIAN_POINT('',(0.013,0.0457429716829441,-0.00142382184582087));
#8772=CARTESIAN_POINT('',(0.013,0.0468126417305779,-0.00290716787058888));
#8773=CARTESIAN_POINT('',(0.013,0.0449849574504159,-0.00297103971140293));
#8774=CARTESIAN_POINT('',(0.013,0.043883968719748,0.0285336072508695));
#8775=CARTESIAN_POINT('',(0.013,0.0457471254944305,-0.024780377521825));
#8776=CARTESIAN_POINT('',(0.013,0.0475748097745925,-0.024716505681011));
#8777=CARTESIAN_POINT('',(0.013,0.0476986670919781,-0.0265411066798407));
#8778=CARTESIAN_POINT('',(0.013,0.00383658431223442,-0.0295185466305645));
#8779=CARTESIAN_POINT('',(0.013,0.0882950573173857,-0.0237853480279025));
#8780=CARTESIAN_POINT('',(0.013,0.0881712,-0.0219607470290729));
#8781=CARTESIAN_POINT('',(0.013,0.09,-0.0219607470290729));
#8782=CARTESIAN_POINT('',(0.013,0.09,0.027));
#8783=CARTESIAN_POINT('',(0.013,0.09,0.0086904052893498));
#8784=CARTESIAN_POINT('',(0.013,0.0881712,0.0086904052893498));
#8785=CARTESIAN_POINT('',(0.013,0.0887000835820929,0.0104410599087972));
#8786=CARTESIAN_POINT('',(0.013,0.00283425657807049,0.0363816570207448));
#8787=CARTESIAN_POINT('',(0.013,0.0802473525554775,0.0129946822019455));
#8788=CARTESIAN_POINT('',(0.013,0.0797184689733846,0.0112440275824981));
#8789=CARTESIAN_POINT('',(0.013,0.0781798772742773,0.0122325846235626));
#8790=CARTESIAN_POINT('',(0.013,0.068,0.018773234337517));
#8791=CARTESIAN_POINT('',(0.013,0.068,0.00667323433751702));
#8792=CARTESIAN_POINT('',(0.013,-6.93889390390723E-19,0.00667323433751703));
#8793=CARTESIAN_POINT('',(0.013,-0.0324468803887708,-0.00736228059943166));
#8794=CARTESIAN_POINT('',(0.013,0.00708436652807216,-0.0446900020997031));
#8795=CARTESIAN_POINT('',(0.013,0.0213901597055102,-0.0581983709273095));
#8796=CARTESIAN_POINT('',(0.013,0.0058288,-0.0460196870750205));
#8797=CARTESIAN_POINT('',(0.013,0.004,-0.0460196870750205));
#8798=CARTESIAN_POINT('',(0.013,0.004,0.027));
#8799=CARTESIAN_POINT('',(0.013,0.004,-0.0666706168895326));
#8800=CARTESIAN_POINT('',(0.013,0.0058288,-0.0666706168895326));
#8801=CARTESIAN_POINT('',(0.013,0.0058288,-0.0684994168895326));
#8802=CARTESIAN_POINT('',(0.013,-6.93889390390723E-19,-0.0684994168895326));
#8803=CARTESIAN_POINT('',(0.013,0.01004,-0.0684994168895325));
#8804=CARTESIAN_POINT('',(0.013,0.01004,-0.0785094168895325));
#8805=CARTESIAN_POINT('',(0.013,0.0171534240811167,-0.0714667399949002));
#8806=CARTESIAN_POINT('',(0.013,0.0184530274736788,-0.0701800619224823));
#8807=CARTESIAN_POINT('',(0.013,0.0179655188334634,-0.0719426863197137));
#8808=CARTESIAN_POINT('',(0.013,0.0147,-0.0837494168895326));
#8809=CARTESIAN_POINT('',(0.013,0.0261514426224458,-0.0880999297173304));
#8810=CARTESIAN_POINT('',(0.013,0.0278610261545215,-0.0887494168895326));
#8811=CARTESIAN_POINT('',(0.013,0.0261514426224458,-0.0893989040617347));
#8812=CARTESIAN_POINT('',(0.013,0.0147,-0.0937494168895326));
#8813=CARTESIAN_POINT('',(0.013,0.0269396643067246,-0.0932463088905004));
#8814=CARTESIAN_POINT('',(0.013,0.0287669212931849,-0.0931712));
#8815=CARTESIAN_POINT('',(0.013,0.0287669212931849,-0.095));
#8816=CARTESIAN_POINT('',(0.013,-6.93889390390723E-19,-0.095));
#8817=CARTESIAN_POINT('',(0.013,0.037384624650741,-0.095));
#8818=CARTESIAN_POINT('',(0.013,0.037384624650741,-0.0931712));
#8819=CARTESIAN_POINT('',(0.013,0.03901197905256,-0.0923367977643365));
#8820=CARTESIAN_POINT('',(0.013,-0.0175597953787456,0.0179964710173515));
#8821=CARTESIAN_POINT('',(0.013,0.0217619475792571,-0.0586936536669634));
#8822=CARTESIAN_POINT('',(0.013,0.020134593177438,-0.0595280559026269));
#8823=CARTESIAN_POINT('',(0.013,0.0975,0.027));
#8824=CARTESIAN_POINT('',(0.013,0.004,0.027));
#8825=CARTESIAN_POINT('',(0.013,0.004,0.042));
#8826=CARTESIAN_POINT('',(0.013,0.004,0.0751712));
#8827=CARTESIAN_POINT('',(0.013,0.0975,0.042));
#8828=CARTESIAN_POINT('',(0.013,-0.004,0.042));
#8829=CARTESIAN_POINT('',(0.013,-0.004,0.027));
#8830=CARTESIAN_POINT('',(0.013,-0.004,0.0751712));
#8831=CARTESIAN_POINT('',(0.013,-0.0058288,0.0751712));
#8832=CARTESIAN_POINT('',(0.013,-0.0058288,0.077));
#8833=CARTESIAN_POINT('',(0.013,0.06,0.077));
#8834=CARTESIAN_POINT('',(0.013,0.0058288,0.077));
#8835=CARTESIAN_POINT('',(0.013,0.0058288,0.0751712));
#8836=CARTESIAN_POINT('',(0.018,0.,0.027));
#8837=CARTESIAN_POINT('',(0.018,0.0715361364802471,0.0551087416992717));
#8838=CARTESIAN_POINT('',(0.018,0.0704407363026817,0.0536442937176111));
#8839=CARTESIAN_POINT('',(0.018,0.0730538373803066,0.0540884018451257));
#8840=CARTESIAN_POINT('',(0.018,0.038051490046573,0.0778712970283887));
#8841=CARTESIAN_POINT('',(0.018,0.047445346406376,0.0708447368136077));
#8842=CARTESIAN_POINT('',(0.018,0.0485407465839415,0.0723091847952683));
#8843=CARTESIAN_POINT('',(0.018,0.0470099734645694,0.0713085634398055));
#8844=CARTESIAN_POINT('',(0.018,0.0532291488326895,0.0617943286833662));
#8845=CARTESIAN_POINT('',(0.018,0.0451391583207234,0.0741705786445373));
#8846=CARTESIAN_POINT('',(0.018,0.0466699314400955,0.0751712));
#8847=CARTESIAN_POINT('',(0.018,0.0466699314400955,0.077));
#8848=CARTESIAN_POINT('',(0.018,0.,0.077));
#8849=CARTESIAN_POINT('',(0.018,0.0850239889125505,0.077));
#8850=CARTESIAN_POINT('',(0.018,0.0850239889125505,0.0751712));
#8851=CARTESIAN_POINT('',(0.018,0.0865416898126099,0.074150860145854));
#8852=CARTESIAN_POINT('',(0.018,0.0377708826798153,0.00160689591540747));
#8853=CARTESIAN_POINT('',(0.018,-0.0466699314400955,0.0751712));
#8854=CARTESIAN_POINT('',(0.018,-0.0451391583207235,0.0741705786445373));
#8855=CARTESIAN_POINT('',(0.018,-0.0466699314400955,0.077));
#8856=CARTESIAN_POINT('',(0.018,-0.0532291488326895,0.0617943286833662));
#8857=CARTESIAN_POINT('',(0.018,-0.0470099734645695,0.0713085634398055));
#8858=CARTESIAN_POINT('',(0.018,-0.0485407465839415,0.0723091847952683));
#8859=CARTESIAN_POINT('',(0.018,-0.0474453464063761,0.0708447368136077));
#8860=CARTESIAN_POINT('',(0.018,-0.038051490046573,0.0778712970283887));
#8861=CARTESIAN_POINT('',(0.018,-0.0704407363026817,0.0536442937176111));
#8862=CARTESIAN_POINT('',(0.018,-0.0715361364802471,0.0551087416992717));
#8863=CARTESIAN_POINT('',(0.018,-0.0730538373803066,0.0540884018451257));
#8864=CARTESIAN_POINT('',(0.018,-0.0377708826798153,0.00160689591540747));
#8865=CARTESIAN_POINT('',(0.018,-0.0865416898126099,0.074150860145854));
#8866=CARTESIAN_POINT('',(0.018,-0.0850239889125505,0.0751712));
#8867=CARTESIAN_POINT('',(0.018,-0.0850239889125505,0.077));
#8868=CARTESIAN_POINT('',(0.018,0.,0.077));
#8869=CARTESIAN_POINT('',(0.018,0.0327427082545028,0.0751712));
#8870=CARTESIAN_POINT('',(0.018,0.0342734813738748,0.0761718213554627));
#8871=CARTESIAN_POINT('',(0.018,0.0327427082545028,0.077));
#8872=CARTESIAN_POINT('',(0.018,0.0465328534723569,0.0574171573996273));
#8873=CARTESIAN_POINT('',(0.018,0.0381344019400321,0.0702652979873191));
#8874=CARTESIAN_POINT('',(0.018,0.0366036288206601,0.0692646766318564));
#8875=CARTESIAN_POINT('',(0.018,0.0378222025269776,0.0679010096775484));
#8876=CARTESIAN_POINT('',(0.018,-0.00352917689087021,0.0309493892548613));
#8877=CARTESIAN_POINT('',(0.018,0.00704737370631754,0.0404006019725668));
#8878=CARTESIAN_POINT('',(0.018,0.0058288,0.0417642689268748));
#8879=CARTESIAN_POINT('',(0.018,0.004,0.0417642689268748));
#8880=CARTESIAN_POINT('',(0.018,0.004,0.027));
#8881=CARTESIAN_POINT('',(0.018,0.004,0.0751712));
#8882=CARTESIAN_POINT('',(0.018,0.0058288,0.0751712));
#8883=CARTESIAN_POINT('',(0.018,0.0058288,0.077));
#8884=CARTESIAN_POINT('',(0.018,0.,0.077));
#8885=CARTESIAN_POINT('',(0.018,-0.0058288,0.0417642689268748));
#8886=CARTESIAN_POINT('',(0.018,-0.00704737370631754,0.0404006019725668));
#8887=CARTESIAN_POINT('',(0.018,-0.004,0.0417642689268748));
#8888=CARTESIAN_POINT('',(0.018,0.00352917689087021,0.0309493892548613));
#8889=CARTESIAN_POINT('',(0.018,-0.0378222025269776,0.0679010096775484));
#8890=CARTESIAN_POINT('',(0.018,-0.0366036288206601,0.0692646766318564));
#8891=CARTESIAN_POINT('',(0.018,-0.0381344019400321,0.0702652979873191));
#8892=CARTESIAN_POINT('',(0.018,-0.0465328534723569,0.0574171573996273));
#8893=CARTESIAN_POINT('',(0.018,-0.0342734813738749,0.0761718213554627));
#8894=CARTESIAN_POINT('',(0.018,-0.0327427082545028,0.0751712));
#8895=CARTESIAN_POINT('',(0.018,-0.0327427082545028,0.077));
#8896=CARTESIAN_POINT('',(0.018,0.,0.077));
#8897=CARTESIAN_POINT('',(0.018,-0.0058288,0.077));
#8898=CARTESIAN_POINT('',(0.018,-0.0058288,0.0751712));
#8899=CARTESIAN_POINT('',(0.018,-0.004,0.0751712));
#8900=CARTESIAN_POINT('',(0.018,-0.004,0.027));
#8901=CARTESIAN_POINT('',(0.018,-0.068,0.0187732343375169));
#8902=CARTESIAN_POINT('',(0.018,-0.0795438134699945,0.0223995783049274));
#8903=CARTESIAN_POINT('',(0.018,-0.0747298093947856,0.028829061777855));
#8904=CARTESIAN_POINT('',(0.018,-0.0812885511620545,0.0229476657303489));
#8905=CARTESIAN_POINT('',(0.018,-0.0807596675799616,0.0211970111109014));
#8906=CARTESIAN_POINT('',(0.018,-0.00514783305266755,0.0440398137112409));
#8907=CARTESIAN_POINT('',(0.018,-0.0876423164179071,0.0191177203523114));
#8908=CARTESIAN_POINT('',(0.018,-0.0881712,0.0208683749717588));
#8909=CARTESIAN_POINT('',(0.018,-0.09,0.0208683749717588));
#8910=CARTESIAN_POINT('',(0.018,-0.09,0.027));
#8911=CARTESIAN_POINT('',(0.018,-0.09,0.058958078741744));
#8912=CARTESIAN_POINT('',(0.018,-0.0881712,0.058958078741744));
#8913=CARTESIAN_POINT('',(0.018,-0.0866534990999406,0.05997841859589));
#8914=CARTESIAN_POINT('',(0.018,-0.0444099942286318,-0.00285653301786472));
#8915=CARTESIAN_POINT('',(0.018,-0.0769370827833866,0.0455257695799124));
#8916=CARTESIAN_POINT('',(0.018,-0.078454783683446,0.0445054297257663));
#8917=CARTESIAN_POINT('',(0.018,-0.0766585480774354,0.0448490095384731));
#8918=CARTESIAN_POINT('',(0.018,-0.0706592109023356,0.0134844687597796));
#8919=CARTESIAN_POINT('',(0.018,-0.0739507205177984,0.0306924843362552));
#8920=CARTESIAN_POINT('',(0.018,-0.0757469561238091,0.0303489045235484));
#8921=CARTESIAN_POINT('',(0.018,-0.0237968371540267,-0.0666706168895326));
#8922=CARTESIAN_POINT('',(0.018,-0.0254241915558458,-0.0658362146538691));
#8923=CARTESIAN_POINT('',(0.018,-0.0237968371540267,-0.0684994168895326));
#8924=CARTESIAN_POINT('',(0.018,0.0175597953787456,0.0179964710173515));
#8925=CARTESIAN_POINT('',(0.018,-0.0217619475792571,-0.0586936536669635));
#8926=CARTESIAN_POINT('',(0.018,-0.0201345931774381,-0.0595280559026269));
#8927=CARTESIAN_POINT('',(0.018,-0.0213901597055102,-0.0581983709273096));
#8928=CARTESIAN_POINT('',(0.018,0.0324468803887708,-0.00736228059943167));
#8929=CARTESIAN_POINT('',(0.018,-0.00708436652807216,-0.0446900020997031));
#8930=CARTESIAN_POINT('',(0.018,-0.0058288,-0.0460196870750205));
#8931=CARTESIAN_POINT('',(0.018,-0.004,-0.0460196870750206));
#8932=CARTESIAN_POINT('',(0.018,-0.004,0.027));
#8933=CARTESIAN_POINT('',(0.018,-0.004,-0.0666706168895326));
#8934=CARTESIAN_POINT('',(0.018,-0.0058288,-0.0666706168895326));
#8935=CARTESIAN_POINT('',(0.018,-0.0058288,-0.0684994168895326));
#8936=CARTESIAN_POINT('',(0.018,0.,-0.0684994168895326));
#8937=CARTESIAN_POINT('',(0.018,0.,-0.0713267656624831));
#8938=CARTESIAN_POINT('',(0.018,-0.068,-0.0713267656624831));
#8939=CARTESIAN_POINT('',(0.018,-0.064,-0.0713267656624831));
#8940=CARTESIAN_POINT('',(0.018,-0.068,-0.0692267656624831));
#8941=CARTESIAN_POINT('',(0.018,-0.068,-0.0671267656624831));
#8942=CARTESIAN_POINT('',(0.018,0.,-0.0671267656624831));
#8943=CARTESIAN_POINT('',(0.018,-0.064,-0.0671267656624831));
#8944=CARTESIAN_POINT('',(0.018,-0.064,-0.0692267656624831));
#8945=CARTESIAN_POINT('',(0.018,1.7347234759768E-17,0.00125058311046744));
#8946=CARTESIAN_POINT('',(0.018,0.00810000000000002,0.00125058311046744));
#8947=CARTESIAN_POINT('',(0.018,0.0147,-0.0837494168895326));
#8948=CARTESIAN_POINT('',(0.018,0.01695,-0.0837494168895326));
#8949=CARTESIAN_POINT('',(0.018,0.0147,-0.0937494168895326));
#8950=CARTESIAN_POINT('',(0.018,0.01695,-0.0937494168895326));
#8951=CARTESIAN_POINT('',(0.018,-0.1,0.027));
#8952=CARTESIAN_POINT('',(0.018,-0.1,0.087));
#8953=CARTESIAN_POINT('',(0.018,-0.1,-0.027));
#8954=CARTESIAN_POINT('',(0.018,-0.075,-0.066));
#8955=CARTESIAN_POINT('',(0.018,-0.05,-0.105));
#8956=CARTESIAN_POINT('',(0.018,1.38777878078145E-17,-0.105));
#8957=CARTESIAN_POINT('',(0.018,0.05,-0.105));
#8958=CARTESIAN_POINT('',(0.018,0.075,-0.066));
#8959=CARTESIAN_POINT('',(0.018,0.1,-0.027));
#8960=CARTESIAN_POINT('',(0.018,0.1,0.027));
#8961=CARTESIAN_POINT('',(0.018,0.1,0.087));
#8962=CARTESIAN_POINT('',(0.018,0.,0.087));
#8963=CARTESIAN_POINT('',(0.018,-0.0348,-0.0837494168895326));
#8964=CARTESIAN_POINT('',(0.018,-0.03255,-0.0837494168895326));
#8965=CARTESIAN_POINT('',(0.018,-0.0348,-0.0937494168895326));
#8966=CARTESIAN_POINT('',(0.018,-0.03255,-0.0937494168895326));
#8967=CARTESIAN_POINT('',(0.018,-0.01005,-0.0784994168895326));
#8968=CARTESIAN_POINT('',(0.018,0.01005,-0.0784994168895326));
#8969=CARTESIAN_POINT('',(0.018,-0.03005,-0.0784994168895326));
#8970=CARTESIAN_POINT('',(0.018,0.01005,-0.0887494168895326));
#8971=CARTESIAN_POINT('',(0.018,0.01005,-0.0989994168895326));
#8972=CARTESIAN_POINT('',(0.018,-0.015025,-0.0989994168895326));
#8973=CARTESIAN_POINT('',(0.018,-0.03005,-0.0989994168895326));
#8974=CARTESIAN_POINT('',(0.018,-0.03005,-0.0887494168895326));
#8975=CARTESIAN_POINT('',(0.018,0.068,0.018773234337517));
#8976=CARTESIAN_POINT('',(0.018,0.068,0.0166732343375171));
#8977=CARTESIAN_POINT('',(0.018,0.068,0.020873234337517));
#8978=CARTESIAN_POINT('',(0.018,0.,0.016673234337517));
#8979=CARTESIAN_POINT('',(0.018,0.064,0.0166732343375169));
#8980=CARTESIAN_POINT('',(0.018,0.064,0.018773234337517));
#8981=CARTESIAN_POINT('',(0.018,0.0632103207405748,0.016827365208507));
#8982=CARTESIAN_POINT('',(0.018,0.0640081726448411,0.0187698976635405));
#8983=CARTESIAN_POINT('',(0.018,0.064,0.0208698817605938));
#8984=CARTESIAN_POINT('',(0.018,0.064,0.027));
#8985=CARTESIAN_POINT('',(0.018,0.064,0.0208732343375169));
#8986=CARTESIAN_POINT('',(0.018,0.,0.020873234337517));
#8987=CARTESIAN_POINT('',(0.018,0.,-0.0671267656624831));
#8988=CARTESIAN_POINT('',(0.018,0.068,-0.0671267656624831));
#8989=CARTESIAN_POINT('',(0.018,0.064,-0.0671284419509447));
#8990=CARTESIAN_POINT('',(0.018,0.068,-0.0692267656624831));
#8991=CARTESIAN_POINT('',(0.018,0.068,-0.0713267656624831));
#8992=CARTESIAN_POINT('',(0.018,0.,-0.0713267656624831));
#8993=CARTESIAN_POINT('',(0.018,0.0641263920216624,-0.0713248656073615));
#8994=CARTESIAN_POINT('',(0.018,0.064,-0.0692267656624831));
#8995=CARTESIAN_POINT('',(0.018,0.063210320740572,-0.0711726347914918));
#8996=CARTESIAN_POINT('',(0.018,0.0640081726448411,-0.0692301023364594));
#8997=CARTESIAN_POINT('',(0.018,0.,0.0166732343375169));
#8998=CARTESIAN_POINT('',(0.018,-0.068,0.0166732343375169));
#8999=CARTESIAN_POINT('',(0.018,-0.064,0.0166732343375169));
#9000=CARTESIAN_POINT('',(0.018,-0.068,0.0187732343375169));
#9001=CARTESIAN_POINT('',(0.018,-0.068,0.0208732343375169));
#9002=CARTESIAN_POINT('',(0.018,0.,0.0208732343375169));
#9003=CARTESIAN_POINT('',(0.018,-0.064,0.0208732343375169));
#9004=CARTESIAN_POINT('',(0.018,-0.064,0.0187732343375169));
#9005=CARTESIAN_POINT('',(0.018,0.0451779961028256,-0.0365636337958832));
#9006=CARTESIAN_POINT('',(0.018,0.04505413878544,-0.0347390327970536));
#9007=CARTESIAN_POINT('',(0.018,0.0436676752132908,-0.0355324014017863));
#9008=CARTESIAN_POINT('',(0.018,0.0043783923497919,-0.0375001782964858));
#9009=CARTESIAN_POINT('',(0.018,0.081271079868447,-0.0322805593174641));
#9010=CARTESIAN_POINT('',(0.018,0.0813949371858326,-0.0341051603162938));
#9011=CARTESIAN_POINT('',(0.018,0.0829345657551698,-0.0350921017068945));
#9012=CARTESIAN_POINT('',(0.018,0.0869912738480127,-0.0287636370820595));
#9013=CARTESIAN_POINT('',(0.018,0.0693494341229971,-0.0562849070530838));
#9014=CARTESIAN_POINT('',(0.018,0.06780980555366,-0.0552979656624831));
#9015=CARTESIAN_POINT('',(0.018,0.06780980555366,-0.0571267656624831));
#9016=CARTESIAN_POINT('',(0.018,0.,-0.0571267656624831));
#9017=CARTESIAN_POINT('',(0.018,0.0640010747396255,-0.0571284350403858));
#9018=CARTESIAN_POINT('',(0.018,0.0640081726448411,-0.0692301023364594));
#9019=CARTESIAN_POINT('',(0.018,0.0546418627102363,-0.0768905356276593));
#9020=CARTESIAN_POINT('',(0.018,0.0532262339822689,-0.0780483373138532));
#9021=CARTESIAN_POINT('',(0.018,0.054765862551606,-0.0790352787044539));
#9022=CARTESIAN_POINT('',(0.018,0.0869912738480127,-0.0287636370820595));
#9023=CARTESIAN_POINT('',(0.018,0.0489348906855352,-0.0881315948155244));
#9024=CARTESIAN_POINT('',(0.018,0.0473952621161981,-0.0871446534249236));
#9025=CARTESIAN_POINT('',(0.018,0.045767907714379,-0.0879790556605871));
#9026=CARTESIAN_POINT('',(0.018,-0.0104410097189948,0.0216465245416885));
#9027=CARTESIAN_POINT('',(0.018,0.0300051196888121,-0.0572365176112374));
#9028=CARTESIAN_POINT('',(0.018,0.0316324740906311,-0.0564021153755739));
#9029=CARTESIAN_POINT('',(0.018,0.0301221532010964,-0.055370882981477));
#9030=CARTESIAN_POINT('',(0.018,0.0589033148585755,-0.0132186097158197));
#9031=CARTESIAN_POINT('',(0.018,-0.0239012722672862,-0.0470513392360817));
#9032=CARTESIAN_POINT('',(0.018,-0.025411593156821,-0.0480825716301785));
#9033=CARTESIAN_POINT('',(0.018,-0.022645705739214,-0.0483810242113991));
#9034=CARTESIAN_POINT('',(0.018,-0.0522964868203654,-0.00870753187637579));
#9035=CARTESIAN_POINT('',(0.018,-0.0375782286688027,-0.0302635777018555));
#9036=CARTESIAN_POINT('',(0.018,-0.0360679077792679,-0.0292323453077587));
#9037=CARTESIAN_POINT('',(0.018,-0.0378955920594298,-0.0291684734669446));
#9038=CARTESIAN_POINT('',(0.018,-0.0358888493839566,0.0282542028728553));
#9039=CARTESIAN_POINT('',(0.018,-0.0369823826203005,-0.00303710610505398));
#9040=CARTESIAN_POINT('',(0.018,-0.0351546983401386,-0.00310097794586803));
#9041=CARTESIAN_POINT('',(0.018,-0.0362064806217325,-0.00160489523688264));
#9042=CARTESIAN_POINT('',(0.018,0.00148244571003122,0.0248913303327128));
#9043=CARTESIAN_POINT('',(0.018,-0.0195810053985071,0.010083215425613));
#9044=CARTESIAN_POINT('',(0.018,-0.0185292231169132,0.00858713271662757));
#9045=CARTESIAN_POINT('',(0.018,-0.0168288576540549,0.00791388184754636));
#9046=CARTESIAN_POINT('',(0.018,1.7347234759768E-17,0.00125058311046744));
#9047=CARTESIAN_POINT('',(0.018,-0.00529391032074184,-0.0160579267478636));
#9048=CARTESIAN_POINT('',(0.018,-0.0058288,-0.0178067556334391));
#9049=CARTESIAN_POINT('',(0.018,-0.004,-0.0178067556334391));
#9050=CARTESIAN_POINT('',(0.018,-0.004,0.027));
#9051=CARTESIAN_POINT('',(0.018,-0.004,-0.0299862511291034));
#9052=CARTESIAN_POINT('',(0.018,-0.0058288,-0.0299862511291034));
#9053=CARTESIAN_POINT('',(0.018,-0.00457323347192785,-0.0313159361044208));
#9054=CARTESIAN_POINT('',(0.018,0.0269544633805811,-0.00154563591300384));
#9055=CARTESIAN_POINT('',(0.018,0.0812885511620545,0.0229476657303489));
#9056=CARTESIAN_POINT('',(0.018,0.0795438134699945,0.0223995783049274));
#9057=CARTESIAN_POINT('',(0.018,0.0807596675799616,0.0211970111109014));
#9058=CARTESIAN_POINT('',(0.018,0.068,0.018773234337517));
#9059=CARTESIAN_POINT('',(0.018,0.0747298093947856,0.028829061777855));
#9060=CARTESIAN_POINT('',(0.018,0.0757469561238091,0.0303489045235485));
#9061=CARTESIAN_POINT('',(0.018,0.0739507205177985,0.0306924843362552));
#9062=CARTESIAN_POINT('',(0.018,0.0706592109023356,0.0134844687597796));
#9063=CARTESIAN_POINT('',(0.018,0.0766585480774354,0.0448490095384731));
#9064=CARTESIAN_POINT('',(0.018,0.078454783683446,0.0445054297257663));
#9065=CARTESIAN_POINT('',(0.018,0.0769370827833866,0.0455257695799124));
#9066=CARTESIAN_POINT('',(0.018,0.0444099942286318,-0.00285653301786472));
#9067=CARTESIAN_POINT('',(0.018,0.0866534990999406,0.05997841859589));
#9068=CARTESIAN_POINT('',(0.018,0.0881712,0.058958078741744));
#9069=CARTESIAN_POINT('',(0.018,0.09,0.058958078741744));
#9070=CARTESIAN_POINT('',(0.018,0.09,0.027));
#9071=CARTESIAN_POINT('',(0.018,0.09,0.0208683749717588));
#9072=CARTESIAN_POINT('',(0.018,0.0881712,0.0208683749717588));
#9073=CARTESIAN_POINT('',(0.018,0.0876423164179071,0.0191177203523114));
#9074=CARTESIAN_POINT('',(0.018,0.00514783305266755,0.0440398137112409));
#9075=CARTESIAN_POINT('',(0.018,0.,0.00667323433751691));
#9076=CARTESIAN_POINT('',(0.018,-0.068,0.00667323433751692));
#9077=CARTESIAN_POINT('',(0.018,-0.064,0.0066732343375169));
#9078=CARTESIAN_POINT('',(0.018,-0.064,0.0187732343375169));
#9079=CARTESIAN_POINT('',(0.018,-0.0595715067327338,0.00751275267012019));
#9080=CARTESIAN_POINT('',(0.018,-0.0589021820643721,0.00581083788719993));
#9081=CARTESIAN_POINT('',(0.018,-0.0578325120167382,0.00729418391196794));
#9082=CARTESIAN_POINT('',(0.018,-0.0291339142485227,-0.0134009404414696));
#9083=CARTESIAN_POINT('',(0.018,-0.0457429716829441,-0.00142382184582088));
#9084=CARTESIAN_POINT('',(0.018,-0.0468126417305779,-0.00290716787058888));
#9085=CARTESIAN_POINT('',(0.018,-0.044984957450416,-0.00297103971140293));
#9086=CARTESIAN_POINT('',(0.018,-0.0438839687197481,0.0285336072508695));
#9087=CARTESIAN_POINT('',(0.018,-0.0457471254944305,-0.024780377521825));
#9088=CARTESIAN_POINT('',(0.018,-0.0475748097745925,-0.024716505681011));
#9089=CARTESIAN_POINT('',(0.018,-0.0476986670919781,-0.0265411066798407));
#9090=CARTESIAN_POINT('',(0.018,-0.00383658431223442,-0.0295185466305645));
#9091=CARTESIAN_POINT('',(0.018,-0.0882950573173857,-0.0237853480279025));
#9092=CARTESIAN_POINT('',(0.018,-0.0881712,-0.0219607470290729));
#9093=CARTESIAN_POINT('',(0.018,-0.09,-0.0219607470290729));
#9094=CARTESIAN_POINT('',(0.018,-0.09,0.027));
#9095=CARTESIAN_POINT('',(0.018,-0.09,0.0086904052893498));
#9096=CARTESIAN_POINT('',(0.018,-0.0881712,0.0086904052893498));
#9097=CARTESIAN_POINT('',(0.018,-0.0887000835820929,0.0104410599087972));
#9098=CARTESIAN_POINT('',(0.018,-0.00283425657807049,0.0363816570207448));
#9099=CARTESIAN_POINT('',(0.018,-0.0802473525554776,0.0129946822019455));
#9100=CARTESIAN_POINT('',(0.018,-0.0797184689733847,0.0112440275824981));
#9101=CARTESIAN_POINT('',(0.018,-0.0781798772742774,0.0122325846235625));
#9102=CARTESIAN_POINT('',(0.018,-0.068,0.0187732343375169));
#9103=CARTESIAN_POINT('',(0.018,-0.0665436916441017,0.044285077002061));
#9104=CARTESIAN_POINT('',(0.018,-0.0676390918216671,0.0457495249837215));
#9105=CARTESIAN_POINT('',(0.018,-0.0683399272501123,0.0439414971893542));
#9106=CARTESIAN_POINT('',(0.018,-0.0332597132418249,0.0714651378785176));
#9107=CARTESIAN_POINT('',(0.018,-0.0456481932358123,0.0621986133210581));
#9108=CARTESIAN_POINT('',(0.018,-0.0445527930582469,0.0607341653393975));
#9109=CARTESIAN_POINT('',(0.018,-0.0433342193519293,0.0620978322937055));
#9110=CARTESIAN_POINT('',(0.018,-0.00180141675006389,0.0249840919919219));
#9111=CARTESIAN_POINT('',(0.018,-0.00813993366119806,0.030648194961167));
#9112=CARTESIAN_POINT('',(0.018,-0.00935850736751559,0.0292845280068591));
#9113=CARTESIAN_POINT('',(0.018,-0.00830672508592166,0.0277884452978737));
#9114=CARTESIAN_POINT('',(0.018,-0.00311852665039719,0.0314358741165509));
#9115=CARTESIAN_POINT('',(0.018,-0.0397839462456591,0.00565919850504214));
#9116=CARTESIAN_POINT('',(0.018,-0.040835728527253,0.00715528121402752));
#9117=CARTESIAN_POINT('',(0.018,-0.0419053985748868,0.00567193518925951));
#9118=CARTESIAN_POINT('',(0.018,-0.0244546926928192,-0.00691211268657893));
#9119=CARTESIAN_POINT('',(0.018,-0.0518658823638477,0.0128546363197392));
#9120=CARTESIAN_POINT('',(0.018,-0.0507962123162138,0.0143379823445072));
#9121=CARTESIAN_POINT('',(0.018,-0.0525298208766145,0.0149203145515039));
#9122=CARTESIAN_POINT('',(0.018,-0.064,0.0187732343375169));
#9123=CARTESIAN_POINT('',(0.018,-0.064,0.0308732343375169));
#9124=CARTESIAN_POINT('',(0.018,0.,0.030873234337517));
#9125=CARTESIAN_POINT('',(0.018,-0.0643281139014372,0.030873234337517));
#9126=CARTESIAN_POINT('',(0.018,-0.0643281139014372,0.0327020343375169));
#9127=CARTESIAN_POINT('',(0.018,-0.0661243495074478,0.0323584545248101));
#9128=CARTESIAN_POINT('',(0.018,-0.0628016623196119,0.0149874425686456));
#9129=CARTESIAN_POINT('',(0.018,0.0445527930582469,0.0607341653393975));
#9130=CARTESIAN_POINT('',(0.018,0.0456481932358123,0.062198613321058));
#9131=CARTESIAN_POINT('',(0.018,0.0433342193519293,0.0620978322937055));
#9132=CARTESIAN_POINT('',(0.018,0.0332597132418248,0.0714651378785175));
#9133=CARTESIAN_POINT('',(0.018,0.0676390918216671,0.0457495249837215));
#9134=CARTESIAN_POINT('',(0.018,0.0665436916441017,0.0442850770020609));
#9135=CARTESIAN_POINT('',(0.018,0.0683399272501123,0.0439414971893542));
#9136=CARTESIAN_POINT('',(0.018,0.0628016623196119,0.0149874425686456));
#9137=CARTESIAN_POINT('',(0.018,0.0661243495074478,0.0323584545248103));
#9138=CARTESIAN_POINT('',(0.018,0.0643281139014372,0.0327020343375171));
#9139=CARTESIAN_POINT('',(0.018,0.0643281139014372,0.030873234337517));
#9140=CARTESIAN_POINT('',(0.018,0.,0.030873234337517));
#9141=CARTESIAN_POINT('',(0.018,0.06401,0.030873234337517));
#9142=CARTESIAN_POINT('',(0.018,0.06401,0.0208632343375171));
#9143=CARTESIAN_POINT('',(0.018,0.0634058588472988,0.0308549866096469));
#9144=CARTESIAN_POINT('',(0.018,0.0632954838882518,0.0326804527989847));
#9145=CARTESIAN_POINT('',(0.018,0.0633890572899842,0.0308540482823214));
#9146=CARTESIAN_POINT('',(0.018,0.0640081726448411,0.0187698976635405));
#9147=CARTESIAN_POINT('',(0.018,0.0525358269586176,0.0149234337737075));
#9148=CARTESIAN_POINT('',(0.018,0.0508018909428353,0.0143420773140607));
#9149=CARTESIAN_POINT('',(0.018,0.0518715609904692,0.0128587312892927));
#9150=CARTESIAN_POINT('',(0.018,0.0244546926928192,-0.00691211268657891));
#9151=CARTESIAN_POINT('',(0.018,0.0419053985748868,0.00567193518925952));
#9152=CARTESIAN_POINT('',(0.018,0.040835728527253,0.00715528121402753));
#9153=CARTESIAN_POINT('',(0.018,0.0397839462456591,0.00565919850504214));
#9154=CARTESIAN_POINT('',(0.018,0.0031185266503972,0.0314358741165509));
#9155=CARTESIAN_POINT('',(0.018,0.00830672508592166,0.0277884452978737));
#9156=CARTESIAN_POINT('',(0.018,0.0093585073675156,0.0292845280068591));
#9157=CARTESIAN_POINT('',(0.018,0.00813993366119806,0.030648194961167));
#9158=CARTESIAN_POINT('',(0.018,0.00180141675006389,0.0249840919919219));
#9159=CARTESIAN_POINT('',(0.018,-0.0316324740906312,-0.0564021153755739));
#9160=CARTESIAN_POINT('',(0.018,-0.0300051196888121,-0.0572365176112374));
#9161=CARTESIAN_POINT('',(0.018,-0.0301221532010964,-0.055370882981477));
#9162=CARTESIAN_POINT('',(0.018,0.0104410097189948,0.0216465245416885));
#9163=CARTESIAN_POINT('',(0.018,-0.0370940118061538,-0.0710621514579677));
#9164=CARTESIAN_POINT('',(0.018,-0.0387213662079729,-0.0702277492223042));
#9165=CARTESIAN_POINT('',(0.018,-0.0382119907980558,-0.0719841791616334));
#9166=CARTESIAN_POINT('',(0.018,-0.0348,-0.0837494168895326));
#9167=CARTESIAN_POINT('',(0.018,-0.0470087115527525,-0.0847543359020347));
#9168=CARTESIAN_POINT('',(0.018,-0.0488313476088891,-0.0849043600563256));
#9169=CARTESIAN_POINT('',(0.018,-0.0503709761782262,-0.0858913014469263));
#9170=CARTESIAN_POINT('',(0.018,-0.0869912738480127,-0.0287636370820595));
#9171=CARTESIAN_POINT('',(0.018,-0.054763472349419,-0.0790390074198656));
#9172=CARTESIAN_POINT('',(0.018,-0.0532238437800819,-0.0780520660292649));
#9173=CARTESIAN_POINT('',(0.018,-0.0546387132946837,-0.0768933366835373));
#9174=CARTESIAN_POINT('',(0.018,-0.064,-0.0692267656624831));
#9175=CARTESIAN_POINT('',(0.018,-0.064,-0.0571267656624831));
#9176=CARTESIAN_POINT('',(0.018,0.,-0.0571267656624831));
#9177=CARTESIAN_POINT('',(0.018,-0.06780980555366,-0.0571267656624831));
#9178=CARTESIAN_POINT('',(0.018,-0.06780980555366,-0.0552979656624831));
#9179=CARTESIAN_POINT('',(0.018,-0.0693494341229971,-0.0562849070530838));
#9180=CARTESIAN_POINT('',(0.018,-0.0869912738480127,-0.0287636370820595));
#9181=CARTESIAN_POINT('',(0.018,-0.0829345657551697,-0.0350921017068945));
#9182=CARTESIAN_POINT('',(0.018,-0.0813949371858326,-0.0341051603162938));
#9183=CARTESIAN_POINT('',(0.018,-0.0812710798684469,-0.0322805593174641));
#9184=CARTESIAN_POINT('',(0.018,-0.00437839234979191,-0.0375001782964858));
#9185=CARTESIAN_POINT('',(0.018,-0.04505413878544,-0.0347390327970536));
#9186=CARTESIAN_POINT('',(0.018,-0.0451779961028257,-0.0365636337958832));
#9187=CARTESIAN_POINT('',(0.018,-0.0436676752132908,-0.0355324014017863));
#9188=CARTESIAN_POINT('',(0.018,-0.0589033148585755,-0.0132186097158197));
#9189=CARTESIAN_POINT('',(0.018,0.0239012722672862,-0.0470513392360817));
#9190=CARTESIAN_POINT('',(0.018,0.022645705739214,-0.0483810242113991));
#9191=CARTESIAN_POINT('',(0.018,0.025411593156821,-0.0480825716301785));
#9192=CARTESIAN_POINT('',(0.018,-0.0269544633805811,-0.00154563591300382));
#9193=CARTESIAN_POINT('',(0.018,0.00457323347192786,-0.0313159361044208));
#9194=CARTESIAN_POINT('',(0.018,0.0058288,-0.0299862511291034));
#9195=CARTESIAN_POINT('',(0.018,0.004,-0.0299862511291034));
#9196=CARTESIAN_POINT('',(0.018,0.004,0.027));
#9197=CARTESIAN_POINT('',(0.018,0.004,-0.0178067556334391));
#9198=CARTESIAN_POINT('',(0.018,0.0058288,-0.0178067556334391));
#9199=CARTESIAN_POINT('',(0.018,0.00529391032074184,-0.0160579267478636));
#9200=CARTESIAN_POINT('',(0.018,1.7347234759768E-17,0.00125058311046744));
#9201=CARTESIAN_POINT('',(0.018,0.016828857654055,0.00791388184754634));
#9202=CARTESIAN_POINT('',(0.018,0.0185292231169133,0.00858713271662755));
#9203=CARTESIAN_POINT('',(0.018,0.0195810053985072,0.0100832154256129));
#9204=CARTESIAN_POINT('',(0.018,-0.00148244571003122,0.0248913303327128));
#9205=CARTESIAN_POINT('',(0.018,0.0362064806217325,-0.00160489523688265));
#9206=CARTESIAN_POINT('',(0.018,0.0351546983401386,-0.00310097794586803));
#9207=CARTESIAN_POINT('',(0.018,0.0369823826203005,-0.00303710610505398));
#9208=CARTESIAN_POINT('',(0.018,0.0358888493839566,0.0282542028728553));
#9209=CARTESIAN_POINT('',(0.018,0.0378955920594298,-0.0291684734669446));
#9210=CARTESIAN_POINT('',(0.018,0.0360679077792679,-0.0292323453077587));
#9211=CARTESIAN_POINT('',(0.018,0.0375782286688027,-0.0302635777018555));
#9212=CARTESIAN_POINT('',(0.018,0.0522964868203654,-0.0087075318763758));
#9213=CARTESIAN_POINT('',(0.018,0.0475748097745925,-0.024716505681011));
#9214=CARTESIAN_POINT('',(0.018,0.0457471254944305,-0.024780377521825));
#9215=CARTESIAN_POINT('',(0.018,0.0476986670919781,-0.0265411066798407));
#9216=CARTESIAN_POINT('',(0.018,0.043883968719748,0.0285336072508695));
#9217=CARTESIAN_POINT('',(0.018,0.0449849574504159,-0.00297103971140293));
#9218=CARTESIAN_POINT('',(0.018,0.0468126417305779,-0.00290716787058888));
#9219=CARTESIAN_POINT('',(0.018,0.0457429716829441,-0.00142382184582087));
#9220=CARTESIAN_POINT('',(0.018,0.0291339142485227,-0.0134009404414696));
#9221=CARTESIAN_POINT('',(0.018,0.0578325120167382,0.00729418391196794));
#9222=CARTESIAN_POINT('',(0.018,0.058902182064372,0.00581083788719993));
#9223=CARTESIAN_POINT('',(0.018,0.0595715067327337,0.00751275267012019));
#9224=CARTESIAN_POINT('',(0.018,0.064,0.018773234337517));
#9225=CARTESIAN_POINT('',(0.018,0.064,0.00667323433751689));
#9226=CARTESIAN_POINT('',(0.018,0.,0.00667323433751703));
#9227=CARTESIAN_POINT('',(0.018,0.068,0.00667323433751702));
#9228=CARTESIAN_POINT('',(0.018,0.068,0.018773234337517));
#9229=CARTESIAN_POINT('',(0.018,0.0781798772742773,0.0122325846235626));
#9230=CARTESIAN_POINT('',(0.018,0.0797184689733846,0.0112440275824981));
#9231=CARTESIAN_POINT('',(0.018,0.0802473525554775,0.0129946822019455));
#9232=CARTESIAN_POINT('',(0.018,0.00283425657807049,0.0363816570207448));
#9233=CARTESIAN_POINT('',(0.018,0.0887000835820929,0.0104410599087972));
#9234=CARTESIAN_POINT('',(0.018,0.0881712,0.0086904052893498));
#9235=CARTESIAN_POINT('',(0.018,0.09,0.0086904052893498));
#9236=CARTESIAN_POINT('',(0.018,0.09,0.027));
#9237=CARTESIAN_POINT('',(0.018,0.09,-0.0219607470290729));
#9238=CARTESIAN_POINT('',(0.018,0.0881712,-0.0219607470290729));
#9239=CARTESIAN_POINT('',(0.018,0.0882950573173857,-0.0237853480279025));
#9240=CARTESIAN_POINT('',(0.018,0.00383658431223442,-0.0295185466305645));
#9241=CARTESIAN_POINT('',(0.018,0.020134593177438,-0.0595280559026269));
#9242=CARTESIAN_POINT('',(0.018,0.0217619475792571,-0.0586936536669634));
#9243=CARTESIAN_POINT('',(0.018,0.0213901597055102,-0.0581983709273095));
#9244=CARTESIAN_POINT('',(0.018,-0.0175597953787456,0.0179964710173515));
#9245=CARTESIAN_POINT('',(0.018,0.03901197905256,-0.0923367977643365));
#9246=CARTESIAN_POINT('',(0.018,0.037384624650741,-0.0931712));
#9247=CARTESIAN_POINT('',(0.018,0.037384624650741,-0.095));
#9248=CARTESIAN_POINT('',(0.018,0.,-0.095));
#9249=CARTESIAN_POINT('',(0.018,0.0287669212931849,-0.095));
#9250=CARTESIAN_POINT('',(0.018,0.0287669212931849,-0.0931712));
#9251=CARTESIAN_POINT('',(0.018,0.0269396643067247,-0.0932463088905004));
#9252=CARTESIAN_POINT('',(0.018,0.0147,-0.0937494168895326));
#9253=CARTESIAN_POINT('',(0.018,0.0261514426224458,-0.0893989040617347));
#9254=CARTESIAN_POINT('',(0.018,0.0278610261545215,-0.0887494168895326));
#9255=CARTESIAN_POINT('',(0.018,0.0261514426224458,-0.0880999297173304));
#9256=CARTESIAN_POINT('',(0.018,0.0147,-0.0837494168895326));
#9257=CARTESIAN_POINT('',(0.018,0.0179655188334634,-0.0719426863197137));
#9258=CARTESIAN_POINT('',(0.018,0.0184530274736788,-0.0701800619224823));
#9259=CARTESIAN_POINT('',(0.018,0.0171534240811167,-0.0714667399949002));
#9260=CARTESIAN_POINT('',(0.018,0.01004,-0.0785094168895325));
#9261=CARTESIAN_POINT('',(0.018,0.01004,-0.0684994168895325));
#9262=CARTESIAN_POINT('',(0.018,0.,-0.0684994168895326));
#9263=CARTESIAN_POINT('',(0.018,0.0058288,-0.0684994168895326));
#9264=CARTESIAN_POINT('',(0.018,0.0058288,-0.0666706168895326));
#9265=CARTESIAN_POINT('',(0.018,0.004,-0.0666706168895326));
#9266=CARTESIAN_POINT('',(0.018,0.004,0.027));
#9267=CARTESIAN_POINT('',(0.018,0.004,-0.0460196870750205));
#9268=CARTESIAN_POINT('',(0.018,0.0058288,-0.0460196870750205));
#9269=CARTESIAN_POINT('',(0.018,0.00708436652807216,-0.0446900020997031));
#9270=CARTESIAN_POINT('',(0.018,-0.0324468803887708,-0.00736228059943165));
#9271=CARTESIAN_POINT('',(0.01045,-0.095,0.02700000000001));
#9272=CARTESIAN_POINT('',(0.01045,-0.1,0.02700000000001));
#9273=CARTESIAN_POINT('',(0.00625000000001,-0.1,0.02700000000001));
#9274=CARTESIAN_POINT('',(0.008,-0.1,0.02700000000001));
#9275=CARTESIAN_POINT('',(0.008,-0.095,0.02700000000001));
#9276=CARTESIAN_POINT('',(0.008,-0.095,0.02700000000001));
#9277=CARTESIAN_POINT('',(0.01045,-0.095,0.02700000000001));
#9278=CARTESIAN_POINT('',(0.00625000000001,-0.095,0.02700000000001));
#9279=CARTESIAN_POINT('',(0.00625000000001,-0.095,0.02700000000001));
#9280=CARTESIAN_POINT('',(0.007075000000005,-0.095,-0.02700000000001));
#9281=CARTESIAN_POINT('',(0.0155,0.1,-0.027));
#9282=CARTESIAN_POINT('',(0.00625000000001,0.1,-0.02700000000001));
#9283=CARTESIAN_POINT('',(0.008,0.1,-0.027));
#9284=CARTESIAN_POINT('',(0.008,0.095,-0.02700000000001));
#9285=CARTESIAN_POINT('',(0.008,0.095,-0.02700000000001));
#9286=CARTESIAN_POINT('',(0.01045,0.095,-0.02700000000001));
#9287=CARTESIAN_POINT('',(0.00625000000001,0.095,-0.02700000000001));
#9288=CARTESIAN_POINT('',(0.00625000000001,0.095,-0.02700000000001));
#9289=CARTESIAN_POINT('',(0.007075000000005,-0.095,-0.02700000000001));
#9290=CARTESIAN_POINT('',(0.007075000000005,-0.095,-0.02700000000001));
#9291=CARTESIAN_POINT('',(0.00625000000001,-0.095,-0.02700000000001));
#9292=CARTESIAN_POINT('',(0.008,-0.095,-0.02700000000001));
#9293=CARTESIAN_POINT('',(0.008,-0.1,-0.02700000000001));
#9294=CARTESIAN_POINT('',(0.008,-0.1,-0.027));
#9295=CARTESIAN_POINT('',(0.007075000000005,-0.1,-0.02700000000001));
#9296=CARTESIAN_POINT('',(0.00625000000001,-0.1,-0.02700000000001));
#9297=CARTESIAN_POINT('',(0.00625000000001,-0.095,-0.02700000000001));
#9298=CARTESIAN_POINT('',(-0.00880032856924404,-0.095,0.0188254424074093));
#9299=CARTESIAN_POINT('',(-0.00880032856924404,-0.1,0.0188254424074093));
#9300=CARTESIAN_POINT('',(-0.0103,-0.1,0.0188254424074093));
#9301=CARTESIAN_POINT('',(-0.00940000000001,-0.1,0.0202));
#9302=CARTESIAN_POINT('',(-0.0103,-0.095,0.0188254424074093));
#9303=CARTESIAN_POINT('',(-0.0103,-0.095,0.0188254424074093));
#9304=CARTESIAN_POINT('',(-0.00880032856924404,-0.095,0.0188254424074093));
#9305=CARTESIAN_POINT('',(-0.00940000000001,-0.095,0.0202));
#9306=CARTESIAN_POINT('',(-0.00940000000001,-0.095,0.0202));
#9307=CARTESIAN_POINT('',(0.,-0.095,0.0202));
#9308=CARTESIAN_POINT('',(0.,-0.1,0.0202));
#9309=CARTESIAN_POINT('',(0.00940000000001,-0.1,0.0202));
#9310=CARTESIAN_POINT('',(0.,-0.095,0.0202));
#9311=CARTESIAN_POINT('',(0.00940000000001,-0.095,0.0202));
#9312=CARTESIAN_POINT('',(0.00940000000001,-0.095,0.0202));
#9313=CARTESIAN_POINT('',(0.00879999999998064,-0.095,0.018825227291526));
#9314=CARTESIAN_POINT('',(0.00879999999998064,-0.1,0.018825227291526));
#9315=CARTESIAN_POINT('',(0.0102999999999806,-0.1,0.0188252272915276));
#9316=CARTESIAN_POINT('',(0.00879999999998064,-0.095,0.018825227291526));
#9317=CARTESIAN_POINT('',(0.0102999999999806,-0.095,0.0188252272915276));
#9318=CARTESIAN_POINT('',(0.0102999999999806,-0.095,0.0188252272915276));
#9319=CARTESIAN_POINT('',(0.0103,-0.095,9.99894611553032E-15));
#9320=CARTESIAN_POINT('',(0.0103,-0.1,9.99894611553032E-15));
#9321=CARTESIAN_POINT('',(0.0103000000000194,-0.1,-0.0188252272915076));
#9322=CARTESIAN_POINT('',(0.0103,-0.095,9.99894611553032E-15));
#9323=CARTESIAN_POINT('',(0.0103000000000194,-0.095,-0.0188252272915076));
#9324=CARTESIAN_POINT('',(0.0103000000000194,-0.095,-0.0188252272915076));
#9325=CARTESIAN_POINT('',(0.00880000000001938,-0.095,-0.0188252272915092));
#9326=CARTESIAN_POINT('',(0.00880000000001938,-0.1,-0.0188252272915092));
#9327=CARTESIAN_POINT('',(0.00940000000001,-0.1,-0.0202));
#9328=CARTESIAN_POINT('',(0.00880000000001938,-0.095,-0.0188252272915092));
#9329=CARTESIAN_POINT('',(0.00940000000001,-0.095,-0.0202));
#9330=CARTESIAN_POINT('',(0.00940000000001,-0.095,-0.0202));
#9331=CARTESIAN_POINT('',(0.,-0.095,-0.0202));
#9332=CARTESIAN_POINT('',(0.,-0.1,-0.0202));
#9333=CARTESIAN_POINT('',(-0.00940000000001,-0.1,-0.0202));
#9334=CARTESIAN_POINT('',(0.,-0.095,-0.0202));
#9335=CARTESIAN_POINT('',(-0.00940000000001,-0.095,-0.0202));
#9336=CARTESIAN_POINT('',(-0.00940000000001,-0.095,-0.0202));
#9337=CARTESIAN_POINT('',(-0.00880032856924458,-0.095,-0.0188254424074096));
#9338=CARTESIAN_POINT('',(-0.00880032856924458,-0.1,-0.0188254424074096));
#9339=CARTESIAN_POINT('',(-0.0103,-0.1,-0.0188254424074096));
#9340=CARTESIAN_POINT('',(-0.00880032856924458,-0.095,-0.0188254424074096));
#9341=CARTESIAN_POINT('',(-0.0103,-0.095,-0.0188254424074096));
#9342=CARTESIAN_POINT('',(-0.0103,-0.095,-0.0188254424074096));
#9343=CARTESIAN_POINT('',(-0.013,-0.095,0.0236000000000138));
#9344=CARTESIAN_POINT('',(-0.013,-0.1,0.0236000000000138));
#9345=CARTESIAN_POINT('',(-0.013,-0.1,0.0270000000000276));
#9346=CARTESIAN_POINT('',(-0.013,-0.1,-0.026999999999966));
#9347=CARTESIAN_POINT('',(-0.013,-0.095,0.0270000000000276));
#9348=CARTESIAN_POINT('',(-0.013,-0.095,0.0270000000000276));
#9349=CARTESIAN_POINT('',(-0.013,-0.095,0.0236000000000138));
#9350=CARTESIAN_POINT('',(-0.013,-0.095,-0.026999999999966));
#9351=CARTESIAN_POINT('',(-0.013,-0.095,-0.026999999999966));
#9352=CARTESIAN_POINT('',(-0.010450000000005,-0.095,-0.026999999999983));
#9353=CARTESIAN_POINT('',(-0.010450000000005,-0.095,-0.026999999999983));
#9354=CARTESIAN_POINT('',(-0.00625,-0.095,-0.02700000000001));
#9355=CARTESIAN_POINT('',(-0.00625,-0.095,-0.02700000000001));
#9356=CARTESIAN_POINT('',(-0.00625,-0.1,-0.02700000000001));
#9357=CARTESIAN_POINT('',(-0.010450000000005,-0.1,-0.026999999999983));
#9358=CARTESIAN_POINT('',(-0.00625000000001,-0.095,-0.0268104143466989));
#9359=CARTESIAN_POINT('',(-0.00625000000001,-0.1,-0.0268104143466989));
#9360=CARTESIAN_POINT('',(-0.00625000000000653,-0.1,-0.0266208286933826));
#9361=CARTESIAN_POINT('',(-0.00625000000001,-0.095,-0.0268104143466989));
#9362=CARTESIAN_POINT('',(-0.00625000000000653,-0.095,-0.0266208286933826));
#9363=CARTESIAN_POINT('',(-0.00625000000000653,-0.095,-0.0266208286933826));
#9364=CARTESIAN_POINT('',(-0.005,-0.095,-0.02475));
#9365=CARTESIAN_POINT('',(-0.005,-0.1,-0.02475));
#9366=CARTESIAN_POINT('',(-0.00365000000001,-0.1,-0.0265500000000084));
#9367=CARTESIAN_POINT('',(-0.005,-0.095,-0.02475));
#9368=CARTESIAN_POINT('',(-0.00365000000001,-0.095,-0.0265500000000084));
#9369=CARTESIAN_POINT('',(-0.00365000000001,-0.095,-0.0265500000000084));
#9370=CARTESIAN_POINT('',(-0.00365000000001,-0.095,-0.0267750000000044));
#9371=CARTESIAN_POINT('',(-0.00365000000001,-0.1,-0.0267750000000044));
#9372=CARTESIAN_POINT('',(-0.00365000000001,-0.1,-0.02700000000001));
#9373=CARTESIAN_POINT('',(-0.00365000000001,-0.095,-0.0267750000000044));
#9374=CARTESIAN_POINT('',(-0.00365000000001,-0.095,-0.02700000000001));
#9375=CARTESIAN_POINT('',(-0.00365000000001,-0.095,-0.02700000000001));
#9376=CARTESIAN_POINT('',(-4.99990673863415E-15,-0.095,-0.02700000000001));
#9377=CARTESIAN_POINT('',(-4.99990673863415E-15,-0.1,-0.02700000000001));
#9378=CARTESIAN_POINT('',(0.00365000000001,-0.1,-0.02700000000001));
#9379=CARTESIAN_POINT('',(-4.99990673863415E-15,-0.095,-0.02700000000001));
#9380=CARTESIAN_POINT('',(0.00365000000001,-0.095,-0.02700000000001));
#9381=CARTESIAN_POINT('',(0.00365000000001,-0.095,-0.02700000000001));
#9382=CARTESIAN_POINT('',(0.00365000000001,-0.095,-0.0267750000000051));
#9383=CARTESIAN_POINT('',(0.00365000000001,-0.1,-0.0267750000000051));
#9384=CARTESIAN_POINT('',(0.00365000000000654,-0.1,-0.0265500000000049));
#9385=CARTESIAN_POINT('',(0.00365000000001,-0.095,-0.0267750000000051));
#9386=CARTESIAN_POINT('',(0.00365000000000654,-0.095,-0.0265500000000049));
#9387=CARTESIAN_POINT('',(0.00365000000000654,-0.095,-0.0265500000000049));
#9388=CARTESIAN_POINT('',(0.005,-0.095,-0.02475));
#9389=CARTESIAN_POINT('',(0.005,-0.1,-0.02475));
#9390=CARTESIAN_POINT('',(0.00625000000001,-0.1,-0.0266208286933878));
#9391=CARTESIAN_POINT('',(0.005,-0.095,-0.02475));
#9392=CARTESIAN_POINT('',(0.00625000000001,-0.095,-0.0266208286933878));
#9393=CARTESIAN_POINT('',(0.00625000000001,-0.095,-0.0266208286933878));
#9394=CARTESIAN_POINT('',(0.00625000000001,-0.095,-0.0268104143466941));
#9395=CARTESIAN_POINT('',(0.00625000000001,-0.1,-0.0268104143466941));
#9396=CARTESIAN_POINT('',(0.00625000000001,-0.095,-0.0268104143466941));
#9397=CARTESIAN_POINT('',(0.01045,-0.095,0.02700000000001));
#9398=CARTESIAN_POINT('',(0.007075,0.095,0.02700000000001));
#9399=CARTESIAN_POINT('',(0.008,0.095,0.02700000000001));
#9400=CARTESIAN_POINT('',(0.00625000000001,0.095,0.02700000000001));
#9401=CARTESIAN_POINT('',(0.008,-0.095,0.02700000000001));
#9402=CARTESIAN_POINT('',(0.008,0.1,0.027));
#9403=CARTESIAN_POINT('',(0.0155,0.1,0.027));
#9404=CARTESIAN_POINT('',(0.00625000000001,0.1,0.02700000000001));
#9405=CARTESIAN_POINT('',(0.00625000000001,0.095,0.02700000000001));
#9406=CARTESIAN_POINT('',(0.00625000000001,-0.095,0.0268104143466989));
#9407=CARTESIAN_POINT('',(0.00625000000001,-0.1,0.0268104143466989));
#9408=CARTESIAN_POINT('',(0.00625000000000653,-0.1,0.0266208286933826));
#9409=CARTESIAN_POINT('',(0.00625000000001,-0.095,0.0268104143466989));
#9410=CARTESIAN_POINT('',(0.00625000000000653,-0.095,0.0266208286933826));
#9411=CARTESIAN_POINT('',(0.00625000000000653,-0.095,0.0266208286933826));
#9412=CARTESIAN_POINT('',(0.005,-0.095,0.02475));
#9413=CARTESIAN_POINT('',(0.005,-0.1,0.02475));
#9414=CARTESIAN_POINT('',(0.00365000000001,-0.1,0.0265500000000084));
#9415=CARTESIAN_POINT('',(0.005,-0.095,0.02475));
#9416=CARTESIAN_POINT('',(0.00365000000001,-0.095,0.0265500000000084));
#9417=CARTESIAN_POINT('',(0.00365000000001,-0.095,0.0265500000000084));
#9418=CARTESIAN_POINT('',(0.00365000000001,-0.095,0.0267750000000044));
#9419=CARTESIAN_POINT('',(0.00365000000001,-0.1,0.0267750000000044));
#9420=CARTESIAN_POINT('',(0.00365000000001,-0.1,0.02700000000001));
#9421=CARTESIAN_POINT('',(0.00365000000001,-0.095,0.0267750000000044));
#9422=CARTESIAN_POINT('',(0.00365000000001,-0.095,0.02700000000001));
#9423=CARTESIAN_POINT('',(0.00365000000001,-0.095,0.02700000000001));
#9424=CARTESIAN_POINT('',(4.99990673863415E-15,-0.095,0.02700000000001));
#9425=CARTESIAN_POINT('',(4.99990673863415E-15,-0.1,0.02700000000001));
#9426=CARTESIAN_POINT('',(-0.00365000000001,-0.1,0.02700000000001));
#9427=CARTESIAN_POINT('',(4.99990673863415E-15,-0.095,0.02700000000001));
#9428=CARTESIAN_POINT('',(-0.00365000000001,-0.095,0.02700000000001));
#9429=CARTESIAN_POINT('',(-0.00365000000001,-0.095,0.02700000000001));
#9430=CARTESIAN_POINT('',(-0.00365000000001,-0.095,0.0267750000000051));
#9431=CARTESIAN_POINT('',(-0.00365000000001,-0.1,0.0267750000000051));
#9432=CARTESIAN_POINT('',(-0.00365000000000654,-0.1,0.0265500000000049));
#9433=CARTESIAN_POINT('',(-0.00365000000001,-0.095,0.0267750000000051));
#9434=CARTESIAN_POINT('',(-0.00365000000000654,-0.095,0.0265500000000049));
#9435=CARTESIAN_POINT('',(-0.00365000000000654,-0.095,0.0265500000000049));
#9436=CARTESIAN_POINT('',(-0.005,-0.095,0.02475));
#9437=CARTESIAN_POINT('',(-0.005,-0.1,0.02475));
#9438=CARTESIAN_POINT('',(-0.00625000000001,-0.1,0.0266208286933859));
#9439=CARTESIAN_POINT('',(-0.005,-0.095,0.02475));
#9440=CARTESIAN_POINT('',(-0.00625000000001,-0.095,0.0266208286933859));
#9441=CARTESIAN_POINT('',(-0.00625000000001,-0.095,0.0266208286933859));
#9442=CARTESIAN_POINT('',(-0.00625000000001,-0.095,0.0268104143466931));
#9443=CARTESIAN_POINT('',(-0.00625000000001,-0.1,0.0268104143466931));
#9444=CARTESIAN_POINT('',(-0.00625000000001,-0.1,0.02700000000001));
#9445=CARTESIAN_POINT('',(-0.00625000000001,-0.095,0.0268104143466931));
#9446=CARTESIAN_POINT('',(-0.00625000000001,-0.095,0.02700000000001));
#9447=CARTESIAN_POINT('',(-0.00625000000001,-0.095,0.02700000000001));
#9448=CARTESIAN_POINT('',(-0.01045,-0.095,0.0270000000000188));
#9449=CARTESIAN_POINT('',(-0.01045,-0.1,0.0270000000000188));
#9450=CARTESIAN_POINT('',(-0.01045,-0.095,0.0270000000000188));
#9451=CARTESIAN_POINT('',(-0.0103,-0.095,-1.76941794549634E-16));
#9452=CARTESIAN_POINT('',(-0.0103,-0.1,-1.76941794549634E-16));
#9453=CARTESIAN_POINT('',(-0.0103,-0.095,-1.76941794549634E-16));
#9454=CARTESIAN_POINT('',(0.,-0.095,0.));
#9455=CARTESIAN_POINT('',(0.008,-0.095,0.03200000000001));
#9456=CARTESIAN_POINT('',(0.012,-0.095,0.02900000000001));
#9457=CARTESIAN_POINT('',(0.012,-0.095,0.));
#9458=CARTESIAN_POINT('',(0.012,-0.095,-0.02900000000001));
#9459=CARTESIAN_POINT('',(0.008,-0.095,-0.03200000000001));
#9460=CARTESIAN_POINT('',(0.,-0.1,0.));
#9461=CARTESIAN_POINT('',(0.013,-0.1,-0.027));
#9462=CARTESIAN_POINT('',(0.01045,-0.1,0.08700000000001));
#9463=CARTESIAN_POINT('',(0.008,-0.1,0.03200000000001));
#9464=CARTESIAN_POINT('',(0.0155,0.1,0.027));
#9465=CARTESIAN_POINT('',(0.00625000000001,0.1,-0.0268104143466941));
#9466=CARTESIAN_POINT('',(0.00625000000001,0.1,-0.0266208286933878));
#9467=CARTESIAN_POINT('',(0.005,0.1,-0.02475));
#9468=CARTESIAN_POINT('',(0.00365000000000654,0.1,-0.0265500000000049));
#9469=CARTESIAN_POINT('',(0.00365000000001,0.1,-0.0267750000000051));
#9470=CARTESIAN_POINT('',(0.00365000000001,0.1,-0.02700000000001));
#9471=CARTESIAN_POINT('',(-4.99990673863415E-15,0.1,-0.02700000000001));
#9472=CARTESIAN_POINT('',(-0.00365000000001,0.1,-0.02700000000001));
#9473=CARTESIAN_POINT('',(-0.00365000000001,0.1,-0.0267750000000044));
#9474=CARTESIAN_POINT('',(-0.00365000000001,0.1,-0.0265500000000084));
#9475=CARTESIAN_POINT('',(-0.005,0.1,-0.02475));
#9476=CARTESIAN_POINT('',(-0.00625000000000653,0.1,-0.0266208286933826));
#9477=CARTESIAN_POINT('',(-0.00625000000001,0.1,-0.0268104143466989));
#9478=CARTESIAN_POINT('',(-0.00625,0.1,-0.02700000000001));
#9479=CARTESIAN_POINT('',(-0.007075000000005,0.1,-0.02700000000001));
#9480=CARTESIAN_POINT('',(-0.013,0.1,-0.026999999999966));
#9481=CARTESIAN_POINT('',(-0.013,0.1,0.0236000000000138));
#9482=CARTESIAN_POINT('',(-0.013,0.1,0.0270000000000276));
#9483=CARTESIAN_POINT('',(-0.007075000000005,0.1,0.02700000000001));
#9484=CARTESIAN_POINT('',(-0.00625000000001,0.1,0.02700000000001));
#9485=CARTESIAN_POINT('',(-0.00625000000001,0.1,0.0268104143466931));
#9486=CARTESIAN_POINT('',(-0.00625000000001,0.1,0.0266208286933859));
#9487=CARTESIAN_POINT('',(-0.005,0.1,0.02475));
#9488=CARTESIAN_POINT('',(-0.00365000000000654,0.1,0.0265500000000049));
#9489=CARTESIAN_POINT('',(-0.00365000000001,0.1,0.0267750000000051));
#9490=CARTESIAN_POINT('',(-0.00365000000001,0.1,0.02700000000001));
#9491=CARTESIAN_POINT('',(4.99990673863415E-15,0.1,0.02700000000001));
#9492=CARTESIAN_POINT('',(0.00365000000001,0.1,0.02700000000001));
#9493=CARTESIAN_POINT('',(0.00365000000001,0.1,0.0267750000000044));
#9494=CARTESIAN_POINT('',(0.00365000000001,0.1,0.0265500000000084));
#9495=CARTESIAN_POINT('',(0.005,0.1,0.02475));
#9496=CARTESIAN_POINT('',(0.00625000000000653,0.1,0.0266208286933826));
#9497=CARTESIAN_POINT('',(0.00625000000001,0.1,0.0268104143466989));
#9498=CARTESIAN_POINT('',(0.008,0.1,0.03200000000001));
#9499=CARTESIAN_POINT('',(0.0155,0.1,0.087));
#9500=CARTESIAN_POINT('',(0.013,0.1,-0.027));
#9501=CARTESIAN_POINT('',(-0.00880032856924404,0.1,0.0188254424074093));
#9502=CARTESIAN_POINT('',(-0.0103,0.1,0.0188254424074093));
#9503=CARTESIAN_POINT('',(-0.00940000000001,0.1,0.0202));
#9504=CARTESIAN_POINT('',(-0.0103,0.1,-1.76941794549634E-16));
#9505=CARTESIAN_POINT('',(-0.0103,0.1,-0.0188254424074096));
#9506=CARTESIAN_POINT('',(-0.00880032856924458,0.1,-0.0188254424074096));
#9507=CARTESIAN_POINT('',(-0.00940000000001,0.1,-0.0202));
#9508=CARTESIAN_POINT('',(0.,0.1,-0.0202));
#9509=CARTESIAN_POINT('',(0.00940000000001,0.1,-0.0202));
#9510=CARTESIAN_POINT('',(0.00880000000001938,0.1,-0.0188252272915092));
#9511=CARTESIAN_POINT('',(0.0103000000000194,0.1,-0.0188252272915076));
#9512=CARTESIAN_POINT('',(0.0103,0.1,9.99894611553032E-15));
#9513=CARTESIAN_POINT('',(0.0102999999999806,0.1,0.0188252272915276));
#9514=CARTESIAN_POINT('',(0.00879999999998064,0.1,0.018825227291526));
#9515=CARTESIAN_POINT('',(0.00940000000001,0.1,0.0202));
#9516=CARTESIAN_POINT('',(0.,0.1,0.0202));
#9517=CARTESIAN_POINT('',(-0.00880032856924404,0.095,0.0188254424074093));
#9518=CARTESIAN_POINT('',(-0.00940000000001,0.095,0.0202));
#9519=CARTESIAN_POINT('',(-0.00940000000001,0.095,0.0202));
#9520=CARTESIAN_POINT('',(-0.00880032856924404,0.095,0.0188254424074093));
#9521=CARTESIAN_POINT('',(-0.0103,0.095,0.0188254424074093));
#9522=CARTESIAN_POINT('',(-0.0103,0.095,0.0188254424074093));
#9523=CARTESIAN_POINT('',(0.,0.095,0.0202));
#9524=CARTESIAN_POINT('',(0.00940000000001,0.095,0.0202));
#9525=CARTESIAN_POINT('',(0.00940000000001,0.095,0.0202));
#9526=CARTESIAN_POINT('',(0.,0.095,0.0202));
#9527=CARTESIAN_POINT('',(0.00879999999998064,0.095,0.018825227291526));
#9528=CARTESIAN_POINT('',(0.0102999999999806,0.095,0.0188252272915276));
#9529=CARTESIAN_POINT('',(0.0102999999999806,0.095,0.0188252272915276));
#9530=CARTESIAN_POINT('',(0.00879999999998064,0.095,0.018825227291526));
#9531=CARTESIAN_POINT('',(0.0103,0.095,9.99894611553032E-15));
#9532=CARTESIAN_POINT('',(0.0103000000000194,0.095,-0.0188252272915076));
#9533=CARTESIAN_POINT('',(0.0103000000000194,0.095,-0.0188252272915076));
#9534=CARTESIAN_POINT('',(0.0103,0.095,9.99894611553032E-15));
#9535=CARTESIAN_POINT('',(0.00880000000001938,0.095,-0.0188252272915092));
#9536=CARTESIAN_POINT('',(0.00940000000001,0.095,-0.0202));
#9537=CARTESIAN_POINT('',(0.00940000000001,0.095,-0.0202));
#9538=CARTESIAN_POINT('',(0.00880000000001938,0.095,-0.0188252272915092));
#9539=CARTESIAN_POINT('',(0.,0.095,-0.0202));
#9540=CARTESIAN_POINT('',(-0.00940000000001,0.095,-0.0202));
#9541=CARTESIAN_POINT('',(-0.00940000000001,0.095,-0.0202));
#9542=CARTESIAN_POINT('',(0.,0.095,-0.0202));
#9543=CARTESIAN_POINT('',(-0.00880032856924458,0.095,-0.0188254424074096));
#9544=CARTESIAN_POINT('',(-0.0103,0.095,-0.0188254424074096));
#9545=CARTESIAN_POINT('',(-0.0103,0.095,-0.0188254424074096));
#9546=CARTESIAN_POINT('',(-0.00880032856924458,0.095,-0.0188254424074096));
#9547=CARTESIAN_POINT('',(0.00625000000001,0.095,0.0268104143466989));
#9548=CARTESIAN_POINT('',(0.00625000000000653,0.095,0.0266208286933826));
#9549=CARTESIAN_POINT('',(0.00625000000000653,0.095,0.0266208286933826));
#9550=CARTESIAN_POINT('',(0.00625000000001,0.095,0.0268104143466989));
#9551=CARTESIAN_POINT('',(0.005,0.095,0.02475));
#9552=CARTESIAN_POINT('',(0.00365000000001,0.095,0.0265500000000084));
#9553=CARTESIAN_POINT('',(0.00365000000001,0.095,0.0265500000000084));
#9554=CARTESIAN_POINT('',(0.005,0.095,0.02475));
#9555=CARTESIAN_POINT('',(0.00365000000001,0.095,0.0267750000000044));
#9556=CARTESIAN_POINT('',(0.00365000000001,0.095,0.02700000000001));
#9557=CARTESIAN_POINT('',(0.00365000000001,0.095,0.02700000000001));
#9558=CARTESIAN_POINT('',(0.00365000000001,0.095,0.0267750000000044));
#9559=CARTESIAN_POINT('',(4.99990673863415E-15,0.095,0.02700000000001));
#9560=CARTESIAN_POINT('',(-0.00365000000001,0.095,0.02700000000001));
#9561=CARTESIAN_POINT('',(-0.00365000000001,0.095,0.02700000000001));
#9562=CARTESIAN_POINT('',(4.99990673863415E-15,0.095,0.02700000000001));
#9563=CARTESIAN_POINT('',(-0.00365000000001,0.095,0.0267750000000051));
#9564=CARTESIAN_POINT('',(-0.00365000000000654,0.095,0.0265500000000049));
#9565=CARTESIAN_POINT('',(-0.00365000000000654,0.095,0.0265500000000049));
#9566=CARTESIAN_POINT('',(-0.00365000000001,0.095,0.0267750000000051));
#9567=CARTESIAN_POINT('',(-0.005,0.095,0.02475));
#9568=CARTESIAN_POINT('',(-0.00625000000001,0.095,0.0266208286933859));
#9569=CARTESIAN_POINT('',(-0.00625000000001,0.095,0.0266208286933859));
#9570=CARTESIAN_POINT('',(-0.005,0.095,0.02475));
#9571=CARTESIAN_POINT('',(-0.00625000000001,0.095,0.0268104143466931));
#9572=CARTESIAN_POINT('',(-0.00625000000001,0.095,0.02700000000001));
#9573=CARTESIAN_POINT('',(-0.00625000000001,0.095,0.02700000000001));
#9574=CARTESIAN_POINT('',(-0.00625000000001,0.095,0.0268104143466931));
#9575=CARTESIAN_POINT('',(-0.007075000000005,0.095,0.02700000000001));
#9576=CARTESIAN_POINT('',(-0.013,0.095,0.0270000000000276));
#9577=CARTESIAN_POINT('',(-0.013,0.095,0.0270000000000276));
#9578=CARTESIAN_POINT('',(-0.007075000000005,0.095,0.02700000000001));
#9579=CARTESIAN_POINT('',(-0.013,0.095,0.0236000000000138));
#9580=CARTESIAN_POINT('',(-0.013,0.095,-0.026999999999966));
#9581=CARTESIAN_POINT('',(-0.013,0.095,-0.026999999999966));
#9582=CARTESIAN_POINT('',(-0.013,0.095,0.0236000000000138));
#9583=CARTESIAN_POINT('',(-0.007075000000005,0.095,-0.02700000000001));
#9584=CARTESIAN_POINT('',(-0.00625,0.095,-0.02700000000001));
#9585=CARTESIAN_POINT('',(-0.00625,0.095,-0.02700000000001));
#9586=CARTESIAN_POINT('',(-0.007075000000005,0.095,-0.02700000000001));
#9587=CARTESIAN_POINT('',(-0.00625000000001,0.095,-0.0268104143466989));
#9588=CARTESIAN_POINT('',(-0.00625000000000653,0.095,-0.0266208286933826));
#9589=CARTESIAN_POINT('',(-0.00625000000000653,0.095,-0.0266208286933826));
#9590=CARTESIAN_POINT('',(-0.00625000000001,0.095,-0.0268104143466989));
#9591=CARTESIAN_POINT('',(-0.005,0.095,-0.02475));
#9592=CARTESIAN_POINT('',(-0.00365000000001,0.095,-0.0265500000000084));
#9593=CARTESIAN_POINT('',(-0.00365000000001,0.095,-0.0265500000000084));
#9594=CARTESIAN_POINT('',(-0.005,0.095,-0.02475));
#9595=CARTESIAN_POINT('',(-0.00365000000001,0.095,-0.0267750000000044));
#9596=CARTESIAN_POINT('',(-0.00365000000001,0.095,-0.02700000000001));
#9597=CARTESIAN_POINT('',(-0.00365000000001,0.095,-0.02700000000001));
#9598=CARTESIAN_POINT('',(-0.00365000000001,0.095,-0.0267750000000044));
#9599=CARTESIAN_POINT('',(-4.99990673863415E-15,0.095,-0.02700000000001));
#9600=CARTESIAN_POINT('',(0.00365000000001,0.095,-0.02700000000001));
#9601=CARTESIAN_POINT('',(0.00365000000001,0.095,-0.02700000000001));
#9602=CARTESIAN_POINT('',(-4.99990673863415E-15,0.095,-0.02700000000001));
#9603=CARTESIAN_POINT('',(0.00365000000001,0.095,-0.0267750000000051));
#9604=CARTESIAN_POINT('',(0.00365000000000654,0.095,-0.0265500000000049));
#9605=CARTESIAN_POINT('',(0.00365000000000654,0.095,-0.0265500000000049));
#9606=CARTESIAN_POINT('',(0.00365000000001,0.095,-0.0267750000000051));
#9607=CARTESIAN_POINT('',(0.005,0.095,-0.02475));
#9608=CARTESIAN_POINT('',(0.00625000000001,0.095,-0.0266208286933878));
#9609=CARTESIAN_POINT('',(0.00625000000001,0.095,-0.0266208286933878));
#9610=CARTESIAN_POINT('',(0.005,0.095,-0.02475));
#9611=CARTESIAN_POINT('',(0.00625000000001,0.095,-0.0268104143466941));
#9612=CARTESIAN_POINT('',(0.00625000000001,0.095,-0.0268104143466941));
#9613=CARTESIAN_POINT('',(-0.0103,0.095,-1.76941794549634E-16));
#9614=CARTESIAN_POINT('',(-0.0103,0.095,-1.76941794549634E-16));
#9615=CARTESIAN_POINT('',(0.,0.095,0.));
#9616=CARTESIAN_POINT('',(0.008,0.095,-0.03200000000001));
#9617=CARTESIAN_POINT('',(0.012,0.095,-0.02900000000001));
#9618=CARTESIAN_POINT('',(0.012,0.095,0.03200000000001));
#9619=CARTESIAN_POINT('',(0.012,0.095,0.02900000000001));
#9620=CARTESIAN_POINT('',(0.008,0.095,0.03200000000001));
#9621=CARTESIAN_POINT('',(0.013,1.31838984174237E-17,-0.105));
#9622=CARTESIAN_POINT('',(0.013,-0.05,-0.105));
#9623=CARTESIAN_POINT('',(0.013,0.05,-0.105));
#9624=CARTESIAN_POINT('',(0.013,0.075,-0.066));
#9625=CARTESIAN_POINT('',(0.008,0.0967948717948654,-0.03200000000001));
#9626=CARTESIAN_POINT('',(0.013,-0.075,-0.066));
#9627=CARTESIAN_POINT('',(0.008,-0.0967948717948654,-0.03200000000001));
#9628=CARTESIAN_POINT('',(-0.007,-0.015025,-0.0989994168895326));
#9629=CARTESIAN_POINT('',(-0.007,-0.03005,-0.0989994168895326));
#9630=CARTESIAN_POINT('',(-0.007,0.01005,-0.0989994168895326));
#9631=CARTESIAN_POINT('',(-0.007,-0.01005,-0.0784994168895326));
#9632=CARTESIAN_POINT('',(-0.007,0.01005,-0.0784994168895326));
#9633=CARTESIAN_POINT('',(-0.007,-0.03005,-0.0784994168895326));
#9634=CARTESIAN_POINT('',(-0.007,-0.03005,-0.0887494168895326));
#9635=CARTESIAN_POINT('',(-0.007,0.0147,-0.0937494168895326));
#9636=CARTESIAN_POINT('',(-0.007,0.0147,-0.0837494168895326));
#9637=CARTESIAN_POINT('',(-0.007,-0.0348,-0.0837494168895326));
#9638=CARTESIAN_POINT('',(-0.007,-0.0348,-0.0937494168895326));
#9639=CARTESIAN_POINT('',(-0.007,0.01005,-0.0887494168895326));
#9640=CARTESIAN_POINT('',(-0.007,1.38777878078145E-17,0.00125058311046744));
#9641=CARTESIAN_POINT('',(0.012125000000005,0.,0.08700000000001));
#9642=CARTESIAN_POINT('',(-0.042,-0.06,0.087));
#9643=CARTESIAN_POINT('',(-0.012,-0.06,0.082));
#9644=CARTESIAN_POINT('',(0.008,-0.06,0.082));
#9645=CARTESIAN_POINT('',(-0.037,-0.06,0.082));
#9646=CARTESIAN_POINT('',(-0.037,-0.06,0.0595));
#9647=CARTESIAN_POINT('',(-0.037,-0.06,0.037));
#9648=CARTESIAN_POINT('',(-0.012,-0.06,0.037));
#9649=CARTESIAN_POINT('',(-0.0245865245690754,-0.0475002994636293,0.037));
#9650=CARTESIAN_POINT('',(0.008,-0.0146874259938997,0.037));
#9651=CARTESIAN_POINT('',(0.008,-0.06,0.037));
#9652=CARTESIAN_POINT('',(0.008,0.0146874259938997,0.037));
#9653=CARTESIAN_POINT('',(0.0354120380055041,-0.0129150184679323,0.037));
#9654=CARTESIAN_POINT('',(-0.0145,-0.06,0.032));
#9655=CARTESIAN_POINT('',(-0.012,-0.0348263477743887,0.032));
#9656=CARTESIAN_POINT('',(-0.042,-0.06,0.032));
#9657=CARTESIAN_POINT('',(-0.012,0.0348263477743888,0.032));
#9658=CARTESIAN_POINT('',(-0.042,-0.06,0.0595));
#9659=CARTESIAN_POINT('',(-0.042,0.,0.0595));
#9660=CARTESIAN_POINT('',(-0.042,0.,0.0515));
#9661=CARTESIAN_POINT('',(0.008,0.0975,0.077));
#9662=CARTESIAN_POINT('',(0.013,0.06,0.077));
#9663=CARTESIAN_POINT('',(0.013,-6.93889390390723E-19,0.077));
#9664=CARTESIAN_POINT('',(0.013,-6.93889390390723E-19,0.077));
#9665=CARTESIAN_POINT('',(0.013,0.06,0.077));
#9666=CARTESIAN_POINT('',(0.008,-0.06,0.042));
#9667=CARTESIAN_POINT('',(0.008,-0.0146874259938997,0.042));
#9668=CARTESIAN_POINT('',(0.013,0.0975,0.042));
#9669=CARTESIAN_POINT('',(0.013,0.0975,0.042));
#9670=CARTESIAN_POINT('',(0.008,0.0146874259938997,0.042));
#9671=CARTESIAN_POINT('',(0.008,-0.095,0.03200000000001));
#9672=CARTESIAN_POINT('',(0.012,-0.095,0.02900000000001));
#9673=CARTESIAN_POINT('',(0.0123431653783765,-0.095,0.0294575538378454));
#9674=CARTESIAN_POINT('',(0.0128424805564078,-0.0946915687614294,0.030449408354435));
#9675=CARTESIAN_POINT('',(0.013,-0.0942303754297283,0.0314848631616721));
#9676=CARTESIAN_POINT('',(0.013,-0.094,0.03200000000001));
#9677=CARTESIAN_POINT('',(0.008,-0.095,-0.03200000000001));
#9678=CARTESIAN_POINT('',(0.012,-0.095,-0.02900000000001));
#9679=CARTESIAN_POINT('',(0.0123431653783765,-0.095,-0.0294575538378454));
#9680=CARTESIAN_POINT('',(0.0128424805564078,-0.0946915687614294,-0.030449408354435));
#9681=CARTESIAN_POINT('',(0.013,-0.0942303754297283,-0.0314848631616721));
#9682=CARTESIAN_POINT('',(0.013,-0.094,-0.03200000000001));
#9683=CARTESIAN_POINT('',(0.008,-0.095,0.03200000000001));
#9684=CARTESIAN_POINT('',(0.012,0.095,0.02900000000001));
#9685=CARTESIAN_POINT('',(0.0123431653783765,0.095,0.0294575538378454));
#9686=CARTESIAN_POINT('',(0.0128424805564078,0.0946915687614294,0.030449408354435));
#9687=CARTESIAN_POINT('',(0.013,0.0942303754297283,0.0314848631616721));
#9688=CARTESIAN_POINT('',(0.013,0.094,0.03200000000001));
#9689=CARTESIAN_POINT('',(0.008,-0.095,-0.03200000000001));
#9690=CARTESIAN_POINT('',(0.012,0.095,-0.02900000000001));
#9691=CARTESIAN_POINT('',(0.0123431653783765,0.095,-0.0294575538378454));
#9692=CARTESIAN_POINT('',(0.0128424805564078,0.0946915687614294,-0.030449408354435));
#9693=CARTESIAN_POINT('',(0.013,0.0942303754297283,-0.0314848631616721));
#9694=CARTESIAN_POINT('',(0.013,0.094,-0.03200000000001));
#9695=CARTESIAN_POINT('',(0.038,0.0660632532416151,0.016673234337517));
#9696=CARTESIAN_POINT('',(0.038,0.068,0.0166732343375171));
#9697=CARTESIAN_POINT('',(0.038,0.064,0.0166732343375169));
#9698=CARTESIAN_POINT('',(0.038,0.064,0.018773234337517));
#9699=CARTESIAN_POINT('',(0.038,0.0632103207405748,0.016827365208507));
#9700=CARTESIAN_POINT('',(0.038,0.0640081726448411,0.0187698976635405));
#9701=CARTESIAN_POINT('',(0.038,0.064,0.0208698817605938));
#9702=CARTESIAN_POINT('',(0.038,0.064,0.0208715580490554));
#9703=CARTESIAN_POINT('',(0.038,0.064,0.0208732343375169));
#9704=CARTESIAN_POINT('',(0.038,0.066,0.020873234337517));
#9705=CARTESIAN_POINT('',(0.038,0.068,0.020873234337517));
#9706=CARTESIAN_POINT('',(0.038,0.068,0.018773234337517));
#9707=CARTESIAN_POINT('',(0.038,0.0660632532416141,-0.0713267656624831));
#9708=CARTESIAN_POINT('',(0.038,0.068,-0.0713267656624831));
#9709=CARTESIAN_POINT('',(0.038,0.0641265064832297,-0.071326765662483));
#9710=CARTESIAN_POINT('',(0.038,0.066,-0.0671267656624831));
#9711=CARTESIAN_POINT('',(0.038,0.064,-0.0671301182394063));
#9712=CARTESIAN_POINT('',(0.038,0.068,-0.0671267656624831));
#9713=CARTESIAN_POINT('',(0.038,0.064,-0.0692267656624831));
#9714=CARTESIAN_POINT('',(0.038,0.063210320740572,-0.0711726347914918));
#9715=CARTESIAN_POINT('',(0.038,0.0640081726448411,-0.0692301023364594));
#9716=CARTESIAN_POINT('',(0.038,0.068,-0.0692267656624831));
#9717=CARTESIAN_POINT('',(0.038,-0.068,0.0187732343375169));
#9718=CARTESIAN_POINT('',(0.038,-0.068,0.0166732343375169));
#9719=CARTESIAN_POINT('',(0.038,-0.068,0.0208732343375169));
#9720=CARTESIAN_POINT('',(0.038,-0.066,0.0208732343375169));
#9721=CARTESIAN_POINT('',(0.038,-0.064,0.0208732343375169));
#9722=CARTESIAN_POINT('',(0.038,-0.064,0.0187732343375169));
#9723=CARTESIAN_POINT('',(0.038,-0.064,0.0166732343375169));
#9724=CARTESIAN_POINT('',(0.038,-0.066,0.0166732343375169));
#9725=CARTESIAN_POINT('',(0.038,-0.066,-0.0713267656624831));
#9726=CARTESIAN_POINT('',(0.038,-0.064,-0.0713267656624831));
#9727=CARTESIAN_POINT('',(0.038,-0.068,-0.0713267656624831));
#9728=CARTESIAN_POINT('',(0.038,-0.068,-0.0692267656624831));
#9729=CARTESIAN_POINT('',(0.038,-0.068,-0.0671267656624831));
#9730=CARTESIAN_POINT('',(0.038,-0.066,-0.0671267656624831));
#9731=CARTESIAN_POINT('',(0.038,-0.064,-0.0671267656624831));
#9732=CARTESIAN_POINT('',(0.038,-0.064,-0.0692267656624831));
#9733=CARTESIAN_POINT('',(0.012,-0.094,0.));
#9734=CARTESIAN_POINT('',(0.012,0.094,0.027));
#9735=CARTESIAN_POINT('',(-0.042,0.,0.0595));
#9736=CARTESIAN_POINT('',(0.00117119999999997,0.06401,0.0208632343375171));
#9737=CARTESIAN_POINT('',(0.00117119999999998,0.06401,0.030873234337517));
#9738=CARTESIAN_POINT('',(0.018,0.0634058588472988,0.0308549866096469));
#9739=CARTESIAN_POINT('',(0.00117119999999998,-2.33546515460148E-18,0.030873234337517));
#9740=CARTESIAN_POINT('',(0.00117119999999997,0.0643281139014372,0.030873234337517));
#9741=CARTESIAN_POINT('',(0.00117119999999997,0.0640081726448411,0.0187698976635405));
#9742=CARTESIAN_POINT('',(0.013,0.0633890572899842,0.0308540482823214));
#9743=CARTESIAN_POINT('',(0.018,0.0525358269586176,0.0149234337737075));
#9744=CARTESIAN_POINT('',(0.00117119999999997,0.0665479278696369,0.0345729226278855));
#9745=CARTESIAN_POINT('',(0.00117119999999997,0.0661243495074478,0.0323584545248103));
#9746=CARTESIAN_POINT('',(0.00117119999999997,0.0683399272501123,0.0439414971893542));
#9747=CARTESIAN_POINT('',(0.00117119999999997,0.056193360601553,0.0543108779084342));
#9748=CARTESIAN_POINT('',(0.00117119999999997,0.0456481932358123,0.0621986133210581));
#9749=CARTESIAN_POINT('',(0.00117119999999997,0.0676390918216671,0.0457495249837215));
#9750=CARTESIAN_POINT('',(0.00117119999999998,0.0247778436633953,0.0455158425144834));
#9751=CARTESIAN_POINT('',(0.00117119999999998,0.00813993366119806,0.030648194961167));
#9752=CARTESIAN_POINT('',(0.00117119999999997,0.0433342193519293,0.0620978322937055));
#9753=CARTESIAN_POINT('',(0.00117119999999997,0.0500997327705209,0.0115810310462038));
#9754=CARTESIAN_POINT('',(0.00117119999999997,0.0518715609904692,0.0128587312892927));
#9755=CARTESIAN_POINT('',(0.00117119999999997,0.0419053985748868,0.00567193518925952));
#9756=CARTESIAN_POINT('',(0.00117119999999998,0.0227398297285868,0.0176416241091965));
#9757=CARTESIAN_POINT('',(0.00117119999999998,0.00830672508592166,0.0277884452978737));
#9758=CARTESIAN_POINT('',(0.00117119999999997,0.0397839462456591,0.00565919850504214));
#9759=CARTESIAN_POINT('',(0.00117119999999997,0.0665436916441017,0.0442850770020609));
#9760=CARTESIAN_POINT('',(0.00117119999999997,0.0445527930582469,0.0607341653393975));
#9761=CARTESIAN_POINT('',(0.00117119999999997,0.040835728527253,0.00715528121402753));
#9762=CARTESIAN_POINT('',(0.00117119999999998,0.0093585073675156,0.0292845280068591));
#9763=CARTESIAN_POINT('',(0.00117119999999997,0.0643281139014372,0.0327020343375171));
#9764=CARTESIAN_POINT('',(0.00117119999999997,0.0508018909428353,0.0143420773140607));
#9765=CARTESIAN_POINT('',(0.00117119999999997,0.0632954838882518,0.0326804527989847));
#9766=CARTESIAN_POINT('',(0.00117119999999998,-2.33546515460148E-18,0.030873234337517));
#9767=CARTESIAN_POINT('',(0.00117119999999998,-0.064,0.030873234337517));
#9768=CARTESIAN_POINT('',(0.0011712,-0.0643281139014372,0.030873234337517));
#9769=CARTESIAN_POINT('',(0.0011712,-0.064,0.0187732343375169));
#9770=CARTESIAN_POINT('',(0.013,-0.0525298208766145,0.0149203145515039));
#9771=CARTESIAN_POINT('',(0.00117119999999999,-0.0500997327705209,0.0115810310462038));
#9772=CARTESIAN_POINT('',(0.00117119999999999,-0.0518658823638477,0.0128546363197392));
#9773=CARTESIAN_POINT('',(0.00117119999999999,-0.0419053985748868,0.00567193518925951));
#9774=CARTESIAN_POINT('',(0.00117119999999998,-0.0227398297285869,0.0176416241091965));
#9775=CARTESIAN_POINT('',(0.00117119999999999,-0.0397839462456591,0.00565919850504214));
#9776=CARTESIAN_POINT('',(0.00117119999999998,-0.00830672508592166,0.0277884452978737));
#9777=CARTESIAN_POINT('',(0.00117119999999998,-0.0247778436633953,0.0455158425144834));
#9778=CARTESIAN_POINT('',(0.00117119999999999,-0.0433342193519293,0.0620978322937055));
#9779=CARTESIAN_POINT('',(0.00117119999999998,-0.00813993366119806,0.030648194961167));
#9780=CARTESIAN_POINT('',(0.0011712,-0.0665479278696369,0.0345729226278855));
#9781=CARTESIAN_POINT('',(0.0011712,-0.0661243495074478,0.0323584545248101));
#9782=CARTESIAN_POINT('',(0.0011712,-0.0683399272501123,0.0439414971893542));
#9783=CARTESIAN_POINT('',(0.00117119999999999,-0.056193360601553,0.0543108779084342));
#9784=CARTESIAN_POINT('',(0.0011712,-0.0676390918216671,0.0457495249837215));
#9785=CARTESIAN_POINT('',(0.00117119999999999,-0.0456481932358123,0.0621986133210581));
#9786=CARTESIAN_POINT('',(0.00117119999999998,-0.00935850736751559,0.0292845280068591));
#9787=CARTESIAN_POINT('',(0.00117119999999999,-0.0445527930582469,0.0607341653393975));
#9788=CARTESIAN_POINT('',(0.00117119999999999,-0.0665436916441017,0.044285077002061));
#9789=CARTESIAN_POINT('',(0.00117119999999999,-0.040835728527253,0.00715528121402752));
#9790=CARTESIAN_POINT('',(0.0011712,-0.0643281139014372,0.0327020343375169));
#9791=CARTESIAN_POINT('',(0.00117119999999999,-0.0507962123162138,0.0143379823445072));
#9792=CARTESIAN_POINT('',(0.00117119999999998,-2.33546515460148E-18,-0.0571267656624831));
#9793=CARTESIAN_POINT('',(0.018,0.0640000009793558,-0.0571267656624831));
#9794=CARTESIAN_POINT('',(0.0163333333333333,0.0640000009793558,-0.0571267656624831));
#9795=CARTESIAN_POINT('',(0.0146666666666666,0.0640000009793558,-0.0571267656624831));
#9796=CARTESIAN_POINT('',(0.013,0.0640000009793558,-0.0571267656624831));
#9797=CARTESIAN_POINT('',(0.00117119999999997,0.06780980555366,-0.0571267656624831));
#9798=CARTESIAN_POINT('',(0.00117119999999997,0.0640081726448411,-0.0692301023364594));
#9799=CARTESIAN_POINT('',(0.018,0.0546418627102363,-0.0768905356276593));
#9800=CARTESIAN_POINT('',(0.00117119999999997,0.0665812086103613,-0.0606033388527957));
#9801=CARTESIAN_POINT('',(0.00117119999999997,0.054765862551606,-0.0790352787044539));
#9802=CARTESIAN_POINT('',(0.00117119999999997,0.0489348906855352,-0.0881315948155244));
#9803=CARTESIAN_POINT('',(0.00117119999999997,0.0665812086103613,-0.0606033388527957));
#9804=CARTESIAN_POINT('',(0.00117119999999997,0.0693494341229971,-0.0562849070530838));
#9805=CARTESIAN_POINT('',(0.00117119999999997,0.0829345657551697,-0.0350921017068945));
#9806=CARTESIAN_POINT('',(0.00117119999999997,0.0712508732971969,-0.0329607496200898));
#9807=CARTESIAN_POINT('',(0.00117119999999997,0.081271079868447,-0.0322805593174641));
#9808=CARTESIAN_POINT('',(0.00117119999999997,0.04505413878544,-0.0347390327970536));
#9809=CARTESIAN_POINT('',(0.00117119999999998,0.0409916195023447,-0.0786637478701782));
#9810=CARTESIAN_POINT('',(0.00117119999999997,0.045767907714379,-0.0879790556605871));
#9811=CARTESIAN_POINT('',(0.00117119999999998,0.0300051196888121,-0.0572365176112373));
#9812=CARTESIAN_POINT('',(0.00117119999999998,0.0367156099699926,-0.0457142473391979));
#9813=CARTESIAN_POINT('',(0.00117119999999998,0.0436676752132908,-0.0355324014017863));
#9814=CARTESIAN_POINT('',(0.00117119999999998,0.0301221532010964,-0.055370882981477));
#9815=CARTESIAN_POINT('',(0.00117119999999998,0.0316324740906311,-0.0564021153755739));
#9816=CARTESIAN_POINT('',(0.00117119999999998,0.0451779961028256,-0.0365636337958832));
#9817=CARTESIAN_POINT('',(0.00117119999999997,0.0813949371858326,-0.0341051603162938));
#9818=CARTESIAN_POINT('',(0.00117119999999997,0.0473952621161981,-0.0871446534249236));
#9819=CARTESIAN_POINT('',(0.00117119999999997,0.0532262339822689,-0.0780483373138532));
#9820=CARTESIAN_POINT('',(0.00117119999999997,0.06780980555366,-0.0552979656624831));
#9821=CARTESIAN_POINT('',(0.00117119999999998,-0.01005,-0.0684994168895326));
#9822=CARTESIAN_POINT('',(0.00117119999999998,-0.0058288,-0.0684994168895326));
#9823=CARTESIAN_POINT('',(0.00117119999999998,-0.0237968371540267,-0.0684994168895326));
#9824=CARTESIAN_POINT('',(0.00117119999999998,-0.004,0.00425029155523373));
#9825=CARTESIAN_POINT('',(0.00117119999999998,-0.004,-0.0666706168895326));
#9826=CARTESIAN_POINT('',(0.00117119999999998,-0.004,-0.0460196870750205));
#9827=CARTESIAN_POINT('',(0.00117119999999998,-0.0338728338425939,-0.0823138013945153));
#9828=CARTESIAN_POINT('',(0.00117119999999998,-0.0254241915558458,-0.0658362146538691));
#9829=CARTESIAN_POINT('',(0.00117119999999998,-0.0217619475792571,-0.0586936536669635));
#9830=CARTESIAN_POINT('',(0.00117119999999998,-0.00968601816837444,-0.0471466341425581));
#9831=CARTESIAN_POINT('',(0.00117119999999998,-0.00708436652807215,-0.0446900020997031));
#9832=CARTESIAN_POINT('',(0.00117119999999998,-0.0213901597055102,-0.0581983709273095));
#9833=CARTESIAN_POINT('',(0.00117119999999998,-0.0201345931774381,-0.0595280559026269));
#9834=CARTESIAN_POINT('',(0.00117119999999998,-0.0058288,-0.0460196870750205));
#9835=CARTESIAN_POINT('',(0.00117119999999998,-0.0237968371540267,-0.0666706168895326));
#9836=CARTESIAN_POINT('',(0.00117119999999998,-0.0058288,-0.0666706168895326));
#9837=CARTESIAN_POINT('',(0.00117119999999998,1.50117696051666E-17,0.00125058311046744));
#9838=CARTESIAN_POINT('',(0.018,-0.00529391032074184,-0.0160579267478636));
#9839=CARTESIAN_POINT('',(0.013,-0.0168288576540549,0.00791388184754636));
#9840=CARTESIAN_POINT('',(0.00117119999999998,-0.0151784351765641,-0.0413299894561303));
#9841=CARTESIAN_POINT('',(0.00117119999999998,-0.00457323347192785,-0.0313159361044208));
#9842=CARTESIAN_POINT('',(0.00117119999999998,-0.022645705739214,-0.0483810242113991));
#9843=CARTESIAN_POINT('',(0.00117119999999998,-0.0301087819317825,-0.041203169499754));
#9844=CARTESIAN_POINT('',(0.00117119999999998,-0.025411593156821,-0.0480825716301785));
#9845=CARTESIAN_POINT('',(0.00117119999999998,-0.0375782286688027,-0.0302635777018555));
#9846=CARTESIAN_POINT('',(0.00117119999999999,-0.0374217531588951,-0.0156096359761362));
#9847=CARTESIAN_POINT('',(0.00117119999999999,-0.0378955920594298,-0.0291684734669446));
#9848=CARTESIAN_POINT('',(0.00117119999999999,-0.0369823826203005,-0.00303710610505398));
#9849=CARTESIAN_POINT('',(0.00117119999999998,-0.004,0.00425029155523373));
#9850=CARTESIAN_POINT('',(0.00117119999999998,-0.004,-0.0178067556334391));
#9851=CARTESIAN_POINT('',(0.00117119999999998,-0.004,-0.0299862511291034));
#9852=CARTESIAN_POINT('',(0.00117119999999998,-0.0181388573681584,0.0110970803253584));
#9853=CARTESIAN_POINT('',(0.00117119999999998,-0.0195810053985071,0.010083215425613));
#9854=CARTESIAN_POINT('',(0.00117119999999999,-0.0362064806217325,-0.00160489523688265));
#9855=CARTESIAN_POINT('',(0.00117119999999999,-0.0351546983401386,-0.00310097794586803));
#9856=CARTESIAN_POINT('',(0.00117119999999999,-0.0360679077792679,-0.0292323453077587));
#9857=CARTESIAN_POINT('',(0.00117119999999998,-0.0239012722672862,-0.0470513392360817));
#9858=CARTESIAN_POINT('',(0.00117119999999998,-0.0058288,-0.0299862511291034));
#9859=CARTESIAN_POINT('',(0.00117119999999998,-0.0185292231169132,0.00858713271662757));
#9860=CARTESIAN_POINT('',(0.00117119999999998,-0.0058288,-0.0178067556334391));
#9861=CARTESIAN_POINT('',(0.0011712,-0.09,0.027));
#9862=CARTESIAN_POINT('',(0.0011712,-0.09,0.0208683749717588));
#9863=CARTESIAN_POINT('',(0.0011712,-0.09,0.058958078741744));
#9864=CARTESIAN_POINT('',(0.0011712,-0.068,0.0187732343375169));
#9865=CARTESIAN_POINT('',(0.018,-0.0795438134699945,0.0223995783049274));
#9866=CARTESIAN_POINT('',(0.013,-0.0747298093947856,0.028829061777855));
#9867=CARTESIAN_POINT('',(0.0011712,-0.0744054764523606,0.0330699488190195));
#9868=CARTESIAN_POINT('',(0.0011712,-0.0739507205177984,0.0306924843362552));
#9869=CARTESIAN_POINT('',(0.0011712,-0.0766585480774354,0.0448490095384731));
#9870=CARTESIAN_POINT('',(0.0011712,-0.089796257935407,0.064653104088058));
#9871=CARTESIAN_POINT('',(0.0011712,-0.0866534990999406,0.05997841859589));
#9872=CARTESIAN_POINT('',(0.00117119999999999,-0.0769370827833866,0.0455257695799124));
#9873=CARTESIAN_POINT('',(0.0011712,-0.0851567882372986,0.0198686137798043));
#9874=CARTESIAN_POINT('',(0.0011712,-0.0876423164179071,0.0191177203523114));
#9875=CARTESIAN_POINT('',(0.0011712,-0.0807596675799616,0.0211970111109014));
#9876=CARTESIAN_POINT('',(0.0011712,-0.078454783683446,0.0445054297257663));
#9877=CARTESIAN_POINT('',(0.0011712,-0.0757469561238091,0.0303489045235484));
#9878=CARTESIAN_POINT('',(0.0011712,-0.0812885511620545,0.0229476657303489));
#9879=CARTESIAN_POINT('',(0.0011712,-0.0881712,0.058958078741744));
#9880=CARTESIAN_POINT('',(0.0011712,-0.0881712,0.0208683749717588));
#9881=CARTESIAN_POINT('',(0.013,-6.93889390390723E-19,0.027));
#9882=CARTESIAN_POINT('',(0.013,0.00352917689087021,0.0309493892548613));
#9883=CARTESIAN_POINT('',(0.013,-0.00704737370631754,0.0404006019725668));
#9884=CARTESIAN_POINT('',(0.013,-0.0058288,0.0417642689268748));
#9885=CARTESIAN_POINT('',(0.013,-0.004,0.0417642689268748));
#9886=CARTESIAN_POINT('',(0.013,-0.004,0.027));
#9887=CARTESIAN_POINT('',(0.00117119999999998,-2.33546515460148E-18,0.077));
#9888=CARTESIAN_POINT('',(0.00117119999999998,-0.0058288,0.077));
#9889=CARTESIAN_POINT('',(0.00117119999999998,-0.0327427082545028,0.077));
#9890=CARTESIAN_POINT('',(0.00117119999999999,-0.0347514897977267,0.0754405532868062));
#9891=CARTESIAN_POINT('',(0.00117119999999998,-0.0342734813738749,0.0761718213554627));
#9892=CARTESIAN_POINT('',(0.00117119999999999,-0.0381344019400321,0.0702652979873191));
#9893=CARTESIAN_POINT('',(0.00117119999999998,-0.004,0.00425029155523373));
#9894=CARTESIAN_POINT('',(0.00117119999999998,-0.004,0.0751712));
#9895=CARTESIAN_POINT('',(0.00117119999999998,-0.004,0.0417642689268748));
#9896=CARTESIAN_POINT('',(0.00117119999999998,-0.0194472500224613,0.0514811397774229));
#9897=CARTESIAN_POINT('',(0.00117119999999998,-0.00704737370631754,0.0404006019725668));
#9898=CARTESIAN_POINT('',(0.00117119999999999,-0.0378222025269776,0.0679010096775484));
#9899=CARTESIAN_POINT('',(0.00117119999999999,-0.0366036288206601,0.0692646766318564));
#9900=CARTESIAN_POINT('',(0.00117119999999998,-0.0058288,0.0417642689268748));
#9901=CARTESIAN_POINT('',(0.00117119999999998,-0.0327427082545028,0.0751712));
#9902=CARTESIAN_POINT('',(0.00117119999999998,-0.0058288,0.0751712));
#9903=CARTESIAN_POINT('',(0.013,-6.93889390390723E-19,0.027));
#9904=CARTESIAN_POINT('',(0.013,0.004,0.027));
#9905=CARTESIAN_POINT('',(0.013,0.004,0.0417642689268748));
#9906=CARTESIAN_POINT('',(0.013,0.0058288,0.0417642689268748));
#9907=CARTESIAN_POINT('',(0.013,0.00704737370631754,0.0404006019725668));
#9908=CARTESIAN_POINT('',(0.013,-0.00352917689087021,0.0309493892548613));
#9909=CARTESIAN_POINT('',(0.00117119999999998,-2.33546515460148E-18,0.077));
#9910=CARTESIAN_POINT('',(0.00117119999999998,0.0058288,0.077));
#9911=CARTESIAN_POINT('',(0.00117119999999997,0.0327427082545028,0.077));
#9912=CARTESIAN_POINT('',(0.00117119999999998,0.004,0.00425029155523373));
#9913=CARTESIAN_POINT('',(0.00117119999999998,0.004,0.0751712));
#9914=CARTESIAN_POINT('',(0.00117119999999998,0.004,0.0417642689268748));
#9915=CARTESIAN_POINT('',(0.00117119999999997,0.0347514897977267,0.0754405532868062));
#9916=CARTESIAN_POINT('',(0.00117119999999997,0.0342734813738749,0.0761718213554627));
#9917=CARTESIAN_POINT('',(0.00117119999999997,0.0381344019400321,0.0702652979873191));
#9918=CARTESIAN_POINT('',(0.00117119999999998,0.0194472500224613,0.0514811397774229));
#9919=CARTESIAN_POINT('',(0.00117119999999998,0.00704737370631753,0.0404006019725668));
#9920=CARTESIAN_POINT('',(0.00117119999999997,0.0378222025269776,0.0679010096775484));
#9921=CARTESIAN_POINT('',(0.00117119999999997,0.0366036288206601,0.0692646766318564));
#9922=CARTESIAN_POINT('',(0.00117119999999998,0.0058288,0.0417642689268748));
#9923=CARTESIAN_POINT('',(0.00117119999999997,0.0327427082545028,0.0751712));
#9924=CARTESIAN_POINT('',(0.00117119999999998,0.0058288,0.0751712));
#9925=CARTESIAN_POINT('',(0.00117119999999997,0.068,0.018773234337517));
#9926=CARTESIAN_POINT('',(0.013,0.0795438134699945,0.0223995783049274));
#9927=CARTESIAN_POINT('',(0.018,0.0747298093947856,0.028829061777855));
#9928=CARTESIAN_POINT('',(0.00117119999999997,0.09,0.027));
#9929=CARTESIAN_POINT('',(0.00117119999999997,0.09,0.0208683749717588));
#9930=CARTESIAN_POINT('',(0.00117119999999997,0.09,0.058958078741744));
#9931=CARTESIAN_POINT('',(0.00117119999999997,0.0744054764523606,0.0330699488190195));
#9932=CARTESIAN_POINT('',(0.00117119999999997,0.0739507205177984,0.0306924843362552));
#9933=CARTESIAN_POINT('',(0.00117119999999997,0.0766585480774354,0.0448490095384731));
#9934=CARTESIAN_POINT('',(0.00117119999999997,0.089796257935407,0.064653104088058));
#9935=CARTESIAN_POINT('',(0.00117119999999997,0.0866534990999406,0.05997841859589));
#9936=CARTESIAN_POINT('',(0.00117119999999997,0.0769370827833866,0.0455257695799124));
#9937=CARTESIAN_POINT('',(0.00117119999999997,0.0851567882372986,0.0198686137798043));
#9938=CARTESIAN_POINT('',(0.00117119999999997,0.0876423164179071,0.0191177203523114));
#9939=CARTESIAN_POINT('',(0.00117119999999997,0.0807596675799616,0.0211970111109015));
#9940=CARTESIAN_POINT('',(0.00117119999999997,0.078454783683446,0.0445054297257663));
#9941=CARTESIAN_POINT('',(0.00117119999999997,0.0757469561238091,0.0303489045235485));
#9942=CARTESIAN_POINT('',(0.00117119999999997,0.0812885511620545,0.0229476657303489));
#9943=CARTESIAN_POINT('',(0.00117119999999997,0.0881712,0.058958078741744));
#9944=CARTESIAN_POINT('',(0.00117119999999997,0.0881712,0.0208683749717588));
#9945=CARTESIAN_POINT('',(0.00117119999999998,-2.33546515460148E-18,0.00667323433751691));
#9946=CARTESIAN_POINT('',(0.00117119999999998,-0.068,0.00667323433751691));
#9947=CARTESIAN_POINT('',(0.0011712,-0.064,0.0066732343375169));
#9948=CARTESIAN_POINT('',(0.0011712,-0.064,0.0187732343375169));
#9949=CARTESIAN_POINT('',(0.018,-0.0595715067327338,0.00751275267012019));
#9950=CARTESIAN_POINT('',(0.0011712,-0.068,0.0187732343375169));
#9951=CARTESIAN_POINT('',(0.013,-0.0781798772742774,0.0122325846235625));
#9952=CARTESIAN_POINT('',(0.0011712,-0.09,0.027));
#9953=CARTESIAN_POINT('',(0.0011712,-0.09,-0.0219607470290729));
#9954=CARTESIAN_POINT('',(0.0011712,-0.09,0.0086904052893498));
#9955=CARTESIAN_POINT('',(0.0011712,-0.0828432117627015,0.0122104570893081));
#9956=CARTESIAN_POINT('',(0.0011712,-0.0887000835820929,0.0104410599087972));
#9957=CARTESIAN_POINT('',(0.0011712,-0.0802473525554776,0.0129946822019455));
#9958=CARTESIAN_POINT('',(0.0011712,-0.0707090652596395,-0.0249791179541685));
#9959=CARTESIAN_POINT('',(0.0011712,-0.0882950573173856,-0.0237853480279025));
#9960=CARTESIAN_POINT('',(0.00117119999999999,-0.0476986670919781,-0.0265411066798407));
#9961=CARTESIAN_POINT('',(0.00117119999999999,-0.0547789543262244,0.0050922032913131));
#9962=CARTESIAN_POINT('',(0.00117119999999999,-0.0578325120167382,0.00729418391196794));
#9963=CARTESIAN_POINT('',(0.00117119999999998,-0.0457429716829441,-0.00142382184582088));
#9964=CARTESIAN_POINT('',(0.00117119999999999,-0.0454168724946866,-0.015330231598122));
#9965=CARTESIAN_POINT('',(0.00117119999999999,-0.0457471254944305,-0.024780377521825));
#9966=CARTESIAN_POINT('',(0.00117119999999999,-0.044984957450416,-0.00297103971140294));
#9967=CARTESIAN_POINT('',(0.00117119999999999,-0.0468126417305779,-0.00290716787058888));
#9968=CARTESIAN_POINT('',(0.00117119999999999,-0.0475748097745925,-0.024716505681011));
#9969=CARTESIAN_POINT('',(0.0011712,-0.0797184689733847,0.0112440275824981));
#9970=CARTESIAN_POINT('',(0.0011712,-0.0589021820643721,0.00581083788719993));
#9971=CARTESIAN_POINT('',(0.0011712,-0.0881712,0.0086904052893498));
#9972=CARTESIAN_POINT('',(0.0011712,-0.0881712,-0.0219607470290729));
#9973=CARTESIAN_POINT('',(0.00117119999999998,-2.33546515460148E-18,0.077));
#9974=CARTESIAN_POINT('',(0.0011712,-0.0850239889125505,0.077));
#9975=CARTESIAN_POINT('',(0.00117119999999999,-0.0466699314400955,0.077));
#9976=CARTESIAN_POINT('',(0.0011712,-0.0831571463865905,0.0691165330213302));
#9977=CARTESIAN_POINT('',(0.0011712,-0.0865416898126099,0.074150860145854));
#9978=CARTESIAN_POINT('',(0.0011712,-0.0730538373803066,0.0540884018451257));
#9979=CARTESIAN_POINT('',(0.00117119999999999,-0.0414477851580593,0.0798177245705451));
#9980=CARTESIAN_POINT('',(0.00117119999999999,-0.0451391583207235,0.0741705786445373));
#9981=CARTESIAN_POINT('',(0.00117119999999999,-0.0470099734645695,0.0713085634398055));
#9982=CARTESIAN_POINT('',(0.00117119999999999,-0.0609851374063011,0.0607170370583053));
#9983=CARTESIAN_POINT('',(0.00117119999999999,-0.0704407363026817,0.0536442937176111));
#9984=CARTESIAN_POINT('',(0.00117119999999998,-0.0474453464063761,0.0708447368136077));
#9985=CARTESIAN_POINT('',(0.00117119999999999,-0.0485407465839415,0.0723091847952683));
#9986=CARTESIAN_POINT('',(0.00117119999999999,-0.0715361364802471,0.0551087416992717));
#9987=CARTESIAN_POINT('',(0.00117119999999999,-0.0466699314400955,0.0751712));
#9988=CARTESIAN_POINT('',(0.0011712,-0.0850239889125505,0.0751712));
#9989=CARTESIAN_POINT('',(0.0011712,-0.064,-0.0692267656624831));
#9990=CARTESIAN_POINT('',(0.00117119999999998,-0.064,-0.0571267656624831));
#9991=CARTESIAN_POINT('',(0.013,-0.0546387132946837,-0.0768933366835373));
#9992=CARTESIAN_POINT('',(0.0011712,-0.0665812086103613,-0.0606033388527957));
#9993=CARTESIAN_POINT('',(0.00117119999999999,-0.0503709761782262,-0.0858913014469263));
#9994=CARTESIAN_POINT('',(0.0011712,-0.054763472349419,-0.0790390074198656));
#9995=CARTESIAN_POINT('',(0.00117119999999998,-2.33546515460148E-18,-0.0571267656624831));
#9996=CARTESIAN_POINT('',(0.0011712,-0.06780980555366,-0.0571267656624831));
#9997=CARTESIAN_POINT('',(0.0011712,-0.0665812086103613,-0.0606033388527957));
#9998=CARTESIAN_POINT('',(0.0011712,-0.0693494341229971,-0.0562849070530838));
#9999=CARTESIAN_POINT('',(0.0011712,-0.0829345657551697,-0.0350921017068945));
#10000=CARTESIAN_POINT('',(0.00117119999999998,-0.0348,-0.0837494168895326));
#10001=CARTESIAN_POINT('',(0.018,-0.0470087115527525,-0.0847543359020347));
#10002=CARTESIAN_POINT('',(0.013,-0.0382119907980558,-0.0719841791616334));
#10003=CARTESIAN_POINT('',(0.00117119999999998,-0.0409916195023447,-0.0786637478701782));
#10004=CARTESIAN_POINT('',(0.00117119999999998,-0.0370940118061538,-0.0710621514579677));
#10005=CARTESIAN_POINT('',(0.00117119999999998,-0.0300051196888121,-0.0572365176112374));
#10006=CARTESIAN_POINT('',(0.0011712,-0.071250873297197,-0.0329607496200898));
#10007=CARTESIAN_POINT('',(0.0011712,-0.0812710798684469,-0.0322805593174641));
#10008=CARTESIAN_POINT('',(0.00117119999999999,-0.04505413878544,-0.0347390327970536));
#10009=CARTESIAN_POINT('',(0.00117119999999998,-0.0367156099699926,-0.0457142473391979));
#10010=CARTESIAN_POINT('',(0.00117119999999998,-0.0301221532010964,-0.055370882981477));
#10011=CARTESIAN_POINT('',(0.00117119999999998,-0.0436676752132908,-0.0355324014017863));
#10012=CARTESIAN_POINT('',(0.00117119999999999,-0.0451779961028257,-0.0365636337958832));
#10013=CARTESIAN_POINT('',(0.00117119999999998,-0.0316324740906312,-0.0564021153755739));
#10014=CARTESIAN_POINT('',(0.0011712,-0.0813949371858326,-0.0341051603162938));
#10015=CARTESIAN_POINT('',(0.00117119999999998,-0.0387213662079729,-0.0702277492223042));
#10016=CARTESIAN_POINT('',(0.0011712,-0.06780980555366,-0.0552979656624831));
#10017=CARTESIAN_POINT('',(0.0011712,-0.0532238437800819,-0.0780520660292649));
#10018=CARTESIAN_POINT('',(0.00117119999999998,-0.0488313476088891,-0.0849043600563256));
#10019=CARTESIAN_POINT('',(0.00117119999999998,1.50117696051666E-17,0.00125058311046744));
#10020=CARTESIAN_POINT('',(0.013,0.00529391032074184,-0.0160579267478636));
#10021=CARTESIAN_POINT('',(0.018,0.016828857654055,0.00791388184754634));
#10022=CARTESIAN_POINT('',(0.00117119999999998,0.004,0.00425029155523373));
#10023=CARTESIAN_POINT('',(0.00117119999999998,0.004,-0.0178067556334391));
#10024=CARTESIAN_POINT('',(0.00117119999999998,0.004,-0.0299862511291034));
#10025=CARTESIAN_POINT('',(0.00117119999999998,0.0151784351765641,-0.0413299894561303));
#10026=CARTESIAN_POINT('',(0.00117119999999998,0.022645705739214,-0.0483810242113991));
#10027=CARTESIAN_POINT('',(0.00117119999999998,0.00457323347192785,-0.0313159361044208));
#10028=CARTESIAN_POINT('',(0.00117119999999998,0.0181388573681584,0.0110970803253584));
#10029=CARTESIAN_POINT('',(0.00117119999999998,0.0195810053985072,0.0100832154256129));
#10030=CARTESIAN_POINT('',(0.00117119999999997,0.0362064806217325,-0.00160489523688265));
#10031=CARTESIAN_POINT('',(0.00117119999999997,0.0374217531588951,-0.0156096359761362));
#10032=CARTESIAN_POINT('',(0.00117119999999997,0.0378955920594298,-0.0291684734669446));
#10033=CARTESIAN_POINT('',(0.00117119999999997,0.0369823826203005,-0.00303710610505398));
#10034=CARTESIAN_POINT('',(0.00117119999999998,0.0301087819317825,-0.041203169499754));
#10035=CARTESIAN_POINT('',(0.00117119999999998,0.025411593156821,-0.0480825716301785));
#10036=CARTESIAN_POINT('',(0.00117119999999997,0.0375782286688027,-0.0302635777018555));
#10037=CARTESIAN_POINT('',(0.00117119999999997,0.0351546983401386,-0.00310097794586803));
#10038=CARTESIAN_POINT('',(0.00117119999999998,0.0058288,-0.0299862511291034));
#10039=CARTESIAN_POINT('',(0.00117119999999997,0.0360679077792679,-0.0292323453077587));
#10040=CARTESIAN_POINT('',(0.00117119999999998,0.0239012722672862,-0.0470513392360817));
#10041=CARTESIAN_POINT('',(0.00117119999999998,0.0185292231169133,0.00858713271662755));
#10042=CARTESIAN_POINT('',(0.00117119999999998,0.0058288,-0.0178067556334391));
#10043=CARTESIAN_POINT('',(0.00117119999999998,-2.33546515460148E-18,0.00667323433751702));
#10044=CARTESIAN_POINT('',(0.00117119999999998,0.064,0.00667323433751702));
#10045=CARTESIAN_POINT('',(0.00117119999999997,0.068,0.00667323433751703));
#10046=CARTESIAN_POINT('',(0.00117119999999997,0.068,0.018773234337517));
#10047=CARTESIAN_POINT('',(0.018,0.0781798772742773,0.0122325846235626));
#10048=CARTESIAN_POINT('',(0.00117119999999997,0.064,0.018773234337517));
#10049=CARTESIAN_POINT('',(0.013,0.0595715067327337,0.00751275267012019));
#10050=CARTESIAN_POINT('',(0.00117119999999997,0.09,0.027));
#10051=CARTESIAN_POINT('',(0.00117119999999997,0.09,-0.0219607470290729));
#10052=CARTESIAN_POINT('',(0.00117119999999997,0.09,0.0086904052893498));
#10053=CARTESIAN_POINT('',(0.00117119999999997,0.0828432117627015,0.0122104570893081));
#10054=CARTESIAN_POINT('',(0.00117119999999997,0.0887000835820929,0.0104410599087972));
#10055=CARTESIAN_POINT('',(0.00117119999999997,0.0802473525554775,0.0129946822019455));
#10056=CARTESIAN_POINT('',(0.00117119999999997,0.0547789543262244,0.0050922032913131));
#10057=CARTESIAN_POINT('',(0.00117119999999997,0.0578325120167382,0.00729418391196793));
#10058=CARTESIAN_POINT('',(0.00117119999999997,0.0457429716829441,-0.00142382184582087));
#10059=CARTESIAN_POINT('',(0.00117119999999997,0.0707090652596395,-0.0249791179541685));
#10060=CARTESIAN_POINT('',(0.00117119999999997,0.0882950573173856,-0.0237853480279025));
#10061=CARTESIAN_POINT('',(0.00117119999999997,0.0476986670919781,-0.0265411066798407));
#10062=CARTESIAN_POINT('',(0.00117119999999997,0.0454168724946866,-0.015330231598122));
#10063=CARTESIAN_POINT('',(0.00117119999999997,0.0457471254944305,-0.024780377521825));
#10064=CARTESIAN_POINT('',(0.00117119999999997,0.044984957450416,-0.00297103971140294));
#10065=CARTESIAN_POINT('',(0.00117119999999997,0.0468126417305779,-0.00290716787058888));
#10066=CARTESIAN_POINT('',(0.00117119999999997,0.0475748097745925,-0.024716505681011));
#10067=CARTESIAN_POINT('',(0.00117119999999997,0.058902182064372,0.00581083788719993));
#10068=CARTESIAN_POINT('',(0.00117119999999997,0.0797184689733846,0.0112440275824981));
#10069=CARTESIAN_POINT('',(0.00117119999999997,0.0881712,0.0086904052893498));
#10070=CARTESIAN_POINT('',(0.00117119999999997,0.0881712,-0.0219607470290729));
#10071=CARTESIAN_POINT('',(0.00117119999999998,0.01004,-0.0785094168895325));
#10072=CARTESIAN_POINT('',(0.00117119999999998,0.01004,-0.0684994168895326));
#10073=CARTESIAN_POINT('',(0.013,0.0171534240811167,-0.0714667399949002));
#10074=CARTESIAN_POINT('',(0.00117119999999998,0.0147,-0.0837494168895326));
#10075=CARTESIAN_POINT('',(0.013,0.0261514426224458,-0.0880999297173304));
#10076=CARTESIAN_POINT('',(0.018,0.0179655188334634,-0.0719426863197137));
#10077=CARTESIAN_POINT('',(0.00117119999999998,0.0147,-0.0937494168895326));
#10078=CARTESIAN_POINT('',(0.013,0.0269396643067246,-0.0932463088905004));
#10079=CARTESIAN_POINT('',(0.018,0.0261514426224458,-0.0893989040617347));
#10080=CARTESIAN_POINT('',(0.00117119999999998,1.1542322653213E-17,-0.095));
#10081=CARTESIAN_POINT('',(0.00117119999999997,0.0287669212931849,-0.095));
#10082=CARTESIAN_POINT('',(0.00117119999999997,0.037384624650741,-0.095));
#10083=CARTESIAN_POINT('',(0.00117119999999998,-0.01005,-0.0684994168895326));
#10084=CARTESIAN_POINT('',(0.00117119999999998,0.0058288,-0.0684994168895326));
#10085=CARTESIAN_POINT('',(0.00117119999999998,0.0338728338425939,-0.0823138013945153));
#10086=CARTESIAN_POINT('',(0.00117119999999997,0.03901197905256,-0.0923367977643365));
#10087=CARTESIAN_POINT('',(0.00117119999999998,0.0217619475792571,-0.0586936536669634));
#10088=CARTESIAN_POINT('',(0.00117119999999998,0.004,0.00425029155523373));
#10089=CARTESIAN_POINT('',(0.00117119999999998,0.004,-0.0666706168895326));
#10090=CARTESIAN_POINT('',(0.00117119999999998,0.004,-0.0460196870750205));
#10091=CARTESIAN_POINT('',(0.00117119999999998,0.00968601816837445,-0.0471466341425581));
#10092=CARTESIAN_POINT('',(0.00117119999999998,0.0213901597055102,-0.0581983709273095));
#10093=CARTESIAN_POINT('',(0.00117119999999998,0.00708436652807214,-0.0446900020997031));
#10094=CARTESIAN_POINT('',(0.00117119999999998,0.0058288,-0.0460196870750205));
#10095=CARTESIAN_POINT('',(0.00117119999999998,0.020134593177438,-0.0595280559026269));
#10096=CARTESIAN_POINT('',(0.00117119999999998,0.0058288,-0.0666706168895326));
#10097=CARTESIAN_POINT('',(0.00117119999999997,0.037384624650741,-0.0931712));
#10098=CARTESIAN_POINT('',(0.00117119999999998,0.0184530274736788,-0.0701800619224823));
#10099=CARTESIAN_POINT('',(0.00117119999999997,0.0278610261545215,-0.0887494168895326));
#10100=CARTESIAN_POINT('',(0.00117119999999997,0.0287669212931849,-0.0931712));
#10101=CARTESIAN_POINT('',(0.00117119999999998,-2.33546515460148E-18,0.077));
#10102=CARTESIAN_POINT('',(0.00117119999999997,0.0850239889125505,0.077));
#10103=CARTESIAN_POINT('',(0.00117119999999997,0.0466699314400955,0.077));
#10104=CARTESIAN_POINT('',(0.00117119999999997,0.0414477851580592,0.0798177245705451));
#10105=CARTESIAN_POINT('',(0.00117119999999997,0.0451391583207234,0.0741705786445373));
#10106=CARTESIAN_POINT('',(0.00117119999999997,0.0470099734645694,0.0713085634398055));
#10107=CARTESIAN_POINT('',(0.00117119999999997,0.0831571463865905,0.0691165330213302));
#10108=CARTESIAN_POINT('',(0.00117119999999997,0.0865416898126099,0.074150860145854));
#10109=CARTESIAN_POINT('',(0.00117119999999997,0.0730538373803066,0.0540884018451256));
#10110=CARTESIAN_POINT('',(0.00117119999999997,0.0609851374063011,0.0607170370583053));
#10111=CARTESIAN_POINT('',(0.00117119999999997,0.0704407363026817,0.0536442937176111));
#10112=CARTESIAN_POINT('',(0.00117119999999997,0.047445346406376,0.0708447368136077));
#10113=CARTESIAN_POINT('',(0.00117119999999997,0.0485407465839415,0.0723091847952683));
#10114=CARTESIAN_POINT('',(0.00117119999999997,0.0715361364802471,0.0551087416992717));
#10115=CARTESIAN_POINT('',(0.00117119999999997,0.0466699314400955,0.0751712));
#10116=CARTESIAN_POINT('',(0.00117119999999997,0.0850239889125505,0.0751712));
#10117=CARTESIAN_POINT('',(-0.012,0.0348263477743888,0.057));
#10118=CARTESIAN_POINT('',(-0.012,-0.0348263477743887,0.057));
#10119=MECHANICAL_DESIGN_GEOMETRIC_PRESENTATION_REPRESENTATION('',(#5999),
#10120);
#10120=(
GEOMETRIC_REPRESENTATION_CONTEXT(3)
GLOBAL_UNCERTAINTY_ASSIGNED_CONTEXT((#10121))
GLOBAL_UNIT_ASSIGNED_CONTEXT((#10124,#10123,#10122))
REPRESENTATION_CONTEXT('Part 2','TOP_LEVEL_ASSEMBLY_PART')
);
#10121=UNCERTAINTY_MEASURE_WITH_UNIT(LENGTH_MEASURE(3.16921814555037E-5),
#10124,'DISTANCE_ACCURACY_VALUE','Maximum Tolerance applied to model');
#10122=(
NAMED_UNIT(*)
SI_UNIT($,.STERADIAN.)
SOLID_ANGLE_UNIT()
);
#10123=(
NAMED_UNIT(*)
PLANE_ANGLE_UNIT()
SI_UNIT($,.RADIAN.)
);
#10124=(
LENGTH_UNIT()
NAMED_UNIT(*)
SI_UNIT($,.METRE.)
);
#10125=PRODUCT_DEFINITION_SHAPE('','',#10126);
#10126=PRODUCT_DEFINITION('','',#10128,#10127);
#10127=PRODUCT_DEFINITION_CONTEXT('',#10134,'design');
#10128=PRODUCT_DEFINITION_FORMATION_WITH_SPECIFIED_SOURCE('','',#10130,
 .NOT_KNOWN.);
#10129=PRODUCT_RELATED_PRODUCT_CATEGORY('','',(#10130));
#10130=PRODUCT('Part 2','Part 2','Part 2',(#10132));
#10131=PRODUCT_CATEGORY('','');
#10132=PRODUCT_CONTEXT('',#10134,'mechanical');
#10133=APPLICATION_PROTOCOL_DEFINITION('international standard',
'ap242_managed_model_based_3d_engineering',2020,#10134);
#10134=APPLICATION_CONTEXT('managed model based 3d engineering');
ENDSEC;
END-ISO-10303-21;
