ISO-10303-21;
HEADER;
/* Generated by software containing ST-Developer
 * from STEP Tools, Inc. (www.steptools.com) 
 */
/* OPTION: using custom renumber hook */

FILE_DESCRIPTION(
/* description */ ('STEP AP242 Edition 2',
'CAx-IF Rec.Pracs.---Representation and Presentation of Product Manufa
cturing Information (PMI)---4.0---2014-10-13',
'CAx-IF Rec.Pracs.---3D Tessellated Geometry---0.4---2014-09-14','2;1',
'CAx-IF Rec.Pracs.---User Defined Attributes---1.5---2016-08-15'),
/* implementation_level */ '2;1');

FILE_NAME(
/* name */ 'Assembly 1 - [LS] Pulley HTD5 24T',
/* time_stamp */ '2026-08-21T14:50:51Z',
/* author */ (''),
/* organization */ (''),
/* preprocessor_version */ 'ST-DEVELOPER v20',
/* originating_system */ 'ONSHAPE BY PTC INC, 1.219',
/* authorisation */ '  ');

FILE_SCHEMA (('AP242_MANAGED_MODEL_BASED_3D_ENGINEERING_MIM_LF { 1 0 10303 442 3 1 4 }'));
ENDSEC;

DATA;
#10=SHAPE_REPRESENTATION_RELATIONSHIP('','',#2973,#11);
#11=ADVANCED_BREP_SHAPE_REPRESENTATION('',(#2971),#5443);
#12=CONICAL_SURFACE('',#3409,0.0190268281710274,0.959931088596881);
#13=CONICAL_SURFACE('',#3423,0.0190268281710274,0.959931088596881);
#14=PLANE('',#3407);
#15=PLANE('',#3413);
#16=PLANE('',#3421);
#17=PLANE('',#3427);
#18=LINE('',#4527,#162);
#19=LINE('',#4531,#163);
#20=LINE('',#4535,#164);
#21=LINE('',#4542,#165);
#22=LINE('',#4546,#166);
#23=LINE('',#4548,#167);
#24=LINE('',#4554,#168);
#25=LINE('',#4566,#169);
#26=LINE('',#4570,#170);
#27=LINE('',#4574,#171);
#28=LINE('',#4582,#172);
#29=LINE('',#4584,#173);
#30=LINE('',#4590,#174);
#31=LINE('',#4602,#175);
#32=LINE('',#4606,#176);
#33=LINE('',#4610,#177);
#34=LINE('',#4618,#178);
#35=LINE('',#4620,#179);
#36=LINE('',#4626,#180);
#37=LINE('',#4638,#181);
#38=LINE('',#4642,#182);
#39=LINE('',#4646,#183);
#40=LINE('',#4654,#184);
#41=LINE('',#4656,#185);
#42=LINE('',#4662,#186);
#43=LINE('',#4674,#187);
#44=LINE('',#4678,#188);
#45=LINE('',#4682,#189);
#46=LINE('',#4690,#190);
#47=LINE('',#4692,#191);
#48=LINE('',#4698,#192);
#49=LINE('',#4710,#193);
#50=LINE('',#4714,#194);
#51=LINE('',#4718,#195);
#52=LINE('',#4726,#196);
#53=LINE('',#4728,#197);
#54=LINE('',#4734,#198);
#55=LINE('',#4746,#199);
#56=LINE('',#4750,#200);
#57=LINE('',#4754,#201);
#58=LINE('',#4762,#202);
#59=LINE('',#4764,#203);
#60=LINE('',#4770,#204);
#61=LINE('',#4782,#205);
#62=LINE('',#4786,#206);
#63=LINE('',#4790,#207);
#64=LINE('',#4798,#208);
#65=LINE('',#4800,#209);
#66=LINE('',#4806,#210);
#67=LINE('',#4818,#211);
#68=LINE('',#4822,#212);
#69=LINE('',#4826,#213);
#70=LINE('',#4834,#214);
#71=LINE('',#4836,#215);
#72=LINE('',#4842,#216);
#73=LINE('',#4854,#217);
#74=LINE('',#4858,#218);
#75=LINE('',#4862,#219);
#76=LINE('',#4870,#220);
#77=LINE('',#4872,#221);
#78=LINE('',#4878,#222);
#79=LINE('',#4890,#223);
#80=LINE('',#4894,#224);
#81=LINE('',#4898,#225);
#82=LINE('',#4906,#226);
#83=LINE('',#4908,#227);
#84=LINE('',#4914,#228);
#85=LINE('',#4926,#229);
#86=LINE('',#4930,#230);
#87=LINE('',#4934,#231);
#88=LINE('',#4942,#232);
#89=LINE('',#4944,#233);
#90=LINE('',#4950,#234);
#91=LINE('',#4962,#235);
#92=LINE('',#4966,#236);
#93=LINE('',#4970,#237);
#94=LINE('',#4978,#238);
#95=LINE('',#4980,#239);
#96=LINE('',#4986,#240);
#97=LINE('',#4998,#241);
#98=LINE('',#5002,#242);
#99=LINE('',#5006,#243);
#100=LINE('',#5014,#244);
#101=LINE('',#5016,#245);
#102=LINE('',#5022,#246);
#103=LINE('',#5034,#247);
#104=LINE('',#5038,#248);
#105=LINE('',#5042,#249);
#106=LINE('',#5050,#250);
#107=LINE('',#5052,#251);
#108=LINE('',#5058,#252);
#109=LINE('',#5070,#253);
#110=LINE('',#5074,#254);
#111=LINE('',#5078,#255);
#112=LINE('',#5086,#256);
#113=LINE('',#5088,#257);
#114=LINE('',#5094,#258);
#115=LINE('',#5106,#259);
#116=LINE('',#5110,#260);
#117=LINE('',#5114,#261);
#118=LINE('',#5122,#262);
#119=LINE('',#5124,#263);
#120=LINE('',#5130,#264);
#121=LINE('',#5142,#265);
#122=LINE('',#5146,#266);
#123=LINE('',#5150,#267);
#124=LINE('',#5158,#268);
#125=LINE('',#5160,#269);
#126=LINE('',#5166,#270);
#127=LINE('',#5178,#271);
#128=LINE('',#5182,#272);
#129=LINE('',#5186,#273);
#130=LINE('',#5194,#274);
#131=LINE('',#5196,#275);
#132=LINE('',#5202,#276);
#133=LINE('',#5214,#277);
#134=LINE('',#5218,#278);
#135=LINE('',#5222,#279);
#136=LINE('',#5230,#280);
#137=LINE('',#5232,#281);
#138=LINE('',#5238,#282);
#139=LINE('',#5250,#283);
#140=LINE('',#5254,#284);
#141=LINE('',#5258,#285);
#142=LINE('',#5266,#286);
#143=LINE('',#5268,#287);
#144=LINE('',#5274,#288);
#145=LINE('',#5286,#289);
#146=LINE('',#5290,#290);
#147=LINE('',#5294,#291);
#148=LINE('',#5302,#292);
#149=LINE('',#5304,#293);
#150=LINE('',#5310,#294);
#151=LINE('',#5322,#295);
#152=LINE('',#5326,#296);
#153=LINE('',#5330,#297);
#154=LINE('',#5338,#298);
#155=LINE('',#5340,#299);
#156=LINE('',#5346,#300);
#157=LINE('',#5357,#301);
#158=LINE('',#5361,#302);
#159=LINE('',#5366,#303);
#160=LINE('',#5370,#304);
#161=LINE('',#5378,#305);
#162=VECTOR('',#3448,1.);
#163=VECTOR('',#3451,1.);
#164=VECTOR('',#3456,1.);
#165=VECTOR('',#3463,1.);
#166=VECTOR('',#3466,1.);
#167=VECTOR('',#3469,1.);
#168=VECTOR('',#3476,1.);
#169=VECTOR('',#3491,1.);
#170=VECTOR('',#3494,1.);
#171=VECTOR('',#3499,1.);
#172=VECTOR('',#3508,1.);
#173=VECTOR('',#3511,1.);
#174=VECTOR('',#3518,1.);
#175=VECTOR('',#3533,1.);
#176=VECTOR('',#3536,1.);
#177=VECTOR('',#3541,1.);
#178=VECTOR('',#3550,1.);
#179=VECTOR('',#3553,1.);
#180=VECTOR('',#3560,1.);
#181=VECTOR('',#3575,1.);
#182=VECTOR('',#3578,1.);
#183=VECTOR('',#3583,1.);
#184=VECTOR('',#3592,1.);
#185=VECTOR('',#3595,1.);
#186=VECTOR('',#3602,1.);
#187=VECTOR('',#3617,1.);
#188=VECTOR('',#3620,1.);
#189=VECTOR('',#3625,1.);
#190=VECTOR('',#3634,1.);
#191=VECTOR('',#3637,1.);
#192=VECTOR('',#3644,1.);
#193=VECTOR('',#3659,1.);
#194=VECTOR('',#3662,1.);
#195=VECTOR('',#3667,1.);
#196=VECTOR('',#3676,1.);
#197=VECTOR('',#3679,1.);
#198=VECTOR('',#3686,1.);
#199=VECTOR('',#3701,1.);
#200=VECTOR('',#3704,1.);
#201=VECTOR('',#3709,1.);
#202=VECTOR('',#3718,1.);
#203=VECTOR('',#3721,1.);
#204=VECTOR('',#3728,1.);
#205=VECTOR('',#3743,1.);
#206=VECTOR('',#3746,1.);
#207=VECTOR('',#3751,1.);
#208=VECTOR('',#3760,1.);
#209=VECTOR('',#3763,1.);
#210=VECTOR('',#3770,1.);
#211=VECTOR('',#3785,1.);
#212=VECTOR('',#3788,1.);
#213=VECTOR('',#3793,1.);
#214=VECTOR('',#3802,1.);
#215=VECTOR('',#3805,1.);
#216=VECTOR('',#3812,1.);
#217=VECTOR('',#3827,1.);
#218=VECTOR('',#3830,1.);
#219=VECTOR('',#3835,1.);
#220=VECTOR('',#3844,1.);
#221=VECTOR('',#3847,1.);
#222=VECTOR('',#3854,1.);
#223=VECTOR('',#3869,1.);
#224=VECTOR('',#3872,1.);
#225=VECTOR('',#3877,1.);
#226=VECTOR('',#3886,1.);
#227=VECTOR('',#3889,1.);
#228=VECTOR('',#3896,1.);
#229=VECTOR('',#3911,1.);
#230=VECTOR('',#3914,1.);
#231=VECTOR('',#3919,1.);
#232=VECTOR('',#3928,1.);
#233=VECTOR('',#3931,1.);
#234=VECTOR('',#3938,1.);
#235=VECTOR('',#3953,1.);
#236=VECTOR('',#3956,1.);
#237=VECTOR('',#3961,1.);
#238=VECTOR('',#3970,1.);
#239=VECTOR('',#3973,1.);
#240=VECTOR('',#3980,1.);
#241=VECTOR('',#3995,1.);
#242=VECTOR('',#3998,1.);
#243=VECTOR('',#4003,1.);
#244=VECTOR('',#4012,1.);
#245=VECTOR('',#4015,1.);
#246=VECTOR('',#4022,1.);
#247=VECTOR('',#4037,1.);
#248=VECTOR('',#4040,1.);
#249=VECTOR('',#4045,1.);
#250=VECTOR('',#4054,1.);
#251=VECTOR('',#4057,1.);
#252=VECTOR('',#4064,1.);
#253=VECTOR('',#4079,1.);
#254=VECTOR('',#4082,1.);
#255=VECTOR('',#4087,1.);
#256=VECTOR('',#4096,1.);
#257=VECTOR('',#4099,1.);
#258=VECTOR('',#4106,1.);
#259=VECTOR('',#4121,1.);
#260=VECTOR('',#4124,1.);
#261=VECTOR('',#4129,1.);
#262=VECTOR('',#4138,1.);
#263=VECTOR('',#4141,1.);
#264=VECTOR('',#4148,1.);
#265=VECTOR('',#4163,1.);
#266=VECTOR('',#4166,1.);
#267=VECTOR('',#4171,1.);
#268=VECTOR('',#4180,1.);
#269=VECTOR('',#4183,1.);
#270=VECTOR('',#4190,1.);
#271=VECTOR('',#4205,1.);
#272=VECTOR('',#4208,1.);
#273=VECTOR('',#4213,1.);
#274=VECTOR('',#4222,1.);
#275=VECTOR('',#4225,1.);
#276=VECTOR('',#4232,1.);
#277=VECTOR('',#4247,1.);
#278=VECTOR('',#4250,1.);
#279=VECTOR('',#4255,1.);
#280=VECTOR('',#4264,1.);
#281=VECTOR('',#4267,1.);
#282=VECTOR('',#4274,1.);
#283=VECTOR('',#4289,1.);
#284=VECTOR('',#4292,1.);
#285=VECTOR('',#4297,1.);
#286=VECTOR('',#4306,1.);
#287=VECTOR('',#4309,1.);
#288=VECTOR('',#4316,1.);
#289=VECTOR('',#4331,1.);
#290=VECTOR('',#4334,1.);
#291=VECTOR('',#4339,1.);
#292=VECTOR('',#4348,1.);
#293=VECTOR('',#4351,1.);
#294=VECTOR('',#4358,1.);
#295=VECTOR('',#4373,1.);
#296=VECTOR('',#4376,1.);
#297=VECTOR('',#4381,1.);
#298=VECTOR('',#4390,1.);
#299=VECTOR('',#4393,1.);
#300=VECTOR('',#4400,1.);
#301=VECTOR('',#4415,1.);
#302=VECTOR('',#4420,1.);
#303=VECTOR('',#4423,1.);
#304=VECTOR('',#4428,1.);
#305=VECTOR('',#4437,1.);
#306=ORIENTED_EDGE('',*,*,#1210,.F.);
#307=ORIENTED_EDGE('',*,*,#1211,.T.);
#308=ORIENTED_EDGE('',*,*,#1212,.T.);
#309=ORIENTED_EDGE('',*,*,#1213,.T.);
#310=ORIENTED_EDGE('',*,*,#1214,.F.);
#311=ORIENTED_EDGE('',*,*,#1215,.F.);
#312=ORIENTED_EDGE('',*,*,#1216,.T.);
#313=ORIENTED_EDGE('',*,*,#1211,.F.);
#314=ORIENTED_EDGE('',*,*,#1217,.F.);
#315=ORIENTED_EDGE('',*,*,#1218,.F.);
#316=ORIENTED_EDGE('',*,*,#1219,.T.);
#317=ORIENTED_EDGE('',*,*,#1220,.F.);
#318=ORIENTED_EDGE('',*,*,#1221,.T.);
#319=ORIENTED_EDGE('',*,*,#1222,.T.);
#320=ORIENTED_EDGE('',*,*,#1215,.T.);
#321=ORIENTED_EDGE('',*,*,#1223,.F.);
#322=ORIENTED_EDGE('',*,*,#1224,.T.);
#323=ORIENTED_EDGE('',*,*,#1225,.T.);
#324=ORIENTED_EDGE('',*,*,#1221,.F.);
#325=ORIENTED_EDGE('',*,*,#1226,.F.);
#326=ORIENTED_EDGE('',*,*,#1227,.T.);
#327=ORIENTED_EDGE('',*,*,#1220,.T.);
#328=ORIENTED_EDGE('',*,*,#1228,.F.);
#329=ORIENTED_EDGE('',*,*,#1224,.F.);
#330=ORIENTED_EDGE('',*,*,#1229,.F.);
#331=ORIENTED_EDGE('',*,*,#1230,.T.);
#332=ORIENTED_EDGE('',*,*,#1231,.T.);
#333=ORIENTED_EDGE('',*,*,#1232,.T.);
#334=ORIENTED_EDGE('',*,*,#1233,.F.);
#335=ORIENTED_EDGE('',*,*,#1234,.F.);
#336=ORIENTED_EDGE('',*,*,#1235,.T.);
#337=ORIENTED_EDGE('',*,*,#1230,.F.);
#338=ORIENTED_EDGE('',*,*,#1236,.F.);
#339=ORIENTED_EDGE('',*,*,#1213,.F.);
#340=ORIENTED_EDGE('',*,*,#1237,.T.);
#341=ORIENTED_EDGE('',*,*,#1238,.F.);
#342=ORIENTED_EDGE('',*,*,#1239,.T.);
#343=ORIENTED_EDGE('',*,*,#1240,.T.);
#344=ORIENTED_EDGE('',*,*,#1234,.T.);
#345=ORIENTED_EDGE('',*,*,#1241,.F.);
#346=ORIENTED_EDGE('',*,*,#1242,.T.);
#347=ORIENTED_EDGE('',*,*,#1243,.T.);
#348=ORIENTED_EDGE('',*,*,#1239,.F.);
#349=ORIENTED_EDGE('',*,*,#1244,.F.);
#350=ORIENTED_EDGE('',*,*,#1245,.T.);
#351=ORIENTED_EDGE('',*,*,#1238,.T.);
#352=ORIENTED_EDGE('',*,*,#1246,.F.);
#353=ORIENTED_EDGE('',*,*,#1242,.F.);
#354=ORIENTED_EDGE('',*,*,#1247,.F.);
#355=ORIENTED_EDGE('',*,*,#1248,.T.);
#356=ORIENTED_EDGE('',*,*,#1249,.T.);
#357=ORIENTED_EDGE('',*,*,#1250,.T.);
#358=ORIENTED_EDGE('',*,*,#1251,.F.);
#359=ORIENTED_EDGE('',*,*,#1252,.F.);
#360=ORIENTED_EDGE('',*,*,#1253,.T.);
#361=ORIENTED_EDGE('',*,*,#1248,.F.);
#362=ORIENTED_EDGE('',*,*,#1254,.F.);
#363=ORIENTED_EDGE('',*,*,#1232,.F.);
#364=ORIENTED_EDGE('',*,*,#1255,.T.);
#365=ORIENTED_EDGE('',*,*,#1256,.F.);
#366=ORIENTED_EDGE('',*,*,#1257,.T.);
#367=ORIENTED_EDGE('',*,*,#1258,.T.);
#368=ORIENTED_EDGE('',*,*,#1252,.T.);
#369=ORIENTED_EDGE('',*,*,#1259,.F.);
#370=ORIENTED_EDGE('',*,*,#1260,.T.);
#371=ORIENTED_EDGE('',*,*,#1261,.T.);
#372=ORIENTED_EDGE('',*,*,#1257,.F.);
#373=ORIENTED_EDGE('',*,*,#1262,.F.);
#374=ORIENTED_EDGE('',*,*,#1263,.T.);
#375=ORIENTED_EDGE('',*,*,#1256,.T.);
#376=ORIENTED_EDGE('',*,*,#1264,.F.);
#377=ORIENTED_EDGE('',*,*,#1260,.F.);
#378=ORIENTED_EDGE('',*,*,#1265,.F.);
#379=ORIENTED_EDGE('',*,*,#1266,.T.);
#380=ORIENTED_EDGE('',*,*,#1267,.T.);
#381=ORIENTED_EDGE('',*,*,#1268,.T.);
#382=ORIENTED_EDGE('',*,*,#1269,.F.);
#383=ORIENTED_EDGE('',*,*,#1270,.F.);
#384=ORIENTED_EDGE('',*,*,#1271,.T.);
#385=ORIENTED_EDGE('',*,*,#1266,.F.);
#386=ORIENTED_EDGE('',*,*,#1272,.F.);
#387=ORIENTED_EDGE('',*,*,#1250,.F.);
#388=ORIENTED_EDGE('',*,*,#1273,.T.);
#389=ORIENTED_EDGE('',*,*,#1274,.F.);
#390=ORIENTED_EDGE('',*,*,#1275,.T.);
#391=ORIENTED_EDGE('',*,*,#1276,.T.);
#392=ORIENTED_EDGE('',*,*,#1270,.T.);
#393=ORIENTED_EDGE('',*,*,#1277,.F.);
#394=ORIENTED_EDGE('',*,*,#1278,.T.);
#395=ORIENTED_EDGE('',*,*,#1279,.T.);
#396=ORIENTED_EDGE('',*,*,#1275,.F.);
#397=ORIENTED_EDGE('',*,*,#1280,.F.);
#398=ORIENTED_EDGE('',*,*,#1281,.T.);
#399=ORIENTED_EDGE('',*,*,#1274,.T.);
#400=ORIENTED_EDGE('',*,*,#1282,.F.);
#401=ORIENTED_EDGE('',*,*,#1278,.F.);
#402=ORIENTED_EDGE('',*,*,#1283,.F.);
#403=ORIENTED_EDGE('',*,*,#1284,.T.);
#404=ORIENTED_EDGE('',*,*,#1285,.T.);
#405=ORIENTED_EDGE('',*,*,#1286,.T.);
#406=ORIENTED_EDGE('',*,*,#1287,.F.);
#407=ORIENTED_EDGE('',*,*,#1288,.F.);
#408=ORIENTED_EDGE('',*,*,#1289,.T.);
#409=ORIENTED_EDGE('',*,*,#1284,.F.);
#410=ORIENTED_EDGE('',*,*,#1290,.F.);
#411=ORIENTED_EDGE('',*,*,#1268,.F.);
#412=ORIENTED_EDGE('',*,*,#1291,.T.);
#413=ORIENTED_EDGE('',*,*,#1292,.F.);
#414=ORIENTED_EDGE('',*,*,#1293,.T.);
#415=ORIENTED_EDGE('',*,*,#1294,.T.);
#416=ORIENTED_EDGE('',*,*,#1288,.T.);
#417=ORIENTED_EDGE('',*,*,#1295,.F.);
#418=ORIENTED_EDGE('',*,*,#1296,.T.);
#419=ORIENTED_EDGE('',*,*,#1297,.T.);
#420=ORIENTED_EDGE('',*,*,#1293,.F.);
#421=ORIENTED_EDGE('',*,*,#1298,.F.);
#422=ORIENTED_EDGE('',*,*,#1299,.T.);
#423=ORIENTED_EDGE('',*,*,#1292,.T.);
#424=ORIENTED_EDGE('',*,*,#1300,.F.);
#425=ORIENTED_EDGE('',*,*,#1296,.F.);
#426=ORIENTED_EDGE('',*,*,#1301,.F.);
#427=ORIENTED_EDGE('',*,*,#1302,.T.);
#428=ORIENTED_EDGE('',*,*,#1303,.T.);
#429=ORIENTED_EDGE('',*,*,#1304,.T.);
#430=ORIENTED_EDGE('',*,*,#1305,.F.);
#431=ORIENTED_EDGE('',*,*,#1306,.F.);
#432=ORIENTED_EDGE('',*,*,#1307,.T.);
#433=ORIENTED_EDGE('',*,*,#1302,.F.);
#434=ORIENTED_EDGE('',*,*,#1308,.F.);
#435=ORIENTED_EDGE('',*,*,#1286,.F.);
#436=ORIENTED_EDGE('',*,*,#1309,.T.);
#437=ORIENTED_EDGE('',*,*,#1310,.F.);
#438=ORIENTED_EDGE('',*,*,#1311,.T.);
#439=ORIENTED_EDGE('',*,*,#1312,.T.);
#440=ORIENTED_EDGE('',*,*,#1306,.T.);
#441=ORIENTED_EDGE('',*,*,#1313,.F.);
#442=ORIENTED_EDGE('',*,*,#1314,.T.);
#443=ORIENTED_EDGE('',*,*,#1315,.T.);
#444=ORIENTED_EDGE('',*,*,#1311,.F.);
#445=ORIENTED_EDGE('',*,*,#1316,.F.);
#446=ORIENTED_EDGE('',*,*,#1317,.T.);
#447=ORIENTED_EDGE('',*,*,#1310,.T.);
#448=ORIENTED_EDGE('',*,*,#1318,.F.);
#449=ORIENTED_EDGE('',*,*,#1314,.F.);
#450=ORIENTED_EDGE('',*,*,#1319,.F.);
#451=ORIENTED_EDGE('',*,*,#1320,.T.);
#452=ORIENTED_EDGE('',*,*,#1321,.T.);
#453=ORIENTED_EDGE('',*,*,#1322,.T.);
#454=ORIENTED_EDGE('',*,*,#1323,.F.);
#455=ORIENTED_EDGE('',*,*,#1324,.F.);
#456=ORIENTED_EDGE('',*,*,#1325,.T.);
#457=ORIENTED_EDGE('',*,*,#1320,.F.);
#458=ORIENTED_EDGE('',*,*,#1326,.F.);
#459=ORIENTED_EDGE('',*,*,#1304,.F.);
#460=ORIENTED_EDGE('',*,*,#1327,.T.);
#461=ORIENTED_EDGE('',*,*,#1328,.F.);
#462=ORIENTED_EDGE('',*,*,#1329,.T.);
#463=ORIENTED_EDGE('',*,*,#1330,.T.);
#464=ORIENTED_EDGE('',*,*,#1324,.T.);
#465=ORIENTED_EDGE('',*,*,#1331,.F.);
#466=ORIENTED_EDGE('',*,*,#1332,.T.);
#467=ORIENTED_EDGE('',*,*,#1333,.T.);
#468=ORIENTED_EDGE('',*,*,#1329,.F.);
#469=ORIENTED_EDGE('',*,*,#1334,.F.);
#470=ORIENTED_EDGE('',*,*,#1335,.T.);
#471=ORIENTED_EDGE('',*,*,#1328,.T.);
#472=ORIENTED_EDGE('',*,*,#1336,.F.);
#473=ORIENTED_EDGE('',*,*,#1332,.F.);
#474=ORIENTED_EDGE('',*,*,#1337,.F.);
#475=ORIENTED_EDGE('',*,*,#1338,.T.);
#476=ORIENTED_EDGE('',*,*,#1339,.T.);
#477=ORIENTED_EDGE('',*,*,#1340,.T.);
#478=ORIENTED_EDGE('',*,*,#1341,.F.);
#479=ORIENTED_EDGE('',*,*,#1342,.F.);
#480=ORIENTED_EDGE('',*,*,#1343,.T.);
#481=ORIENTED_EDGE('',*,*,#1338,.F.);
#482=ORIENTED_EDGE('',*,*,#1344,.F.);
#483=ORIENTED_EDGE('',*,*,#1322,.F.);
#484=ORIENTED_EDGE('',*,*,#1345,.T.);
#485=ORIENTED_EDGE('',*,*,#1346,.F.);
#486=ORIENTED_EDGE('',*,*,#1347,.T.);
#487=ORIENTED_EDGE('',*,*,#1348,.T.);
#488=ORIENTED_EDGE('',*,*,#1342,.T.);
#489=ORIENTED_EDGE('',*,*,#1349,.F.);
#490=ORIENTED_EDGE('',*,*,#1350,.T.);
#491=ORIENTED_EDGE('',*,*,#1351,.T.);
#492=ORIENTED_EDGE('',*,*,#1347,.F.);
#493=ORIENTED_EDGE('',*,*,#1352,.F.);
#494=ORIENTED_EDGE('',*,*,#1353,.T.);
#495=ORIENTED_EDGE('',*,*,#1346,.T.);
#496=ORIENTED_EDGE('',*,*,#1354,.F.);
#497=ORIENTED_EDGE('',*,*,#1350,.F.);
#498=ORIENTED_EDGE('',*,*,#1355,.F.);
#499=ORIENTED_EDGE('',*,*,#1356,.T.);
#500=ORIENTED_EDGE('',*,*,#1357,.T.);
#501=ORIENTED_EDGE('',*,*,#1358,.T.);
#502=ORIENTED_EDGE('',*,*,#1359,.F.);
#503=ORIENTED_EDGE('',*,*,#1360,.F.);
#504=ORIENTED_EDGE('',*,*,#1361,.T.);
#505=ORIENTED_EDGE('',*,*,#1356,.F.);
#506=ORIENTED_EDGE('',*,*,#1362,.F.);
#507=ORIENTED_EDGE('',*,*,#1340,.F.);
#508=ORIENTED_EDGE('',*,*,#1363,.T.);
#509=ORIENTED_EDGE('',*,*,#1364,.F.);
#510=ORIENTED_EDGE('',*,*,#1365,.T.);
#511=ORIENTED_EDGE('',*,*,#1366,.T.);
#512=ORIENTED_EDGE('',*,*,#1360,.T.);
#513=ORIENTED_EDGE('',*,*,#1367,.F.);
#514=ORIENTED_EDGE('',*,*,#1368,.T.);
#515=ORIENTED_EDGE('',*,*,#1369,.T.);
#516=ORIENTED_EDGE('',*,*,#1365,.F.);
#517=ORIENTED_EDGE('',*,*,#1370,.F.);
#518=ORIENTED_EDGE('',*,*,#1371,.T.);
#519=ORIENTED_EDGE('',*,*,#1364,.T.);
#520=ORIENTED_EDGE('',*,*,#1372,.F.);
#521=ORIENTED_EDGE('',*,*,#1368,.F.);
#522=ORIENTED_EDGE('',*,*,#1373,.F.);
#523=ORIENTED_EDGE('',*,*,#1374,.T.);
#524=ORIENTED_EDGE('',*,*,#1375,.T.);
#525=ORIENTED_EDGE('',*,*,#1376,.T.);
#526=ORIENTED_EDGE('',*,*,#1377,.F.);
#527=ORIENTED_EDGE('',*,*,#1378,.F.);
#528=ORIENTED_EDGE('',*,*,#1379,.T.);
#529=ORIENTED_EDGE('',*,*,#1374,.F.);
#530=ORIENTED_EDGE('',*,*,#1380,.F.);
#531=ORIENTED_EDGE('',*,*,#1358,.F.);
#532=ORIENTED_EDGE('',*,*,#1381,.T.);
#533=ORIENTED_EDGE('',*,*,#1382,.F.);
#534=ORIENTED_EDGE('',*,*,#1383,.T.);
#535=ORIENTED_EDGE('',*,*,#1384,.T.);
#536=ORIENTED_EDGE('',*,*,#1378,.T.);
#537=ORIENTED_EDGE('',*,*,#1385,.F.);
#538=ORIENTED_EDGE('',*,*,#1386,.T.);
#539=ORIENTED_EDGE('',*,*,#1387,.T.);
#540=ORIENTED_EDGE('',*,*,#1383,.F.);
#541=ORIENTED_EDGE('',*,*,#1388,.F.);
#542=ORIENTED_EDGE('',*,*,#1389,.T.);
#543=ORIENTED_EDGE('',*,*,#1382,.T.);
#544=ORIENTED_EDGE('',*,*,#1390,.F.);
#545=ORIENTED_EDGE('',*,*,#1386,.F.);
#546=ORIENTED_EDGE('',*,*,#1391,.F.);
#547=ORIENTED_EDGE('',*,*,#1392,.T.);
#548=ORIENTED_EDGE('',*,*,#1393,.T.);
#549=ORIENTED_EDGE('',*,*,#1394,.T.);
#550=ORIENTED_EDGE('',*,*,#1395,.F.);
#551=ORIENTED_EDGE('',*,*,#1396,.F.);
#552=ORIENTED_EDGE('',*,*,#1397,.T.);
#553=ORIENTED_EDGE('',*,*,#1392,.F.);
#554=ORIENTED_EDGE('',*,*,#1398,.F.);
#555=ORIENTED_EDGE('',*,*,#1376,.F.);
#556=ORIENTED_EDGE('',*,*,#1399,.T.);
#557=ORIENTED_EDGE('',*,*,#1400,.F.);
#558=ORIENTED_EDGE('',*,*,#1401,.T.);
#559=ORIENTED_EDGE('',*,*,#1402,.T.);
#560=ORIENTED_EDGE('',*,*,#1396,.T.);
#561=ORIENTED_EDGE('',*,*,#1403,.F.);
#562=ORIENTED_EDGE('',*,*,#1404,.T.);
#563=ORIENTED_EDGE('',*,*,#1405,.T.);
#564=ORIENTED_EDGE('',*,*,#1401,.F.);
#565=ORIENTED_EDGE('',*,*,#1406,.F.);
#566=ORIENTED_EDGE('',*,*,#1407,.T.);
#567=ORIENTED_EDGE('',*,*,#1400,.T.);
#568=ORIENTED_EDGE('',*,*,#1408,.F.);
#569=ORIENTED_EDGE('',*,*,#1404,.F.);
#570=ORIENTED_EDGE('',*,*,#1409,.F.);
#571=ORIENTED_EDGE('',*,*,#1410,.T.);
#572=ORIENTED_EDGE('',*,*,#1411,.T.);
#573=ORIENTED_EDGE('',*,*,#1412,.T.);
#574=ORIENTED_EDGE('',*,*,#1413,.F.);
#575=ORIENTED_EDGE('',*,*,#1414,.F.);
#576=ORIENTED_EDGE('',*,*,#1415,.T.);
#577=ORIENTED_EDGE('',*,*,#1410,.F.);
#578=ORIENTED_EDGE('',*,*,#1416,.F.);
#579=ORIENTED_EDGE('',*,*,#1394,.F.);
#580=ORIENTED_EDGE('',*,*,#1417,.T.);
#581=ORIENTED_EDGE('',*,*,#1418,.F.);
#582=ORIENTED_EDGE('',*,*,#1419,.T.);
#583=ORIENTED_EDGE('',*,*,#1420,.T.);
#584=ORIENTED_EDGE('',*,*,#1414,.T.);
#585=ORIENTED_EDGE('',*,*,#1421,.F.);
#586=ORIENTED_EDGE('',*,*,#1422,.T.);
#587=ORIENTED_EDGE('',*,*,#1423,.T.);
#588=ORIENTED_EDGE('',*,*,#1419,.F.);
#589=ORIENTED_EDGE('',*,*,#1424,.F.);
#590=ORIENTED_EDGE('',*,*,#1425,.T.);
#591=ORIENTED_EDGE('',*,*,#1418,.T.);
#592=ORIENTED_EDGE('',*,*,#1426,.F.);
#593=ORIENTED_EDGE('',*,*,#1422,.F.);
#594=ORIENTED_EDGE('',*,*,#1427,.F.);
#595=ORIENTED_EDGE('',*,*,#1428,.T.);
#596=ORIENTED_EDGE('',*,*,#1429,.T.);
#597=ORIENTED_EDGE('',*,*,#1430,.T.);
#598=ORIENTED_EDGE('',*,*,#1431,.F.);
#599=ORIENTED_EDGE('',*,*,#1432,.F.);
#600=ORIENTED_EDGE('',*,*,#1433,.T.);
#601=ORIENTED_EDGE('',*,*,#1428,.F.);
#602=ORIENTED_EDGE('',*,*,#1434,.F.);
#603=ORIENTED_EDGE('',*,*,#1412,.F.);
#604=ORIENTED_EDGE('',*,*,#1435,.T.);
#605=ORIENTED_EDGE('',*,*,#1436,.F.);
#606=ORIENTED_EDGE('',*,*,#1437,.T.);
#607=ORIENTED_EDGE('',*,*,#1438,.T.);
#608=ORIENTED_EDGE('',*,*,#1432,.T.);
#609=ORIENTED_EDGE('',*,*,#1439,.F.);
#610=ORIENTED_EDGE('',*,*,#1440,.T.);
#611=ORIENTED_EDGE('',*,*,#1441,.T.);
#612=ORIENTED_EDGE('',*,*,#1437,.F.);
#613=ORIENTED_EDGE('',*,*,#1442,.F.);
#614=ORIENTED_EDGE('',*,*,#1443,.T.);
#615=ORIENTED_EDGE('',*,*,#1436,.T.);
#616=ORIENTED_EDGE('',*,*,#1444,.F.);
#617=ORIENTED_EDGE('',*,*,#1440,.F.);
#618=ORIENTED_EDGE('',*,*,#1445,.F.);
#619=ORIENTED_EDGE('',*,*,#1446,.T.);
#620=ORIENTED_EDGE('',*,*,#1447,.T.);
#621=ORIENTED_EDGE('',*,*,#1448,.T.);
#622=ORIENTED_EDGE('',*,*,#1449,.F.);
#623=ORIENTED_EDGE('',*,*,#1450,.F.);
#624=ORIENTED_EDGE('',*,*,#1451,.T.);
#625=ORIENTED_EDGE('',*,*,#1446,.F.);
#626=ORIENTED_EDGE('',*,*,#1452,.F.);
#627=ORIENTED_EDGE('',*,*,#1430,.F.);
#628=ORIENTED_EDGE('',*,*,#1453,.T.);
#629=ORIENTED_EDGE('',*,*,#1454,.F.);
#630=ORIENTED_EDGE('',*,*,#1455,.T.);
#631=ORIENTED_EDGE('',*,*,#1456,.T.);
#632=ORIENTED_EDGE('',*,*,#1450,.T.);
#633=ORIENTED_EDGE('',*,*,#1457,.F.);
#634=ORIENTED_EDGE('',*,*,#1458,.T.);
#635=ORIENTED_EDGE('',*,*,#1459,.T.);
#636=ORIENTED_EDGE('',*,*,#1455,.F.);
#637=ORIENTED_EDGE('',*,*,#1460,.F.);
#638=ORIENTED_EDGE('',*,*,#1461,.T.);
#639=ORIENTED_EDGE('',*,*,#1454,.T.);
#640=ORIENTED_EDGE('',*,*,#1462,.F.);
#641=ORIENTED_EDGE('',*,*,#1458,.F.);
#642=ORIENTED_EDGE('',*,*,#1463,.F.);
#643=ORIENTED_EDGE('',*,*,#1464,.T.);
#644=ORIENTED_EDGE('',*,*,#1465,.T.);
#645=ORIENTED_EDGE('',*,*,#1466,.T.);
#646=ORIENTED_EDGE('',*,*,#1467,.F.);
#647=ORIENTED_EDGE('',*,*,#1468,.F.);
#648=ORIENTED_EDGE('',*,*,#1469,.T.);
#649=ORIENTED_EDGE('',*,*,#1464,.F.);
#650=ORIENTED_EDGE('',*,*,#1470,.F.);
#651=ORIENTED_EDGE('',*,*,#1448,.F.);
#652=ORIENTED_EDGE('',*,*,#1471,.T.);
#653=ORIENTED_EDGE('',*,*,#1472,.F.);
#654=ORIENTED_EDGE('',*,*,#1473,.T.);
#655=ORIENTED_EDGE('',*,*,#1474,.T.);
#656=ORIENTED_EDGE('',*,*,#1468,.T.);
#657=ORIENTED_EDGE('',*,*,#1475,.F.);
#658=ORIENTED_EDGE('',*,*,#1476,.T.);
#659=ORIENTED_EDGE('',*,*,#1477,.T.);
#660=ORIENTED_EDGE('',*,*,#1473,.F.);
#661=ORIENTED_EDGE('',*,*,#1478,.F.);
#662=ORIENTED_EDGE('',*,*,#1479,.T.);
#663=ORIENTED_EDGE('',*,*,#1472,.T.);
#664=ORIENTED_EDGE('',*,*,#1480,.F.);
#665=ORIENTED_EDGE('',*,*,#1476,.F.);
#666=ORIENTED_EDGE('',*,*,#1481,.F.);
#667=ORIENTED_EDGE('',*,*,#1482,.T.);
#668=ORIENTED_EDGE('',*,*,#1483,.T.);
#669=ORIENTED_EDGE('',*,*,#1484,.T.);
#670=ORIENTED_EDGE('',*,*,#1485,.F.);
#671=ORIENTED_EDGE('',*,*,#1486,.F.);
#672=ORIENTED_EDGE('',*,*,#1487,.T.);
#673=ORIENTED_EDGE('',*,*,#1482,.F.);
#674=ORIENTED_EDGE('',*,*,#1488,.F.);
#675=ORIENTED_EDGE('',*,*,#1466,.F.);
#676=ORIENTED_EDGE('',*,*,#1489,.T.);
#677=ORIENTED_EDGE('',*,*,#1490,.F.);
#678=ORIENTED_EDGE('',*,*,#1491,.T.);
#679=ORIENTED_EDGE('',*,*,#1492,.T.);
#680=ORIENTED_EDGE('',*,*,#1486,.T.);
#681=ORIENTED_EDGE('',*,*,#1493,.F.);
#682=ORIENTED_EDGE('',*,*,#1494,.T.);
#683=ORIENTED_EDGE('',*,*,#1495,.T.);
#684=ORIENTED_EDGE('',*,*,#1491,.F.);
#685=ORIENTED_EDGE('',*,*,#1496,.F.);
#686=ORIENTED_EDGE('',*,*,#1497,.T.);
#687=ORIENTED_EDGE('',*,*,#1490,.T.);
#688=ORIENTED_EDGE('',*,*,#1498,.F.);
#689=ORIENTED_EDGE('',*,*,#1494,.F.);
#690=ORIENTED_EDGE('',*,*,#1499,.F.);
#691=ORIENTED_EDGE('',*,*,#1500,.T.);
#692=ORIENTED_EDGE('',*,*,#1501,.T.);
#693=ORIENTED_EDGE('',*,*,#1502,.T.);
#694=ORIENTED_EDGE('',*,*,#1503,.F.);
#695=ORIENTED_EDGE('',*,*,#1504,.F.);
#696=ORIENTED_EDGE('',*,*,#1505,.T.);
#697=ORIENTED_EDGE('',*,*,#1500,.F.);
#698=ORIENTED_EDGE('',*,*,#1506,.F.);
#699=ORIENTED_EDGE('',*,*,#1484,.F.);
#700=ORIENTED_EDGE('',*,*,#1507,.T.);
#701=ORIENTED_EDGE('',*,*,#1508,.F.);
#702=ORIENTED_EDGE('',*,*,#1509,.T.);
#703=ORIENTED_EDGE('',*,*,#1510,.T.);
#704=ORIENTED_EDGE('',*,*,#1504,.T.);
#705=ORIENTED_EDGE('',*,*,#1511,.F.);
#706=ORIENTED_EDGE('',*,*,#1512,.T.);
#707=ORIENTED_EDGE('',*,*,#1513,.T.);
#708=ORIENTED_EDGE('',*,*,#1509,.F.);
#709=ORIENTED_EDGE('',*,*,#1514,.F.);
#710=ORIENTED_EDGE('',*,*,#1515,.T.);
#711=ORIENTED_EDGE('',*,*,#1508,.T.);
#712=ORIENTED_EDGE('',*,*,#1516,.F.);
#713=ORIENTED_EDGE('',*,*,#1512,.F.);
#714=ORIENTED_EDGE('',*,*,#1517,.F.);
#715=ORIENTED_EDGE('',*,*,#1518,.T.);
#716=ORIENTED_EDGE('',*,*,#1519,.T.);
#717=ORIENTED_EDGE('',*,*,#1520,.T.);
#718=ORIENTED_EDGE('',*,*,#1521,.F.);
#719=ORIENTED_EDGE('',*,*,#1522,.F.);
#720=ORIENTED_EDGE('',*,*,#1523,.T.);
#721=ORIENTED_EDGE('',*,*,#1518,.F.);
#722=ORIENTED_EDGE('',*,*,#1524,.F.);
#723=ORIENTED_EDGE('',*,*,#1502,.F.);
#724=ORIENTED_EDGE('',*,*,#1525,.T.);
#725=ORIENTED_EDGE('',*,*,#1526,.F.);
#726=ORIENTED_EDGE('',*,*,#1527,.T.);
#727=ORIENTED_EDGE('',*,*,#1528,.T.);
#728=ORIENTED_EDGE('',*,*,#1522,.T.);
#729=ORIENTED_EDGE('',*,*,#1529,.F.);
#730=ORIENTED_EDGE('',*,*,#1530,.T.);
#731=ORIENTED_EDGE('',*,*,#1531,.T.);
#732=ORIENTED_EDGE('',*,*,#1527,.F.);
#733=ORIENTED_EDGE('',*,*,#1532,.F.);
#734=ORIENTED_EDGE('',*,*,#1533,.T.);
#735=ORIENTED_EDGE('',*,*,#1526,.T.);
#736=ORIENTED_EDGE('',*,*,#1534,.F.);
#737=ORIENTED_EDGE('',*,*,#1530,.F.);
#738=ORIENTED_EDGE('',*,*,#1535,.F.);
#739=ORIENTED_EDGE('',*,*,#1536,.T.);
#740=ORIENTED_EDGE('',*,*,#1537,.T.);
#741=ORIENTED_EDGE('',*,*,#1538,.T.);
#742=ORIENTED_EDGE('',*,*,#1539,.F.);
#743=ORIENTED_EDGE('',*,*,#1540,.F.);
#744=ORIENTED_EDGE('',*,*,#1541,.T.);
#745=ORIENTED_EDGE('',*,*,#1536,.F.);
#746=ORIENTED_EDGE('',*,*,#1542,.F.);
#747=ORIENTED_EDGE('',*,*,#1520,.F.);
#748=ORIENTED_EDGE('',*,*,#1543,.T.);
#749=ORIENTED_EDGE('',*,*,#1544,.F.);
#750=ORIENTED_EDGE('',*,*,#1545,.T.);
#751=ORIENTED_EDGE('',*,*,#1546,.T.);
#752=ORIENTED_EDGE('',*,*,#1540,.T.);
#753=ORIENTED_EDGE('',*,*,#1547,.F.);
#754=ORIENTED_EDGE('',*,*,#1548,.T.);
#755=ORIENTED_EDGE('',*,*,#1549,.T.);
#756=ORIENTED_EDGE('',*,*,#1545,.F.);
#757=ORIENTED_EDGE('',*,*,#1550,.F.);
#758=ORIENTED_EDGE('',*,*,#1551,.T.);
#759=ORIENTED_EDGE('',*,*,#1544,.T.);
#760=ORIENTED_EDGE('',*,*,#1552,.F.);
#761=ORIENTED_EDGE('',*,*,#1548,.F.);
#762=ORIENTED_EDGE('',*,*,#1553,.F.);
#763=ORIENTED_EDGE('',*,*,#1554,.T.);
#764=ORIENTED_EDGE('',*,*,#1555,.T.);
#765=ORIENTED_EDGE('',*,*,#1556,.T.);
#766=ORIENTED_EDGE('',*,*,#1557,.F.);
#767=ORIENTED_EDGE('',*,*,#1558,.F.);
#768=ORIENTED_EDGE('',*,*,#1559,.T.);
#769=ORIENTED_EDGE('',*,*,#1554,.F.);
#770=ORIENTED_EDGE('',*,*,#1560,.F.);
#771=ORIENTED_EDGE('',*,*,#1538,.F.);
#772=ORIENTED_EDGE('',*,*,#1561,.T.);
#773=ORIENTED_EDGE('',*,*,#1562,.F.);
#774=ORIENTED_EDGE('',*,*,#1563,.T.);
#775=ORIENTED_EDGE('',*,*,#1564,.T.);
#776=ORIENTED_EDGE('',*,*,#1558,.T.);
#777=ORIENTED_EDGE('',*,*,#1565,.F.);
#778=ORIENTED_EDGE('',*,*,#1566,.T.);
#779=ORIENTED_EDGE('',*,*,#1567,.T.);
#780=ORIENTED_EDGE('',*,*,#1563,.F.);
#781=ORIENTED_EDGE('',*,*,#1568,.F.);
#782=ORIENTED_EDGE('',*,*,#1569,.T.);
#783=ORIENTED_EDGE('',*,*,#1562,.T.);
#784=ORIENTED_EDGE('',*,*,#1570,.F.);
#785=ORIENTED_EDGE('',*,*,#1566,.F.);
#786=ORIENTED_EDGE('',*,*,#1571,.F.);
#787=ORIENTED_EDGE('',*,*,#1572,.T.);
#788=ORIENTED_EDGE('',*,*,#1573,.T.);
#789=ORIENTED_EDGE('',*,*,#1574,.T.);
#790=ORIENTED_EDGE('',*,*,#1575,.F.);
#791=ORIENTED_EDGE('',*,*,#1576,.F.);
#792=ORIENTED_EDGE('',*,*,#1577,.T.);
#793=ORIENTED_EDGE('',*,*,#1572,.F.);
#794=ORIENTED_EDGE('',*,*,#1578,.F.);
#795=ORIENTED_EDGE('',*,*,#1556,.F.);
#796=ORIENTED_EDGE('',*,*,#1579,.T.);
#797=ORIENTED_EDGE('',*,*,#1580,.F.);
#798=ORIENTED_EDGE('',*,*,#1581,.T.);
#799=ORIENTED_EDGE('',*,*,#1582,.T.);
#800=ORIENTED_EDGE('',*,*,#1576,.T.);
#801=ORIENTED_EDGE('',*,*,#1583,.F.);
#802=ORIENTED_EDGE('',*,*,#1584,.T.);
#803=ORIENTED_EDGE('',*,*,#1585,.T.);
#804=ORIENTED_EDGE('',*,*,#1581,.F.);
#805=ORIENTED_EDGE('',*,*,#1586,.F.);
#806=ORIENTED_EDGE('',*,*,#1587,.T.);
#807=ORIENTED_EDGE('',*,*,#1580,.T.);
#808=ORIENTED_EDGE('',*,*,#1588,.F.);
#809=ORIENTED_EDGE('',*,*,#1584,.F.);
#810=ORIENTED_EDGE('',*,*,#1589,.F.);
#811=ORIENTED_EDGE('',*,*,#1590,.T.);
#812=ORIENTED_EDGE('',*,*,#1591,.T.);
#813=ORIENTED_EDGE('',*,*,#1592,.T.);
#814=ORIENTED_EDGE('',*,*,#1593,.F.);
#815=ORIENTED_EDGE('',*,*,#1594,.F.);
#816=ORIENTED_EDGE('',*,*,#1595,.T.);
#817=ORIENTED_EDGE('',*,*,#1590,.F.);
#818=ORIENTED_EDGE('',*,*,#1596,.F.);
#819=ORIENTED_EDGE('',*,*,#1574,.F.);
#820=ORIENTED_EDGE('',*,*,#1597,.T.);
#821=ORIENTED_EDGE('',*,*,#1598,.F.);
#822=ORIENTED_EDGE('',*,*,#1599,.T.);
#823=ORIENTED_EDGE('',*,*,#1600,.T.);
#824=ORIENTED_EDGE('',*,*,#1594,.T.);
#825=ORIENTED_EDGE('',*,*,#1601,.F.);
#826=ORIENTED_EDGE('',*,*,#1602,.T.);
#827=ORIENTED_EDGE('',*,*,#1603,.T.);
#828=ORIENTED_EDGE('',*,*,#1599,.F.);
#829=ORIENTED_EDGE('',*,*,#1604,.F.);
#830=ORIENTED_EDGE('',*,*,#1605,.T.);
#831=ORIENTED_EDGE('',*,*,#1598,.T.);
#832=ORIENTED_EDGE('',*,*,#1606,.F.);
#833=ORIENTED_EDGE('',*,*,#1602,.F.);
#834=ORIENTED_EDGE('',*,*,#1607,.F.);
#835=ORIENTED_EDGE('',*,*,#1608,.T.);
#836=ORIENTED_EDGE('',*,*,#1609,.T.);
#837=ORIENTED_EDGE('',*,*,#1610,.T.);
#838=ORIENTED_EDGE('',*,*,#1611,.F.);
#839=ORIENTED_EDGE('',*,*,#1612,.F.);
#840=ORIENTED_EDGE('',*,*,#1613,.T.);
#841=ORIENTED_EDGE('',*,*,#1608,.F.);
#842=ORIENTED_EDGE('',*,*,#1614,.F.);
#843=ORIENTED_EDGE('',*,*,#1592,.F.);
#844=ORIENTED_EDGE('',*,*,#1615,.T.);
#845=ORIENTED_EDGE('',*,*,#1616,.F.);
#846=ORIENTED_EDGE('',*,*,#1617,.T.);
#847=ORIENTED_EDGE('',*,*,#1618,.T.);
#848=ORIENTED_EDGE('',*,*,#1612,.T.);
#849=ORIENTED_EDGE('',*,*,#1619,.F.);
#850=ORIENTED_EDGE('',*,*,#1620,.T.);
#851=ORIENTED_EDGE('',*,*,#1621,.T.);
#852=ORIENTED_EDGE('',*,*,#1617,.F.);
#853=ORIENTED_EDGE('',*,*,#1622,.F.);
#854=ORIENTED_EDGE('',*,*,#1623,.T.);
#855=ORIENTED_EDGE('',*,*,#1616,.T.);
#856=ORIENTED_EDGE('',*,*,#1624,.F.);
#857=ORIENTED_EDGE('',*,*,#1620,.F.);
#858=ORIENTED_EDGE('',*,*,#1625,.F.);
#859=ORIENTED_EDGE('',*,*,#1626,.T.);
#860=ORIENTED_EDGE('',*,*,#1627,.T.);
#861=ORIENTED_EDGE('',*,*,#1218,.T.);
#862=ORIENTED_EDGE('',*,*,#1628,.T.);
#863=ORIENTED_EDGE('',*,*,#1629,.T.);
#864=ORIENTED_EDGE('',*,*,#1630,.T.);
#865=ORIENTED_EDGE('',*,*,#1631,.F.);
#866=ORIENTED_EDGE('',*,*,#1632,.T.);
#867=ORIENTED_EDGE('',*,*,#1633,.T.);
#868=ORIENTED_EDGE('',*,*,#1628,.F.);
#869=ORIENTED_EDGE('',*,*,#1634,.F.);
#870=ORIENTED_EDGE('',*,*,#1635,.T.);
#871=ORIENTED_EDGE('',*,*,#1636,.T.);
#872=ORIENTED_EDGE('',*,*,#1637,.F.);
#873=ORIENTED_EDGE('',*,*,#1632,.F.);
#874=ORIENTED_EDGE('',*,*,#1638,.F.);
#875=ORIENTED_EDGE('',*,*,#1610,.F.);
#876=ORIENTED_EDGE('',*,*,#1639,.T.);
#877=ORIENTED_EDGE('',*,*,#1636,.F.);
#878=ORIENTED_EDGE('',*,*,#1640,.F.);
#879=ORIENTED_EDGE('',*,*,#1630,.F.);
#880=ORIENTED_EDGE('',*,*,#1641,.T.);
#881=ORIENTED_EDGE('',*,*,#1626,.F.);
#882=ORIENTED_EDGE('',*,*,#1642,.F.);
#883=ORIENTED_EDGE('',*,*,#1485,.T.);
#884=ORIENTED_EDGE('',*,*,#1481,.T.);
#885=ORIENTED_EDGE('',*,*,#1506,.T.);
#886=ORIENTED_EDGE('',*,*,#1515,.F.);
#887=ORIENTED_EDGE('',*,*,#1514,.T.);
#888=ORIENTED_EDGE('',*,*,#1511,.T.);
#889=ORIENTED_EDGE('',*,*,#1503,.T.);
#890=ORIENTED_EDGE('',*,*,#1499,.T.);
#891=ORIENTED_EDGE('',*,*,#1524,.T.);
#892=ORIENTED_EDGE('',*,*,#1533,.F.);
#893=ORIENTED_EDGE('',*,*,#1532,.T.);
#894=ORIENTED_EDGE('',*,*,#1529,.T.);
#895=ORIENTED_EDGE('',*,*,#1521,.T.);
#896=ORIENTED_EDGE('',*,*,#1517,.T.);
#897=ORIENTED_EDGE('',*,*,#1542,.T.);
#898=ORIENTED_EDGE('',*,*,#1551,.F.);
#899=ORIENTED_EDGE('',*,*,#1550,.T.);
#900=ORIENTED_EDGE('',*,*,#1547,.T.);
#901=ORIENTED_EDGE('',*,*,#1539,.T.);
#902=ORIENTED_EDGE('',*,*,#1535,.T.);
#903=ORIENTED_EDGE('',*,*,#1560,.T.);
#904=ORIENTED_EDGE('',*,*,#1569,.F.);
#905=ORIENTED_EDGE('',*,*,#1568,.T.);
#906=ORIENTED_EDGE('',*,*,#1565,.T.);
#907=ORIENTED_EDGE('',*,*,#1557,.T.);
#908=ORIENTED_EDGE('',*,*,#1553,.T.);
#909=ORIENTED_EDGE('',*,*,#1578,.T.);
#910=ORIENTED_EDGE('',*,*,#1587,.F.);
#911=ORIENTED_EDGE('',*,*,#1586,.T.);
#912=ORIENTED_EDGE('',*,*,#1583,.T.);
#913=ORIENTED_EDGE('',*,*,#1575,.T.);
#914=ORIENTED_EDGE('',*,*,#1571,.T.);
#915=ORIENTED_EDGE('',*,*,#1596,.T.);
#916=ORIENTED_EDGE('',*,*,#1605,.F.);
#917=ORIENTED_EDGE('',*,*,#1604,.T.);
#918=ORIENTED_EDGE('',*,*,#1601,.T.);
#919=ORIENTED_EDGE('',*,*,#1593,.T.);
#920=ORIENTED_EDGE('',*,*,#1589,.T.);
#921=ORIENTED_EDGE('',*,*,#1614,.T.);
#922=ORIENTED_EDGE('',*,*,#1623,.F.);
#923=ORIENTED_EDGE('',*,*,#1622,.T.);
#924=ORIENTED_EDGE('',*,*,#1619,.T.);
#925=ORIENTED_EDGE('',*,*,#1611,.T.);
#926=ORIENTED_EDGE('',*,*,#1607,.T.);
#927=ORIENTED_EDGE('',*,*,#1638,.T.);
#928=ORIENTED_EDGE('',*,*,#1635,.F.);
#929=ORIENTED_EDGE('',*,*,#1634,.T.);
#930=ORIENTED_EDGE('',*,*,#1631,.T.);
#931=ORIENTED_EDGE('',*,*,#1640,.T.);
#932=ORIENTED_EDGE('',*,*,#1625,.T.);
#933=ORIENTED_EDGE('',*,*,#1217,.T.);
#934=ORIENTED_EDGE('',*,*,#1227,.F.);
#935=ORIENTED_EDGE('',*,*,#1226,.T.);
#936=ORIENTED_EDGE('',*,*,#1223,.T.);
#937=ORIENTED_EDGE('',*,*,#1214,.T.);
#938=ORIENTED_EDGE('',*,*,#1210,.T.);
#939=ORIENTED_EDGE('',*,*,#1236,.T.);
#940=ORIENTED_EDGE('',*,*,#1245,.F.);
#941=ORIENTED_EDGE('',*,*,#1244,.T.);
#942=ORIENTED_EDGE('',*,*,#1241,.T.);
#943=ORIENTED_EDGE('',*,*,#1233,.T.);
#944=ORIENTED_EDGE('',*,*,#1229,.T.);
#945=ORIENTED_EDGE('',*,*,#1254,.T.);
#946=ORIENTED_EDGE('',*,*,#1263,.F.);
#947=ORIENTED_EDGE('',*,*,#1262,.T.);
#948=ORIENTED_EDGE('',*,*,#1259,.T.);
#949=ORIENTED_EDGE('',*,*,#1251,.T.);
#950=ORIENTED_EDGE('',*,*,#1247,.T.);
#951=ORIENTED_EDGE('',*,*,#1272,.T.);
#952=ORIENTED_EDGE('',*,*,#1281,.F.);
#953=ORIENTED_EDGE('',*,*,#1280,.T.);
#954=ORIENTED_EDGE('',*,*,#1277,.T.);
#955=ORIENTED_EDGE('',*,*,#1269,.T.);
#956=ORIENTED_EDGE('',*,*,#1265,.T.);
#957=ORIENTED_EDGE('',*,*,#1290,.T.);
#958=ORIENTED_EDGE('',*,*,#1299,.F.);
#959=ORIENTED_EDGE('',*,*,#1298,.T.);
#960=ORIENTED_EDGE('',*,*,#1295,.T.);
#961=ORIENTED_EDGE('',*,*,#1287,.T.);
#962=ORIENTED_EDGE('',*,*,#1283,.T.);
#963=ORIENTED_EDGE('',*,*,#1308,.T.);
#964=ORIENTED_EDGE('',*,*,#1317,.F.);
#965=ORIENTED_EDGE('',*,*,#1316,.T.);
#966=ORIENTED_EDGE('',*,*,#1313,.T.);
#967=ORIENTED_EDGE('',*,*,#1305,.T.);
#968=ORIENTED_EDGE('',*,*,#1301,.T.);
#969=ORIENTED_EDGE('',*,*,#1326,.T.);
#970=ORIENTED_EDGE('',*,*,#1335,.F.);
#971=ORIENTED_EDGE('',*,*,#1334,.T.);
#972=ORIENTED_EDGE('',*,*,#1331,.T.);
#973=ORIENTED_EDGE('',*,*,#1323,.T.);
#974=ORIENTED_EDGE('',*,*,#1319,.T.);
#975=ORIENTED_EDGE('',*,*,#1344,.T.);
#976=ORIENTED_EDGE('',*,*,#1353,.F.);
#977=ORIENTED_EDGE('',*,*,#1352,.T.);
#978=ORIENTED_EDGE('',*,*,#1349,.T.);
#979=ORIENTED_EDGE('',*,*,#1341,.T.);
#980=ORIENTED_EDGE('',*,*,#1337,.T.);
#981=ORIENTED_EDGE('',*,*,#1362,.T.);
#982=ORIENTED_EDGE('',*,*,#1371,.F.);
#983=ORIENTED_EDGE('',*,*,#1370,.T.);
#984=ORIENTED_EDGE('',*,*,#1367,.T.);
#985=ORIENTED_EDGE('',*,*,#1359,.T.);
#986=ORIENTED_EDGE('',*,*,#1355,.T.);
#987=ORIENTED_EDGE('',*,*,#1380,.T.);
#988=ORIENTED_EDGE('',*,*,#1389,.F.);
#989=ORIENTED_EDGE('',*,*,#1388,.T.);
#990=ORIENTED_EDGE('',*,*,#1385,.T.);
#991=ORIENTED_EDGE('',*,*,#1377,.T.);
#992=ORIENTED_EDGE('',*,*,#1373,.T.);
#993=ORIENTED_EDGE('',*,*,#1398,.T.);
#994=ORIENTED_EDGE('',*,*,#1407,.F.);
#995=ORIENTED_EDGE('',*,*,#1406,.T.);
#996=ORIENTED_EDGE('',*,*,#1403,.T.);
#997=ORIENTED_EDGE('',*,*,#1395,.T.);
#998=ORIENTED_EDGE('',*,*,#1391,.T.);
#999=ORIENTED_EDGE('',*,*,#1416,.T.);
#1000=ORIENTED_EDGE('',*,*,#1425,.F.);
#1001=ORIENTED_EDGE('',*,*,#1424,.T.);
#1002=ORIENTED_EDGE('',*,*,#1421,.T.);
#1003=ORIENTED_EDGE('',*,*,#1413,.T.);
#1004=ORIENTED_EDGE('',*,*,#1409,.T.);
#1005=ORIENTED_EDGE('',*,*,#1434,.T.);
#1006=ORIENTED_EDGE('',*,*,#1443,.F.);
#1007=ORIENTED_EDGE('',*,*,#1442,.T.);
#1008=ORIENTED_EDGE('',*,*,#1439,.T.);
#1009=ORIENTED_EDGE('',*,*,#1431,.T.);
#1010=ORIENTED_EDGE('',*,*,#1427,.T.);
#1011=ORIENTED_EDGE('',*,*,#1452,.T.);
#1012=ORIENTED_EDGE('',*,*,#1461,.F.);
#1013=ORIENTED_EDGE('',*,*,#1460,.T.);
#1014=ORIENTED_EDGE('',*,*,#1457,.T.);
#1015=ORIENTED_EDGE('',*,*,#1449,.T.);
#1016=ORIENTED_EDGE('',*,*,#1445,.T.);
#1017=ORIENTED_EDGE('',*,*,#1470,.T.);
#1018=ORIENTED_EDGE('',*,*,#1479,.F.);
#1019=ORIENTED_EDGE('',*,*,#1478,.T.);
#1020=ORIENTED_EDGE('',*,*,#1475,.T.);
#1021=ORIENTED_EDGE('',*,*,#1467,.T.);
#1022=ORIENTED_EDGE('',*,*,#1463,.T.);
#1023=ORIENTED_EDGE('',*,*,#1488,.T.);
#1024=ORIENTED_EDGE('',*,*,#1497,.F.);
#1025=ORIENTED_EDGE('',*,*,#1496,.T.);
#1026=ORIENTED_EDGE('',*,*,#1493,.T.);
#1027=ORIENTED_EDGE('',*,*,#1643,.F.);
#1028=ORIENTED_EDGE('',*,*,#1642,.T.);
#1029=ORIENTED_EDGE('',*,*,#1644,.F.);
#1030=ORIENTED_EDGE('',*,*,#1643,.T.);
#1031=ORIENTED_EDGE('',*,*,#1645,.F.);
#1032=ORIENTED_EDGE('',*,*,#1646,.F.);
#1033=ORIENTED_EDGE('',*,*,#1647,.F.);
#1034=ORIENTED_EDGE('',*,*,#1648,.F.);
#1035=ORIENTED_EDGE('',*,*,#1649,.F.);
#1036=ORIENTED_EDGE('',*,*,#1650,.F.);
#1037=ORIENTED_EDGE('',*,*,#1651,.F.);
#1038=ORIENTED_EDGE('',*,*,#1644,.T.);
#1039=ORIENTED_EDGE('',*,*,#1652,.T.);
#1040=ORIENTED_EDGE('',*,*,#1487,.F.);
#1041=ORIENTED_EDGE('',*,*,#1492,.F.);
#1042=ORIENTED_EDGE('',*,*,#1495,.F.);
#1043=ORIENTED_EDGE('',*,*,#1498,.T.);
#1044=ORIENTED_EDGE('',*,*,#1489,.F.);
#1045=ORIENTED_EDGE('',*,*,#1465,.F.);
#1046=ORIENTED_EDGE('',*,*,#1469,.F.);
#1047=ORIENTED_EDGE('',*,*,#1474,.F.);
#1048=ORIENTED_EDGE('',*,*,#1477,.F.);
#1049=ORIENTED_EDGE('',*,*,#1480,.T.);
#1050=ORIENTED_EDGE('',*,*,#1471,.F.);
#1051=ORIENTED_EDGE('',*,*,#1447,.F.);
#1052=ORIENTED_EDGE('',*,*,#1451,.F.);
#1053=ORIENTED_EDGE('',*,*,#1456,.F.);
#1054=ORIENTED_EDGE('',*,*,#1459,.F.);
#1055=ORIENTED_EDGE('',*,*,#1462,.T.);
#1056=ORIENTED_EDGE('',*,*,#1453,.F.);
#1057=ORIENTED_EDGE('',*,*,#1429,.F.);
#1058=ORIENTED_EDGE('',*,*,#1433,.F.);
#1059=ORIENTED_EDGE('',*,*,#1438,.F.);
#1060=ORIENTED_EDGE('',*,*,#1441,.F.);
#1061=ORIENTED_EDGE('',*,*,#1444,.T.);
#1062=ORIENTED_EDGE('',*,*,#1435,.F.);
#1063=ORIENTED_EDGE('',*,*,#1411,.F.);
#1064=ORIENTED_EDGE('',*,*,#1415,.F.);
#1065=ORIENTED_EDGE('',*,*,#1420,.F.);
#1066=ORIENTED_EDGE('',*,*,#1423,.F.);
#1067=ORIENTED_EDGE('',*,*,#1426,.T.);
#1068=ORIENTED_EDGE('',*,*,#1417,.F.);
#1069=ORIENTED_EDGE('',*,*,#1393,.F.);
#1070=ORIENTED_EDGE('',*,*,#1397,.F.);
#1071=ORIENTED_EDGE('',*,*,#1402,.F.);
#1072=ORIENTED_EDGE('',*,*,#1405,.F.);
#1073=ORIENTED_EDGE('',*,*,#1408,.T.);
#1074=ORIENTED_EDGE('',*,*,#1399,.F.);
#1075=ORIENTED_EDGE('',*,*,#1375,.F.);
#1076=ORIENTED_EDGE('',*,*,#1379,.F.);
#1077=ORIENTED_EDGE('',*,*,#1384,.F.);
#1078=ORIENTED_EDGE('',*,*,#1387,.F.);
#1079=ORIENTED_EDGE('',*,*,#1390,.T.);
#1080=ORIENTED_EDGE('',*,*,#1381,.F.);
#1081=ORIENTED_EDGE('',*,*,#1357,.F.);
#1082=ORIENTED_EDGE('',*,*,#1361,.F.);
#1083=ORIENTED_EDGE('',*,*,#1366,.F.);
#1084=ORIENTED_EDGE('',*,*,#1369,.F.);
#1085=ORIENTED_EDGE('',*,*,#1372,.T.);
#1086=ORIENTED_EDGE('',*,*,#1363,.F.);
#1087=ORIENTED_EDGE('',*,*,#1339,.F.);
#1088=ORIENTED_EDGE('',*,*,#1343,.F.);
#1089=ORIENTED_EDGE('',*,*,#1348,.F.);
#1090=ORIENTED_EDGE('',*,*,#1351,.F.);
#1091=ORIENTED_EDGE('',*,*,#1354,.T.);
#1092=ORIENTED_EDGE('',*,*,#1345,.F.);
#1093=ORIENTED_EDGE('',*,*,#1321,.F.);
#1094=ORIENTED_EDGE('',*,*,#1325,.F.);
#1095=ORIENTED_EDGE('',*,*,#1330,.F.);
#1096=ORIENTED_EDGE('',*,*,#1333,.F.);
#1097=ORIENTED_EDGE('',*,*,#1336,.T.);
#1098=ORIENTED_EDGE('',*,*,#1327,.F.);
#1099=ORIENTED_EDGE('',*,*,#1303,.F.);
#1100=ORIENTED_EDGE('',*,*,#1307,.F.);
#1101=ORIENTED_EDGE('',*,*,#1312,.F.);
#1102=ORIENTED_EDGE('',*,*,#1315,.F.);
#1103=ORIENTED_EDGE('',*,*,#1318,.T.);
#1104=ORIENTED_EDGE('',*,*,#1309,.F.);
#1105=ORIENTED_EDGE('',*,*,#1285,.F.);
#1106=ORIENTED_EDGE('',*,*,#1289,.F.);
#1107=ORIENTED_EDGE('',*,*,#1294,.F.);
#1108=ORIENTED_EDGE('',*,*,#1297,.F.);
#1109=ORIENTED_EDGE('',*,*,#1300,.T.);
#1110=ORIENTED_EDGE('',*,*,#1291,.F.);
#1111=ORIENTED_EDGE('',*,*,#1267,.F.);
#1112=ORIENTED_EDGE('',*,*,#1271,.F.);
#1113=ORIENTED_EDGE('',*,*,#1276,.F.);
#1114=ORIENTED_EDGE('',*,*,#1279,.F.);
#1115=ORIENTED_EDGE('',*,*,#1282,.T.);
#1116=ORIENTED_EDGE('',*,*,#1273,.F.);
#1117=ORIENTED_EDGE('',*,*,#1249,.F.);
#1118=ORIENTED_EDGE('',*,*,#1253,.F.);
#1119=ORIENTED_EDGE('',*,*,#1258,.F.);
#1120=ORIENTED_EDGE('',*,*,#1261,.F.);
#1121=ORIENTED_EDGE('',*,*,#1264,.T.);
#1122=ORIENTED_EDGE('',*,*,#1255,.F.);
#1123=ORIENTED_EDGE('',*,*,#1231,.F.);
#1124=ORIENTED_EDGE('',*,*,#1235,.F.);
#1125=ORIENTED_EDGE('',*,*,#1240,.F.);
#1126=ORIENTED_EDGE('',*,*,#1243,.F.);
#1127=ORIENTED_EDGE('',*,*,#1246,.T.);
#1128=ORIENTED_EDGE('',*,*,#1237,.F.);
#1129=ORIENTED_EDGE('',*,*,#1212,.F.);
#1130=ORIENTED_EDGE('',*,*,#1216,.F.);
#1131=ORIENTED_EDGE('',*,*,#1222,.F.);
#1132=ORIENTED_EDGE('',*,*,#1225,.F.);
#1133=ORIENTED_EDGE('',*,*,#1228,.T.);
#1134=ORIENTED_EDGE('',*,*,#1219,.F.);
#1135=ORIENTED_EDGE('',*,*,#1627,.F.);
#1136=ORIENTED_EDGE('',*,*,#1641,.F.);
#1137=ORIENTED_EDGE('',*,*,#1629,.F.);
#1138=ORIENTED_EDGE('',*,*,#1633,.F.);
#1139=ORIENTED_EDGE('',*,*,#1637,.T.);
#1140=ORIENTED_EDGE('',*,*,#1639,.F.);
#1141=ORIENTED_EDGE('',*,*,#1609,.F.);
#1142=ORIENTED_EDGE('',*,*,#1613,.F.);
#1143=ORIENTED_EDGE('',*,*,#1618,.F.);
#1144=ORIENTED_EDGE('',*,*,#1621,.F.);
#1145=ORIENTED_EDGE('',*,*,#1624,.T.);
#1146=ORIENTED_EDGE('',*,*,#1615,.F.);
#1147=ORIENTED_EDGE('',*,*,#1591,.F.);
#1148=ORIENTED_EDGE('',*,*,#1595,.F.);
#1149=ORIENTED_EDGE('',*,*,#1600,.F.);
#1150=ORIENTED_EDGE('',*,*,#1603,.F.);
#1151=ORIENTED_EDGE('',*,*,#1606,.T.);
#1152=ORIENTED_EDGE('',*,*,#1597,.F.);
#1153=ORIENTED_EDGE('',*,*,#1573,.F.);
#1154=ORIENTED_EDGE('',*,*,#1577,.F.);
#1155=ORIENTED_EDGE('',*,*,#1582,.F.);
#1156=ORIENTED_EDGE('',*,*,#1585,.F.);
#1157=ORIENTED_EDGE('',*,*,#1588,.T.);
#1158=ORIENTED_EDGE('',*,*,#1579,.F.);
#1159=ORIENTED_EDGE('',*,*,#1555,.F.);
#1160=ORIENTED_EDGE('',*,*,#1559,.F.);
#1161=ORIENTED_EDGE('',*,*,#1564,.F.);
#1162=ORIENTED_EDGE('',*,*,#1567,.F.);
#1163=ORIENTED_EDGE('',*,*,#1570,.T.);
#1164=ORIENTED_EDGE('',*,*,#1561,.F.);
#1165=ORIENTED_EDGE('',*,*,#1537,.F.);
#1166=ORIENTED_EDGE('',*,*,#1541,.F.);
#1167=ORIENTED_EDGE('',*,*,#1546,.F.);
#1168=ORIENTED_EDGE('',*,*,#1549,.F.);
#1169=ORIENTED_EDGE('',*,*,#1552,.T.);
#1170=ORIENTED_EDGE('',*,*,#1543,.F.);
#1171=ORIENTED_EDGE('',*,*,#1519,.F.);
#1172=ORIENTED_EDGE('',*,*,#1523,.F.);
#1173=ORIENTED_EDGE('',*,*,#1528,.F.);
#1174=ORIENTED_EDGE('',*,*,#1531,.F.);
#1175=ORIENTED_EDGE('',*,*,#1534,.T.);
#1176=ORIENTED_EDGE('',*,*,#1525,.F.);
#1177=ORIENTED_EDGE('',*,*,#1501,.F.);
#1178=ORIENTED_EDGE('',*,*,#1505,.F.);
#1179=ORIENTED_EDGE('',*,*,#1510,.F.);
#1180=ORIENTED_EDGE('',*,*,#1513,.F.);
#1181=ORIENTED_EDGE('',*,*,#1516,.T.);
#1182=ORIENTED_EDGE('',*,*,#1507,.F.);
#1183=ORIENTED_EDGE('',*,*,#1483,.F.);
#1184=ORIENTED_EDGE('',*,*,#1653,.T.);
#1185=ORIENTED_EDGE('',*,*,#1652,.F.);
#1186=ORIENTED_EDGE('',*,*,#1654,.T.);
#1187=ORIENTED_EDGE('',*,*,#1653,.F.);
#1188=ORIENTED_EDGE('',*,*,#1655,.F.);
#1189=ORIENTED_EDGE('',*,*,#1656,.F.);
#1190=ORIENTED_EDGE('',*,*,#1657,.F.);
#1191=ORIENTED_EDGE('',*,*,#1658,.F.);
#1192=ORIENTED_EDGE('',*,*,#1659,.F.);
#1193=ORIENTED_EDGE('',*,*,#1660,.F.);
#1194=ORIENTED_EDGE('',*,*,#1661,.F.);
#1195=ORIENTED_EDGE('',*,*,#1654,.F.);
#1196=ORIENTED_EDGE('',*,*,#1661,.T.);
#1197=ORIENTED_EDGE('',*,*,#1651,.T.);
#1198=ORIENTED_EDGE('',*,*,#1660,.T.);
#1199=ORIENTED_EDGE('',*,*,#1650,.T.);
#1200=ORIENTED_EDGE('',*,*,#1659,.T.);
#1201=ORIENTED_EDGE('',*,*,#1649,.T.);
#1202=ORIENTED_EDGE('',*,*,#1658,.T.);
#1203=ORIENTED_EDGE('',*,*,#1648,.T.);
#1204=ORIENTED_EDGE('',*,*,#1657,.T.);
#1205=ORIENTED_EDGE('',*,*,#1647,.T.);
#1206=ORIENTED_EDGE('',*,*,#1656,.T.);
#1207=ORIENTED_EDGE('',*,*,#1646,.T.);
#1208=ORIENTED_EDGE('',*,*,#1655,.T.);
#1209=ORIENTED_EDGE('',*,*,#1645,.T.);
#1210=EDGE_CURVE('',#1662,#1663,#1970,.T.);
#1211=EDGE_CURVE('',#1662,#1664,#18,.T.);
#1212=EDGE_CURVE('',#1664,#1665,#1971,.T.);
#1213=EDGE_CURVE('',#1665,#1663,#19,.F.);
#1214=EDGE_CURVE('',#1666,#1662,#1972,.T.);
#1215=EDGE_CURVE('',#1667,#1666,#20,.F.);
#1216=EDGE_CURVE('',#1667,#1664,#1973,.T.);
#1217=EDGE_CURVE('',#1668,#1669,#1974,.T.);
#1218=EDGE_CURVE('',#1670,#1668,#21,.F.);
#1219=EDGE_CURVE('',#1670,#1671,#1975,.T.);
#1220=EDGE_CURVE('',#1669,#1671,#22,.T.);
#1221=EDGE_CURVE('',#1672,#1673,#23,.T.);
#1222=EDGE_CURVE('',#1673,#1667,#1976,.F.);
#1223=EDGE_CURVE('',#1672,#1666,#1977,.F.);
#1224=EDGE_CURVE('',#1674,#1675,#24,.T.);
#1225=EDGE_CURVE('',#1675,#1673,#1978,.T.);
#1226=EDGE_CURVE('',#1674,#1672,#1979,.T.);
#1227=EDGE_CURVE('',#1674,#1669,#1980,.T.);
#1228=EDGE_CURVE('',#1675,#1671,#1981,.T.);
#1229=EDGE_CURVE('',#1676,#1677,#1982,.T.);
#1230=EDGE_CURVE('',#1676,#1678,#25,.T.);
#1231=EDGE_CURVE('',#1678,#1679,#1983,.T.);
#1232=EDGE_CURVE('',#1679,#1677,#26,.F.);
#1233=EDGE_CURVE('',#1680,#1676,#1984,.T.);
#1234=EDGE_CURVE('',#1681,#1680,#27,.F.);
#1235=EDGE_CURVE('',#1681,#1678,#1985,.T.);
#1236=EDGE_CURVE('',#1663,#1682,#1986,.T.);
#1237=EDGE_CURVE('',#1665,#1683,#1987,.T.);
#1238=EDGE_CURVE('',#1682,#1683,#28,.T.);
#1239=EDGE_CURVE('',#1684,#1685,#29,.T.);
#1240=EDGE_CURVE('',#1685,#1681,#1988,.F.);
#1241=EDGE_CURVE('',#1684,#1680,#1989,.F.);
#1242=EDGE_CURVE('',#1686,#1687,#30,.T.);
#1243=EDGE_CURVE('',#1687,#1685,#1990,.T.);
#1244=EDGE_CURVE('',#1686,#1684,#1991,.T.);
#1245=EDGE_CURVE('',#1686,#1682,#1992,.T.);
#1246=EDGE_CURVE('',#1687,#1683,#1993,.T.);
#1247=EDGE_CURVE('',#1688,#1689,#1994,.T.);
#1248=EDGE_CURVE('',#1688,#1690,#31,.T.);
#1249=EDGE_CURVE('',#1690,#1691,#1995,.T.);
#1250=EDGE_CURVE('',#1691,#1689,#32,.F.);
#1251=EDGE_CURVE('',#1692,#1688,#1996,.T.);
#1252=EDGE_CURVE('',#1693,#1692,#33,.F.);
#1253=EDGE_CURVE('',#1693,#1690,#1997,.T.);
#1254=EDGE_CURVE('',#1677,#1694,#1998,.T.);
#1255=EDGE_CURVE('',#1679,#1695,#1999,.T.);
#1256=EDGE_CURVE('',#1694,#1695,#34,.T.);
#1257=EDGE_CURVE('',#1696,#1697,#35,.T.);
#1258=EDGE_CURVE('',#1697,#1693,#2000,.F.);
#1259=EDGE_CURVE('',#1696,#1692,#2001,.F.);
#1260=EDGE_CURVE('',#1698,#1699,#36,.T.);
#1261=EDGE_CURVE('',#1699,#1697,#2002,.T.);
#1262=EDGE_CURVE('',#1698,#1696,#2003,.T.);
#1263=EDGE_CURVE('',#1698,#1694,#2004,.T.);
#1264=EDGE_CURVE('',#1699,#1695,#2005,.T.);
#1265=EDGE_CURVE('',#1700,#1701,#2006,.T.);
#1266=EDGE_CURVE('',#1700,#1702,#37,.T.);
#1267=EDGE_CURVE('',#1702,#1703,#2007,.T.);
#1268=EDGE_CURVE('',#1703,#1701,#38,.F.);
#1269=EDGE_CURVE('',#1704,#1700,#2008,.T.);
#1270=EDGE_CURVE('',#1705,#1704,#39,.F.);
#1271=EDGE_CURVE('',#1705,#1702,#2009,.T.);
#1272=EDGE_CURVE('',#1689,#1706,#2010,.T.);
#1273=EDGE_CURVE('',#1691,#1707,#2011,.T.);
#1274=EDGE_CURVE('',#1706,#1707,#40,.T.);
#1275=EDGE_CURVE('',#1708,#1709,#41,.T.);
#1276=EDGE_CURVE('',#1709,#1705,#2012,.F.);
#1277=EDGE_CURVE('',#1708,#1704,#2013,.F.);
#1278=EDGE_CURVE('',#1710,#1711,#42,.T.);
#1279=EDGE_CURVE('',#1711,#1709,#2014,.T.);
#1280=EDGE_CURVE('',#1710,#1708,#2015,.T.);
#1281=EDGE_CURVE('',#1710,#1706,#2016,.T.);
#1282=EDGE_CURVE('',#1711,#1707,#2017,.T.);
#1283=EDGE_CURVE('',#1712,#1713,#2018,.T.);
#1284=EDGE_CURVE('',#1712,#1714,#43,.T.);
#1285=EDGE_CURVE('',#1714,#1715,#2019,.T.);
#1286=EDGE_CURVE('',#1715,#1713,#44,.F.);
#1287=EDGE_CURVE('',#1716,#1712,#2020,.T.);
#1288=EDGE_CURVE('',#1717,#1716,#45,.F.);
#1289=EDGE_CURVE('',#1717,#1714,#2021,.T.);
#1290=EDGE_CURVE('',#1701,#1718,#2022,.T.);
#1291=EDGE_CURVE('',#1703,#1719,#2023,.T.);
#1292=EDGE_CURVE('',#1718,#1719,#46,.T.);
#1293=EDGE_CURVE('',#1720,#1721,#47,.T.);
#1294=EDGE_CURVE('',#1721,#1717,#2024,.F.);
#1295=EDGE_CURVE('',#1720,#1716,#2025,.F.);
#1296=EDGE_CURVE('',#1722,#1723,#48,.T.);
#1297=EDGE_CURVE('',#1723,#1721,#2026,.T.);
#1298=EDGE_CURVE('',#1722,#1720,#2027,.T.);
#1299=EDGE_CURVE('',#1722,#1718,#2028,.T.);
#1300=EDGE_CURVE('',#1723,#1719,#2029,.T.);
#1301=EDGE_CURVE('',#1724,#1725,#2030,.T.);
#1302=EDGE_CURVE('',#1724,#1726,#49,.T.);
#1303=EDGE_CURVE('',#1726,#1727,#2031,.T.);
#1304=EDGE_CURVE('',#1727,#1725,#50,.F.);
#1305=EDGE_CURVE('',#1728,#1724,#2032,.T.);
#1306=EDGE_CURVE('',#1729,#1728,#51,.F.);
#1307=EDGE_CURVE('',#1729,#1726,#2033,.T.);
#1308=EDGE_CURVE('',#1713,#1730,#2034,.T.);
#1309=EDGE_CURVE('',#1715,#1731,#2035,.T.);
#1310=EDGE_CURVE('',#1730,#1731,#52,.T.);
#1311=EDGE_CURVE('',#1732,#1733,#53,.T.);
#1312=EDGE_CURVE('',#1733,#1729,#2036,.F.);
#1313=EDGE_CURVE('',#1732,#1728,#2037,.F.);
#1314=EDGE_CURVE('',#1734,#1735,#54,.T.);
#1315=EDGE_CURVE('',#1735,#1733,#2038,.T.);
#1316=EDGE_CURVE('',#1734,#1732,#2039,.T.);
#1317=EDGE_CURVE('',#1734,#1730,#2040,.T.);
#1318=EDGE_CURVE('',#1735,#1731,#2041,.T.);
#1319=EDGE_CURVE('',#1736,#1737,#2042,.T.);
#1320=EDGE_CURVE('',#1736,#1738,#55,.T.);
#1321=EDGE_CURVE('',#1738,#1739,#2043,.T.);
#1322=EDGE_CURVE('',#1739,#1737,#56,.F.);
#1323=EDGE_CURVE('',#1740,#1736,#2044,.T.);
#1324=EDGE_CURVE('',#1741,#1740,#57,.F.);
#1325=EDGE_CURVE('',#1741,#1738,#2045,.T.);
#1326=EDGE_CURVE('',#1725,#1742,#2046,.T.);
#1327=EDGE_CURVE('',#1727,#1743,#2047,.T.);
#1328=EDGE_CURVE('',#1742,#1743,#58,.T.);
#1329=EDGE_CURVE('',#1744,#1745,#59,.T.);
#1330=EDGE_CURVE('',#1745,#1741,#2048,.F.);
#1331=EDGE_CURVE('',#1744,#1740,#2049,.F.);
#1332=EDGE_CURVE('',#1746,#1747,#60,.T.);
#1333=EDGE_CURVE('',#1747,#1745,#2050,.T.);
#1334=EDGE_CURVE('',#1746,#1744,#2051,.T.);
#1335=EDGE_CURVE('',#1746,#1742,#2052,.T.);
#1336=EDGE_CURVE('',#1747,#1743,#2053,.T.);
#1337=EDGE_CURVE('',#1748,#1749,#2054,.T.);
#1338=EDGE_CURVE('',#1748,#1750,#61,.T.);
#1339=EDGE_CURVE('',#1750,#1751,#2055,.T.);
#1340=EDGE_CURVE('',#1751,#1749,#62,.F.);
#1341=EDGE_CURVE('',#1752,#1748,#2056,.T.);
#1342=EDGE_CURVE('',#1753,#1752,#63,.F.);
#1343=EDGE_CURVE('',#1753,#1750,#2057,.T.);
#1344=EDGE_CURVE('',#1737,#1754,#2058,.T.);
#1345=EDGE_CURVE('',#1739,#1755,#2059,.T.);
#1346=EDGE_CURVE('',#1754,#1755,#64,.T.);
#1347=EDGE_CURVE('',#1756,#1757,#65,.T.);
#1348=EDGE_CURVE('',#1757,#1753,#2060,.F.);
#1349=EDGE_CURVE('',#1756,#1752,#2061,.F.);
#1350=EDGE_CURVE('',#1758,#1759,#66,.T.);
#1351=EDGE_CURVE('',#1759,#1757,#2062,.T.);
#1352=EDGE_CURVE('',#1758,#1756,#2063,.T.);
#1353=EDGE_CURVE('',#1758,#1754,#2064,.T.);
#1354=EDGE_CURVE('',#1759,#1755,#2065,.T.);
#1355=EDGE_CURVE('',#1760,#1761,#2066,.T.);
#1356=EDGE_CURVE('',#1760,#1762,#67,.T.);
#1357=EDGE_CURVE('',#1762,#1763,#2067,.T.);
#1358=EDGE_CURVE('',#1763,#1761,#68,.F.);
#1359=EDGE_CURVE('',#1764,#1760,#2068,.T.);
#1360=EDGE_CURVE('',#1765,#1764,#69,.F.);
#1361=EDGE_CURVE('',#1765,#1762,#2069,.T.);
#1362=EDGE_CURVE('',#1749,#1766,#2070,.T.);
#1363=EDGE_CURVE('',#1751,#1767,#2071,.T.);
#1364=EDGE_CURVE('',#1766,#1767,#70,.T.);
#1365=EDGE_CURVE('',#1768,#1769,#71,.T.);
#1366=EDGE_CURVE('',#1769,#1765,#2072,.F.);
#1367=EDGE_CURVE('',#1768,#1764,#2073,.F.);
#1368=EDGE_CURVE('',#1770,#1771,#72,.T.);
#1369=EDGE_CURVE('',#1771,#1769,#2074,.T.);
#1370=EDGE_CURVE('',#1770,#1768,#2075,.T.);
#1371=EDGE_CURVE('',#1770,#1766,#2076,.T.);
#1372=EDGE_CURVE('',#1771,#1767,#2077,.T.);
#1373=EDGE_CURVE('',#1772,#1773,#2078,.T.);
#1374=EDGE_CURVE('',#1772,#1774,#73,.T.);
#1375=EDGE_CURVE('',#1774,#1775,#2079,.T.);
#1376=EDGE_CURVE('',#1775,#1773,#74,.F.);
#1377=EDGE_CURVE('',#1776,#1772,#2080,.T.);
#1378=EDGE_CURVE('',#1777,#1776,#75,.F.);
#1379=EDGE_CURVE('',#1777,#1774,#2081,.T.);
#1380=EDGE_CURVE('',#1761,#1778,#2082,.T.);
#1381=EDGE_CURVE('',#1763,#1779,#2083,.T.);
#1382=EDGE_CURVE('',#1778,#1779,#76,.T.);
#1383=EDGE_CURVE('',#1780,#1781,#77,.T.);
#1384=EDGE_CURVE('',#1781,#1777,#2084,.F.);
#1385=EDGE_CURVE('',#1780,#1776,#2085,.F.);
#1386=EDGE_CURVE('',#1782,#1783,#78,.T.);
#1387=EDGE_CURVE('',#1783,#1781,#2086,.T.);
#1388=EDGE_CURVE('',#1782,#1780,#2087,.T.);
#1389=EDGE_CURVE('',#1782,#1778,#2088,.T.);
#1390=EDGE_CURVE('',#1783,#1779,#2089,.T.);
#1391=EDGE_CURVE('',#1784,#1785,#2090,.T.);
#1392=EDGE_CURVE('',#1784,#1786,#79,.T.);
#1393=EDGE_CURVE('',#1786,#1787,#2091,.T.);
#1394=EDGE_CURVE('',#1787,#1785,#80,.F.);
#1395=EDGE_CURVE('',#1788,#1784,#2092,.T.);
#1396=EDGE_CURVE('',#1789,#1788,#81,.F.);
#1397=EDGE_CURVE('',#1789,#1786,#2093,.T.);
#1398=EDGE_CURVE('',#1773,#1790,#2094,.T.);
#1399=EDGE_CURVE('',#1775,#1791,#2095,.T.);
#1400=EDGE_CURVE('',#1790,#1791,#82,.T.);
#1401=EDGE_CURVE('',#1792,#1793,#83,.T.);
#1402=EDGE_CURVE('',#1793,#1789,#2096,.F.);
#1403=EDGE_CURVE('',#1792,#1788,#2097,.F.);
#1404=EDGE_CURVE('',#1794,#1795,#84,.T.);
#1405=EDGE_CURVE('',#1795,#1793,#2098,.T.);
#1406=EDGE_CURVE('',#1794,#1792,#2099,.T.);
#1407=EDGE_CURVE('',#1794,#1790,#2100,.T.);
#1408=EDGE_CURVE('',#1795,#1791,#2101,.T.);
#1409=EDGE_CURVE('',#1796,#1797,#2102,.T.);
#1410=EDGE_CURVE('',#1796,#1798,#85,.T.);
#1411=EDGE_CURVE('',#1798,#1799,#2103,.T.);
#1412=EDGE_CURVE('',#1799,#1797,#86,.F.);
#1413=EDGE_CURVE('',#1800,#1796,#2104,.T.);
#1414=EDGE_CURVE('',#1801,#1800,#87,.F.);
#1415=EDGE_CURVE('',#1801,#1798,#2105,.T.);
#1416=EDGE_CURVE('',#1785,#1802,#2106,.T.);
#1417=EDGE_CURVE('',#1787,#1803,#2107,.T.);
#1418=EDGE_CURVE('',#1802,#1803,#88,.T.);
#1419=EDGE_CURVE('',#1804,#1805,#89,.T.);
#1420=EDGE_CURVE('',#1805,#1801,#2108,.F.);
#1421=EDGE_CURVE('',#1804,#1800,#2109,.F.);
#1422=EDGE_CURVE('',#1806,#1807,#90,.T.);
#1423=EDGE_CURVE('',#1807,#1805,#2110,.T.);
#1424=EDGE_CURVE('',#1806,#1804,#2111,.T.);
#1425=EDGE_CURVE('',#1806,#1802,#2112,.T.);
#1426=EDGE_CURVE('',#1807,#1803,#2113,.T.);
#1427=EDGE_CURVE('',#1808,#1809,#2114,.T.);
#1428=EDGE_CURVE('',#1808,#1810,#91,.T.);
#1429=EDGE_CURVE('',#1810,#1811,#2115,.T.);
#1430=EDGE_CURVE('',#1811,#1809,#92,.F.);
#1431=EDGE_CURVE('',#1812,#1808,#2116,.T.);
#1432=EDGE_CURVE('',#1813,#1812,#93,.F.);
#1433=EDGE_CURVE('',#1813,#1810,#2117,.T.);
#1434=EDGE_CURVE('',#1797,#1814,#2118,.T.);
#1435=EDGE_CURVE('',#1799,#1815,#2119,.T.);
#1436=EDGE_CURVE('',#1814,#1815,#94,.T.);
#1437=EDGE_CURVE('',#1816,#1817,#95,.T.);
#1438=EDGE_CURVE('',#1817,#1813,#2120,.F.);
#1439=EDGE_CURVE('',#1816,#1812,#2121,.F.);
#1440=EDGE_CURVE('',#1818,#1819,#96,.T.);
#1441=EDGE_CURVE('',#1819,#1817,#2122,.T.);
#1442=EDGE_CURVE('',#1818,#1816,#2123,.T.);
#1443=EDGE_CURVE('',#1818,#1814,#2124,.T.);
#1444=EDGE_CURVE('',#1819,#1815,#2125,.T.);
#1445=EDGE_CURVE('',#1820,#1821,#2126,.T.);
#1446=EDGE_CURVE('',#1820,#1822,#97,.T.);
#1447=EDGE_CURVE('',#1822,#1823,#2127,.T.);
#1448=EDGE_CURVE('',#1823,#1821,#98,.F.);
#1449=EDGE_CURVE('',#1824,#1820,#2128,.T.);
#1450=EDGE_CURVE('',#1825,#1824,#99,.F.);
#1451=EDGE_CURVE('',#1825,#1822,#2129,.T.);
#1452=EDGE_CURVE('',#1809,#1826,#2130,.T.);
#1453=EDGE_CURVE('',#1811,#1827,#2131,.T.);
#1454=EDGE_CURVE('',#1826,#1827,#100,.T.);
#1455=EDGE_CURVE('',#1828,#1829,#101,.T.);
#1456=EDGE_CURVE('',#1829,#1825,#2132,.F.);
#1457=EDGE_CURVE('',#1828,#1824,#2133,.F.);
#1458=EDGE_CURVE('',#1830,#1831,#102,.T.);
#1459=EDGE_CURVE('',#1831,#1829,#2134,.T.);
#1460=EDGE_CURVE('',#1830,#1828,#2135,.T.);
#1461=EDGE_CURVE('',#1830,#1826,#2136,.T.);
#1462=EDGE_CURVE('',#1831,#1827,#2137,.T.);
#1463=EDGE_CURVE('',#1832,#1833,#2138,.T.);
#1464=EDGE_CURVE('',#1832,#1834,#103,.T.);
#1465=EDGE_CURVE('',#1834,#1835,#2139,.T.);
#1466=EDGE_CURVE('',#1835,#1833,#104,.F.);
#1467=EDGE_CURVE('',#1836,#1832,#2140,.T.);
#1468=EDGE_CURVE('',#1837,#1836,#105,.F.);
#1469=EDGE_CURVE('',#1837,#1834,#2141,.T.);
#1470=EDGE_CURVE('',#1821,#1838,#2142,.T.);
#1471=EDGE_CURVE('',#1823,#1839,#2143,.T.);
#1472=EDGE_CURVE('',#1838,#1839,#106,.T.);
#1473=EDGE_CURVE('',#1840,#1841,#107,.T.);
#1474=EDGE_CURVE('',#1841,#1837,#2144,.F.);
#1475=EDGE_CURVE('',#1840,#1836,#2145,.F.);
#1476=EDGE_CURVE('',#1842,#1843,#108,.T.);
#1477=EDGE_CURVE('',#1843,#1841,#2146,.T.);
#1478=EDGE_CURVE('',#1842,#1840,#2147,.T.);
#1479=EDGE_CURVE('',#1842,#1838,#2148,.T.);
#1480=EDGE_CURVE('',#1843,#1839,#2149,.T.);
#1481=EDGE_CURVE('',#1844,#1845,#2150,.T.);
#1482=EDGE_CURVE('',#1844,#1846,#109,.T.);
#1483=EDGE_CURVE('',#1846,#1847,#2151,.T.);
#1484=EDGE_CURVE('',#1847,#1845,#110,.F.);
#1485=EDGE_CURVE('',#1848,#1844,#2152,.T.);
#1486=EDGE_CURVE('',#1849,#1848,#111,.F.);
#1487=EDGE_CURVE('',#1849,#1846,#2153,.T.);
#1488=EDGE_CURVE('',#1833,#1850,#2154,.T.);
#1489=EDGE_CURVE('',#1835,#1851,#2155,.T.);
#1490=EDGE_CURVE('',#1850,#1851,#112,.T.);
#1491=EDGE_CURVE('',#1852,#1853,#113,.T.);
#1492=EDGE_CURVE('',#1853,#1849,#2156,.F.);
#1493=EDGE_CURVE('',#1852,#1848,#2157,.F.);
#1494=EDGE_CURVE('',#1854,#1855,#114,.T.);
#1495=EDGE_CURVE('',#1855,#1853,#2158,.T.);
#1496=EDGE_CURVE('',#1854,#1852,#2159,.T.);
#1497=EDGE_CURVE('',#1854,#1850,#2160,.T.);
#1498=EDGE_CURVE('',#1855,#1851,#2161,.T.);
#1499=EDGE_CURVE('',#1856,#1857,#2162,.T.);
#1500=EDGE_CURVE('',#1856,#1858,#115,.T.);
#1501=EDGE_CURVE('',#1858,#1859,#2163,.T.);
#1502=EDGE_CURVE('',#1859,#1857,#116,.F.);
#1503=EDGE_CURVE('',#1860,#1856,#2164,.T.);
#1504=EDGE_CURVE('',#1861,#1860,#117,.F.);
#1505=EDGE_CURVE('',#1861,#1858,#2165,.T.);
#1506=EDGE_CURVE('',#1845,#1862,#2166,.T.);
#1507=EDGE_CURVE('',#1847,#1863,#2167,.T.);
#1508=EDGE_CURVE('',#1862,#1863,#118,.T.);
#1509=EDGE_CURVE('',#1864,#1865,#119,.T.);
#1510=EDGE_CURVE('',#1865,#1861,#2168,.F.);
#1511=EDGE_CURVE('',#1864,#1860,#2169,.F.);
#1512=EDGE_CURVE('',#1866,#1867,#120,.T.);
#1513=EDGE_CURVE('',#1867,#1865,#2170,.T.);
#1514=EDGE_CURVE('',#1866,#1864,#2171,.T.);
#1515=EDGE_CURVE('',#1866,#1862,#2172,.T.);
#1516=EDGE_CURVE('',#1867,#1863,#2173,.T.);
#1517=EDGE_CURVE('',#1868,#1869,#2174,.T.);
#1518=EDGE_CURVE('',#1868,#1870,#121,.T.);
#1519=EDGE_CURVE('',#1870,#1871,#2175,.T.);
#1520=EDGE_CURVE('',#1871,#1869,#122,.F.);
#1521=EDGE_CURVE('',#1872,#1868,#2176,.T.);
#1522=EDGE_CURVE('',#1873,#1872,#123,.F.);
#1523=EDGE_CURVE('',#1873,#1870,#2177,.T.);
#1524=EDGE_CURVE('',#1857,#1874,#2178,.T.);
#1525=EDGE_CURVE('',#1859,#1875,#2179,.T.);
#1526=EDGE_CURVE('',#1874,#1875,#124,.T.);
#1527=EDGE_CURVE('',#1876,#1877,#125,.T.);
#1528=EDGE_CURVE('',#1877,#1873,#2180,.F.);
#1529=EDGE_CURVE('',#1876,#1872,#2181,.F.);
#1530=EDGE_CURVE('',#1878,#1879,#126,.T.);
#1531=EDGE_CURVE('',#1879,#1877,#2182,.T.);
#1532=EDGE_CURVE('',#1878,#1876,#2183,.T.);
#1533=EDGE_CURVE('',#1878,#1874,#2184,.T.);
#1534=EDGE_CURVE('',#1879,#1875,#2185,.T.);
#1535=EDGE_CURVE('',#1880,#1881,#2186,.T.);
#1536=EDGE_CURVE('',#1880,#1882,#127,.T.);
#1537=EDGE_CURVE('',#1882,#1883,#2187,.T.);
#1538=EDGE_CURVE('',#1883,#1881,#128,.F.);
#1539=EDGE_CURVE('',#1884,#1880,#2188,.T.);
#1540=EDGE_CURVE('',#1885,#1884,#129,.F.);
#1541=EDGE_CURVE('',#1885,#1882,#2189,.T.);
#1542=EDGE_CURVE('',#1869,#1886,#2190,.T.);
#1543=EDGE_CURVE('',#1871,#1887,#2191,.T.);
#1544=EDGE_CURVE('',#1886,#1887,#130,.T.);
#1545=EDGE_CURVE('',#1888,#1889,#131,.T.);
#1546=EDGE_CURVE('',#1889,#1885,#2192,.F.);
#1547=EDGE_CURVE('',#1888,#1884,#2193,.F.);
#1548=EDGE_CURVE('',#1890,#1891,#132,.T.);
#1549=EDGE_CURVE('',#1891,#1889,#2194,.T.);
#1550=EDGE_CURVE('',#1890,#1888,#2195,.T.);
#1551=EDGE_CURVE('',#1890,#1886,#2196,.T.);
#1552=EDGE_CURVE('',#1891,#1887,#2197,.T.);
#1553=EDGE_CURVE('',#1892,#1893,#2198,.T.);
#1554=EDGE_CURVE('',#1892,#1894,#133,.T.);
#1555=EDGE_CURVE('',#1894,#1895,#2199,.T.);
#1556=EDGE_CURVE('',#1895,#1893,#134,.F.);
#1557=EDGE_CURVE('',#1896,#1892,#2200,.T.);
#1558=EDGE_CURVE('',#1897,#1896,#135,.F.);
#1559=EDGE_CURVE('',#1897,#1894,#2201,.T.);
#1560=EDGE_CURVE('',#1881,#1898,#2202,.T.);
#1561=EDGE_CURVE('',#1883,#1899,#2203,.T.);
#1562=EDGE_CURVE('',#1898,#1899,#136,.T.);
#1563=EDGE_CURVE('',#1900,#1901,#137,.T.);
#1564=EDGE_CURVE('',#1901,#1897,#2204,.F.);
#1565=EDGE_CURVE('',#1900,#1896,#2205,.F.);
#1566=EDGE_CURVE('',#1902,#1903,#138,.T.);
#1567=EDGE_CURVE('',#1903,#1901,#2206,.T.);
#1568=EDGE_CURVE('',#1902,#1900,#2207,.T.);
#1569=EDGE_CURVE('',#1902,#1898,#2208,.T.);
#1570=EDGE_CURVE('',#1903,#1899,#2209,.T.);
#1571=EDGE_CURVE('',#1904,#1905,#2210,.T.);
#1572=EDGE_CURVE('',#1904,#1906,#139,.T.);
#1573=EDGE_CURVE('',#1906,#1907,#2211,.T.);
#1574=EDGE_CURVE('',#1907,#1905,#140,.F.);
#1575=EDGE_CURVE('',#1908,#1904,#2212,.T.);
#1576=EDGE_CURVE('',#1909,#1908,#141,.F.);
#1577=EDGE_CURVE('',#1909,#1906,#2213,.T.);
#1578=EDGE_CURVE('',#1893,#1910,#2214,.T.);
#1579=EDGE_CURVE('',#1895,#1911,#2215,.T.);
#1580=EDGE_CURVE('',#1910,#1911,#142,.T.);
#1581=EDGE_CURVE('',#1912,#1913,#143,.T.);
#1582=EDGE_CURVE('',#1913,#1909,#2216,.F.);
#1583=EDGE_CURVE('',#1912,#1908,#2217,.F.);
#1584=EDGE_CURVE('',#1914,#1915,#144,.T.);
#1585=EDGE_CURVE('',#1915,#1913,#2218,.T.);
#1586=EDGE_CURVE('',#1914,#1912,#2219,.T.);
#1587=EDGE_CURVE('',#1914,#1910,#2220,.T.);
#1588=EDGE_CURVE('',#1915,#1911,#2221,.T.);
#1589=EDGE_CURVE('',#1916,#1917,#2222,.T.);
#1590=EDGE_CURVE('',#1916,#1918,#145,.T.);
#1591=EDGE_CURVE('',#1918,#1919,#2223,.T.);
#1592=EDGE_CURVE('',#1919,#1917,#146,.F.);
#1593=EDGE_CURVE('',#1920,#1916,#2224,.T.);
#1594=EDGE_CURVE('',#1921,#1920,#147,.F.);
#1595=EDGE_CURVE('',#1921,#1918,#2225,.T.);
#1596=EDGE_CURVE('',#1905,#1922,#2226,.T.);
#1597=EDGE_CURVE('',#1907,#1923,#2227,.T.);
#1598=EDGE_CURVE('',#1922,#1923,#148,.T.);
#1599=EDGE_CURVE('',#1924,#1925,#149,.T.);
#1600=EDGE_CURVE('',#1925,#1921,#2228,.F.);
#1601=EDGE_CURVE('',#1924,#1920,#2229,.F.);
#1602=EDGE_CURVE('',#1926,#1927,#150,.T.);
#1603=EDGE_CURVE('',#1927,#1925,#2230,.T.);
#1604=EDGE_CURVE('',#1926,#1924,#2231,.T.);
#1605=EDGE_CURVE('',#1926,#1922,#2232,.T.);
#1606=EDGE_CURVE('',#1927,#1923,#2233,.T.);
#1607=EDGE_CURVE('',#1928,#1929,#2234,.T.);
#1608=EDGE_CURVE('',#1928,#1930,#151,.T.);
#1609=EDGE_CURVE('',#1930,#1931,#2235,.T.);
#1610=EDGE_CURVE('',#1931,#1929,#152,.F.);
#1611=EDGE_CURVE('',#1932,#1928,#2236,.T.);
#1612=EDGE_CURVE('',#1933,#1932,#153,.F.);
#1613=EDGE_CURVE('',#1933,#1930,#2237,.T.);
#1614=EDGE_CURVE('',#1917,#1934,#2238,.T.);
#1615=EDGE_CURVE('',#1919,#1935,#2239,.T.);
#1616=EDGE_CURVE('',#1934,#1935,#154,.T.);
#1617=EDGE_CURVE('',#1936,#1937,#155,.T.);
#1618=EDGE_CURVE('',#1937,#1933,#2240,.F.);
#1619=EDGE_CURVE('',#1936,#1932,#2241,.F.);
#1620=EDGE_CURVE('',#1938,#1939,#156,.T.);
#1621=EDGE_CURVE('',#1939,#1937,#2242,.T.);
#1622=EDGE_CURVE('',#1938,#1936,#2243,.T.);
#1623=EDGE_CURVE('',#1938,#1934,#2244,.T.);
#1624=EDGE_CURVE('',#1939,#1935,#2245,.T.);
#1625=EDGE_CURVE('',#1940,#1668,#2246,.T.);
#1626=EDGE_CURVE('',#1940,#1941,#157,.T.);
#1627=EDGE_CURVE('',#1941,#1670,#2247,.T.);
#1628=EDGE_CURVE('',#1942,#1943,#158,.T.);
#1629=EDGE_CURVE('',#1943,#1944,#2248,.F.);
#1630=EDGE_CURVE('',#1944,#1945,#159,.F.);
#1631=EDGE_CURVE('',#1942,#1945,#2249,.F.);
#1632=EDGE_CURVE('',#1946,#1947,#160,.T.);
#1633=EDGE_CURVE('',#1947,#1943,#2250,.T.);
#1634=EDGE_CURVE('',#1946,#1942,#2251,.T.);
#1635=EDGE_CURVE('',#1946,#1948,#2252,.T.);
#1636=EDGE_CURVE('',#1948,#1949,#161,.T.);
#1637=EDGE_CURVE('',#1947,#1949,#2253,.T.);
#1638=EDGE_CURVE('',#1929,#1948,#2254,.T.);
#1639=EDGE_CURVE('',#1931,#1949,#2255,.T.);
#1640=EDGE_CURVE('',#1945,#1940,#2256,.T.);
#1641=EDGE_CURVE('',#1944,#1941,#2257,.T.);
#1642=EDGE_CURVE('',#1950,#1950,#2258,.T.);
#1643=EDGE_CURVE('',#1951,#1951,#2259,.T.);
#1644=EDGE_CURVE('',#1952,#1952,#2260,.T.);
#1645=EDGE_CURVE('',#1953,#1953,#2261,.T.);
#1646=EDGE_CURVE('',#1954,#1954,#2262,.T.);
#1647=EDGE_CURVE('',#1955,#1955,#2263,.T.);
#1648=EDGE_CURVE('',#1956,#1956,#2264,.T.);
#1649=EDGE_CURVE('',#1957,#1957,#2265,.T.);
#1650=EDGE_CURVE('',#1958,#1958,#2266,.T.);
#1651=EDGE_CURVE('',#1959,#1959,#2267,.T.);
#1652=EDGE_CURVE('',#1960,#1960,#2268,.T.);
#1653=EDGE_CURVE('',#1961,#1961,#2269,.T.);
#1654=EDGE_CURVE('',#1962,#1962,#2270,.T.);
#1655=EDGE_CURVE('',#1963,#1963,#2271,.T.);
#1656=EDGE_CURVE('',#1964,#1964,#2272,.T.);
#1657=EDGE_CURVE('',#1965,#1965,#2273,.T.);
#1658=EDGE_CURVE('',#1966,#1966,#2274,.T.);
#1659=EDGE_CURVE('',#1967,#1967,#2275,.T.);
#1660=EDGE_CURVE('',#1968,#1968,#2276,.T.);
#1661=EDGE_CURVE('',#1969,#1969,#2277,.T.);
#1662=VERTEX_POINT('',#4525);
#1663=VERTEX_POINT('',#4526);
#1664=VERTEX_POINT('',#4528);
#1665=VERTEX_POINT('',#4530);
#1666=VERTEX_POINT('',#4534);
#1667=VERTEX_POINT('',#4536);
#1668=VERTEX_POINT('',#4540);
#1669=VERTEX_POINT('',#4541);
#1670=VERTEX_POINT('',#4543);
#1671=VERTEX_POINT('',#4545);
#1672=VERTEX_POINT('',#4549);
#1673=VERTEX_POINT('',#4550);
#1674=VERTEX_POINT('',#4555);
#1675=VERTEX_POINT('',#4556);
#1676=VERTEX_POINT('',#4564);
#1677=VERTEX_POINT('',#4565);
#1678=VERTEX_POINT('',#4567);
#1679=VERTEX_POINT('',#4569);
#1680=VERTEX_POINT('',#4573);
#1681=VERTEX_POINT('',#4575);
#1682=VERTEX_POINT('',#4579);
#1683=VERTEX_POINT('',#4581);
#1684=VERTEX_POINT('',#4585);
#1685=VERTEX_POINT('',#4586);
#1686=VERTEX_POINT('',#4591);
#1687=VERTEX_POINT('',#4592);
#1688=VERTEX_POINT('',#4600);
#1689=VERTEX_POINT('',#4601);
#1690=VERTEX_POINT('',#4603);
#1691=VERTEX_POINT('',#4605);
#1692=VERTEX_POINT('',#4609);
#1693=VERTEX_POINT('',#4611);
#1694=VERTEX_POINT('',#4615);
#1695=VERTEX_POINT('',#4617);
#1696=VERTEX_POINT('',#4621);
#1697=VERTEX_POINT('',#4622);
#1698=VERTEX_POINT('',#4627);
#1699=VERTEX_POINT('',#4628);
#1700=VERTEX_POINT('',#4636);
#1701=VERTEX_POINT('',#4637);
#1702=VERTEX_POINT('',#4639);
#1703=VERTEX_POINT('',#4641);
#1704=VERTEX_POINT('',#4645);
#1705=VERTEX_POINT('',#4647);
#1706=VERTEX_POINT('',#4651);
#1707=VERTEX_POINT('',#4653);
#1708=VERTEX_POINT('',#4657);
#1709=VERTEX_POINT('',#4658);
#1710=VERTEX_POINT('',#4663);
#1711=VERTEX_POINT('',#4664);
#1712=VERTEX_POINT('',#4672);
#1713=VERTEX_POINT('',#4673);
#1714=VERTEX_POINT('',#4675);
#1715=VERTEX_POINT('',#4677);
#1716=VERTEX_POINT('',#4681);
#1717=VERTEX_POINT('',#4683);
#1718=VERTEX_POINT('',#4687);
#1719=VERTEX_POINT('',#4689);
#1720=VERTEX_POINT('',#4693);
#1721=VERTEX_POINT('',#4694);
#1722=VERTEX_POINT('',#4699);
#1723=VERTEX_POINT('',#4700);
#1724=VERTEX_POINT('',#4708);
#1725=VERTEX_POINT('',#4709);
#1726=VERTEX_POINT('',#4711);
#1727=VERTEX_POINT('',#4713);
#1728=VERTEX_POINT('',#4717);
#1729=VERTEX_POINT('',#4719);
#1730=VERTEX_POINT('',#4723);
#1731=VERTEX_POINT('',#4725);
#1732=VERTEX_POINT('',#4729);
#1733=VERTEX_POINT('',#4730);
#1734=VERTEX_POINT('',#4735);
#1735=VERTEX_POINT('',#4736);
#1736=VERTEX_POINT('',#4744);
#1737=VERTEX_POINT('',#4745);
#1738=VERTEX_POINT('',#4747);
#1739=VERTEX_POINT('',#4749);
#1740=VERTEX_POINT('',#4753);
#1741=VERTEX_POINT('',#4755);
#1742=VERTEX_POINT('',#4759);
#1743=VERTEX_POINT('',#4761);
#1744=VERTEX_POINT('',#4765);
#1745=VERTEX_POINT('',#4766);
#1746=VERTEX_POINT('',#4771);
#1747=VERTEX_POINT('',#4772);
#1748=VERTEX_POINT('',#4780);
#1749=VERTEX_POINT('',#4781);
#1750=VERTEX_POINT('',#4783);
#1751=VERTEX_POINT('',#4785);
#1752=VERTEX_POINT('',#4789);
#1753=VERTEX_POINT('',#4791);
#1754=VERTEX_POINT('',#4795);
#1755=VERTEX_POINT('',#4797);
#1756=VERTEX_POINT('',#4801);
#1757=VERTEX_POINT('',#4802);
#1758=VERTEX_POINT('',#4807);
#1759=VERTEX_POINT('',#4808);
#1760=VERTEX_POINT('',#4816);
#1761=VERTEX_POINT('',#4817);
#1762=VERTEX_POINT('',#4819);
#1763=VERTEX_POINT('',#4821);
#1764=VERTEX_POINT('',#4825);
#1765=VERTEX_POINT('',#4827);
#1766=VERTEX_POINT('',#4831);
#1767=VERTEX_POINT('',#4833);
#1768=VERTEX_POINT('',#4837);
#1769=VERTEX_POINT('',#4838);
#1770=VERTEX_POINT('',#4843);
#1771=VERTEX_POINT('',#4844);
#1772=VERTEX_POINT('',#4852);
#1773=VERTEX_POINT('',#4853);
#1774=VERTEX_POINT('',#4855);
#1775=VERTEX_POINT('',#4857);
#1776=VERTEX_POINT('',#4861);
#1777=VERTEX_POINT('',#4863);
#1778=VERTEX_POINT('',#4867);
#1779=VERTEX_POINT('',#4869);
#1780=VERTEX_POINT('',#4873);
#1781=VERTEX_POINT('',#4874);
#1782=VERTEX_POINT('',#4879);
#1783=VERTEX_POINT('',#4880);
#1784=VERTEX_POINT('',#4888);
#1785=VERTEX_POINT('',#4889);
#1786=VERTEX_POINT('',#4891);
#1787=VERTEX_POINT('',#4893);
#1788=VERTEX_POINT('',#4897);
#1789=VERTEX_POINT('',#4899);
#1790=VERTEX_POINT('',#4903);
#1791=VERTEX_POINT('',#4905);
#1792=VERTEX_POINT('',#4909);
#1793=VERTEX_POINT('',#4910);
#1794=VERTEX_POINT('',#4915);
#1795=VERTEX_POINT('',#4916);
#1796=VERTEX_POINT('',#4924);
#1797=VERTEX_POINT('',#4925);
#1798=VERTEX_POINT('',#4927);
#1799=VERTEX_POINT('',#4929);
#1800=VERTEX_POINT('',#4933);
#1801=VERTEX_POINT('',#4935);
#1802=VERTEX_POINT('',#4939);
#1803=VERTEX_POINT('',#4941);
#1804=VERTEX_POINT('',#4945);
#1805=VERTEX_POINT('',#4946);
#1806=VERTEX_POINT('',#4951);
#1807=VERTEX_POINT('',#4952);
#1808=VERTEX_POINT('',#4960);
#1809=VERTEX_POINT('',#4961);
#1810=VERTEX_POINT('',#4963);
#1811=VERTEX_POINT('',#4965);
#1812=VERTEX_POINT('',#4969);
#1813=VERTEX_POINT('',#4971);
#1814=VERTEX_POINT('',#4975);
#1815=VERTEX_POINT('',#4977);
#1816=VERTEX_POINT('',#4981);
#1817=VERTEX_POINT('',#4982);
#1818=VERTEX_POINT('',#4987);
#1819=VERTEX_POINT('',#4988);
#1820=VERTEX_POINT('',#4996);
#1821=VERTEX_POINT('',#4997);
#1822=VERTEX_POINT('',#4999);
#1823=VERTEX_POINT('',#5001);
#1824=VERTEX_POINT('',#5005);
#1825=VERTEX_POINT('',#5007);
#1826=VERTEX_POINT('',#5011);
#1827=VERTEX_POINT('',#5013);
#1828=VERTEX_POINT('',#5017);
#1829=VERTEX_POINT('',#5018);
#1830=VERTEX_POINT('',#5023);
#1831=VERTEX_POINT('',#5024);
#1832=VERTEX_POINT('',#5032);
#1833=VERTEX_POINT('',#5033);
#1834=VERTEX_POINT('',#5035);
#1835=VERTEX_POINT('',#5037);
#1836=VERTEX_POINT('',#5041);
#1837=VERTEX_POINT('',#5043);
#1838=VERTEX_POINT('',#5047);
#1839=VERTEX_POINT('',#5049);
#1840=VERTEX_POINT('',#5053);
#1841=VERTEX_POINT('',#5054);
#1842=VERTEX_POINT('',#5059);
#1843=VERTEX_POINT('',#5060);
#1844=VERTEX_POINT('',#5068);
#1845=VERTEX_POINT('',#5069);
#1846=VERTEX_POINT('',#5071);
#1847=VERTEX_POINT('',#5073);
#1848=VERTEX_POINT('',#5077);
#1849=VERTEX_POINT('',#5079);
#1850=VERTEX_POINT('',#5083);
#1851=VERTEX_POINT('',#5085);
#1852=VERTEX_POINT('',#5089);
#1853=VERTEX_POINT('',#5090);
#1854=VERTEX_POINT('',#5095);
#1855=VERTEX_POINT('',#5096);
#1856=VERTEX_POINT('',#5104);
#1857=VERTEX_POINT('',#5105);
#1858=VERTEX_POINT('',#5107);
#1859=VERTEX_POINT('',#5109);
#1860=VERTEX_POINT('',#5113);
#1861=VERTEX_POINT('',#5115);
#1862=VERTEX_POINT('',#5119);
#1863=VERTEX_POINT('',#5121);
#1864=VERTEX_POINT('',#5125);
#1865=VERTEX_POINT('',#5126);
#1866=VERTEX_POINT('',#5131);
#1867=VERTEX_POINT('',#5132);
#1868=VERTEX_POINT('',#5140);
#1869=VERTEX_POINT('',#5141);
#1870=VERTEX_POINT('',#5143);
#1871=VERTEX_POINT('',#5145);
#1872=VERTEX_POINT('',#5149);
#1873=VERTEX_POINT('',#5151);
#1874=VERTEX_POINT('',#5155);
#1875=VERTEX_POINT('',#5157);
#1876=VERTEX_POINT('',#5161);
#1877=VERTEX_POINT('',#5162);
#1878=VERTEX_POINT('',#5167);
#1879=VERTEX_POINT('',#5168);
#1880=VERTEX_POINT('',#5176);
#1881=VERTEX_POINT('',#5177);
#1882=VERTEX_POINT('',#5179);
#1883=VERTEX_POINT('',#5181);
#1884=VERTEX_POINT('',#5185);
#1885=VERTEX_POINT('',#5187);
#1886=VERTEX_POINT('',#5191);
#1887=VERTEX_POINT('',#5193);
#1888=VERTEX_POINT('',#5197);
#1889=VERTEX_POINT('',#5198);
#1890=VERTEX_POINT('',#5203);
#1891=VERTEX_POINT('',#5204);
#1892=VERTEX_POINT('',#5212);
#1893=VERTEX_POINT('',#5213);
#1894=VERTEX_POINT('',#5215);
#1895=VERTEX_POINT('',#5217);
#1896=VERTEX_POINT('',#5221);
#1897=VERTEX_POINT('',#5223);
#1898=VERTEX_POINT('',#5227);
#1899=VERTEX_POINT('',#5229);
#1900=VERTEX_POINT('',#5233);
#1901=VERTEX_POINT('',#5234);
#1902=VERTEX_POINT('',#5239);
#1903=VERTEX_POINT('',#5240);
#1904=VERTEX_POINT('',#5248);
#1905=VERTEX_POINT('',#5249);
#1906=VERTEX_POINT('',#5251);
#1907=VERTEX_POINT('',#5253);
#1908=VERTEX_POINT('',#5257);
#1909=VERTEX_POINT('',#5259);
#1910=VERTEX_POINT('',#5263);
#1911=VERTEX_POINT('',#5265);
#1912=VERTEX_POINT('',#5269);
#1913=VERTEX_POINT('',#5270);
#1914=VERTEX_POINT('',#5275);
#1915=VERTEX_POINT('',#5276);
#1916=VERTEX_POINT('',#5284);
#1917=VERTEX_POINT('',#5285);
#1918=VERTEX_POINT('',#5287);
#1919=VERTEX_POINT('',#5289);
#1920=VERTEX_POINT('',#5293);
#1921=VERTEX_POINT('',#5295);
#1922=VERTEX_POINT('',#5299);
#1923=VERTEX_POINT('',#5301);
#1924=VERTEX_POINT('',#5305);
#1925=VERTEX_POINT('',#5306);
#1926=VERTEX_POINT('',#5311);
#1927=VERTEX_POINT('',#5312);
#1928=VERTEX_POINT('',#5320);
#1929=VERTEX_POINT('',#5321);
#1930=VERTEX_POINT('',#5323);
#1931=VERTEX_POINT('',#5325);
#1932=VERTEX_POINT('',#5329);
#1933=VERTEX_POINT('',#5331);
#1934=VERTEX_POINT('',#5335);
#1935=VERTEX_POINT('',#5337);
#1936=VERTEX_POINT('',#5341);
#1937=VERTEX_POINT('',#5342);
#1938=VERTEX_POINT('',#5347);
#1939=VERTEX_POINT('',#5348);
#1940=VERTEX_POINT('',#5356);
#1941=VERTEX_POINT('',#5358);
#1942=VERTEX_POINT('',#5362);
#1943=VERTEX_POINT('',#5363);
#1944=VERTEX_POINT('',#5365);
#1945=VERTEX_POINT('',#5367);
#1946=VERTEX_POINT('',#5371);
#1947=VERTEX_POINT('',#5372);
#1948=VERTEX_POINT('',#5377);
#1949=VERTEX_POINT('',#5379);
#1950=VERTEX_POINT('',#5389);
#1951=VERTEX_POINT('',#5392);
#1952=VERTEX_POINT('',#5395);
#1953=VERTEX_POINT('',#5398);
#1954=VERTEX_POINT('',#5400);
#1955=VERTEX_POINT('',#5402);
#1956=VERTEX_POINT('',#5404);
#1957=VERTEX_POINT('',#5406);
#1958=VERTEX_POINT('',#5408);
#1959=VERTEX_POINT('',#5410);
#1960=VERTEX_POINT('',#5413);
#1961=VERTEX_POINT('',#5416);
#1962=VERTEX_POINT('',#5419);
#1963=VERTEX_POINT('',#5422);
#1964=VERTEX_POINT('',#5424);
#1965=VERTEX_POINT('',#5426);
#1966=VERTEX_POINT('',#5428);
#1967=VERTEX_POINT('',#5430);
#1968=VERTEX_POINT('',#5432);
#1969=VERTEX_POINT('',#5434);
#1970=CIRCLE('',#2976,0.0185268281710272);
#1971=CIRCLE('',#2977,0.0185268281710272);
#1972=CIRCLE('',#2979,0.00043);
#1973=CIRCLE('',#2980,0.00043);
#1974=CIRCLE('',#2982,0.00043);
#1975=CIRCLE('',#2983,0.00043);
#1976=CIRCLE('',#2985,0.00176490249675999);
#1977=CIRCLE('',#2986,0.00176490249675999);
#1978=CIRCLE('',#2988,0.0165286281710275);
#1979=CIRCLE('',#2989,0.0165286281710275);
#1980=CIRCLE('',#2991,0.00176490249675999);
#1981=CIRCLE('',#2992,0.00176490249675999);
#1982=CIRCLE('',#2994,0.0185268281710272);
#1983=CIRCLE('',#2995,0.0185268281710272);
#1984=CIRCLE('',#2997,0.00043);
#1985=CIRCLE('',#2998,0.00043);
#1986=CIRCLE('',#3000,0.00043);
#1987=CIRCLE('',#3001,0.00043);
#1988=CIRCLE('',#3003,0.00176490249675999);
#1989=CIRCLE('',#3004,0.00176490249675999);
#1990=CIRCLE('',#3006,0.0165286281710275);
#1991=CIRCLE('',#3007,0.0165286281710275);
#1992=CIRCLE('',#3009,0.00176490249675999);
#1993=CIRCLE('',#3010,0.00176490249675999);
#1994=CIRCLE('',#3012,0.0185268281710272);
#1995=CIRCLE('',#3013,0.0185268281710272);
#1996=CIRCLE('',#3015,0.00043);
#1997=CIRCLE('',#3016,0.00043);
#1998=CIRCLE('',#3018,0.00043);
#1999=CIRCLE('',#3019,0.00043);
#2000=CIRCLE('',#3021,0.00176490249675999);
#2001=CIRCLE('',#3022,0.00176490249675999);
#2002=CIRCLE('',#3024,0.0165286281710275);
#2003=CIRCLE('',#3025,0.0165286281710275);
#2004=CIRCLE('',#3027,0.00176490249675999);
#2005=CIRCLE('',#3028,0.00176490249675999);
#2006=CIRCLE('',#3030,0.0185268281710272);
#2007=CIRCLE('',#3031,0.0185268281710272);
#2008=CIRCLE('',#3033,0.00043);
#2009=CIRCLE('',#3034,0.00043);
#2010=CIRCLE('',#3036,0.00043);
#2011=CIRCLE('',#3037,0.00043);
#2012=CIRCLE('',#3039,0.00176490249675999);
#2013=CIRCLE('',#3040,0.00176490249675999);
#2014=CIRCLE('',#3042,0.0165286281710275);
#2015=CIRCLE('',#3043,0.0165286281710275);
#2016=CIRCLE('',#3045,0.00176490249675999);
#2017=CIRCLE('',#3046,0.00176490249675999);
#2018=CIRCLE('',#3048,0.0185268281710272);
#2019=CIRCLE('',#3049,0.0185268281710272);
#2020=CIRCLE('',#3051,0.00043);
#2021=CIRCLE('',#3052,0.00043);
#2022=CIRCLE('',#3054,0.00043);
#2023=CIRCLE('',#3055,0.00043);
#2024=CIRCLE('',#3057,0.00176490249675999);
#2025=CIRCLE('',#3058,0.00176490249675999);
#2026=CIRCLE('',#3060,0.0165286281710275);
#2027=CIRCLE('',#3061,0.0165286281710275);
#2028=CIRCLE('',#3063,0.00176490249675999);
#2029=CIRCLE('',#3064,0.00176490249675999);
#2030=CIRCLE('',#3066,0.0185268281710272);
#2031=CIRCLE('',#3067,0.0185268281710272);
#2032=CIRCLE('',#3069,0.00043);
#2033=CIRCLE('',#3070,0.00043);
#2034=CIRCLE('',#3072,0.00043);
#2035=CIRCLE('',#3073,0.00043);
#2036=CIRCLE('',#3075,0.00176490249675999);
#2037=CIRCLE('',#3076,0.00176490249675999);
#2038=CIRCLE('',#3078,0.0165286281710275);
#2039=CIRCLE('',#3079,0.0165286281710275);
#2040=CIRCLE('',#3081,0.00176490249675999);
#2041=CIRCLE('',#3082,0.00176490249675999);
#2042=CIRCLE('',#3084,0.0185268281710272);
#2043=CIRCLE('',#3085,0.0185268281710272);
#2044=CIRCLE('',#3087,0.00043);
#2045=CIRCLE('',#3088,0.00043);
#2046=CIRCLE('',#3090,0.00043);
#2047=CIRCLE('',#3091,0.00043);
#2048=CIRCLE('',#3093,0.00176490249675999);
#2049=CIRCLE('',#3094,0.00176490249675999);
#2050=CIRCLE('',#3096,0.0165286281710275);
#2051=CIRCLE('',#3097,0.0165286281710275);
#2052=CIRCLE('',#3099,0.00176490249675999);
#2053=CIRCLE('',#3100,0.00176490249675999);
#2054=CIRCLE('',#3102,0.0185268281710272);
#2055=CIRCLE('',#3103,0.0185268281710272);
#2056=CIRCLE('',#3105,0.00043);
#2057=CIRCLE('',#3106,0.00043);
#2058=CIRCLE('',#3108,0.00043);
#2059=CIRCLE('',#3109,0.00043);
#2060=CIRCLE('',#3111,0.00176490249675999);
#2061=CIRCLE('',#3112,0.00176490249675999);
#2062=CIRCLE('',#3114,0.0165286281710275);
#2063=CIRCLE('',#3115,0.0165286281710275);
#2064=CIRCLE('',#3117,0.00176490249675999);
#2065=CIRCLE('',#3118,0.00176490249675999);
#2066=CIRCLE('',#3120,0.0185268281710272);
#2067=CIRCLE('',#3121,0.0185268281710272);
#2068=CIRCLE('',#3123,0.00043);
#2069=CIRCLE('',#3124,0.00043);
#2070=CIRCLE('',#3126,0.00043);
#2071=CIRCLE('',#3127,0.00043);
#2072=CIRCLE('',#3129,0.00176490249675999);
#2073=CIRCLE('',#3130,0.00176490249675999);
#2074=CIRCLE('',#3132,0.0165286281710275);
#2075=CIRCLE('',#3133,0.0165286281710275);
#2076=CIRCLE('',#3135,0.00176490249675999);
#2077=CIRCLE('',#3136,0.00176490249675999);
#2078=CIRCLE('',#3138,0.0185268281710272);
#2079=CIRCLE('',#3139,0.0185268281710272);
#2080=CIRCLE('',#3141,0.00043);
#2081=CIRCLE('',#3142,0.00043);
#2082=CIRCLE('',#3144,0.00043);
#2083=CIRCLE('',#3145,0.00043);
#2084=CIRCLE('',#3147,0.00176490249675999);
#2085=CIRCLE('',#3148,0.00176490249675999);
#2086=CIRCLE('',#3150,0.0165286281710275);
#2087=CIRCLE('',#3151,0.0165286281710275);
#2088=CIRCLE('',#3153,0.00176490249675999);
#2089=CIRCLE('',#3154,0.00176490249675999);
#2090=CIRCLE('',#3156,0.0185268281710272);
#2091=CIRCLE('',#3157,0.0185268281710272);
#2092=CIRCLE('',#3159,0.00043);
#2093=CIRCLE('',#3160,0.00043);
#2094=CIRCLE('',#3162,0.00043);
#2095=CIRCLE('',#3163,0.00043);
#2096=CIRCLE('',#3165,0.00176490249675999);
#2097=CIRCLE('',#3166,0.00176490249675999);
#2098=CIRCLE('',#3168,0.0165286281710275);
#2099=CIRCLE('',#3169,0.0165286281710275);
#2100=CIRCLE('',#3171,0.00176490249675999);
#2101=CIRCLE('',#3172,0.00176490249675999);
#2102=CIRCLE('',#3174,0.0185268281710272);
#2103=CIRCLE('',#3175,0.0185268281710272);
#2104=CIRCLE('',#3177,0.00043);
#2105=CIRCLE('',#3178,0.00043);
#2106=CIRCLE('',#3180,0.00043);
#2107=CIRCLE('',#3181,0.00043);
#2108=CIRCLE('',#3183,0.00176490249675999);
#2109=CIRCLE('',#3184,0.00176490249675999);
#2110=CIRCLE('',#3186,0.0165286281710275);
#2111=CIRCLE('',#3187,0.0165286281710275);
#2112=CIRCLE('',#3189,0.00176490249675999);
#2113=CIRCLE('',#3190,0.00176490249675999);
#2114=CIRCLE('',#3192,0.0185268281710272);
#2115=CIRCLE('',#3193,0.0185268281710272);
#2116=CIRCLE('',#3195,0.00043);
#2117=CIRCLE('',#3196,0.00043);
#2118=CIRCLE('',#3198,0.00043);
#2119=CIRCLE('',#3199,0.00043);
#2120=CIRCLE('',#3201,0.00176490249675999);
#2121=CIRCLE('',#3202,0.00176490249675999);
#2122=CIRCLE('',#3204,0.0165286281710275);
#2123=CIRCLE('',#3205,0.0165286281710275);
#2124=CIRCLE('',#3207,0.00176490249675999);
#2125=CIRCLE('',#3208,0.00176490249675999);
#2126=CIRCLE('',#3210,0.0185268281710272);
#2127=CIRCLE('',#3211,0.0185268281710272);
#2128=CIRCLE('',#3213,0.00043);
#2129=CIRCLE('',#3214,0.00043);
#2130=CIRCLE('',#3216,0.00043);
#2131=CIRCLE('',#3217,0.00043);
#2132=CIRCLE('',#3219,0.00176490249675999);
#2133=CIRCLE('',#3220,0.00176490249675999);
#2134=CIRCLE('',#3222,0.0165286281710275);
#2135=CIRCLE('',#3223,0.0165286281710275);
#2136=CIRCLE('',#3225,0.00176490249675999);
#2137=CIRCLE('',#3226,0.00176490249675999);
#2138=CIRCLE('',#3228,0.0185268281710272);
#2139=CIRCLE('',#3229,0.0185268281710272);
#2140=CIRCLE('',#3231,0.00043);
#2141=CIRCLE('',#3232,0.00043);
#2142=CIRCLE('',#3234,0.00043);
#2143=CIRCLE('',#3235,0.00043);
#2144=CIRCLE('',#3237,0.00176490249675999);
#2145=CIRCLE('',#3238,0.00176490249675999);
#2146=CIRCLE('',#3240,0.0165286281710275);
#2147=CIRCLE('',#3241,0.0165286281710275);
#2148=CIRCLE('',#3243,0.00176490249675999);
#2149=CIRCLE('',#3244,0.00176490249675999);
#2150=CIRCLE('',#3246,0.0185268281710272);
#2151=CIRCLE('',#3247,0.0185268281710272);
#2152=CIRCLE('',#3249,0.00043);
#2153=CIRCLE('',#3250,0.00043);
#2154=CIRCLE('',#3252,0.00043);
#2155=CIRCLE('',#3253,0.00043);
#2156=CIRCLE('',#3255,0.00176490249675999);
#2157=CIRCLE('',#3256,0.00176490249675999);
#2158=CIRCLE('',#3258,0.0165286281710275);
#2159=CIRCLE('',#3259,0.0165286281710275);
#2160=CIRCLE('',#3261,0.00176490249675999);
#2161=CIRCLE('',#3262,0.00176490249675999);
#2162=CIRCLE('',#3264,0.0185268281710272);
#2163=CIRCLE('',#3265,0.0185268281710272);
#2164=CIRCLE('',#3267,0.00043);
#2165=CIRCLE('',#3268,0.00043);
#2166=CIRCLE('',#3270,0.00043);
#2167=CIRCLE('',#3271,0.00043);
#2168=CIRCLE('',#3273,0.00176490249675999);
#2169=CIRCLE('',#3274,0.00176490249675999);
#2170=CIRCLE('',#3276,0.0165286281710275);
#2171=CIRCLE('',#3277,0.0165286281710275);
#2172=CIRCLE('',#3279,0.00176490249675999);
#2173=CIRCLE('',#3280,0.00176490249675999);
#2174=CIRCLE('',#3282,0.0185268281710272);
#2175=CIRCLE('',#3283,0.0185268281710272);
#2176=CIRCLE('',#3285,0.00043);
#2177=CIRCLE('',#3286,0.00043);
#2178=CIRCLE('',#3288,0.00043);
#2179=CIRCLE('',#3289,0.00043);
#2180=CIRCLE('',#3291,0.00176490249675999);
#2181=CIRCLE('',#3292,0.00176490249675999);
#2182=CIRCLE('',#3294,0.0165286281710275);
#2183=CIRCLE('',#3295,0.0165286281710275);
#2184=CIRCLE('',#3297,0.00176490249675999);
#2185=CIRCLE('',#3298,0.00176490249675999);
#2186=CIRCLE('',#3300,0.0185268281710272);
#2187=CIRCLE('',#3301,0.0185268281710272);
#2188=CIRCLE('',#3303,0.00043);
#2189=CIRCLE('',#3304,0.00043);
#2190=CIRCLE('',#3306,0.00043);
#2191=CIRCLE('',#3307,0.00043);
#2192=CIRCLE('',#3309,0.00176490249675999);
#2193=CIRCLE('',#3310,0.00176490249675999);
#2194=CIRCLE('',#3312,0.0165286281710275);
#2195=CIRCLE('',#3313,0.0165286281710275);
#2196=CIRCLE('',#3315,0.00176490249675999);
#2197=CIRCLE('',#3316,0.00176490249675999);
#2198=CIRCLE('',#3318,0.0185268281710272);
#2199=CIRCLE('',#3319,0.0185268281710272);
#2200=CIRCLE('',#3321,0.00043);
#2201=CIRCLE('',#3322,0.00043);
#2202=CIRCLE('',#3324,0.00043);
#2203=CIRCLE('',#3325,0.00043);
#2204=CIRCLE('',#3327,0.00176490249675999);
#2205=CIRCLE('',#3328,0.00176490249675999);
#2206=CIRCLE('',#3330,0.0165286281710275);
#2207=CIRCLE('',#3331,0.0165286281710275);
#2208=CIRCLE('',#3333,0.00176490249675999);
#2209=CIRCLE('',#3334,0.00176490249675999);
#2210=CIRCLE('',#3336,0.0185268281710272);
#2211=CIRCLE('',#3337,0.0185268281710272);
#2212=CIRCLE('',#3339,0.00043);
#2213=CIRCLE('',#3340,0.00043);
#2214=CIRCLE('',#3342,0.00043);
#2215=CIRCLE('',#3343,0.00043);
#2216=CIRCLE('',#3345,0.00176490249675999);
#2217=CIRCLE('',#3346,0.00176490249675999);
#2218=CIRCLE('',#3348,0.0165286281710275);
#2219=CIRCLE('',#3349,0.0165286281710275);
#2220=CIRCLE('',#3351,0.00176490249675999);
#2221=CIRCLE('',#3352,0.00176490249675999);
#2222=CIRCLE('',#3354,0.0185268281710272);
#2223=CIRCLE('',#3355,0.0185268281710272);
#2224=CIRCLE('',#3357,0.00043);
#2225=CIRCLE('',#3358,0.00043);
#2226=CIRCLE('',#3360,0.00043);
#2227=CIRCLE('',#3361,0.00043);
#2228=CIRCLE('',#3363,0.00176490249675999);
#2229=CIRCLE('',#3364,0.00176490249675999);
#2230=CIRCLE('',#3366,0.0165286281710275);
#2231=CIRCLE('',#3367,0.0165286281710275);
#2232=CIRCLE('',#3369,0.00176490249675999);
#2233=CIRCLE('',#3370,0.00176490249675999);
#2234=CIRCLE('',#3372,0.0185268281710272);
#2235=CIRCLE('',#3373,0.0185268281710272);
#2236=CIRCLE('',#3375,0.00043);
#2237=CIRCLE('',#3376,0.00043);
#2238=CIRCLE('',#3378,0.00043);
#2239=CIRCLE('',#3379,0.00043);
#2240=CIRCLE('',#3381,0.00176490249675999);
#2241=CIRCLE('',#3382,0.00176490249675999);
#2242=CIRCLE('',#3384,0.0165286281710275);
#2243=CIRCLE('',#3385,0.0165286281710275);
#2244=CIRCLE('',#3387,0.00176490249675999);
#2245=CIRCLE('',#3388,0.00176490249675999);
#2246=CIRCLE('',#3390,0.0185268281710272);
#2247=CIRCLE('',#3391,0.0185268281710272);
#2248=CIRCLE('',#3393,0.00176490249675999);
#2249=CIRCLE('',#3394,0.00176490249675999);
#2250=CIRCLE('',#3396,0.0165286281710275);
#2251=CIRCLE('',#3397,0.0165286281710275);
#2252=CIRCLE('',#3399,0.00176490249675999);
#2253=CIRCLE('',#3400,0.00176490249675999);
#2254=CIRCLE('',#3402,0.00043);
#2255=CIRCLE('',#3403,0.00043);
#2256=CIRCLE('',#3405,0.00043);
#2257=CIRCLE('',#3406,0.00043);
#2258=CIRCLE('',#3408,0.0190268281710274);
#2259=CIRCLE('',#3410,0.0204549761777695);
#2260=CIRCLE('',#3412,0.0204549761777695);
#2261=CIRCLE('',#3414,0.00165);
#2262=CIRCLE('',#3415,0.00165);
#2263=CIRCLE('',#3416,0.00165);
#2264=CIRCLE('',#3417,0.00165);
#2265=CIRCLE('',#3418,0.00165);
#2266=CIRCLE('',#3419,0.00165);
#2267=CIRCLE('',#3420,0.00435);
#2268=CIRCLE('',#3422,0.0190268281710274);
#2269=CIRCLE('',#3424,0.0204549761777695);
#2270=CIRCLE('',#3426,0.0204549761777695);
#2271=CIRCLE('',#3428,0.00165);
#2272=CIRCLE('',#3429,0.00165);
#2273=CIRCLE('',#3430,0.00165);
#2274=CIRCLE('',#3431,0.00165);
#2275=CIRCLE('',#3432,0.00165);
#2276=CIRCLE('',#3433,0.00165);
#2277=CIRCLE('',#3434,0.00435);
#2278=EDGE_LOOP('',(#306,#307,#308,#309));
#2279=EDGE_LOOP('',(#310,#311,#312,#313));
#2280=EDGE_LOOP('',(#314,#315,#316,#317));
#2281=EDGE_LOOP('',(#318,#319,#320,#321));
#2282=EDGE_LOOP('',(#322,#323,#324,#325));
#2283=EDGE_LOOP('',(#326,#327,#328,#329));
#2284=EDGE_LOOP('',(#330,#331,#332,#333));
#2285=EDGE_LOOP('',(#334,#335,#336,#337));
#2286=EDGE_LOOP('',(#338,#339,#340,#341));
#2287=EDGE_LOOP('',(#342,#343,#344,#345));
#2288=EDGE_LOOP('',(#346,#347,#348,#349));
#2289=EDGE_LOOP('',(#350,#351,#352,#353));
#2290=EDGE_LOOP('',(#354,#355,#356,#357));
#2291=EDGE_LOOP('',(#358,#359,#360,#361));
#2292=EDGE_LOOP('',(#362,#363,#364,#365));
#2293=EDGE_LOOP('',(#366,#367,#368,#369));
#2294=EDGE_LOOP('',(#370,#371,#372,#373));
#2295=EDGE_LOOP('',(#374,#375,#376,#377));
#2296=EDGE_LOOP('',(#378,#379,#380,#381));
#2297=EDGE_LOOP('',(#382,#383,#384,#385));
#2298=EDGE_LOOP('',(#386,#387,#388,#389));
#2299=EDGE_LOOP('',(#390,#391,#392,#393));
#2300=EDGE_LOOP('',(#394,#395,#396,#397));
#2301=EDGE_LOOP('',(#398,#399,#400,#401));
#2302=EDGE_LOOP('',(#402,#403,#404,#405));
#2303=EDGE_LOOP('',(#406,#407,#408,#409));
#2304=EDGE_LOOP('',(#410,#411,#412,#413));
#2305=EDGE_LOOP('',(#414,#415,#416,#417));
#2306=EDGE_LOOP('',(#418,#419,#420,#421));
#2307=EDGE_LOOP('',(#422,#423,#424,#425));
#2308=EDGE_LOOP('',(#426,#427,#428,#429));
#2309=EDGE_LOOP('',(#430,#431,#432,#433));
#2310=EDGE_LOOP('',(#434,#435,#436,#437));
#2311=EDGE_LOOP('',(#438,#439,#440,#441));
#2312=EDGE_LOOP('',(#442,#443,#444,#445));
#2313=EDGE_LOOP('',(#446,#447,#448,#449));
#2314=EDGE_LOOP('',(#450,#451,#452,#453));
#2315=EDGE_LOOP('',(#454,#455,#456,#457));
#2316=EDGE_LOOP('',(#458,#459,#460,#461));
#2317=EDGE_LOOP('',(#462,#463,#464,#465));
#2318=EDGE_LOOP('',(#466,#467,#468,#469));
#2319=EDGE_LOOP('',(#470,#471,#472,#473));
#2320=EDGE_LOOP('',(#474,#475,#476,#477));
#2321=EDGE_LOOP('',(#478,#479,#480,#481));
#2322=EDGE_LOOP('',(#482,#483,#484,#485));
#2323=EDGE_LOOP('',(#486,#487,#488,#489));
#2324=EDGE_LOOP('',(#490,#491,#492,#493));
#2325=EDGE_LOOP('',(#494,#495,#496,#497));
#2326=EDGE_LOOP('',(#498,#499,#500,#501));
#2327=EDGE_LOOP('',(#502,#503,#504,#505));
#2328=EDGE_LOOP('',(#506,#507,#508,#509));
#2329=EDGE_LOOP('',(#510,#511,#512,#513));
#2330=EDGE_LOOP('',(#514,#515,#516,#517));
#2331=EDGE_LOOP('',(#518,#519,#520,#521));
#2332=EDGE_LOOP('',(#522,#523,#524,#525));
#2333=EDGE_LOOP('',(#526,#527,#528,#529));
#2334=EDGE_LOOP('',(#530,#531,#532,#533));
#2335=EDGE_LOOP('',(#534,#535,#536,#537));
#2336=EDGE_LOOP('',(#538,#539,#540,#541));
#2337=EDGE_LOOP('',(#542,#543,#544,#545));
#2338=EDGE_LOOP('',(#546,#547,#548,#549));
#2339=EDGE_LOOP('',(#550,#551,#552,#553));
#2340=EDGE_LOOP('',(#554,#555,#556,#557));
#2341=EDGE_LOOP('',(#558,#559,#560,#561));
#2342=EDGE_LOOP('',(#562,#563,#564,#565));
#2343=EDGE_LOOP('',(#566,#567,#568,#569));
#2344=EDGE_LOOP('',(#570,#571,#572,#573));
#2345=EDGE_LOOP('',(#574,#575,#576,#577));
#2346=EDGE_LOOP('',(#578,#579,#580,#581));
#2347=EDGE_LOOP('',(#582,#583,#584,#585));
#2348=EDGE_LOOP('',(#586,#587,#588,#589));
#2349=EDGE_LOOP('',(#590,#591,#592,#593));
#2350=EDGE_LOOP('',(#594,#595,#596,#597));
#2351=EDGE_LOOP('',(#598,#599,#600,#601));
#2352=EDGE_LOOP('',(#602,#603,#604,#605));
#2353=EDGE_LOOP('',(#606,#607,#608,#609));
#2354=EDGE_LOOP('',(#610,#611,#612,#613));
#2355=EDGE_LOOP('',(#614,#615,#616,#617));
#2356=EDGE_LOOP('',(#618,#619,#620,#621));
#2357=EDGE_LOOP('',(#622,#623,#624,#625));
#2358=EDGE_LOOP('',(#626,#627,#628,#629));
#2359=EDGE_LOOP('',(#630,#631,#632,#633));
#2360=EDGE_LOOP('',(#634,#635,#636,#637));
#2361=EDGE_LOOP('',(#638,#639,#640,#641));
#2362=EDGE_LOOP('',(#642,#643,#644,#645));
#2363=EDGE_LOOP('',(#646,#647,#648,#649));
#2364=EDGE_LOOP('',(#650,#651,#652,#653));
#2365=EDGE_LOOP('',(#654,#655,#656,#657));
#2366=EDGE_LOOP('',(#658,#659,#660,#661));
#2367=EDGE_LOOP('',(#662,#663,#664,#665));
#2368=EDGE_LOOP('',(#666,#667,#668,#669));
#2369=EDGE_LOOP('',(#670,#671,#672,#673));
#2370=EDGE_LOOP('',(#674,#675,#676,#677));
#2371=EDGE_LOOP('',(#678,#679,#680,#681));
#2372=EDGE_LOOP('',(#682,#683,#684,#685));
#2373=EDGE_LOOP('',(#686,#687,#688,#689));
#2374=EDGE_LOOP('',(#690,#691,#692,#693));
#2375=EDGE_LOOP('',(#694,#695,#696,#697));
#2376=EDGE_LOOP('',(#698,#699,#700,#701));
#2377=EDGE_LOOP('',(#702,#703,#704,#705));
#2378=EDGE_LOOP('',(#706,#707,#708,#709));
#2379=EDGE_LOOP('',(#710,#711,#712,#713));
#2380=EDGE_LOOP('',(#714,#715,#716,#717));
#2381=EDGE_LOOP('',(#718,#719,#720,#721));
#2382=EDGE_LOOP('',(#722,#723,#724,#725));
#2383=EDGE_LOOP('',(#726,#727,#728,#729));
#2384=EDGE_LOOP('',(#730,#731,#732,#733));
#2385=EDGE_LOOP('',(#734,#735,#736,#737));
#2386=EDGE_LOOP('',(#738,#739,#740,#741));
#2387=EDGE_LOOP('',(#742,#743,#744,#745));
#2388=EDGE_LOOP('',(#746,#747,#748,#749));
#2389=EDGE_LOOP('',(#750,#751,#752,#753));
#2390=EDGE_LOOP('',(#754,#755,#756,#757));
#2391=EDGE_LOOP('',(#758,#759,#760,#761));
#2392=EDGE_LOOP('',(#762,#763,#764,#765));
#2393=EDGE_LOOP('',(#766,#767,#768,#769));
#2394=EDGE_LOOP('',(#770,#771,#772,#773));
#2395=EDGE_LOOP('',(#774,#775,#776,#777));
#2396=EDGE_LOOP('',(#778,#779,#780,#781));
#2397=EDGE_LOOP('',(#782,#783,#784,#785));
#2398=EDGE_LOOP('',(#786,#787,#788,#789));
#2399=EDGE_LOOP('',(#790,#791,#792,#793));
#2400=EDGE_LOOP('',(#794,#795,#796,#797));
#2401=EDGE_LOOP('',(#798,#799,#800,#801));
#2402=EDGE_LOOP('',(#802,#803,#804,#805));
#2403=EDGE_LOOP('',(#806,#807,#808,#809));
#2404=EDGE_LOOP('',(#810,#811,#812,#813));
#2405=EDGE_LOOP('',(#814,#815,#816,#817));
#2406=EDGE_LOOP('',(#818,#819,#820,#821));
#2407=EDGE_LOOP('',(#822,#823,#824,#825));
#2408=EDGE_LOOP('',(#826,#827,#828,#829));
#2409=EDGE_LOOP('',(#830,#831,#832,#833));
#2410=EDGE_LOOP('',(#834,#835,#836,#837));
#2411=EDGE_LOOP('',(#838,#839,#840,#841));
#2412=EDGE_LOOP('',(#842,#843,#844,#845));
#2413=EDGE_LOOP('',(#846,#847,#848,#849));
#2414=EDGE_LOOP('',(#850,#851,#852,#853));
#2415=EDGE_LOOP('',(#854,#855,#856,#857));
#2416=EDGE_LOOP('',(#858,#859,#860,#861));
#2417=EDGE_LOOP('',(#862,#863,#864,#865));
#2418=EDGE_LOOP('',(#866,#867,#868,#869));
#2419=EDGE_LOOP('',(#870,#871,#872,#873));
#2420=EDGE_LOOP('',(#874,#875,#876,#877));
#2421=EDGE_LOOP('',(#878,#879,#880,#881));
#2422=EDGE_LOOP('',(#882));
#2423=EDGE_LOOP('',(#883,#884,#885,#886,#887,#888,#889,#890,#891,#892,#893,
#894,#895,#896,#897,#898,#899,#900,#901,#902,#903,#904,#905,#906,#907,#908,
#909,#910,#911,#912,#913,#914,#915,#916,#917,#918,#919,#920,#921,#922,#923,
#924,#925,#926,#927,#928,#929,#930,#931,#932,#933,#934,#935,#936,#937,#938,
#939,#940,#941,#942,#943,#944,#945,#946,#947,#948,#949,#950,#951,#952,#953,
#954,#955,#956,#957,#958,#959,#960,#961,#962,#963,#964,#965,#966,#967,#968,
#969,#970,#971,#972,#973,#974,#975,#976,#977,#978,#979,#980,#981,#982,#983,
#984,#985,#986,#987,#988,#989,#990,#991,#992,#993,#994,#995,#996,#997,#998,
#999,#1000,#1001,#1002,#1003,#1004,#1005,#1006,#1007,#1008,#1009,#1010,
#1011,#1012,#1013,#1014,#1015,#1016,#1017,#1018,#1019,#1020,#1021,#1022,
#1023,#1024,#1025,#1026));
#2424=EDGE_LOOP('',(#1027));
#2425=EDGE_LOOP('',(#1028));
#2426=EDGE_LOOP('',(#1029));
#2427=EDGE_LOOP('',(#1030));
#2428=EDGE_LOOP('',(#1031));
#2429=EDGE_LOOP('',(#1032));
#2430=EDGE_LOOP('',(#1033));
#2431=EDGE_LOOP('',(#1034));
#2432=EDGE_LOOP('',(#1035));
#2433=EDGE_LOOP('',(#1036));
#2434=EDGE_LOOP('',(#1037));
#2435=EDGE_LOOP('',(#1038));
#2436=EDGE_LOOP('',(#1039));
#2437=EDGE_LOOP('',(#1040,#1041,#1042,#1043,#1044,#1045,#1046,#1047,#1048,
#1049,#1050,#1051,#1052,#1053,#1054,#1055,#1056,#1057,#1058,#1059,#1060,
#1061,#1062,#1063,#1064,#1065,#1066,#1067,#1068,#1069,#1070,#1071,#1072,
#1073,#1074,#1075,#1076,#1077,#1078,#1079,#1080,#1081,#1082,#1083,#1084,
#1085,#1086,#1087,#1088,#1089,#1090,#1091,#1092,#1093,#1094,#1095,#1096,
#1097,#1098,#1099,#1100,#1101,#1102,#1103,#1104,#1105,#1106,#1107,#1108,
#1109,#1110,#1111,#1112,#1113,#1114,#1115,#1116,#1117,#1118,#1119,#1120,
#1121,#1122,#1123,#1124,#1125,#1126,#1127,#1128,#1129,#1130,#1131,#1132,
#1133,#1134,#1135,#1136,#1137,#1138,#1139,#1140,#1141,#1142,#1143,#1144,
#1145,#1146,#1147,#1148,#1149,#1150,#1151,#1152,#1153,#1154,#1155,#1156,
#1157,#1158,#1159,#1160,#1161,#1162,#1163,#1164,#1165,#1166,#1167,#1168,
#1169,#1170,#1171,#1172,#1173,#1174,#1175,#1176,#1177,#1178,#1179,#1180,
#1181,#1182,#1183));
#2438=EDGE_LOOP('',(#1184));
#2439=EDGE_LOOP('',(#1185));
#2440=EDGE_LOOP('',(#1186));
#2441=EDGE_LOOP('',(#1187));
#2442=EDGE_LOOP('',(#1188));
#2443=EDGE_LOOP('',(#1189));
#2444=EDGE_LOOP('',(#1190));
#2445=EDGE_LOOP('',(#1191));
#2446=EDGE_LOOP('',(#1192));
#2447=EDGE_LOOP('',(#1193));
#2448=EDGE_LOOP('',(#1194));
#2449=EDGE_LOOP('',(#1195));
#2450=EDGE_LOOP('',(#1196));
#2451=EDGE_LOOP('',(#1197));
#2452=EDGE_LOOP('',(#1198));
#2453=EDGE_LOOP('',(#1199));
#2454=EDGE_LOOP('',(#1200));
#2455=EDGE_LOOP('',(#1201));
#2456=EDGE_LOOP('',(#1202));
#2457=EDGE_LOOP('',(#1203));
#2458=EDGE_LOOP('',(#1204));
#2459=EDGE_LOOP('',(#1205));
#2460=EDGE_LOOP('',(#1206));
#2461=EDGE_LOOP('',(#1207));
#2462=EDGE_LOOP('',(#1208));
#2463=EDGE_LOOP('',(#1209));
#2464=FACE_BOUND('',#2278,.T.);
#2465=FACE_BOUND('',#2279,.T.);
#2466=FACE_BOUND('',#2280,.T.);
#2467=FACE_BOUND('',#2281,.T.);
#2468=FACE_BOUND('',#2282,.T.);
#2469=FACE_BOUND('',#2283,.T.);
#2470=FACE_BOUND('',#2284,.T.);
#2471=FACE_BOUND('',#2285,.T.);
#2472=FACE_BOUND('',#2286,.T.);
#2473=FACE_BOUND('',#2287,.T.);
#2474=FACE_BOUND('',#2288,.T.);
#2475=FACE_BOUND('',#2289,.T.);
#2476=FACE_BOUND('',#2290,.T.);
#2477=FACE_BOUND('',#2291,.T.);
#2478=FACE_BOUND('',#2292,.T.);
#2479=FACE_BOUND('',#2293,.T.);
#2480=FACE_BOUND('',#2294,.T.);
#2481=FACE_BOUND('',#2295,.T.);
#2482=FACE_BOUND('',#2296,.T.);
#2483=FACE_BOUND('',#2297,.T.);
#2484=FACE_BOUND('',#2298,.T.);
#2485=FACE_BOUND('',#2299,.T.);
#2486=FACE_BOUND('',#2300,.T.);
#2487=FACE_BOUND('',#2301,.T.);
#2488=FACE_BOUND('',#2302,.T.);
#2489=FACE_BOUND('',#2303,.T.);
#2490=FACE_BOUND('',#2304,.T.);
#2491=FACE_BOUND('',#2305,.T.);
#2492=FACE_BOUND('',#2306,.T.);
#2493=FACE_BOUND('',#2307,.T.);
#2494=FACE_BOUND('',#2308,.T.);
#2495=FACE_BOUND('',#2309,.T.);
#2496=FACE_BOUND('',#2310,.T.);
#2497=FACE_BOUND('',#2311,.T.);
#2498=FACE_BOUND('',#2312,.T.);
#2499=FACE_BOUND('',#2313,.T.);
#2500=FACE_BOUND('',#2314,.T.);
#2501=FACE_BOUND('',#2315,.T.);
#2502=FACE_BOUND('',#2316,.T.);
#2503=FACE_BOUND('',#2317,.T.);
#2504=FACE_BOUND('',#2318,.T.);
#2505=FACE_BOUND('',#2319,.T.);
#2506=FACE_BOUND('',#2320,.T.);
#2507=FACE_BOUND('',#2321,.T.);
#2508=FACE_BOUND('',#2322,.T.);
#2509=FACE_BOUND('',#2323,.T.);
#2510=FACE_BOUND('',#2324,.T.);
#2511=FACE_BOUND('',#2325,.T.);
#2512=FACE_BOUND('',#2326,.T.);
#2513=FACE_BOUND('',#2327,.T.);
#2514=FACE_BOUND('',#2328,.T.);
#2515=FACE_BOUND('',#2329,.T.);
#2516=FACE_BOUND('',#2330,.T.);
#2517=FACE_BOUND('',#2331,.T.);
#2518=FACE_BOUND('',#2332,.T.);
#2519=FACE_BOUND('',#2333,.T.);
#2520=FACE_BOUND('',#2334,.T.);
#2521=FACE_BOUND('',#2335,.T.);
#2522=FACE_BOUND('',#2336,.T.);
#2523=FACE_BOUND('',#2337,.T.);
#2524=FACE_BOUND('',#2338,.T.);
#2525=FACE_BOUND('',#2339,.T.);
#2526=FACE_BOUND('',#2340,.T.);
#2527=FACE_BOUND('',#2341,.T.);
#2528=FACE_BOUND('',#2342,.T.);
#2529=FACE_BOUND('',#2343,.T.);
#2530=FACE_BOUND('',#2344,.T.);
#2531=FACE_BOUND('',#2345,.T.);
#2532=FACE_BOUND('',#2346,.T.);
#2533=FACE_BOUND('',#2347,.T.);
#2534=FACE_BOUND('',#2348,.T.);
#2535=FACE_BOUND('',#2349,.T.);
#2536=FACE_BOUND('',#2350,.T.);
#2537=FACE_BOUND('',#2351,.T.);
#2538=FACE_BOUND('',#2352,.T.);
#2539=FACE_BOUND('',#2353,.T.);
#2540=FACE_BOUND('',#2354,.T.);
#2541=FACE_BOUND('',#2355,.T.);
#2542=FACE_BOUND('',#2356,.T.);
#2543=FACE_BOUND('',#2357,.T.);
#2544=FACE_BOUND('',#2358,.T.);
#2545=FACE_BOUND('',#2359,.T.);
#2546=FACE_BOUND('',#2360,.T.);
#2547=FACE_BOUND('',#2361,.T.);
#2548=FACE_BOUND('',#2362,.T.);
#2549=FACE_BOUND('',#2363,.T.);
#2550=FACE_BOUND('',#2364,.T.);
#2551=FACE_BOUND('',#2365,.T.);
#2552=FACE_BOUND('',#2366,.T.);
#2553=FACE_BOUND('',#2367,.T.);
#2554=FACE_BOUND('',#2368,.T.);
#2555=FACE_BOUND('',#2369,.T.);
#2556=FACE_BOUND('',#2370,.T.);
#2557=FACE_BOUND('',#2371,.T.);
#2558=FACE_BOUND('',#2372,.T.);
#2559=FACE_BOUND('',#2373,.T.);
#2560=FACE_BOUND('',#2374,.T.);
#2561=FACE_BOUND('',#2375,.T.);
#2562=FACE_BOUND('',#2376,.T.);
#2563=FACE_BOUND('',#2377,.T.);
#2564=FACE_BOUND('',#2378,.T.);
#2565=FACE_BOUND('',#2379,.T.);
#2566=FACE_BOUND('',#2380,.T.);
#2567=FACE_BOUND('',#2381,.T.);
#2568=FACE_BOUND('',#2382,.T.);
#2569=FACE_BOUND('',#2383,.T.);
#2570=FACE_BOUND('',#2384,.T.);
#2571=FACE_BOUND('',#2385,.T.);
#2572=FACE_BOUND('',#2386,.T.);
#2573=FACE_BOUND('',#2387,.T.);
#2574=FACE_BOUND('',#2388,.T.);
#2575=FACE_BOUND('',#2389,.T.);
#2576=FACE_BOUND('',#2390,.T.);
#2577=FACE_BOUND('',#2391,.T.);
#2578=FACE_BOUND('',#2392,.T.);
#2579=FACE_BOUND('',#2393,.T.);
#2580=FACE_BOUND('',#2394,.T.);
#2581=FACE_BOUND('',#2395,.T.);
#2582=FACE_BOUND('',#2396,.T.);
#2583=FACE_BOUND('',#2397,.T.);
#2584=FACE_BOUND('',#2398,.T.);
#2585=FACE_BOUND('',#2399,.T.);
#2586=FACE_BOUND('',#2400,.T.);
#2587=FACE_BOUND('',#2401,.T.);
#2588=FACE_BOUND('',#2402,.T.);
#2589=FACE_BOUND('',#2403,.T.);
#2590=FACE_BOUND('',#2404,.T.);
#2591=FACE_BOUND('',#2405,.T.);
#2592=FACE_BOUND('',#2406,.T.);
#2593=FACE_BOUND('',#2407,.T.);
#2594=FACE_BOUND('',#2408,.T.);
#2595=FACE_BOUND('',#2409,.T.);
#2596=FACE_BOUND('',#2410,.T.);
#2597=FACE_BOUND('',#2411,.T.);
#2598=FACE_BOUND('',#2412,.T.);
#2599=FACE_BOUND('',#2413,.T.);
#2600=FACE_BOUND('',#2414,.T.);
#2601=FACE_BOUND('',#2415,.T.);
#2602=FACE_BOUND('',#2416,.T.);
#2603=FACE_BOUND('',#2417,.T.);
#2604=FACE_BOUND('',#2418,.T.);
#2605=FACE_BOUND('',#2419,.T.);
#2606=FACE_BOUND('',#2420,.T.);
#2607=FACE_BOUND('',#2421,.T.);
#2608=FACE_BOUND('',#2422,.T.);
#2609=FACE_BOUND('',#2423,.T.);
#2610=FACE_BOUND('',#2424,.T.);
#2611=FACE_BOUND('',#2425,.T.);
#2612=FACE_BOUND('',#2426,.T.);
#2613=FACE_BOUND('',#2427,.T.);
#2614=FACE_BOUND('',#2428,.T.);
#2615=FACE_BOUND('',#2429,.T.);
#2616=FACE_BOUND('',#2430,.T.);
#2617=FACE_BOUND('',#2431,.T.);
#2618=FACE_BOUND('',#2432,.T.);
#2619=FACE_BOUND('',#2433,.T.);
#2620=FACE_BOUND('',#2434,.T.);
#2621=FACE_BOUND('',#2435,.T.);
#2622=FACE_BOUND('',#2436,.T.);
#2623=FACE_BOUND('',#2437,.T.);
#2624=FACE_BOUND('',#2438,.T.);
#2625=FACE_BOUND('',#2439,.T.);
#2626=FACE_BOUND('',#2440,.T.);
#2627=FACE_BOUND('',#2441,.T.);
#2628=FACE_BOUND('',#2442,.T.);
#2629=FACE_BOUND('',#2443,.T.);
#2630=FACE_BOUND('',#2444,.T.);
#2631=FACE_BOUND('',#2445,.T.);
#2632=FACE_BOUND('',#2446,.T.);
#2633=FACE_BOUND('',#2447,.T.);
#2634=FACE_BOUND('',#2448,.T.);
#2635=FACE_BOUND('',#2449,.T.);
#2636=FACE_BOUND('',#2450,.T.);
#2637=FACE_BOUND('',#2451,.T.);
#2638=FACE_BOUND('',#2452,.T.);
#2639=FACE_BOUND('',#2453,.T.);
#2640=FACE_BOUND('',#2454,.T.);
#2641=FACE_BOUND('',#2455,.T.);
#2642=FACE_BOUND('',#2456,.T.);
#2643=FACE_BOUND('',#2457,.T.);
#2644=FACE_BOUND('',#2458,.T.);
#2645=FACE_BOUND('',#2459,.T.);
#2646=FACE_BOUND('',#2460,.T.);
#2647=FACE_BOUND('',#2461,.T.);
#2648=FACE_BOUND('',#2462,.T.);
#2649=FACE_BOUND('',#2463,.T.);
#2650=CYLINDRICAL_SURFACE('',#2975,0.0185268281710272);
#2651=CYLINDRICAL_SURFACE('',#2978,0.00043);
#2652=CYLINDRICAL_SURFACE('',#2981,0.00043);
#2653=CYLINDRICAL_SURFACE('',#2984,0.00176490249675999);
#2654=CYLINDRICAL_SURFACE('',#2987,0.0165286281710275);
#2655=CYLINDRICAL_SURFACE('',#2990,0.00176490249675999);
#2656=CYLINDRICAL_SURFACE('',#2993,0.0185268281710272);
#2657=CYLINDRICAL_SURFACE('',#2996,0.00043);
#2658=CYLINDRICAL_SURFACE('',#2999,0.00043);
#2659=CYLINDRICAL_SURFACE('',#3002,0.00176490249675999);
#2660=CYLINDRICAL_SURFACE('',#3005,0.0165286281710275);
#2661=CYLINDRICAL_SURFACE('',#3008,0.00176490249675999);
#2662=CYLINDRICAL_SURFACE('',#3011,0.0185268281710272);
#2663=CYLINDRICAL_SURFACE('',#3014,0.00043);
#2664=CYLINDRICAL_SURFACE('',#3017,0.00043);
#2665=CYLINDRICAL_SURFACE('',#3020,0.00176490249675999);
#2666=CYLINDRICAL_SURFACE('',#3023,0.0165286281710275);
#2667=CYLINDRICAL_SURFACE('',#3026,0.00176490249675999);
#2668=CYLINDRICAL_SURFACE('',#3029,0.0185268281710272);
#2669=CYLINDRICAL_SURFACE('',#3032,0.00043);
#2670=CYLINDRICAL_SURFACE('',#3035,0.00043);
#2671=CYLINDRICAL_SURFACE('',#3038,0.00176490249675999);
#2672=CYLINDRICAL_SURFACE('',#3041,0.0165286281710275);
#2673=CYLINDRICAL_SURFACE('',#3044,0.00176490249675999);
#2674=CYLINDRICAL_SURFACE('',#3047,0.0185268281710272);
#2675=CYLINDRICAL_SURFACE('',#3050,0.00043);
#2676=CYLINDRICAL_SURFACE('',#3053,0.00043);
#2677=CYLINDRICAL_SURFACE('',#3056,0.00176490249675999);
#2678=CYLINDRICAL_SURFACE('',#3059,0.0165286281710275);
#2679=CYLINDRICAL_SURFACE('',#3062,0.00176490249675999);
#2680=CYLINDRICAL_SURFACE('',#3065,0.0185268281710272);
#2681=CYLINDRICAL_SURFACE('',#3068,0.00043);
#2682=CYLINDRICAL_SURFACE('',#3071,0.00043);
#2683=CYLINDRICAL_SURFACE('',#3074,0.00176490249675999);
#2684=CYLINDRICAL_SURFACE('',#3077,0.0165286281710275);
#2685=CYLINDRICAL_SURFACE('',#3080,0.00176490249675999);
#2686=CYLINDRICAL_SURFACE('',#3083,0.0185268281710272);
#2687=CYLINDRICAL_SURFACE('',#3086,0.00043);
#2688=CYLINDRICAL_SURFACE('',#3089,0.00043);
#2689=CYLINDRICAL_SURFACE('',#3092,0.00176490249675999);
#2690=CYLINDRICAL_SURFACE('',#3095,0.0165286281710275);
#2691=CYLINDRICAL_SURFACE('',#3098,0.00176490249675999);
#2692=CYLINDRICAL_SURFACE('',#3101,0.0185268281710272);
#2693=CYLINDRICAL_SURFACE('',#3104,0.00043);
#2694=CYLINDRICAL_SURFACE('',#3107,0.00043);
#2695=CYLINDRICAL_SURFACE('',#3110,0.00176490249675999);
#2696=CYLINDRICAL_SURFACE('',#3113,0.0165286281710275);
#2697=CYLINDRICAL_SURFACE('',#3116,0.00176490249675999);
#2698=CYLINDRICAL_SURFACE('',#3119,0.0185268281710272);
#2699=CYLINDRICAL_SURFACE('',#3122,0.00043);
#2700=CYLINDRICAL_SURFACE('',#3125,0.00043);
#2701=CYLINDRICAL_SURFACE('',#3128,0.00176490249675999);
#2702=CYLINDRICAL_SURFACE('',#3131,0.0165286281710275);
#2703=CYLINDRICAL_SURFACE('',#3134,0.00176490249675999);
#2704=CYLINDRICAL_SURFACE('',#3137,0.0185268281710272);
#2705=CYLINDRICAL_SURFACE('',#3140,0.00043);
#2706=CYLINDRICAL_SURFACE('',#3143,0.00043);
#2707=CYLINDRICAL_SURFACE('',#3146,0.00176490249675999);
#2708=CYLINDRICAL_SURFACE('',#3149,0.0165286281710275);
#2709=CYLINDRICAL_SURFACE('',#3152,0.00176490249675999);
#2710=CYLINDRICAL_SURFACE('',#3155,0.0185268281710272);
#2711=CYLINDRICAL_SURFACE('',#3158,0.00043);
#2712=CYLINDRICAL_SURFACE('',#3161,0.00043);
#2713=CYLINDRICAL_SURFACE('',#3164,0.00176490249675999);
#2714=CYLINDRICAL_SURFACE('',#3167,0.0165286281710275);
#2715=CYLINDRICAL_SURFACE('',#3170,0.00176490249675999);
#2716=CYLINDRICAL_SURFACE('',#3173,0.0185268281710272);
#2717=CYLINDRICAL_SURFACE('',#3176,0.00043);
#2718=CYLINDRICAL_SURFACE('',#3179,0.00043);
#2719=CYLINDRICAL_SURFACE('',#3182,0.00176490249675999);
#2720=CYLINDRICAL_SURFACE('',#3185,0.0165286281710275);
#2721=CYLINDRICAL_SURFACE('',#3188,0.00176490249675999);
#2722=CYLINDRICAL_SURFACE('',#3191,0.0185268281710272);
#2723=CYLINDRICAL_SURFACE('',#3194,0.00043);
#2724=CYLINDRICAL_SURFACE('',#3197,0.00043);
#2725=CYLINDRICAL_SURFACE('',#3200,0.00176490249675999);
#2726=CYLINDRICAL_SURFACE('',#3203,0.0165286281710275);
#2727=CYLINDRICAL_SURFACE('',#3206,0.00176490249675999);
#2728=CYLINDRICAL_SURFACE('',#3209,0.0185268281710272);
#2729=CYLINDRICAL_SURFACE('',#3212,0.00043);
#2730=CYLINDRICAL_SURFACE('',#3215,0.00043);
#2731=CYLINDRICAL_SURFACE('',#3218,0.00176490249675999);
#2732=CYLINDRICAL_SURFACE('',#3221,0.0165286281710275);
#2733=CYLINDRICAL_SURFACE('',#3224,0.00176490249675999);
#2734=CYLINDRICAL_SURFACE('',#3227,0.0185268281710272);
#2735=CYLINDRICAL_SURFACE('',#3230,0.00043);
#2736=CYLINDRICAL_SURFACE('',#3233,0.00043);
#2737=CYLINDRICAL_SURFACE('',#3236,0.00176490249675999);
#2738=CYLINDRICAL_SURFACE('',#3239,0.0165286281710275);
#2739=CYLINDRICAL_SURFACE('',#3242,0.00176490249675999);
#2740=CYLINDRICAL_SURFACE('',#3245,0.0185268281710272);
#2741=CYLINDRICAL_SURFACE('',#3248,0.00043);
#2742=CYLINDRICAL_SURFACE('',#3251,0.00043);
#2743=CYLINDRICAL_SURFACE('',#3254,0.00176490249675999);
#2744=CYLINDRICAL_SURFACE('',#3257,0.0165286281710275);
#2745=CYLINDRICAL_SURFACE('',#3260,0.00176490249675999);
#2746=CYLINDRICAL_SURFACE('',#3263,0.0185268281710272);
#2747=CYLINDRICAL_SURFACE('',#3266,0.00043);
#2748=CYLINDRICAL_SURFACE('',#3269,0.00043);
#2749=CYLINDRICAL_SURFACE('',#3272,0.00176490249675999);
#2750=CYLINDRICAL_SURFACE('',#3275,0.0165286281710275);
#2751=CYLINDRICAL_SURFACE('',#3278,0.00176490249675999);
#2752=CYLINDRICAL_SURFACE('',#3281,0.0185268281710272);
#2753=CYLINDRICAL_SURFACE('',#3284,0.00043);
#2754=CYLINDRICAL_SURFACE('',#3287,0.00043);
#2755=CYLINDRICAL_SURFACE('',#3290,0.00176490249675999);
#2756=CYLINDRICAL_SURFACE('',#3293,0.0165286281710275);
#2757=CYLINDRICAL_SURFACE('',#3296,0.00176490249675999);
#2758=CYLINDRICAL_SURFACE('',#3299,0.0185268281710272);
#2759=CYLINDRICAL_SURFACE('',#3302,0.00043);
#2760=CYLINDRICAL_SURFACE('',#3305,0.00043);
#2761=CYLINDRICAL_SURFACE('',#3308,0.00176490249675999);
#2762=CYLINDRICAL_SURFACE('',#3311,0.0165286281710275);
#2763=CYLINDRICAL_SURFACE('',#3314,0.00176490249675999);
#2764=CYLINDRICAL_SURFACE('',#3317,0.0185268281710272);
#2765=CYLINDRICAL_SURFACE('',#3320,0.00043);
#2766=CYLINDRICAL_SURFACE('',#3323,0.00043);
#2767=CYLINDRICAL_SURFACE('',#3326,0.00176490249675999);
#2768=CYLINDRICAL_SURFACE('',#3329,0.0165286281710275);
#2769=CYLINDRICAL_SURFACE('',#3332,0.00176490249675999);
#2770=CYLINDRICAL_SURFACE('',#3335,0.0185268281710272);
#2771=CYLINDRICAL_SURFACE('',#3338,0.00043);
#2772=CYLINDRICAL_SURFACE('',#3341,0.00043);
#2773=CYLINDRICAL_SURFACE('',#3344,0.00176490249675999);
#2774=CYLINDRICAL_SURFACE('',#3347,0.0165286281710275);
#2775=CYLINDRICAL_SURFACE('',#3350,0.00176490249675999);
#2776=CYLINDRICAL_SURFACE('',#3353,0.0185268281710272);
#2777=CYLINDRICAL_SURFACE('',#3356,0.00043);
#2778=CYLINDRICAL_SURFACE('',#3359,0.00043);
#2779=CYLINDRICAL_SURFACE('',#3362,0.00176490249675999);
#2780=CYLINDRICAL_SURFACE('',#3365,0.0165286281710275);
#2781=CYLINDRICAL_SURFACE('',#3368,0.00176490249675999);
#2782=CYLINDRICAL_SURFACE('',#3371,0.0185268281710272);
#2783=CYLINDRICAL_SURFACE('',#3374,0.00043);
#2784=CYLINDRICAL_SURFACE('',#3377,0.00043);
#2785=CYLINDRICAL_SURFACE('',#3380,0.00176490249675999);
#2786=CYLINDRICAL_SURFACE('',#3383,0.0165286281710275);
#2787=CYLINDRICAL_SURFACE('',#3386,0.00176490249675999);
#2788=CYLINDRICAL_SURFACE('',#3389,0.0185268281710272);
#2789=CYLINDRICAL_SURFACE('',#3392,0.00176490249675999);
#2790=CYLINDRICAL_SURFACE('',#3395,0.0165286281710275);
#2791=CYLINDRICAL_SURFACE('',#3398,0.00176490249675999);
#2792=CYLINDRICAL_SURFACE('',#3401,0.00043);
#2793=CYLINDRICAL_SURFACE('',#3404,0.00043);
#2794=CYLINDRICAL_SURFACE('',#3411,0.0204549761777695);
#2795=CYLINDRICAL_SURFACE('',#3425,0.0204549761777695);
#2796=CYLINDRICAL_SURFACE('',#3435,0.00435);
#2797=CYLINDRICAL_SURFACE('',#3436,0.00165);
#2798=CYLINDRICAL_SURFACE('',#3437,0.00165);
#2799=CYLINDRICAL_SURFACE('',#3438,0.00165);
#2800=CYLINDRICAL_SURFACE('',#3439,0.00165);
#2801=CYLINDRICAL_SURFACE('',#3440,0.00165);
#2802=CYLINDRICAL_SURFACE('',#3441,0.00165);
#2803=ADVANCED_FACE('',(#2464),#2650,.T.);
#2804=ADVANCED_FACE('',(#2465),#2651,.T.);
#2805=ADVANCED_FACE('',(#2466),#2652,.T.);
#2806=ADVANCED_FACE('',(#2467),#2653,.F.);
#2807=ADVANCED_FACE('',(#2468),#2654,.T.);
#2808=ADVANCED_FACE('',(#2469),#2655,.F.);
#2809=ADVANCED_FACE('',(#2470),#2656,.T.);
#2810=ADVANCED_FACE('',(#2471),#2657,.T.);
#2811=ADVANCED_FACE('',(#2472),#2658,.T.);
#2812=ADVANCED_FACE('',(#2473),#2659,.F.);
#2813=ADVANCED_FACE('',(#2474),#2660,.T.);
#2814=ADVANCED_FACE('',(#2475),#2661,.F.);
#2815=ADVANCED_FACE('',(#2476),#2662,.T.);
#2816=ADVANCED_FACE('',(#2477),#2663,.T.);
#2817=ADVANCED_FACE('',(#2478),#2664,.T.);
#2818=ADVANCED_FACE('',(#2479),#2665,.F.);
#2819=ADVANCED_FACE('',(#2480),#2666,.T.);
#2820=ADVANCED_FACE('',(#2481),#2667,.F.);
#2821=ADVANCED_FACE('',(#2482),#2668,.T.);
#2822=ADVANCED_FACE('',(#2483),#2669,.T.);
#2823=ADVANCED_FACE('',(#2484),#2670,.T.);
#2824=ADVANCED_FACE('',(#2485),#2671,.F.);
#2825=ADVANCED_FACE('',(#2486),#2672,.T.);
#2826=ADVANCED_FACE('',(#2487),#2673,.F.);
#2827=ADVANCED_FACE('',(#2488),#2674,.T.);
#2828=ADVANCED_FACE('',(#2489),#2675,.T.);
#2829=ADVANCED_FACE('',(#2490),#2676,.T.);
#2830=ADVANCED_FACE('',(#2491),#2677,.F.);
#2831=ADVANCED_FACE('',(#2492),#2678,.T.);
#2832=ADVANCED_FACE('',(#2493),#2679,.F.);
#2833=ADVANCED_FACE('',(#2494),#2680,.T.);
#2834=ADVANCED_FACE('',(#2495),#2681,.T.);
#2835=ADVANCED_FACE('',(#2496),#2682,.T.);
#2836=ADVANCED_FACE('',(#2497),#2683,.F.);
#2837=ADVANCED_FACE('',(#2498),#2684,.T.);
#2838=ADVANCED_FACE('',(#2499),#2685,.F.);
#2839=ADVANCED_FACE('',(#2500),#2686,.T.);
#2840=ADVANCED_FACE('',(#2501),#2687,.T.);
#2841=ADVANCED_FACE('',(#2502),#2688,.T.);
#2842=ADVANCED_FACE('',(#2503),#2689,.F.);
#2843=ADVANCED_FACE('',(#2504),#2690,.T.);
#2844=ADVANCED_FACE('',(#2505),#2691,.F.);
#2845=ADVANCED_FACE('',(#2506),#2692,.T.);
#2846=ADVANCED_FACE('',(#2507),#2693,.T.);
#2847=ADVANCED_FACE('',(#2508),#2694,.T.);
#2848=ADVANCED_FACE('',(#2509),#2695,.F.);
#2849=ADVANCED_FACE('',(#2510),#2696,.T.);
#2850=ADVANCED_FACE('',(#2511),#2697,.F.);
#2851=ADVANCED_FACE('',(#2512),#2698,.T.);
#2852=ADVANCED_FACE('',(#2513),#2699,.T.);
#2853=ADVANCED_FACE('',(#2514),#2700,.T.);
#2854=ADVANCED_FACE('',(#2515),#2701,.F.);
#2855=ADVANCED_FACE('',(#2516),#2702,.T.);
#2856=ADVANCED_FACE('',(#2517),#2703,.F.);
#2857=ADVANCED_FACE('',(#2518),#2704,.T.);
#2858=ADVANCED_FACE('',(#2519),#2705,.T.);
#2859=ADVANCED_FACE('',(#2520),#2706,.T.);
#2860=ADVANCED_FACE('',(#2521),#2707,.F.);
#2861=ADVANCED_FACE('',(#2522),#2708,.T.);
#2862=ADVANCED_FACE('',(#2523),#2709,.F.);
#2863=ADVANCED_FACE('',(#2524),#2710,.T.);
#2864=ADVANCED_FACE('',(#2525),#2711,.T.);
#2865=ADVANCED_FACE('',(#2526),#2712,.T.);
#2866=ADVANCED_FACE('',(#2527),#2713,.F.);
#2867=ADVANCED_FACE('',(#2528),#2714,.T.);
#2868=ADVANCED_FACE('',(#2529),#2715,.F.);
#2869=ADVANCED_FACE('',(#2530),#2716,.T.);
#2870=ADVANCED_FACE('',(#2531),#2717,.T.);
#2871=ADVANCED_FACE('',(#2532),#2718,.T.);
#2872=ADVANCED_FACE('',(#2533),#2719,.F.);
#2873=ADVANCED_FACE('',(#2534),#2720,.T.);
#2874=ADVANCED_FACE('',(#2535),#2721,.F.);
#2875=ADVANCED_FACE('',(#2536),#2722,.T.);
#2876=ADVANCED_FACE('',(#2537),#2723,.T.);
#2877=ADVANCED_FACE('',(#2538),#2724,.T.);
#2878=ADVANCED_FACE('',(#2539),#2725,.F.);
#2879=ADVANCED_FACE('',(#2540),#2726,.T.);
#2880=ADVANCED_FACE('',(#2541),#2727,.F.);
#2881=ADVANCED_FACE('',(#2542),#2728,.T.);
#2882=ADVANCED_FACE('',(#2543),#2729,.T.);
#2883=ADVANCED_FACE('',(#2544),#2730,.T.);
#2884=ADVANCED_FACE('',(#2545),#2731,.F.);
#2885=ADVANCED_FACE('',(#2546),#2732,.T.);
#2886=ADVANCED_FACE('',(#2547),#2733,.F.);
#2887=ADVANCED_FACE('',(#2548),#2734,.T.);
#2888=ADVANCED_FACE('',(#2549),#2735,.T.);
#2889=ADVANCED_FACE('',(#2550),#2736,.T.);
#2890=ADVANCED_FACE('',(#2551),#2737,.F.);
#2891=ADVANCED_FACE('',(#2552),#2738,.T.);
#2892=ADVANCED_FACE('',(#2553),#2739,.F.);
#2893=ADVANCED_FACE('',(#2554),#2740,.T.);
#2894=ADVANCED_FACE('',(#2555),#2741,.T.);
#2895=ADVANCED_FACE('',(#2556),#2742,.T.);
#2896=ADVANCED_FACE('',(#2557),#2743,.F.);
#2897=ADVANCED_FACE('',(#2558),#2744,.T.);
#2898=ADVANCED_FACE('',(#2559),#2745,.F.);
#2899=ADVANCED_FACE('',(#2560),#2746,.T.);
#2900=ADVANCED_FACE('',(#2561),#2747,.T.);
#2901=ADVANCED_FACE('',(#2562),#2748,.T.);
#2902=ADVANCED_FACE('',(#2563),#2749,.F.);
#2903=ADVANCED_FACE('',(#2564),#2750,.T.);
#2904=ADVANCED_FACE('',(#2565),#2751,.F.);
#2905=ADVANCED_FACE('',(#2566),#2752,.T.);
#2906=ADVANCED_FACE('',(#2567),#2753,.T.);
#2907=ADVANCED_FACE('',(#2568),#2754,.T.);
#2908=ADVANCED_FACE('',(#2569),#2755,.F.);
#2909=ADVANCED_FACE('',(#2570),#2756,.T.);
#2910=ADVANCED_FACE('',(#2571),#2757,.F.);
#2911=ADVANCED_FACE('',(#2572),#2758,.T.);
#2912=ADVANCED_FACE('',(#2573),#2759,.T.);
#2913=ADVANCED_FACE('',(#2574),#2760,.T.);
#2914=ADVANCED_FACE('',(#2575),#2761,.F.);
#2915=ADVANCED_FACE('',(#2576),#2762,.T.);
#2916=ADVANCED_FACE('',(#2577),#2763,.F.);
#2917=ADVANCED_FACE('',(#2578),#2764,.T.);
#2918=ADVANCED_FACE('',(#2579),#2765,.T.);
#2919=ADVANCED_FACE('',(#2580),#2766,.T.);
#2920=ADVANCED_FACE('',(#2581),#2767,.F.);
#2921=ADVANCED_FACE('',(#2582),#2768,.T.);
#2922=ADVANCED_FACE('',(#2583),#2769,.F.);
#2923=ADVANCED_FACE('',(#2584),#2770,.T.);
#2924=ADVANCED_FACE('',(#2585),#2771,.T.);
#2925=ADVANCED_FACE('',(#2586),#2772,.T.);
#2926=ADVANCED_FACE('',(#2587),#2773,.F.);
#2927=ADVANCED_FACE('',(#2588),#2774,.T.);
#2928=ADVANCED_FACE('',(#2589),#2775,.F.);
#2929=ADVANCED_FACE('',(#2590),#2776,.T.);
#2930=ADVANCED_FACE('',(#2591),#2777,.T.);
#2931=ADVANCED_FACE('',(#2592),#2778,.T.);
#2932=ADVANCED_FACE('',(#2593),#2779,.F.);
#2933=ADVANCED_FACE('',(#2594),#2780,.T.);
#2934=ADVANCED_FACE('',(#2595),#2781,.F.);
#2935=ADVANCED_FACE('',(#2596),#2782,.T.);
#2936=ADVANCED_FACE('',(#2597),#2783,.T.);
#2937=ADVANCED_FACE('',(#2598),#2784,.T.);
#2938=ADVANCED_FACE('',(#2599),#2785,.F.);
#2939=ADVANCED_FACE('',(#2600),#2786,.T.);
#2940=ADVANCED_FACE('',(#2601),#2787,.F.);
#2941=ADVANCED_FACE('',(#2602),#2788,.T.);
#2942=ADVANCED_FACE('',(#2603),#2789,.F.);
#2943=ADVANCED_FACE('',(#2604),#2790,.T.);
#2944=ADVANCED_FACE('',(#2605),#2791,.F.);
#2945=ADVANCED_FACE('',(#2606),#2792,.T.);
#2946=ADVANCED_FACE('',(#2607),#2793,.T.);
#2947=ADVANCED_FACE('',(#2608,#2609),#14,.F.);
#2948=ADVANCED_FACE('',(#2610,#2611),#12,.T.);
#2949=ADVANCED_FACE('',(#2612,#2613),#2794,.T.);
#2950=ADVANCED_FACE('',(#2614,#2615,#2616,#2617,#2618,#2619,#2620,#2621),
#15,.T.);
#2951=ADVANCED_FACE('',(#2622,#2623),#16,.F.);
#2952=ADVANCED_FACE('',(#2624,#2625),#13,.T.);
#2953=ADVANCED_FACE('',(#2626,#2627),#2795,.T.);
#2954=ADVANCED_FACE('',(#2628,#2629,#2630,#2631,#2632,#2633,#2634,#2635),
#17,.T.);
#2955=ADVANCED_FACE('',(#2636,#2637),#2796,.F.);
#2956=ADVANCED_FACE('',(#2638,#2639),#2797,.F.);
#2957=ADVANCED_FACE('',(#2640,#2641),#2798,.F.);
#2958=ADVANCED_FACE('',(#2642,#2643),#2799,.F.);
#2959=ADVANCED_FACE('',(#2644,#2645),#2800,.F.);
#2960=ADVANCED_FACE('',(#2646,#2647),#2801,.F.);
#2961=ADVANCED_FACE('',(#2648,#2649),#2802,.F.);
#2962=CLOSED_SHELL('',(#2803,#2804,#2805,#2806,#2807,#2808,#2809,#2810,
#2811,#2812,#2813,#2814,#2815,#2816,#2817,#2818,#2819,#2820,#2821,#2822,
#2823,#2824,#2825,#2826,#2827,#2828,#2829,#2830,#2831,#2832,#2833,#2834,
#2835,#2836,#2837,#2838,#2839,#2840,#2841,#2842,#2843,#2844,#2845,#2846,
#2847,#2848,#2849,#2850,#2851,#2852,#2853,#2854,#2855,#2856,#2857,#2858,
#2859,#2860,#2861,#2862,#2863,#2864,#2865,#2866,#2867,#2868,#2869,#2870,
#2871,#2872,#2873,#2874,#2875,#2876,#2877,#2878,#2879,#2880,#2881,#2882,
#2883,#2884,#2885,#2886,#2887,#2888,#2889,#2890,#2891,#2892,#2893,#2894,
#2895,#2896,#2897,#2898,#2899,#2900,#2901,#2902,#2903,#2904,#2905,#2906,
#2907,#2908,#2909,#2910,#2911,#2912,#2913,#2914,#2915,#2916,#2917,#2918,
#2919,#2920,#2921,#2922,#2923,#2924,#2925,#2926,#2927,#2928,#2929,#2930,
#2931,#2932,#2933,#2934,#2935,#2936,#2937,#2938,#2939,#2940,#2941,#2942,
#2943,#2944,#2945,#2946,#2947,#2948,#2949,#2950,#2951,#2952,#2953,#2954,
#2955,#2956,#2957,#2958,#2959,#2960,#2961));
#2963=STYLED_ITEM('',(#2964),#2971);
#2964=PRESENTATION_STYLE_ASSIGNMENT((#2965));
#2965=SURFACE_STYLE_USAGE(.BOTH.,#2966);
#2966=SURFACE_SIDE_STYLE('',(#2967));
#2967=SURFACE_STYLE_FILL_AREA(#2968);
#2968=FILL_AREA_STYLE('',(#2969));
#2969=FILL_AREA_STYLE_COLOUR('',#2970);
#2970=COLOUR_RGB('',0.,0.337254901960785,0.72156862745098);
#2971=MANIFOLD_SOLID_BREP('[LS] Pulley HTD5 24T',#2962);
#2972=SHAPE_DEFINITION_REPRESENTATION(#5448,#2973);
#2973=SHAPE_REPRESENTATION('[LS] Pulley HTD5 24T',(#2974),#5443);
#2974=AXIS2_PLACEMENT_3D('',#4522,#3442,#3443);
#2975=AXIS2_PLACEMENT_3D('',#4523,#3444,#3445);
#2976=AXIS2_PLACEMENT_3D('',#4524,#3446,#3447);
#2977=AXIS2_PLACEMENT_3D('',#4529,#3449,#3450);
#2978=AXIS2_PLACEMENT_3D('',#4532,#3452,#3453);
#2979=AXIS2_PLACEMENT_3D('',#4533,#3454,#3455);
#2980=AXIS2_PLACEMENT_3D('',#4537,#3457,#3458);
#2981=AXIS2_PLACEMENT_3D('',#4538,#3459,#3460);
#2982=AXIS2_PLACEMENT_3D('',#4539,#3461,#3462);
#2983=AXIS2_PLACEMENT_3D('',#4544,#3464,#3465);
#2984=AXIS2_PLACEMENT_3D('',#4547,#3467,#3468);
#2985=AXIS2_PLACEMENT_3D('',#4551,#3470,#3471);
#2986=AXIS2_PLACEMENT_3D('',#4552,#3472,#3473);
#2987=AXIS2_PLACEMENT_3D('',#4553,#3474,#3475);
#2988=AXIS2_PLACEMENT_3D('',#4557,#3477,#3478);
#2989=AXIS2_PLACEMENT_3D('',#4558,#3479,#3480);
#2990=AXIS2_PLACEMENT_3D('',#4559,#3481,#3482);
#2991=AXIS2_PLACEMENT_3D('',#4560,#3483,#3484);
#2992=AXIS2_PLACEMENT_3D('',#4561,#3485,#3486);
#2993=AXIS2_PLACEMENT_3D('',#4562,#3487,#3488);
#2994=AXIS2_PLACEMENT_3D('',#4563,#3489,#3490);
#2995=AXIS2_PLACEMENT_3D('',#4568,#3492,#3493);
#2996=AXIS2_PLACEMENT_3D('',#4571,#3495,#3496);
#2997=AXIS2_PLACEMENT_3D('',#4572,#3497,#3498);
#2998=AXIS2_PLACEMENT_3D('',#4576,#3500,#3501);
#2999=AXIS2_PLACEMENT_3D('',#4577,#3502,#3503);
#3000=AXIS2_PLACEMENT_3D('',#4578,#3504,#3505);
#3001=AXIS2_PLACEMENT_3D('',#4580,#3506,#3507);
#3002=AXIS2_PLACEMENT_3D('',#4583,#3509,#3510);
#3003=AXIS2_PLACEMENT_3D('',#4587,#3512,#3513);
#3004=AXIS2_PLACEMENT_3D('',#4588,#3514,#3515);
#3005=AXIS2_PLACEMENT_3D('',#4589,#3516,#3517);
#3006=AXIS2_PLACEMENT_3D('',#4593,#3519,#3520);
#3007=AXIS2_PLACEMENT_3D('',#4594,#3521,#3522);
#3008=AXIS2_PLACEMENT_3D('',#4595,#3523,#3524);
#3009=AXIS2_PLACEMENT_3D('',#4596,#3525,#3526);
#3010=AXIS2_PLACEMENT_3D('',#4597,#3527,#3528);
#3011=AXIS2_PLACEMENT_3D('',#4598,#3529,#3530);
#3012=AXIS2_PLACEMENT_3D('',#4599,#3531,#3532);
#3013=AXIS2_PLACEMENT_3D('',#4604,#3534,#3535);
#3014=AXIS2_PLACEMENT_3D('',#4607,#3537,#3538);
#3015=AXIS2_PLACEMENT_3D('',#4608,#3539,#3540);
#3016=AXIS2_PLACEMENT_3D('',#4612,#3542,#3543);
#3017=AXIS2_PLACEMENT_3D('',#4613,#3544,#3545);
#3018=AXIS2_PLACEMENT_3D('',#4614,#3546,#3547);
#3019=AXIS2_PLACEMENT_3D('',#4616,#3548,#3549);
#3020=AXIS2_PLACEMENT_3D('',#4619,#3551,#3552);
#3021=AXIS2_PLACEMENT_3D('',#4623,#3554,#3555);
#3022=AXIS2_PLACEMENT_3D('',#4624,#3556,#3557);
#3023=AXIS2_PLACEMENT_3D('',#4625,#3558,#3559);
#3024=AXIS2_PLACEMENT_3D('',#4629,#3561,#3562);
#3025=AXIS2_PLACEMENT_3D('',#4630,#3563,#3564);
#3026=AXIS2_PLACEMENT_3D('',#4631,#3565,#3566);
#3027=AXIS2_PLACEMENT_3D('',#4632,#3567,#3568);
#3028=AXIS2_PLACEMENT_3D('',#4633,#3569,#3570);
#3029=AXIS2_PLACEMENT_3D('',#4634,#3571,#3572);
#3030=AXIS2_PLACEMENT_3D('',#4635,#3573,#3574);
#3031=AXIS2_PLACEMENT_3D('',#4640,#3576,#3577);
#3032=AXIS2_PLACEMENT_3D('',#4643,#3579,#3580);
#3033=AXIS2_PLACEMENT_3D('',#4644,#3581,#3582);
#3034=AXIS2_PLACEMENT_3D('',#4648,#3584,#3585);
#3035=AXIS2_PLACEMENT_3D('',#4649,#3586,#3587);
#3036=AXIS2_PLACEMENT_3D('',#4650,#3588,#3589);
#3037=AXIS2_PLACEMENT_3D('',#4652,#3590,#3591);
#3038=AXIS2_PLACEMENT_3D('',#4655,#3593,#3594);
#3039=AXIS2_PLACEMENT_3D('',#4659,#3596,#3597);
#3040=AXIS2_PLACEMENT_3D('',#4660,#3598,#3599);
#3041=AXIS2_PLACEMENT_3D('',#4661,#3600,#3601);
#3042=AXIS2_PLACEMENT_3D('',#4665,#3603,#3604);
#3043=AXIS2_PLACEMENT_3D('',#4666,#3605,#3606);
#3044=AXIS2_PLACEMENT_3D('',#4667,#3607,#3608);
#3045=AXIS2_PLACEMENT_3D('',#4668,#3609,#3610);
#3046=AXIS2_PLACEMENT_3D('',#4669,#3611,#3612);
#3047=AXIS2_PLACEMENT_3D('',#4670,#3613,#3614);
#3048=AXIS2_PLACEMENT_3D('',#4671,#3615,#3616);
#3049=AXIS2_PLACEMENT_3D('',#4676,#3618,#3619);
#3050=AXIS2_PLACEMENT_3D('',#4679,#3621,#3622);
#3051=AXIS2_PLACEMENT_3D('',#4680,#3623,#3624);
#3052=AXIS2_PLACEMENT_3D('',#4684,#3626,#3627);
#3053=AXIS2_PLACEMENT_3D('',#4685,#3628,#3629);
#3054=AXIS2_PLACEMENT_3D('',#4686,#3630,#3631);
#3055=AXIS2_PLACEMENT_3D('',#4688,#3632,#3633);
#3056=AXIS2_PLACEMENT_3D('',#4691,#3635,#3636);
#3057=AXIS2_PLACEMENT_3D('',#4695,#3638,#3639);
#3058=AXIS2_PLACEMENT_3D('',#4696,#3640,#3641);
#3059=AXIS2_PLACEMENT_3D('',#4697,#3642,#3643);
#3060=AXIS2_PLACEMENT_3D('',#4701,#3645,#3646);
#3061=AXIS2_PLACEMENT_3D('',#4702,#3647,#3648);
#3062=AXIS2_PLACEMENT_3D('',#4703,#3649,#3650);
#3063=AXIS2_PLACEMENT_3D('',#4704,#3651,#3652);
#3064=AXIS2_PLACEMENT_3D('',#4705,#3653,#3654);
#3065=AXIS2_PLACEMENT_3D('',#4706,#3655,#3656);
#3066=AXIS2_PLACEMENT_3D('',#4707,#3657,#3658);
#3067=AXIS2_PLACEMENT_3D('',#4712,#3660,#3661);
#3068=AXIS2_PLACEMENT_3D('',#4715,#3663,#3664);
#3069=AXIS2_PLACEMENT_3D('',#4716,#3665,#3666);
#3070=AXIS2_PLACEMENT_3D('',#4720,#3668,#3669);
#3071=AXIS2_PLACEMENT_3D('',#4721,#3670,#3671);
#3072=AXIS2_PLACEMENT_3D('',#4722,#3672,#3673);
#3073=AXIS2_PLACEMENT_3D('',#4724,#3674,#3675);
#3074=AXIS2_PLACEMENT_3D('',#4727,#3677,#3678);
#3075=AXIS2_PLACEMENT_3D('',#4731,#3680,#3681);
#3076=AXIS2_PLACEMENT_3D('',#4732,#3682,#3683);
#3077=AXIS2_PLACEMENT_3D('',#4733,#3684,#3685);
#3078=AXIS2_PLACEMENT_3D('',#4737,#3687,#3688);
#3079=AXIS2_PLACEMENT_3D('',#4738,#3689,#3690);
#3080=AXIS2_PLACEMENT_3D('',#4739,#3691,#3692);
#3081=AXIS2_PLACEMENT_3D('',#4740,#3693,#3694);
#3082=AXIS2_PLACEMENT_3D('',#4741,#3695,#3696);
#3083=AXIS2_PLACEMENT_3D('',#4742,#3697,#3698);
#3084=AXIS2_PLACEMENT_3D('',#4743,#3699,#3700);
#3085=AXIS2_PLACEMENT_3D('',#4748,#3702,#3703);
#3086=AXIS2_PLACEMENT_3D('',#4751,#3705,#3706);
#3087=AXIS2_PLACEMENT_3D('',#4752,#3707,#3708);
#3088=AXIS2_PLACEMENT_3D('',#4756,#3710,#3711);
#3089=AXIS2_PLACEMENT_3D('',#4757,#3712,#3713);
#3090=AXIS2_PLACEMENT_3D('',#4758,#3714,#3715);
#3091=AXIS2_PLACEMENT_3D('',#4760,#3716,#3717);
#3092=AXIS2_PLACEMENT_3D('',#4763,#3719,#3720);
#3093=AXIS2_PLACEMENT_3D('',#4767,#3722,#3723);
#3094=AXIS2_PLACEMENT_3D('',#4768,#3724,#3725);
#3095=AXIS2_PLACEMENT_3D('',#4769,#3726,#3727);
#3096=AXIS2_PLACEMENT_3D('',#4773,#3729,#3730);
#3097=AXIS2_PLACEMENT_3D('',#4774,#3731,#3732);
#3098=AXIS2_PLACEMENT_3D('',#4775,#3733,#3734);
#3099=AXIS2_PLACEMENT_3D('',#4776,#3735,#3736);
#3100=AXIS2_PLACEMENT_3D('',#4777,#3737,#3738);
#3101=AXIS2_PLACEMENT_3D('',#4778,#3739,#3740);
#3102=AXIS2_PLACEMENT_3D('',#4779,#3741,#3742);
#3103=AXIS2_PLACEMENT_3D('',#4784,#3744,#3745);
#3104=AXIS2_PLACEMENT_3D('',#4787,#3747,#3748);
#3105=AXIS2_PLACEMENT_3D('',#4788,#3749,#3750);
#3106=AXIS2_PLACEMENT_3D('',#4792,#3752,#3753);
#3107=AXIS2_PLACEMENT_3D('',#4793,#3754,#3755);
#3108=AXIS2_PLACEMENT_3D('',#4794,#3756,#3757);
#3109=AXIS2_PLACEMENT_3D('',#4796,#3758,#3759);
#3110=AXIS2_PLACEMENT_3D('',#4799,#3761,#3762);
#3111=AXIS2_PLACEMENT_3D('',#4803,#3764,#3765);
#3112=AXIS2_PLACEMENT_3D('',#4804,#3766,#3767);
#3113=AXIS2_PLACEMENT_3D('',#4805,#3768,#3769);
#3114=AXIS2_PLACEMENT_3D('',#4809,#3771,#3772);
#3115=AXIS2_PLACEMENT_3D('',#4810,#3773,#3774);
#3116=AXIS2_PLACEMENT_3D('',#4811,#3775,#3776);
#3117=AXIS2_PLACEMENT_3D('',#4812,#3777,#3778);
#3118=AXIS2_PLACEMENT_3D('',#4813,#3779,#3780);
#3119=AXIS2_PLACEMENT_3D('',#4814,#3781,#3782);
#3120=AXIS2_PLACEMENT_3D('',#4815,#3783,#3784);
#3121=AXIS2_PLACEMENT_3D('',#4820,#3786,#3787);
#3122=AXIS2_PLACEMENT_3D('',#4823,#3789,#3790);
#3123=AXIS2_PLACEMENT_3D('',#4824,#3791,#3792);
#3124=AXIS2_PLACEMENT_3D('',#4828,#3794,#3795);
#3125=AXIS2_PLACEMENT_3D('',#4829,#3796,#3797);
#3126=AXIS2_PLACEMENT_3D('',#4830,#3798,#3799);
#3127=AXIS2_PLACEMENT_3D('',#4832,#3800,#3801);
#3128=AXIS2_PLACEMENT_3D('',#4835,#3803,#3804);
#3129=AXIS2_PLACEMENT_3D('',#4839,#3806,#3807);
#3130=AXIS2_PLACEMENT_3D('',#4840,#3808,#3809);
#3131=AXIS2_PLACEMENT_3D('',#4841,#3810,#3811);
#3132=AXIS2_PLACEMENT_3D('',#4845,#3813,#3814);
#3133=AXIS2_PLACEMENT_3D('',#4846,#3815,#3816);
#3134=AXIS2_PLACEMENT_3D('',#4847,#3817,#3818);
#3135=AXIS2_PLACEMENT_3D('',#4848,#3819,#3820);
#3136=AXIS2_PLACEMENT_3D('',#4849,#3821,#3822);
#3137=AXIS2_PLACEMENT_3D('',#4850,#3823,#3824);
#3138=AXIS2_PLACEMENT_3D('',#4851,#3825,#3826);
#3139=AXIS2_PLACEMENT_3D('',#4856,#3828,#3829);
#3140=AXIS2_PLACEMENT_3D('',#4859,#3831,#3832);
#3141=AXIS2_PLACEMENT_3D('',#4860,#3833,#3834);
#3142=AXIS2_PLACEMENT_3D('',#4864,#3836,#3837);
#3143=AXIS2_PLACEMENT_3D('',#4865,#3838,#3839);
#3144=AXIS2_PLACEMENT_3D('',#4866,#3840,#3841);
#3145=AXIS2_PLACEMENT_3D('',#4868,#3842,#3843);
#3146=AXIS2_PLACEMENT_3D('',#4871,#3845,#3846);
#3147=AXIS2_PLACEMENT_3D('',#4875,#3848,#3849);
#3148=AXIS2_PLACEMENT_3D('',#4876,#3850,#3851);
#3149=AXIS2_PLACEMENT_3D('',#4877,#3852,#3853);
#3150=AXIS2_PLACEMENT_3D('',#4881,#3855,#3856);
#3151=AXIS2_PLACEMENT_3D('',#4882,#3857,#3858);
#3152=AXIS2_PLACEMENT_3D('',#4883,#3859,#3860);
#3153=AXIS2_PLACEMENT_3D('',#4884,#3861,#3862);
#3154=AXIS2_PLACEMENT_3D('',#4885,#3863,#3864);
#3155=AXIS2_PLACEMENT_3D('',#4886,#3865,#3866);
#3156=AXIS2_PLACEMENT_3D('',#4887,#3867,#3868);
#3157=AXIS2_PLACEMENT_3D('',#4892,#3870,#3871);
#3158=AXIS2_PLACEMENT_3D('',#4895,#3873,#3874);
#3159=AXIS2_PLACEMENT_3D('',#4896,#3875,#3876);
#3160=AXIS2_PLACEMENT_3D('',#4900,#3878,#3879);
#3161=AXIS2_PLACEMENT_3D('',#4901,#3880,#3881);
#3162=AXIS2_PLACEMENT_3D('',#4902,#3882,#3883);
#3163=AXIS2_PLACEMENT_3D('',#4904,#3884,#3885);
#3164=AXIS2_PLACEMENT_3D('',#4907,#3887,#3888);
#3165=AXIS2_PLACEMENT_3D('',#4911,#3890,#3891);
#3166=AXIS2_PLACEMENT_3D('',#4912,#3892,#3893);
#3167=AXIS2_PLACEMENT_3D('',#4913,#3894,#3895);
#3168=AXIS2_PLACEMENT_3D('',#4917,#3897,#3898);
#3169=AXIS2_PLACEMENT_3D('',#4918,#3899,#3900);
#3170=AXIS2_PLACEMENT_3D('',#4919,#3901,#3902);
#3171=AXIS2_PLACEMENT_3D('',#4920,#3903,#3904);
#3172=AXIS2_PLACEMENT_3D('',#4921,#3905,#3906);
#3173=AXIS2_PLACEMENT_3D('',#4922,#3907,#3908);
#3174=AXIS2_PLACEMENT_3D('',#4923,#3909,#3910);
#3175=AXIS2_PLACEMENT_3D('',#4928,#3912,#3913);
#3176=AXIS2_PLACEMENT_3D('',#4931,#3915,#3916);
#3177=AXIS2_PLACEMENT_3D('',#4932,#3917,#3918);
#3178=AXIS2_PLACEMENT_3D('',#4936,#3920,#3921);
#3179=AXIS2_PLACEMENT_3D('',#4937,#3922,#3923);
#3180=AXIS2_PLACEMENT_3D('',#4938,#3924,#3925);
#3181=AXIS2_PLACEMENT_3D('',#4940,#3926,#3927);
#3182=AXIS2_PLACEMENT_3D('',#4943,#3929,#3930);
#3183=AXIS2_PLACEMENT_3D('',#4947,#3932,#3933);
#3184=AXIS2_PLACEMENT_3D('',#4948,#3934,#3935);
#3185=AXIS2_PLACEMENT_3D('',#4949,#3936,#3937);
#3186=AXIS2_PLACEMENT_3D('',#4953,#3939,#3940);
#3187=AXIS2_PLACEMENT_3D('',#4954,#3941,#3942);
#3188=AXIS2_PLACEMENT_3D('',#4955,#3943,#3944);
#3189=AXIS2_PLACEMENT_3D('',#4956,#3945,#3946);
#3190=AXIS2_PLACEMENT_3D('',#4957,#3947,#3948);
#3191=AXIS2_PLACEMENT_3D('',#4958,#3949,#3950);
#3192=AXIS2_PLACEMENT_3D('',#4959,#3951,#3952);
#3193=AXIS2_PLACEMENT_3D('',#4964,#3954,#3955);
#3194=AXIS2_PLACEMENT_3D('',#4967,#3957,#3958);
#3195=AXIS2_PLACEMENT_3D('',#4968,#3959,#3960);
#3196=AXIS2_PLACEMENT_3D('',#4972,#3962,#3963);
#3197=AXIS2_PLACEMENT_3D('',#4973,#3964,#3965);
#3198=AXIS2_PLACEMENT_3D('',#4974,#3966,#3967);
#3199=AXIS2_PLACEMENT_3D('',#4976,#3968,#3969);
#3200=AXIS2_PLACEMENT_3D('',#4979,#3971,#3972);
#3201=AXIS2_PLACEMENT_3D('',#4983,#3974,#3975);
#3202=AXIS2_PLACEMENT_3D('',#4984,#3976,#3977);
#3203=AXIS2_PLACEMENT_3D('',#4985,#3978,#3979);
#3204=AXIS2_PLACEMENT_3D('',#4989,#3981,#3982);
#3205=AXIS2_PLACEMENT_3D('',#4990,#3983,#3984);
#3206=AXIS2_PLACEMENT_3D('',#4991,#3985,#3986);
#3207=AXIS2_PLACEMENT_3D('',#4992,#3987,#3988);
#3208=AXIS2_PLACEMENT_3D('',#4993,#3989,#3990);
#3209=AXIS2_PLACEMENT_3D('',#4994,#3991,#3992);
#3210=AXIS2_PLACEMENT_3D('',#4995,#3993,#3994);
#3211=AXIS2_PLACEMENT_3D('',#5000,#3996,#3997);
#3212=AXIS2_PLACEMENT_3D('',#5003,#3999,#4000);
#3213=AXIS2_PLACEMENT_3D('',#5004,#4001,#4002);
#3214=AXIS2_PLACEMENT_3D('',#5008,#4004,#4005);
#3215=AXIS2_PLACEMENT_3D('',#5009,#4006,#4007);
#3216=AXIS2_PLACEMENT_3D('',#5010,#4008,#4009);
#3217=AXIS2_PLACEMENT_3D('',#5012,#4010,#4011);
#3218=AXIS2_PLACEMENT_3D('',#5015,#4013,#4014);
#3219=AXIS2_PLACEMENT_3D('',#5019,#4016,#4017);
#3220=AXIS2_PLACEMENT_3D('',#5020,#4018,#4019);
#3221=AXIS2_PLACEMENT_3D('',#5021,#4020,#4021);
#3222=AXIS2_PLACEMENT_3D('',#5025,#4023,#4024);
#3223=AXIS2_PLACEMENT_3D('',#5026,#4025,#4026);
#3224=AXIS2_PLACEMENT_3D('',#5027,#4027,#4028);
#3225=AXIS2_PLACEMENT_3D('',#5028,#4029,#4030);
#3226=AXIS2_PLACEMENT_3D('',#5029,#4031,#4032);
#3227=AXIS2_PLACEMENT_3D('',#5030,#4033,#4034);
#3228=AXIS2_PLACEMENT_3D('',#5031,#4035,#4036);
#3229=AXIS2_PLACEMENT_3D('',#5036,#4038,#4039);
#3230=AXIS2_PLACEMENT_3D('',#5039,#4041,#4042);
#3231=AXIS2_PLACEMENT_3D('',#5040,#4043,#4044);
#3232=AXIS2_PLACEMENT_3D('',#5044,#4046,#4047);
#3233=AXIS2_PLACEMENT_3D('',#5045,#4048,#4049);
#3234=AXIS2_PLACEMENT_3D('',#5046,#4050,#4051);
#3235=AXIS2_PLACEMENT_3D('',#5048,#4052,#4053);
#3236=AXIS2_PLACEMENT_3D('',#5051,#4055,#4056);
#3237=AXIS2_PLACEMENT_3D('',#5055,#4058,#4059);
#3238=AXIS2_PLACEMENT_3D('',#5056,#4060,#4061);
#3239=AXIS2_PLACEMENT_3D('',#5057,#4062,#4063);
#3240=AXIS2_PLACEMENT_3D('',#5061,#4065,#4066);
#3241=AXIS2_PLACEMENT_3D('',#5062,#4067,#4068);
#3242=AXIS2_PLACEMENT_3D('',#5063,#4069,#4070);
#3243=AXIS2_PLACEMENT_3D('',#5064,#4071,#4072);
#3244=AXIS2_PLACEMENT_3D('',#5065,#4073,#4074);
#3245=AXIS2_PLACEMENT_3D('',#5066,#4075,#4076);
#3246=AXIS2_PLACEMENT_3D('',#5067,#4077,#4078);
#3247=AXIS2_PLACEMENT_3D('',#5072,#4080,#4081);
#3248=AXIS2_PLACEMENT_3D('',#5075,#4083,#4084);
#3249=AXIS2_PLACEMENT_3D('',#5076,#4085,#4086);
#3250=AXIS2_PLACEMENT_3D('',#5080,#4088,#4089);
#3251=AXIS2_PLACEMENT_3D('',#5081,#4090,#4091);
#3252=AXIS2_PLACEMENT_3D('',#5082,#4092,#4093);
#3253=AXIS2_PLACEMENT_3D('',#5084,#4094,#4095);
#3254=AXIS2_PLACEMENT_3D('',#5087,#4097,#4098);
#3255=AXIS2_PLACEMENT_3D('',#5091,#4100,#4101);
#3256=AXIS2_PLACEMENT_3D('',#5092,#4102,#4103);
#3257=AXIS2_PLACEMENT_3D('',#5093,#4104,#4105);
#3258=AXIS2_PLACEMENT_3D('',#5097,#4107,#4108);
#3259=AXIS2_PLACEMENT_3D('',#5098,#4109,#4110);
#3260=AXIS2_PLACEMENT_3D('',#5099,#4111,#4112);
#3261=AXIS2_PLACEMENT_3D('',#5100,#4113,#4114);
#3262=AXIS2_PLACEMENT_3D('',#5101,#4115,#4116);
#3263=AXIS2_PLACEMENT_3D('',#5102,#4117,#4118);
#3264=AXIS2_PLACEMENT_3D('',#5103,#4119,#4120);
#3265=AXIS2_PLACEMENT_3D('',#5108,#4122,#4123);
#3266=AXIS2_PLACEMENT_3D('',#5111,#4125,#4126);
#3267=AXIS2_PLACEMENT_3D('',#5112,#4127,#4128);
#3268=AXIS2_PLACEMENT_3D('',#5116,#4130,#4131);
#3269=AXIS2_PLACEMENT_3D('',#5117,#4132,#4133);
#3270=AXIS2_PLACEMENT_3D('',#5118,#4134,#4135);
#3271=AXIS2_PLACEMENT_3D('',#5120,#4136,#4137);
#3272=AXIS2_PLACEMENT_3D('',#5123,#4139,#4140);
#3273=AXIS2_PLACEMENT_3D('',#5127,#4142,#4143);
#3274=AXIS2_PLACEMENT_3D('',#5128,#4144,#4145);
#3275=AXIS2_PLACEMENT_3D('',#5129,#4146,#4147);
#3276=AXIS2_PLACEMENT_3D('',#5133,#4149,#4150);
#3277=AXIS2_PLACEMENT_3D('',#5134,#4151,#4152);
#3278=AXIS2_PLACEMENT_3D('',#5135,#4153,#4154);
#3279=AXIS2_PLACEMENT_3D('',#5136,#4155,#4156);
#3280=AXIS2_PLACEMENT_3D('',#5137,#4157,#4158);
#3281=AXIS2_PLACEMENT_3D('',#5138,#4159,#4160);
#3282=AXIS2_PLACEMENT_3D('',#5139,#4161,#4162);
#3283=AXIS2_PLACEMENT_3D('',#5144,#4164,#4165);
#3284=AXIS2_PLACEMENT_3D('',#5147,#4167,#4168);
#3285=AXIS2_PLACEMENT_3D('',#5148,#4169,#4170);
#3286=AXIS2_PLACEMENT_3D('',#5152,#4172,#4173);
#3287=AXIS2_PLACEMENT_3D('',#5153,#4174,#4175);
#3288=AXIS2_PLACEMENT_3D('',#5154,#4176,#4177);
#3289=AXIS2_PLACEMENT_3D('',#5156,#4178,#4179);
#3290=AXIS2_PLACEMENT_3D('',#5159,#4181,#4182);
#3291=AXIS2_PLACEMENT_3D('',#5163,#4184,#4185);
#3292=AXIS2_PLACEMENT_3D('',#5164,#4186,#4187);
#3293=AXIS2_PLACEMENT_3D('',#5165,#4188,#4189);
#3294=AXIS2_PLACEMENT_3D('',#5169,#4191,#4192);
#3295=AXIS2_PLACEMENT_3D('',#5170,#4193,#4194);
#3296=AXIS2_PLACEMENT_3D('',#5171,#4195,#4196);
#3297=AXIS2_PLACEMENT_3D('',#5172,#4197,#4198);
#3298=AXIS2_PLACEMENT_3D('',#5173,#4199,#4200);
#3299=AXIS2_PLACEMENT_3D('',#5174,#4201,#4202);
#3300=AXIS2_PLACEMENT_3D('',#5175,#4203,#4204);
#3301=AXIS2_PLACEMENT_3D('',#5180,#4206,#4207);
#3302=AXIS2_PLACEMENT_3D('',#5183,#4209,#4210);
#3303=AXIS2_PLACEMENT_3D('',#5184,#4211,#4212);
#3304=AXIS2_PLACEMENT_3D('',#5188,#4214,#4215);
#3305=AXIS2_PLACEMENT_3D('',#5189,#4216,#4217);
#3306=AXIS2_PLACEMENT_3D('',#5190,#4218,#4219);
#3307=AXIS2_PLACEMENT_3D('',#5192,#4220,#4221);
#3308=AXIS2_PLACEMENT_3D('',#5195,#4223,#4224);
#3309=AXIS2_PLACEMENT_3D('',#5199,#4226,#4227);
#3310=AXIS2_PLACEMENT_3D('',#5200,#4228,#4229);
#3311=AXIS2_PLACEMENT_3D('',#5201,#4230,#4231);
#3312=AXIS2_PLACEMENT_3D('',#5205,#4233,#4234);
#3313=AXIS2_PLACEMENT_3D('',#5206,#4235,#4236);
#3314=AXIS2_PLACEMENT_3D('',#5207,#4237,#4238);
#3315=AXIS2_PLACEMENT_3D('',#5208,#4239,#4240);
#3316=AXIS2_PLACEMENT_3D('',#5209,#4241,#4242);
#3317=AXIS2_PLACEMENT_3D('',#5210,#4243,#4244);
#3318=AXIS2_PLACEMENT_3D('',#5211,#4245,#4246);
#3319=AXIS2_PLACEMENT_3D('',#5216,#4248,#4249);
#3320=AXIS2_PLACEMENT_3D('',#5219,#4251,#4252);
#3321=AXIS2_PLACEMENT_3D('',#5220,#4253,#4254);
#3322=AXIS2_PLACEMENT_3D('',#5224,#4256,#4257);
#3323=AXIS2_PLACEMENT_3D('',#5225,#4258,#4259);
#3324=AXIS2_PLACEMENT_3D('',#5226,#4260,#4261);
#3325=AXIS2_PLACEMENT_3D('',#5228,#4262,#4263);
#3326=AXIS2_PLACEMENT_3D('',#5231,#4265,#4266);
#3327=AXIS2_PLACEMENT_3D('',#5235,#4268,#4269);
#3328=AXIS2_PLACEMENT_3D('',#5236,#4270,#4271);
#3329=AXIS2_PLACEMENT_3D('',#5237,#4272,#4273);
#3330=AXIS2_PLACEMENT_3D('',#5241,#4275,#4276);
#3331=AXIS2_PLACEMENT_3D('',#5242,#4277,#4278);
#3332=AXIS2_PLACEMENT_3D('',#5243,#4279,#4280);
#3333=AXIS2_PLACEMENT_3D('',#5244,#4281,#4282);
#3334=AXIS2_PLACEMENT_3D('',#5245,#4283,#4284);
#3335=AXIS2_PLACEMENT_3D('',#5246,#4285,#4286);
#3336=AXIS2_PLACEMENT_3D('',#5247,#4287,#4288);
#3337=AXIS2_PLACEMENT_3D('',#5252,#4290,#4291);
#3338=AXIS2_PLACEMENT_3D('',#5255,#4293,#4294);
#3339=AXIS2_PLACEMENT_3D('',#5256,#4295,#4296);
#3340=AXIS2_PLACEMENT_3D('',#5260,#4298,#4299);
#3341=AXIS2_PLACEMENT_3D('',#5261,#4300,#4301);
#3342=AXIS2_PLACEMENT_3D('',#5262,#4302,#4303);
#3343=AXIS2_PLACEMENT_3D('',#5264,#4304,#4305);
#3344=AXIS2_PLACEMENT_3D('',#5267,#4307,#4308);
#3345=AXIS2_PLACEMENT_3D('',#5271,#4310,#4311);
#3346=AXIS2_PLACEMENT_3D('',#5272,#4312,#4313);
#3347=AXIS2_PLACEMENT_3D('',#5273,#4314,#4315);
#3348=AXIS2_PLACEMENT_3D('',#5277,#4317,#4318);
#3349=AXIS2_PLACEMENT_3D('',#5278,#4319,#4320);
#3350=AXIS2_PLACEMENT_3D('',#5279,#4321,#4322);
#3351=AXIS2_PLACEMENT_3D('',#5280,#4323,#4324);
#3352=AXIS2_PLACEMENT_3D('',#5281,#4325,#4326);
#3353=AXIS2_PLACEMENT_3D('',#5282,#4327,#4328);
#3354=AXIS2_PLACEMENT_3D('',#5283,#4329,#4330);
#3355=AXIS2_PLACEMENT_3D('',#5288,#4332,#4333);
#3356=AXIS2_PLACEMENT_3D('',#5291,#4335,#4336);
#3357=AXIS2_PLACEMENT_3D('',#5292,#4337,#4338);
#3358=AXIS2_PLACEMENT_3D('',#5296,#4340,#4341);
#3359=AXIS2_PLACEMENT_3D('',#5297,#4342,#4343);
#3360=AXIS2_PLACEMENT_3D('',#5298,#4344,#4345);
#3361=AXIS2_PLACEMENT_3D('',#5300,#4346,#4347);
#3362=AXIS2_PLACEMENT_3D('',#5303,#4349,#4350);
#3363=AXIS2_PLACEMENT_3D('',#5307,#4352,#4353);
#3364=AXIS2_PLACEMENT_3D('',#5308,#4354,#4355);
#3365=AXIS2_PLACEMENT_3D('',#5309,#4356,#4357);
#3366=AXIS2_PLACEMENT_3D('',#5313,#4359,#4360);
#3367=AXIS2_PLACEMENT_3D('',#5314,#4361,#4362);
#3368=AXIS2_PLACEMENT_3D('',#5315,#4363,#4364);
#3369=AXIS2_PLACEMENT_3D('',#5316,#4365,#4366);
#3370=AXIS2_PLACEMENT_3D('',#5317,#4367,#4368);
#3371=AXIS2_PLACEMENT_3D('',#5318,#4369,#4370);
#3372=AXIS2_PLACEMENT_3D('',#5319,#4371,#4372);
#3373=AXIS2_PLACEMENT_3D('',#5324,#4374,#4375);
#3374=AXIS2_PLACEMENT_3D('',#5327,#4377,#4378);
#3375=AXIS2_PLACEMENT_3D('',#5328,#4379,#4380);
#3376=AXIS2_PLACEMENT_3D('',#5332,#4382,#4383);
#3377=AXIS2_PLACEMENT_3D('',#5333,#4384,#4385);
#3378=AXIS2_PLACEMENT_3D('',#5334,#4386,#4387);
#3379=AXIS2_PLACEMENT_3D('',#5336,#4388,#4389);
#3380=AXIS2_PLACEMENT_3D('',#5339,#4391,#4392);
#3381=AXIS2_PLACEMENT_3D('',#5343,#4394,#4395);
#3382=AXIS2_PLACEMENT_3D('',#5344,#4396,#4397);
#3383=AXIS2_PLACEMENT_3D('',#5345,#4398,#4399);
#3384=AXIS2_PLACEMENT_3D('',#5349,#4401,#4402);
#3385=AXIS2_PLACEMENT_3D('',#5350,#4403,#4404);
#3386=AXIS2_PLACEMENT_3D('',#5351,#4405,#4406);
#3387=AXIS2_PLACEMENT_3D('',#5352,#4407,#4408);
#3388=AXIS2_PLACEMENT_3D('',#5353,#4409,#4410);
#3389=AXIS2_PLACEMENT_3D('',#5354,#4411,#4412);
#3390=AXIS2_PLACEMENT_3D('',#5355,#4413,#4414);
#3391=AXIS2_PLACEMENT_3D('',#5359,#4416,#4417);
#3392=AXIS2_PLACEMENT_3D('',#5360,#4418,#4419);
#3393=AXIS2_PLACEMENT_3D('',#5364,#4421,#4422);
#3394=AXIS2_PLACEMENT_3D('',#5368,#4424,#4425);
#3395=AXIS2_PLACEMENT_3D('',#5369,#4426,#4427);
#3396=AXIS2_PLACEMENT_3D('',#5373,#4429,#4430);
#3397=AXIS2_PLACEMENT_3D('',#5374,#4431,#4432);
#3398=AXIS2_PLACEMENT_3D('',#5375,#4433,#4434);
#3399=AXIS2_PLACEMENT_3D('',#5376,#4435,#4436);
#3400=AXIS2_PLACEMENT_3D('',#5380,#4438,#4439);
#3401=AXIS2_PLACEMENT_3D('',#5381,#4440,#4441);
#3402=AXIS2_PLACEMENT_3D('',#5382,#4442,#4443);
#3403=AXIS2_PLACEMENT_3D('',#5383,#4444,#4445);
#3404=AXIS2_PLACEMENT_3D('',#5384,#4446,#4447);
#3405=AXIS2_PLACEMENT_3D('',#5385,#4448,#4449);
#3406=AXIS2_PLACEMENT_3D('',#5386,#4450,#4451);
#3407=AXIS2_PLACEMENT_3D('',#5387,#4452,#4453);
#3408=AXIS2_PLACEMENT_3D('',#5388,#4454,#4455);
#3409=AXIS2_PLACEMENT_3D('',#5390,#4456,#4457);
#3410=AXIS2_PLACEMENT_3D('',#5391,#4458,#4459);
#3411=AXIS2_PLACEMENT_3D('',#5393,#4460,#4461);
#3412=AXIS2_PLACEMENT_3D('',#5394,#4462,#4463);
#3413=AXIS2_PLACEMENT_3D('',#5396,#4464,#4465);
#3414=AXIS2_PLACEMENT_3D('',#5397,#4466,#4467);
#3415=AXIS2_PLACEMENT_3D('',#5399,#4468,#4469);
#3416=AXIS2_PLACEMENT_3D('',#5401,#4470,#4471);
#3417=AXIS2_PLACEMENT_3D('',#5403,#4472,#4473);
#3418=AXIS2_PLACEMENT_3D('',#5405,#4474,#4475);
#3419=AXIS2_PLACEMENT_3D('',#5407,#4476,#4477);
#3420=AXIS2_PLACEMENT_3D('',#5409,#4478,#4479);
#3421=AXIS2_PLACEMENT_3D('',#5411,#4480,#4481);
#3422=AXIS2_PLACEMENT_3D('',#5412,#4482,#4483);
#3423=AXIS2_PLACEMENT_3D('',#5414,#4484,#4485);
#3424=AXIS2_PLACEMENT_3D('',#5415,#4486,#4487);
#3425=AXIS2_PLACEMENT_3D('',#5417,#4488,#4489);
#3426=AXIS2_PLACEMENT_3D('',#5418,#4490,#4491);
#3427=AXIS2_PLACEMENT_3D('',#5420,#4492,#4493);
#3428=AXIS2_PLACEMENT_3D('',#5421,#4494,#4495);
#3429=AXIS2_PLACEMENT_3D('',#5423,#4496,#4497);
#3430=AXIS2_PLACEMENT_3D('',#5425,#4498,#4499);
#3431=AXIS2_PLACEMENT_3D('',#5427,#4500,#4501);
#3432=AXIS2_PLACEMENT_3D('',#5429,#4502,#4503);
#3433=AXIS2_PLACEMENT_3D('',#5431,#4504,#4505);
#3434=AXIS2_PLACEMENT_3D('',#5433,#4506,#4507);
#3435=AXIS2_PLACEMENT_3D('',#5435,#4508,#4509);
#3436=AXIS2_PLACEMENT_3D('',#5436,#4510,#4511);
#3437=AXIS2_PLACEMENT_3D('',#5437,#4512,#4513);
#3438=AXIS2_PLACEMENT_3D('',#5438,#4514,#4515);
#3439=AXIS2_PLACEMENT_3D('',#5439,#4516,#4517);
#3440=AXIS2_PLACEMENT_3D('',#5440,#4518,#4519);
#3441=AXIS2_PLACEMENT_3D('',#5441,#4520,#4521);
#3442=DIRECTION('',(0.,0.,1.));
#3443=DIRECTION('',(1.,0.,0.));
#3444=DIRECTION('',(0.,0.,-1.));
#3445=DIRECTION('',(-1.,0.,0.));
#3446=DIRECTION('',(0.,0.,1.));
#3447=DIRECTION('',(1.,0.,0.));
#3448=DIRECTION('',(0.,0.,-1.));
#3449=DIRECTION('',(0.,0.,1.));
#3450=DIRECTION('',(1.,0.,0.));
#3451=DIRECTION('',(0.,0.,-1.));
#3452=DIRECTION('',(0.,0.,1.));
#3453=DIRECTION('',(0.965925826289068,0.258819045102522,0.));
#3454=DIRECTION('',(0.,0.,1.));
#3455=DIRECTION('',(0.965925826289068,0.258819045102522,0.));
#3456=DIRECTION('',(0.,0.,-1.));
#3457=DIRECTION('',(0.,0.,1.));
#3458=DIRECTION('',(0.965925826289068,0.258819045102522,0.));
#3459=DIRECTION('',(0.,0.,1.));
#3460=DIRECTION('',(0.965925826289068,0.258819045102522,0.));
#3461=DIRECTION('',(0.,0.,1.));
#3462=DIRECTION('',(0.965925826289068,0.258819045102522,0.));
#3463=DIRECTION('',(0.,0.,-1.));
#3464=DIRECTION('',(0.,0.,1.));
#3465=DIRECTION('',(0.965925826289068,0.258819045102522,0.));
#3466=DIRECTION('',(0.,0.,-1.));
#3467=DIRECTION('',(0.,0.,-1.));
#3468=DIRECTION('',(-0.965925826289068,-0.258819045102522,0.));
#3469=DIRECTION('',(0.,0.,-1.));
#3470=DIRECTION('',(0.,0.,1.));
#3471=DIRECTION('',(0.965925826289068,0.258819045102522,0.));
#3472=DIRECTION('',(0.,0.,1.));
#3473=DIRECTION('',(0.965925826289068,0.258819045102522,0.));
#3474=DIRECTION('',(0.,0.,-1.));
#3475=DIRECTION('',(-0.965925826289068,-0.258819045102522,0.));
#3476=DIRECTION('',(0.,0.,-1.));
#3477=DIRECTION('',(0.,0.,1.));
#3478=DIRECTION('',(0.965925826289068,0.258819045102522,0.));
#3479=DIRECTION('',(0.,0.,1.));
#3480=DIRECTION('',(0.965925826289068,0.258819045102522,0.));
#3481=DIRECTION('',(0.,0.,-1.));
#3482=DIRECTION('',(-0.965925826289068,-0.258819045102522,0.));
#3483=DIRECTION('',(0.,0.,1.));
#3484=DIRECTION('',(0.965925826289068,0.258819045102522,0.));
#3485=DIRECTION('',(0.,0.,1.));
#3486=DIRECTION('',(0.965925826289068,0.258819045102522,0.));
#3487=DIRECTION('',(0.,0.,-1.));
#3488=DIRECTION('',(-1.,0.,0.));
#3489=DIRECTION('',(0.,0.,1.));
#3490=DIRECTION('',(1.,0.,0.));
#3491=DIRECTION('',(0.,0.,-1.));
#3492=DIRECTION('',(0.,0.,1.));
#3493=DIRECTION('',(1.,0.,0.));
#3494=DIRECTION('',(0.,0.,-1.));
#3495=DIRECTION('',(0.,0.,1.));
#3496=DIRECTION('',(0.866025403784438,0.5,0.));
#3497=DIRECTION('',(0.,0.,1.));
#3498=DIRECTION('',(0.866025403784438,0.5,0.));
#3499=DIRECTION('',(0.,0.,-1.));
#3500=DIRECTION('',(0.,0.,1.));
#3501=DIRECTION('',(0.866025403784438,0.5,0.));
#3502=DIRECTION('',(0.,0.,1.));
#3503=DIRECTION('',(0.866025403784438,0.5,0.));
#3504=DIRECTION('',(0.,0.,1.));
#3505=DIRECTION('',(0.866025403784438,0.5,0.));
#3506=DIRECTION('',(0.,0.,1.));
#3507=DIRECTION('',(0.866025403784438,0.5,0.));
#3508=DIRECTION('',(0.,0.,-1.));
#3509=DIRECTION('',(0.,0.,-1.));
#3510=DIRECTION('',(-0.866025403784438,-0.5,0.));
#3511=DIRECTION('',(0.,0.,-1.));
#3512=DIRECTION('',(0.,0.,1.));
#3513=DIRECTION('',(0.866025403784438,0.5,0.));
#3514=DIRECTION('',(0.,0.,1.));
#3515=DIRECTION('',(0.866025403784438,0.5,0.));
#3516=DIRECTION('',(0.,0.,-1.));
#3517=DIRECTION('',(-0.866025403784438,-0.5,0.));
#3518=DIRECTION('',(0.,0.,-1.));
#3519=DIRECTION('',(0.,0.,1.));
#3520=DIRECTION('',(0.866025403784438,0.5,0.));
#3521=DIRECTION('',(0.,0.,1.));
#3522=DIRECTION('',(0.866025403784438,0.5,0.));
#3523=DIRECTION('',(0.,0.,-1.));
#3524=DIRECTION('',(-0.866025403784438,-0.5,0.));
#3525=DIRECTION('',(0.,0.,1.));
#3526=DIRECTION('',(0.866025403784438,0.5,0.));
#3527=DIRECTION('',(0.,0.,1.));
#3528=DIRECTION('',(0.866025403784438,0.5,0.));
#3529=DIRECTION('',(0.,0.,-1.));
#3530=DIRECTION('',(-1.,0.,0.));
#3531=DIRECTION('',(0.,0.,1.));
#3532=DIRECTION('',(1.,0.,0.));
#3533=DIRECTION('',(0.,0.,-1.));
#3534=DIRECTION('',(0.,0.,1.));
#3535=DIRECTION('',(1.,0.,0.));
#3536=DIRECTION('',(0.,0.,-1.));
#3537=DIRECTION('',(0.,0.,1.));
#3538=DIRECTION('',(0.707106781186547,0.707106781186548,0.));
#3539=DIRECTION('',(0.,0.,1.));
#3540=DIRECTION('',(0.707106781186547,0.707106781186548,0.));
#3541=DIRECTION('',(0.,0.,-1.));
#3542=DIRECTION('',(0.,0.,1.));
#3543=DIRECTION('',(0.707106781186547,0.707106781186548,0.));
#3544=DIRECTION('',(0.,0.,1.));
#3545=DIRECTION('',(0.707106781186547,0.707106781186548,0.));
#3546=DIRECTION('',(0.,0.,1.));
#3547=DIRECTION('',(0.707106781186547,0.707106781186548,0.));
#3548=DIRECTION('',(0.,0.,1.));
#3549=DIRECTION('',(0.707106781186547,0.707106781186548,0.));
#3550=DIRECTION('',(0.,0.,-1.));
#3551=DIRECTION('',(0.,0.,-1.));
#3552=DIRECTION('',(-0.707106781186547,-0.707106781186548,0.));
#3553=DIRECTION('',(0.,0.,-1.));
#3554=DIRECTION('',(0.,0.,1.));
#3555=DIRECTION('',(0.707106781186547,0.707106781186548,0.));
#3556=DIRECTION('',(0.,0.,1.));
#3557=DIRECTION('',(0.707106781186547,0.707106781186548,0.));
#3558=DIRECTION('',(0.,0.,-1.));
#3559=DIRECTION('',(-0.707106781186547,-0.707106781186548,0.));
#3560=DIRECTION('',(0.,0.,-1.));
#3561=DIRECTION('',(0.,0.,1.));
#3562=DIRECTION('',(0.707106781186547,0.707106781186548,0.));
#3563=DIRECTION('',(0.,0.,1.));
#3564=DIRECTION('',(0.707106781186547,0.707106781186548,0.));
#3565=DIRECTION('',(0.,0.,-1.));
#3566=DIRECTION('',(-0.707106781186547,-0.707106781186548,0.));
#3567=DIRECTION('',(0.,0.,1.));
#3568=DIRECTION('',(0.707106781186547,0.707106781186548,0.));
#3569=DIRECTION('',(0.,0.,1.));
#3570=DIRECTION('',(0.707106781186547,0.707106781186548,0.));
#3571=DIRECTION('',(0.,0.,-1.));
#3572=DIRECTION('',(-1.,0.,0.));
#3573=DIRECTION('',(0.,0.,1.));
#3574=DIRECTION('',(1.,0.,0.));
#3575=DIRECTION('',(0.,0.,-1.));
#3576=DIRECTION('',(0.,0.,1.));
#3577=DIRECTION('',(1.,0.,0.));
#3578=DIRECTION('',(0.,0.,-1.));
#3579=DIRECTION('',(0.,0.,1.));
#3580=DIRECTION('',(0.5,0.866025403784439,0.));
#3581=DIRECTION('',(0.,0.,1.));
#3582=DIRECTION('',(0.5,0.866025403784439,0.));
#3583=DIRECTION('',(0.,0.,-1.));
#3584=DIRECTION('',(0.,0.,1.));
#3585=DIRECTION('',(0.5,0.866025403784439,0.));
#3586=DIRECTION('',(0.,0.,1.));
#3587=DIRECTION('',(0.5,0.866025403784439,0.));
#3588=DIRECTION('',(0.,0.,1.));
#3589=DIRECTION('',(0.5,0.866025403784439,0.));
#3590=DIRECTION('',(0.,0.,1.));
#3591=DIRECTION('',(0.5,0.866025403784439,0.));
#3592=DIRECTION('',(0.,0.,-1.));
#3593=DIRECTION('',(0.,0.,-1.));
#3594=DIRECTION('',(-0.5,-0.866025403784439,0.));
#3595=DIRECTION('',(0.,0.,-1.));
#3596=DIRECTION('',(0.,0.,1.));
#3597=DIRECTION('',(0.5,0.866025403784439,0.));
#3598=DIRECTION('',(0.,0.,1.));
#3599=DIRECTION('',(0.5,0.866025403784439,0.));
#3600=DIRECTION('',(0.,0.,-1.));
#3601=DIRECTION('',(-0.5,-0.866025403784439,0.));
#3602=DIRECTION('',(0.,0.,-1.));
#3603=DIRECTION('',(0.,0.,1.));
#3604=DIRECTION('',(0.5,0.866025403784439,0.));
#3605=DIRECTION('',(0.,0.,1.));
#3606=DIRECTION('',(0.5,0.866025403784439,0.));
#3607=DIRECTION('',(0.,0.,-1.));
#3608=DIRECTION('',(-0.5,-0.866025403784439,0.));
#3609=DIRECTION('',(0.,0.,1.));
#3610=DIRECTION('',(0.5,0.866025403784439,0.));
#3611=DIRECTION('',(0.,0.,1.));
#3612=DIRECTION('',(0.5,0.866025403784439,0.));
#3613=DIRECTION('',(0.,0.,-1.));
#3614=DIRECTION('',(-1.,0.,0.));
#3615=DIRECTION('',(0.,0.,1.));
#3616=DIRECTION('',(1.,0.,0.));
#3617=DIRECTION('',(0.,0.,-1.));
#3618=DIRECTION('',(0.,0.,1.));
#3619=DIRECTION('',(1.,0.,0.));
#3620=DIRECTION('',(0.,0.,-1.));
#3621=DIRECTION('',(0.,0.,1.));
#3622=DIRECTION('',(0.258819045102521,0.965925826289068,0.));
#3623=DIRECTION('',(0.,0.,1.));
#3624=DIRECTION('',(0.258819045102521,0.965925826289068,0.));
#3625=DIRECTION('',(0.,0.,-1.));
#3626=DIRECTION('',(0.,0.,1.));
#3627=DIRECTION('',(0.258819045102521,0.965925826289068,0.));
#3628=DIRECTION('',(0.,0.,1.));
#3629=DIRECTION('',(0.258819045102521,0.965925826289068,0.));
#3630=DIRECTION('',(0.,0.,1.));
#3631=DIRECTION('',(0.258819045102521,0.965925826289068,0.));
#3632=DIRECTION('',(0.,0.,1.));
#3633=DIRECTION('',(0.258819045102521,0.965925826289068,0.));
#3634=DIRECTION('',(0.,0.,-1.));
#3635=DIRECTION('',(0.,0.,-1.));
#3636=DIRECTION('',(-0.258819045102521,-0.965925826289068,0.));
#3637=DIRECTION('',(0.,0.,-1.));
#3638=DIRECTION('',(0.,0.,1.));
#3639=DIRECTION('',(0.258819045102521,0.965925826289068,0.));
#3640=DIRECTION('',(0.,0.,1.));
#3641=DIRECTION('',(0.258819045102521,0.965925826289068,0.));
#3642=DIRECTION('',(0.,0.,-1.));
#3643=DIRECTION('',(-0.258819045102521,-0.965925826289068,0.));
#3644=DIRECTION('',(0.,0.,-1.));
#3645=DIRECTION('',(0.,0.,1.));
#3646=DIRECTION('',(0.258819045102521,0.965925826289068,0.));
#3647=DIRECTION('',(0.,0.,1.));
#3648=DIRECTION('',(0.258819045102521,0.965925826289068,0.));
#3649=DIRECTION('',(0.,0.,-1.));
#3650=DIRECTION('',(-0.258819045102521,-0.965925826289068,0.));
#3651=DIRECTION('',(0.,0.,1.));
#3652=DIRECTION('',(0.258819045102521,0.965925826289068,0.));
#3653=DIRECTION('',(0.,0.,1.));
#3654=DIRECTION('',(0.258819045102521,0.965925826289068,0.));
#3655=DIRECTION('',(0.,0.,-1.));
#3656=DIRECTION('',(-1.,0.,0.));
#3657=DIRECTION('',(0.,0.,1.));
#3658=DIRECTION('',(1.,0.,0.));
#3659=DIRECTION('',(0.,0.,-1.));
#3660=DIRECTION('',(0.,0.,1.));
#3661=DIRECTION('',(1.,0.,0.));
#3662=DIRECTION('',(0.,0.,-1.));
#3663=DIRECTION('',(0.,0.,1.));
#3664=DIRECTION('',(-1.83697019872103E-16,1.,0.));
#3665=DIRECTION('',(0.,0.,1.));
#3666=DIRECTION('',(-1.83697019872103E-16,1.,0.));
#3667=DIRECTION('',(0.,0.,-1.));
#3668=DIRECTION('',(0.,0.,1.));
#3669=DIRECTION('',(-1.83697019872103E-16,1.,0.));
#3670=DIRECTION('',(0.,0.,1.));
#3671=DIRECTION('',(-1.83697019872103E-16,1.,0.));
#3672=DIRECTION('',(0.,0.,1.));
#3673=DIRECTION('',(-1.83697019872103E-16,1.,0.));
#3674=DIRECTION('',(0.,0.,1.));
#3675=DIRECTION('',(-1.83697019872103E-16,1.,0.));
#3676=DIRECTION('',(0.,0.,-1.));
#3677=DIRECTION('',(0.,0.,-1.));
#3678=DIRECTION('',(1.83697019872103E-16,-1.,0.));
#3679=DIRECTION('',(0.,0.,-1.));
#3680=DIRECTION('',(0.,0.,1.));
#3681=DIRECTION('',(-1.83697019872103E-16,1.,0.));
#3682=DIRECTION('',(0.,0.,1.));
#3683=DIRECTION('',(-1.83697019872103E-16,1.,0.));
#3684=DIRECTION('',(0.,0.,-1.));
#3685=DIRECTION('',(1.83697019872103E-16,-1.,0.));
#3686=DIRECTION('',(0.,0.,-1.));
#3687=DIRECTION('',(0.,0.,1.));
#3688=DIRECTION('',(-1.83697019872103E-16,1.,0.));
#3689=DIRECTION('',(0.,0.,1.));
#3690=DIRECTION('',(-1.83697019872103E-16,1.,0.));
#3691=DIRECTION('',(0.,0.,-1.));
#3692=DIRECTION('',(1.83697019872103E-16,-1.,0.));
#3693=DIRECTION('',(0.,0.,1.));
#3694=DIRECTION('',(-1.83697019872103E-16,1.,0.));
#3695=DIRECTION('',(0.,0.,1.));
#3696=DIRECTION('',(-1.83697019872103E-16,1.,0.));
#3697=DIRECTION('',(0.,0.,-1.));
#3698=DIRECTION('',(-1.,0.,0.));
#3699=DIRECTION('',(0.,0.,1.));
#3700=DIRECTION('',(1.,0.,0.));
#3701=DIRECTION('',(0.,0.,-1.));
#3702=DIRECTION('',(0.,0.,1.));
#3703=DIRECTION('',(1.,0.,0.));
#3704=DIRECTION('',(0.,0.,-1.));
#3705=DIRECTION('',(0.,0.,1.));
#3706=DIRECTION('',(-0.258819045102522,0.965925826289068,0.));
#3707=DIRECTION('',(0.,0.,1.));
#3708=DIRECTION('',(-0.258819045102522,0.965925826289068,0.));
#3709=DIRECTION('',(0.,0.,-1.));
#3710=DIRECTION('',(0.,0.,1.));
#3711=DIRECTION('',(-0.258819045102522,0.965925826289068,0.));
#3712=DIRECTION('',(0.,0.,1.));
#3713=DIRECTION('',(-0.258819045102522,0.965925826289068,0.));
#3714=DIRECTION('',(0.,0.,1.));
#3715=DIRECTION('',(-0.258819045102522,0.965925826289068,0.));
#3716=DIRECTION('',(0.,0.,1.));
#3717=DIRECTION('',(-0.258819045102522,0.965925826289068,0.));
#3718=DIRECTION('',(0.,0.,-1.));
#3719=DIRECTION('',(0.,0.,-1.));
#3720=DIRECTION('',(0.258819045102522,-0.965925826289068,0.));
#3721=DIRECTION('',(0.,0.,-1.));
#3722=DIRECTION('',(0.,0.,1.));
#3723=DIRECTION('',(-0.258819045102522,0.965925826289068,0.));
#3724=DIRECTION('',(0.,0.,1.));
#3725=DIRECTION('',(-0.258819045102522,0.965925826289068,0.));
#3726=DIRECTION('',(0.,0.,-1.));
#3727=DIRECTION('',(0.258819045102522,-0.965925826289068,0.));
#3728=DIRECTION('',(0.,0.,-1.));
#3729=DIRECTION('',(0.,0.,1.));
#3730=DIRECTION('',(-0.258819045102522,0.965925826289068,0.));
#3731=DIRECTION('',(0.,0.,1.));
#3732=DIRECTION('',(-0.258819045102522,0.965925826289068,0.));
#3733=DIRECTION('',(0.,0.,-1.));
#3734=DIRECTION('',(0.258819045102522,-0.965925826289068,0.));
#3735=DIRECTION('',(0.,0.,1.));
#3736=DIRECTION('',(-0.258819045102522,0.965925826289068,0.));
#3737=DIRECTION('',(0.,0.,1.));
#3738=DIRECTION('',(-0.258819045102522,0.965925826289068,0.));
#3739=DIRECTION('',(0.,0.,-1.));
#3740=DIRECTION('',(-1.,0.,0.));
#3741=DIRECTION('',(0.,0.,1.));
#3742=DIRECTION('',(1.,0.,0.));
#3743=DIRECTION('',(0.,0.,-1.));
#3744=DIRECTION('',(0.,0.,1.));
#3745=DIRECTION('',(1.,0.,0.));
#3746=DIRECTION('',(0.,0.,-1.));
#3747=DIRECTION('',(0.,0.,1.));
#3748=DIRECTION('',(-0.5,0.866025403784438,0.));
#3749=DIRECTION('',(0.,0.,1.));
#3750=DIRECTION('',(-0.5,0.866025403784438,0.));
#3751=DIRECTION('',(0.,0.,-1.));
#3752=DIRECTION('',(0.,0.,1.));
#3753=DIRECTION('',(-0.5,0.866025403784438,0.));
#3754=DIRECTION('',(0.,0.,1.));
#3755=DIRECTION('',(-0.5,0.866025403784438,0.));
#3756=DIRECTION('',(0.,0.,1.));
#3757=DIRECTION('',(-0.5,0.866025403784438,0.));
#3758=DIRECTION('',(0.,0.,1.));
#3759=DIRECTION('',(-0.5,0.866025403784438,0.));
#3760=DIRECTION('',(0.,0.,-1.));
#3761=DIRECTION('',(0.,0.,-1.));
#3762=DIRECTION('',(0.5,-0.866025403784438,0.));
#3763=DIRECTION('',(0.,0.,-1.));
#3764=DIRECTION('',(0.,0.,1.));
#3765=DIRECTION('',(-0.5,0.866025403784438,0.));
#3766=DIRECTION('',(0.,0.,1.));
#3767=DIRECTION('',(-0.5,0.866025403784438,0.));
#3768=DIRECTION('',(0.,0.,-1.));
#3769=DIRECTION('',(0.5,-0.866025403784438,0.));
#3770=DIRECTION('',(0.,0.,-1.));
#3771=DIRECTION('',(0.,0.,1.));
#3772=DIRECTION('',(-0.5,0.866025403784438,0.));
#3773=DIRECTION('',(0.,0.,1.));
#3774=DIRECTION('',(-0.5,0.866025403784438,0.));
#3775=DIRECTION('',(0.,0.,-1.));
#3776=DIRECTION('',(0.5,-0.866025403784438,0.));
#3777=DIRECTION('',(0.,0.,1.));
#3778=DIRECTION('',(-0.5,0.866025403784438,0.));
#3779=DIRECTION('',(0.,0.,1.));
#3780=DIRECTION('',(-0.5,0.866025403784438,0.));
#3781=DIRECTION('',(0.,0.,-1.));
#3782=DIRECTION('',(-1.,0.,0.));
#3783=DIRECTION('',(0.,0.,1.));
#3784=DIRECTION('',(1.,0.,0.));
#3785=DIRECTION('',(0.,0.,-1.));
#3786=DIRECTION('',(0.,0.,1.));
#3787=DIRECTION('',(1.,0.,0.));
#3788=DIRECTION('',(0.,0.,-1.));
#3789=DIRECTION('',(0.,0.,1.));
#3790=DIRECTION('',(-0.707106781186548,0.707106781186547,0.));
#3791=DIRECTION('',(0.,0.,1.));
#3792=DIRECTION('',(-0.707106781186548,0.707106781186547,0.));
#3793=DIRECTION('',(0.,0.,-1.));
#3794=DIRECTION('',(0.,0.,1.));
#3795=DIRECTION('',(-0.707106781186548,0.707106781186547,0.));
#3796=DIRECTION('',(0.,0.,1.));
#3797=DIRECTION('',(-0.707106781186548,0.707106781186547,0.));
#3798=DIRECTION('',(0.,0.,1.));
#3799=DIRECTION('',(-0.707106781186548,0.707106781186547,0.));
#3800=DIRECTION('',(0.,0.,1.));
#3801=DIRECTION('',(-0.707106781186548,0.707106781186547,0.));
#3802=DIRECTION('',(0.,0.,-1.));
#3803=DIRECTION('',(0.,0.,-1.));
#3804=DIRECTION('',(0.707106781186548,-0.707106781186547,0.));
#3805=DIRECTION('',(0.,0.,-1.));
#3806=DIRECTION('',(0.,0.,1.));
#3807=DIRECTION('',(-0.707106781186548,0.707106781186547,0.));
#3808=DIRECTION('',(0.,0.,1.));
#3809=DIRECTION('',(-0.707106781186548,0.707106781186547,0.));
#3810=DIRECTION('',(0.,0.,-1.));
#3811=DIRECTION('',(0.707106781186548,-0.707106781186547,0.));
#3812=DIRECTION('',(0.,0.,-1.));
#3813=DIRECTION('',(0.,0.,1.));
#3814=DIRECTION('',(-0.707106781186548,0.707106781186547,0.));
#3815=DIRECTION('',(0.,0.,1.));
#3816=DIRECTION('',(-0.707106781186548,0.707106781186547,0.));
#3817=DIRECTION('',(0.,0.,-1.));
#3818=DIRECTION('',(0.707106781186548,-0.707106781186547,0.));
#3819=DIRECTION('',(0.,0.,1.));
#3820=DIRECTION('',(-0.707106781186548,0.707106781186547,0.));
#3821=DIRECTION('',(0.,0.,1.));
#3822=DIRECTION('',(-0.707106781186548,0.707106781186547,0.));
#3823=DIRECTION('',(0.,0.,-1.));
#3824=DIRECTION('',(-1.,0.,0.));
#3825=DIRECTION('',(0.,0.,1.));
#3826=DIRECTION('',(1.,0.,0.));
#3827=DIRECTION('',(0.,0.,-1.));
#3828=DIRECTION('',(0.,0.,1.));
#3829=DIRECTION('',(1.,0.,0.));
#3830=DIRECTION('',(0.,0.,-1.));
#3831=DIRECTION('',(0.,0.,1.));
#3832=DIRECTION('',(-0.866025403784439,0.5,0.));
#3833=DIRECTION('',(0.,0.,1.));
#3834=DIRECTION('',(-0.866025403784439,0.5,0.));
#3835=DIRECTION('',(0.,0.,-1.));
#3836=DIRECTION('',(0.,0.,1.));
#3837=DIRECTION('',(-0.866025403784439,0.5,0.));
#3838=DIRECTION('',(0.,0.,1.));
#3839=DIRECTION('',(-0.866025403784439,0.5,0.));
#3840=DIRECTION('',(0.,0.,1.));
#3841=DIRECTION('',(-0.866025403784439,0.5,0.));
#3842=DIRECTION('',(0.,0.,1.));
#3843=DIRECTION('',(-0.866025403784439,0.5,0.));
#3844=DIRECTION('',(0.,0.,-1.));
#3845=DIRECTION('',(0.,0.,-1.));
#3846=DIRECTION('',(0.866025403784439,-0.5,0.));
#3847=DIRECTION('',(0.,0.,-1.));
#3848=DIRECTION('',(0.,0.,1.));
#3849=DIRECTION('',(-0.866025403784439,0.5,0.));
#3850=DIRECTION('',(0.,0.,1.));
#3851=DIRECTION('',(-0.866025403784439,0.5,0.));
#3852=DIRECTION('',(0.,0.,-1.));
#3853=DIRECTION('',(0.866025403784439,-0.5,0.));
#3854=DIRECTION('',(0.,0.,-1.));
#3855=DIRECTION('',(0.,0.,1.));
#3856=DIRECTION('',(-0.866025403784439,0.5,0.));
#3857=DIRECTION('',(0.,0.,1.));
#3858=DIRECTION('',(-0.866025403784439,0.5,0.));
#3859=DIRECTION('',(0.,0.,-1.));
#3860=DIRECTION('',(0.866025403784439,-0.5,0.));
#3861=DIRECTION('',(0.,0.,1.));
#3862=DIRECTION('',(-0.866025403784439,0.5,0.));
#3863=DIRECTION('',(0.,0.,1.));
#3864=DIRECTION('',(-0.866025403784439,0.5,0.));
#3865=DIRECTION('',(0.,0.,-1.));
#3866=DIRECTION('',(-1.,0.,0.));
#3867=DIRECTION('',(0.,0.,1.));
#3868=DIRECTION('',(1.,0.,0.));
#3869=DIRECTION('',(0.,0.,-1.));
#3870=DIRECTION('',(0.,0.,1.));
#3871=DIRECTION('',(1.,0.,0.));
#3872=DIRECTION('',(0.,0.,-1.));
#3873=DIRECTION('',(0.,0.,1.));
#3874=DIRECTION('',(-0.965925826289068,0.258819045102521,0.));
#3875=DIRECTION('',(0.,0.,1.));
#3876=DIRECTION('',(-0.965925826289068,0.258819045102521,0.));
#3877=DIRECTION('',(0.,0.,-1.));
#3878=DIRECTION('',(0.,0.,1.));
#3879=DIRECTION('',(-0.965925826289068,0.258819045102521,0.));
#3880=DIRECTION('',(0.,0.,1.));
#3881=DIRECTION('',(-0.965925826289068,0.258819045102521,0.));
#3882=DIRECTION('',(0.,0.,1.));
#3883=DIRECTION('',(-0.965925826289068,0.258819045102521,0.));
#3884=DIRECTION('',(0.,0.,1.));
#3885=DIRECTION('',(-0.965925826289068,0.258819045102521,0.));
#3886=DIRECTION('',(0.,0.,-1.));
#3887=DIRECTION('',(0.,0.,-1.));
#3888=DIRECTION('',(0.965925826289068,-0.258819045102521,0.));
#3889=DIRECTION('',(0.,0.,-1.));
#3890=DIRECTION('',(0.,0.,1.));
#3891=DIRECTION('',(-0.965925826289068,0.258819045102521,0.));
#3892=DIRECTION('',(0.,0.,1.));
#3893=DIRECTION('',(-0.965925826289068,0.258819045102521,0.));
#3894=DIRECTION('',(0.,0.,-1.));
#3895=DIRECTION('',(0.965925826289068,-0.258819045102521,0.));
#3896=DIRECTION('',(0.,0.,-1.));
#3897=DIRECTION('',(0.,0.,1.));
#3898=DIRECTION('',(-0.965925826289068,0.258819045102521,0.));
#3899=DIRECTION('',(0.,0.,1.));
#3900=DIRECTION('',(-0.965925826289068,0.258819045102521,0.));
#3901=DIRECTION('',(0.,0.,-1.));
#3902=DIRECTION('',(0.965925826289068,-0.258819045102521,0.));
#3903=DIRECTION('',(0.,0.,1.));
#3904=DIRECTION('',(-0.965925826289068,0.258819045102521,0.));
#3905=DIRECTION('',(0.,0.,1.));
#3906=DIRECTION('',(-0.965925826289068,0.258819045102521,0.));
#3907=DIRECTION('',(0.,0.,-1.));
#3908=DIRECTION('',(-1.,0.,0.));
#3909=DIRECTION('',(0.,0.,1.));
#3910=DIRECTION('',(1.,0.,0.));
#3911=DIRECTION('',(0.,0.,-1.));
#3912=DIRECTION('',(0.,0.,1.));
#3913=DIRECTION('',(1.,0.,0.));
#3914=DIRECTION('',(0.,0.,-1.));
#3915=DIRECTION('',(0.,0.,1.));
#3916=DIRECTION('',(-1.,-1.22464679914735E-16,0.));
#3917=DIRECTION('',(0.,0.,1.));
#3918=DIRECTION('',(-1.,-1.22464679914735E-16,0.));
#3919=DIRECTION('',(0.,0.,-1.));
#3920=DIRECTION('',(0.,0.,1.));
#3921=DIRECTION('',(-1.,-1.22464679914735E-16,0.));
#3922=DIRECTION('',(0.,0.,1.));
#3923=DIRECTION('',(-1.,-1.22464679914735E-16,0.));
#3924=DIRECTION('',(0.,0.,1.));
#3925=DIRECTION('',(-1.,-1.22464679914735E-16,0.));
#3926=DIRECTION('',(0.,0.,1.));
#3927=DIRECTION('',(-1.,-1.22464679914735E-16,0.));
#3928=DIRECTION('',(0.,0.,-1.));
#3929=DIRECTION('',(0.,0.,-1.));
#3930=DIRECTION('',(1.,1.22464679914735E-16,0.));
#3931=DIRECTION('',(0.,0.,-1.));
#3932=DIRECTION('',(0.,0.,1.));
#3933=DIRECTION('',(-1.,-1.22464679914735E-16,0.));
#3934=DIRECTION('',(0.,0.,1.));
#3935=DIRECTION('',(-1.,-1.22464679914735E-16,0.));
#3936=DIRECTION('',(0.,0.,-1.));
#3937=DIRECTION('',(1.,1.22464679914735E-16,0.));
#3938=DIRECTION('',(0.,0.,-1.));
#3939=DIRECTION('',(0.,0.,1.));
#3940=DIRECTION('',(-1.,-1.22464679914735E-16,0.));
#3941=DIRECTION('',(0.,0.,1.));
#3942=DIRECTION('',(-1.,-1.22464679914735E-16,0.));
#3943=DIRECTION('',(0.,0.,-1.));
#3944=DIRECTION('',(1.,1.22464679914735E-16,0.));
#3945=DIRECTION('',(0.,0.,1.));
#3946=DIRECTION('',(-1.,-1.22464679914735E-16,0.));
#3947=DIRECTION('',(0.,0.,1.));
#3948=DIRECTION('',(-1.,-1.22464679914735E-16,0.));
#3949=DIRECTION('',(0.,0.,-1.));
#3950=DIRECTION('',(-1.,0.,0.));
#3951=DIRECTION('',(0.,0.,1.));
#3952=DIRECTION('',(1.,0.,0.));
#3953=DIRECTION('',(0.,0.,-1.));
#3954=DIRECTION('',(0.,0.,1.));
#3955=DIRECTION('',(1.,0.,0.));
#3956=DIRECTION('',(0.,0.,-1.));
#3957=DIRECTION('',(0.,0.,1.));
#3958=DIRECTION('',(-0.965925826289068,-0.258819045102521,0.));
#3959=DIRECTION('',(0.,0.,1.));
#3960=DIRECTION('',(-0.965925826289068,-0.258819045102521,0.));
#3961=DIRECTION('',(0.,0.,-1.));
#3962=DIRECTION('',(0.,0.,1.));
#3963=DIRECTION('',(-0.965925826289068,-0.258819045102521,0.));
#3964=DIRECTION('',(0.,0.,1.));
#3965=DIRECTION('',(-0.965925826289068,-0.258819045102521,0.));
#3966=DIRECTION('',(0.,0.,1.));
#3967=DIRECTION('',(-0.965925826289068,-0.258819045102521,0.));
#3968=DIRECTION('',(0.,0.,1.));
#3969=DIRECTION('',(-0.965925826289068,-0.258819045102521,0.));
#3970=DIRECTION('',(0.,0.,-1.));
#3971=DIRECTION('',(0.,0.,-1.));
#3972=DIRECTION('',(0.965925826289068,0.258819045102521,0.));
#3973=DIRECTION('',(0.,0.,-1.));
#3974=DIRECTION('',(0.,0.,1.));
#3975=DIRECTION('',(-0.965925826289068,-0.258819045102521,0.));
#3976=DIRECTION('',(0.,0.,1.));
#3977=DIRECTION('',(-0.965925826289068,-0.258819045102521,0.));
#3978=DIRECTION('',(0.,0.,-1.));
#3979=DIRECTION('',(0.965925826289068,0.258819045102521,0.));
#3980=DIRECTION('',(0.,0.,-1.));
#3981=DIRECTION('',(0.,0.,1.));
#3982=DIRECTION('',(-0.965925826289068,-0.258819045102521,0.));
#3983=DIRECTION('',(0.,0.,1.));
#3984=DIRECTION('',(-0.965925826289068,-0.258819045102521,0.));
#3985=DIRECTION('',(0.,0.,-1.));
#3986=DIRECTION('',(0.965925826289068,0.258819045102521,0.));
#3987=DIRECTION('',(0.,0.,1.));
#3988=DIRECTION('',(-0.965925826289068,-0.258819045102521,0.));
#3989=DIRECTION('',(0.,0.,1.));
#3990=DIRECTION('',(-0.965925826289068,-0.258819045102521,0.));
#3991=DIRECTION('',(0.,0.,-1.));
#3992=DIRECTION('',(-1.,0.,0.));
#3993=DIRECTION('',(0.,0.,1.));
#3994=DIRECTION('',(1.,0.,0.));
#3995=DIRECTION('',(0.,0.,-1.));
#3996=DIRECTION('',(0.,0.,1.));
#3997=DIRECTION('',(1.,0.,0.));
#3998=DIRECTION('',(0.,0.,-1.));
#3999=DIRECTION('',(0.,0.,1.));
#4000=DIRECTION('',(-0.866025403784439,-0.5,0.));
#4001=DIRECTION('',(0.,0.,1.));
#4002=DIRECTION('',(-0.866025403784439,-0.5,0.));
#4003=DIRECTION('',(0.,0.,-1.));
#4004=DIRECTION('',(0.,0.,1.));
#4005=DIRECTION('',(-0.866025403784439,-0.5,0.));
#4006=DIRECTION('',(0.,0.,1.));
#4007=DIRECTION('',(-0.866025403784439,-0.5,0.));
#4008=DIRECTION('',(0.,0.,1.));
#4009=DIRECTION('',(-0.866025403784439,-0.5,0.));
#4010=DIRECTION('',(0.,0.,1.));
#4011=DIRECTION('',(-0.866025403784439,-0.5,0.));
#4012=DIRECTION('',(0.,0.,-1.));
#4013=DIRECTION('',(0.,0.,-1.));
#4014=DIRECTION('',(0.866025403784439,0.5,0.));
#4015=DIRECTION('',(0.,0.,-1.));
#4016=DIRECTION('',(0.,0.,1.));
#4017=DIRECTION('',(-0.866025403784439,-0.5,0.));
#4018=DIRECTION('',(0.,0.,1.));
#4019=DIRECTION('',(-0.866025403784439,-0.5,0.));
#4020=DIRECTION('',(0.,0.,-1.));
#4021=DIRECTION('',(0.866025403784439,0.5,0.));
#4022=DIRECTION('',(0.,0.,-1.));
#4023=DIRECTION('',(0.,0.,1.));
#4024=DIRECTION('',(-0.866025403784439,-0.5,0.));
#4025=DIRECTION('',(0.,0.,1.));
#4026=DIRECTION('',(-0.866025403784439,-0.5,0.));
#4027=DIRECTION('',(0.,0.,-1.));
#4028=DIRECTION('',(0.866025403784439,0.5,0.));
#4029=DIRECTION('',(0.,0.,1.));
#4030=DIRECTION('',(-0.866025403784439,-0.5,0.));
#4031=DIRECTION('',(0.,0.,1.));
#4032=DIRECTION('',(-0.866025403784439,-0.5,0.));
#4033=DIRECTION('',(0.,0.,-1.));
#4034=DIRECTION('',(-1.,0.,0.));
#4035=DIRECTION('',(0.,0.,1.));
#4036=DIRECTION('',(1.,0.,0.));
#4037=DIRECTION('',(0.,0.,-1.));
#4038=DIRECTION('',(0.,0.,1.));
#4039=DIRECTION('',(1.,0.,0.));
#4040=DIRECTION('',(0.,0.,-1.));
#4041=DIRECTION('',(0.,0.,1.));
#4042=DIRECTION('',(-0.707106781186548,-0.707106781186548,0.));
#4043=DIRECTION('',(0.,0.,1.));
#4044=DIRECTION('',(-0.707106781186548,-0.707106781186548,0.));
#4045=DIRECTION('',(0.,0.,-1.));
#4046=DIRECTION('',(0.,0.,1.));
#4047=DIRECTION('',(-0.707106781186548,-0.707106781186548,0.));
#4048=DIRECTION('',(0.,0.,1.));
#4049=DIRECTION('',(-0.707106781186548,-0.707106781186548,0.));
#4050=DIRECTION('',(0.,0.,1.));
#4051=DIRECTION('',(-0.707106781186548,-0.707106781186548,0.));
#4052=DIRECTION('',(0.,0.,1.));
#4053=DIRECTION('',(-0.707106781186548,-0.707106781186548,0.));
#4054=DIRECTION('',(0.,0.,-1.));
#4055=DIRECTION('',(0.,0.,-1.));
#4056=DIRECTION('',(0.707106781186548,0.707106781186548,0.));
#4057=DIRECTION('',(0.,0.,-1.));
#4058=DIRECTION('',(0.,0.,1.));
#4059=DIRECTION('',(-0.707106781186548,-0.707106781186548,0.));
#4060=DIRECTION('',(0.,0.,1.));
#4061=DIRECTION('',(-0.707106781186548,-0.707106781186548,0.));
#4062=DIRECTION('',(0.,0.,-1.));
#4063=DIRECTION('',(0.707106781186548,0.707106781186548,0.));
#4064=DIRECTION('',(0.,0.,-1.));
#4065=DIRECTION('',(0.,0.,1.));
#4066=DIRECTION('',(-0.707106781186548,-0.707106781186548,0.));
#4067=DIRECTION('',(0.,0.,1.));
#4068=DIRECTION('',(-0.707106781186548,-0.707106781186548,0.));
#4069=DIRECTION('',(0.,0.,-1.));
#4070=DIRECTION('',(0.707106781186548,0.707106781186548,0.));
#4071=DIRECTION('',(0.,0.,1.));
#4072=DIRECTION('',(-0.707106781186548,-0.707106781186548,0.));
#4073=DIRECTION('',(0.,0.,1.));
#4074=DIRECTION('',(-0.707106781186548,-0.707106781186548,0.));
#4075=DIRECTION('',(0.,0.,-1.));
#4076=DIRECTION('',(-1.,0.,0.));
#4077=DIRECTION('',(0.,0.,1.));
#4078=DIRECTION('',(1.,0.,0.));
#4079=DIRECTION('',(0.,0.,-1.));
#4080=DIRECTION('',(0.,0.,1.));
#4081=DIRECTION('',(1.,0.,0.));
#4082=DIRECTION('',(0.,0.,-1.));
#4083=DIRECTION('',(0.,0.,1.));
#4084=DIRECTION('',(-0.5,-0.866025403784439,0.));
#4085=DIRECTION('',(0.,0.,1.));
#4086=DIRECTION('',(-0.5,-0.866025403784439,0.));
#4087=DIRECTION('',(0.,0.,-1.));
#4088=DIRECTION('',(0.,0.,1.));
#4089=DIRECTION('',(-0.5,-0.866025403784439,0.));
#4090=DIRECTION('',(0.,0.,1.));
#4091=DIRECTION('',(-0.5,-0.866025403784439,0.));
#4092=DIRECTION('',(0.,0.,1.));
#4093=DIRECTION('',(-0.5,-0.866025403784439,0.));
#4094=DIRECTION('',(0.,0.,1.));
#4095=DIRECTION('',(-0.5,-0.866025403784439,0.));
#4096=DIRECTION('',(0.,0.,-1.));
#4097=DIRECTION('',(0.,0.,-1.));
#4098=DIRECTION('',(0.5,0.866025403784439,0.));
#4099=DIRECTION('',(0.,0.,-1.));
#4100=DIRECTION('',(0.,0.,1.));
#4101=DIRECTION('',(-0.5,-0.866025403784439,0.));
#4102=DIRECTION('',(0.,0.,1.));
#4103=DIRECTION('',(-0.5,-0.866025403784439,0.));
#4104=DIRECTION('',(0.,0.,-1.));
#4105=DIRECTION('',(0.5,0.866025403784439,0.));
#4106=DIRECTION('',(0.,0.,-1.));
#4107=DIRECTION('',(0.,0.,1.));
#4108=DIRECTION('',(-0.5,-0.866025403784439,0.));
#4109=DIRECTION('',(0.,0.,1.));
#4110=DIRECTION('',(-0.5,-0.866025403784439,0.));
#4111=DIRECTION('',(0.,0.,-1.));
#4112=DIRECTION('',(0.5,0.866025403784439,0.));
#4113=DIRECTION('',(0.,0.,1.));
#4114=DIRECTION('',(-0.5,-0.866025403784439,0.));
#4115=DIRECTION('',(0.,0.,1.));
#4116=DIRECTION('',(-0.5,-0.866025403784439,0.));
#4117=DIRECTION('',(0.,0.,-1.));
#4118=DIRECTION('',(-1.,0.,0.));
#4119=DIRECTION('',(0.,0.,1.));
#4120=DIRECTION('',(1.,0.,0.));
#4121=DIRECTION('',(0.,0.,-1.));
#4122=DIRECTION('',(0.,0.,1.));
#4123=DIRECTION('',(1.,0.,0.));
#4124=DIRECTION('',(0.,0.,-1.));
#4125=DIRECTION('',(0.,0.,1.));
#4126=DIRECTION('',(-0.258819045102521,-0.965925826289068,0.));
#4127=DIRECTION('',(0.,0.,1.));
#4128=DIRECTION('',(-0.258819045102521,-0.965925826289068,0.));
#4129=DIRECTION('',(0.,0.,-1.));
#4130=DIRECTION('',(0.,0.,1.));
#4131=DIRECTION('',(-0.258819045102521,-0.965925826289068,0.));
#4132=DIRECTION('',(0.,0.,1.));
#4133=DIRECTION('',(-0.258819045102521,-0.965925826289068,0.));
#4134=DIRECTION('',(0.,0.,1.));
#4135=DIRECTION('',(-0.258819045102521,-0.965925826289068,0.));
#4136=DIRECTION('',(0.,0.,1.));
#4137=DIRECTION('',(-0.258819045102521,-0.965925826289068,0.));
#4138=DIRECTION('',(0.,0.,-1.));
#4139=DIRECTION('',(0.,0.,-1.));
#4140=DIRECTION('',(0.258819045102521,0.965925826289068,0.));
#4141=DIRECTION('',(0.,0.,-1.));
#4142=DIRECTION('',(0.,0.,1.));
#4143=DIRECTION('',(-0.258819045102521,-0.965925826289068,0.));
#4144=DIRECTION('',(0.,0.,1.));
#4145=DIRECTION('',(-0.258819045102521,-0.965925826289068,0.));
#4146=DIRECTION('',(0.,0.,-1.));
#4147=DIRECTION('',(0.258819045102521,0.965925826289068,0.));
#4148=DIRECTION('',(0.,0.,-1.));
#4149=DIRECTION('',(0.,0.,1.));
#4150=DIRECTION('',(-0.258819045102521,-0.965925826289068,0.));
#4151=DIRECTION('',(0.,0.,1.));
#4152=DIRECTION('',(-0.258819045102521,-0.965925826289068,0.));
#4153=DIRECTION('',(0.,0.,-1.));
#4154=DIRECTION('',(0.258819045102521,0.965925826289068,0.));
#4155=DIRECTION('',(0.,0.,1.));
#4156=DIRECTION('',(-0.258819045102521,-0.965925826289068,0.));
#4157=DIRECTION('',(0.,0.,1.));
#4158=DIRECTION('',(-0.258819045102521,-0.965925826289068,0.));
#4159=DIRECTION('',(0.,0.,-1.));
#4160=DIRECTION('',(-1.,0.,0.));
#4161=DIRECTION('',(0.,0.,1.));
#4162=DIRECTION('',(1.,0.,0.));
#4163=DIRECTION('',(0.,0.,-1.));
#4164=DIRECTION('',(0.,0.,1.));
#4165=DIRECTION('',(1.,0.,0.));
#4166=DIRECTION('',(0.,0.,-1.));
#4167=DIRECTION('',(0.,0.,1.));
#4168=DIRECTION('',(6.12323399573677E-17,-1.,0.));
#4169=DIRECTION('',(0.,0.,1.));
#4170=DIRECTION('',(6.12323399573677E-17,-1.,0.));
#4171=DIRECTION('',(0.,0.,-1.));
#4172=DIRECTION('',(0.,0.,1.));
#4173=DIRECTION('',(6.12323399573677E-17,-1.,0.));
#4174=DIRECTION('',(0.,0.,1.));
#4175=DIRECTION('',(6.12323399573677E-17,-1.,0.));
#4176=DIRECTION('',(0.,0.,1.));
#4177=DIRECTION('',(6.12323399573677E-17,-1.,0.));
#4178=DIRECTION('',(0.,0.,1.));
#4179=DIRECTION('',(6.12323399573677E-17,-1.,0.));
#4180=DIRECTION('',(0.,0.,-1.));
#4181=DIRECTION('',(0.,0.,-1.));
#4182=DIRECTION('',(-6.12323399573677E-17,1.,0.));
#4183=DIRECTION('',(0.,0.,-1.));
#4184=DIRECTION('',(0.,0.,1.));
#4185=DIRECTION('',(6.12323399573677E-17,-1.,0.));
#4186=DIRECTION('',(0.,0.,1.));
#4187=DIRECTION('',(6.12323399573677E-17,-1.,0.));
#4188=DIRECTION('',(0.,0.,-1.));
#4189=DIRECTION('',(-6.12323399573677E-17,1.,0.));
#4190=DIRECTION('',(0.,0.,-1.));
#4191=DIRECTION('',(0.,0.,1.));
#4192=DIRECTION('',(6.12323399573677E-17,-1.,0.));
#4193=DIRECTION('',(0.,0.,1.));
#4194=DIRECTION('',(6.12323399573677E-17,-1.,0.));
#4195=DIRECTION('',(0.,0.,-1.));
#4196=DIRECTION('',(-6.12323399573677E-17,1.,0.));
#4197=DIRECTION('',(0.,0.,1.));
#4198=DIRECTION('',(6.12323399573677E-17,-1.,0.));
#4199=DIRECTION('',(0.,0.,1.));
#4200=DIRECTION('',(6.12323399573677E-17,-1.,0.));
#4201=DIRECTION('',(0.,0.,-1.));
#4202=DIRECTION('',(-1.,0.,0.));
#4203=DIRECTION('',(0.,0.,1.));
#4204=DIRECTION('',(1.,0.,0.));
#4205=DIRECTION('',(0.,0.,-1.));
#4206=DIRECTION('',(0.,0.,1.));
#4207=DIRECTION('',(1.,0.,0.));
#4208=DIRECTION('',(0.,0.,-1.));
#4209=DIRECTION('',(0.,0.,1.));
#4210=DIRECTION('',(0.258819045102521,-0.965925826289068,0.));
#4211=DIRECTION('',(0.,0.,1.));
#4212=DIRECTION('',(0.258819045102521,-0.965925826289068,0.));
#4213=DIRECTION('',(0.,0.,-1.));
#4214=DIRECTION('',(0.,0.,1.));
#4215=DIRECTION('',(0.258819045102521,-0.965925826289068,0.));
#4216=DIRECTION('',(0.,0.,1.));
#4217=DIRECTION('',(0.258819045102521,-0.965925826289068,0.));
#4218=DIRECTION('',(0.,0.,1.));
#4219=DIRECTION('',(0.258819045102521,-0.965925826289068,0.));
#4220=DIRECTION('',(0.,0.,1.));
#4221=DIRECTION('',(0.258819045102521,-0.965925826289068,0.));
#4222=DIRECTION('',(0.,0.,-1.));
#4223=DIRECTION('',(0.,0.,-1.));
#4224=DIRECTION('',(-0.258819045102521,0.965925826289068,0.));
#4225=DIRECTION('',(0.,0.,-1.));
#4226=DIRECTION('',(0.,0.,1.));
#4227=DIRECTION('',(0.258819045102521,-0.965925826289068,0.));
#4228=DIRECTION('',(0.,0.,1.));
#4229=DIRECTION('',(0.258819045102521,-0.965925826289068,0.));
#4230=DIRECTION('',(0.,0.,-1.));
#4231=DIRECTION('',(-0.258819045102521,0.965925826289068,0.));
#4232=DIRECTION('',(0.,0.,-1.));
#4233=DIRECTION('',(0.,0.,1.));
#4234=DIRECTION('',(0.258819045102521,-0.965925826289068,0.));
#4235=DIRECTION('',(0.,0.,1.));
#4236=DIRECTION('',(0.258819045102521,-0.965925826289068,0.));
#4237=DIRECTION('',(0.,0.,-1.));
#4238=DIRECTION('',(-0.258819045102521,0.965925826289068,0.));
#4239=DIRECTION('',(0.,0.,1.));
#4240=DIRECTION('',(0.258819045102521,-0.965925826289068,0.));
#4241=DIRECTION('',(0.,0.,1.));
#4242=DIRECTION('',(0.258819045102521,-0.965925826289068,0.));
#4243=DIRECTION('',(0.,0.,-1.));
#4244=DIRECTION('',(-1.,0.,0.));
#4245=DIRECTION('',(0.,0.,1.));
#4246=DIRECTION('',(1.,0.,0.));
#4247=DIRECTION('',(0.,0.,-1.));
#4248=DIRECTION('',(0.,0.,1.));
#4249=DIRECTION('',(1.,0.,0.));
#4250=DIRECTION('',(0.,0.,-1.));
#4251=DIRECTION('',(0.,0.,1.));
#4252=DIRECTION('',(0.5,-0.866025403784439,0.));
#4253=DIRECTION('',(0.,0.,1.));
#4254=DIRECTION('',(0.5,-0.866025403784439,0.));
#4255=DIRECTION('',(0.,0.,-1.));
#4256=DIRECTION('',(0.,0.,1.));
#4257=DIRECTION('',(0.5,-0.866025403784439,0.));
#4258=DIRECTION('',(0.,0.,1.));
#4259=DIRECTION('',(0.5,-0.866025403784439,0.));
#4260=DIRECTION('',(0.,0.,1.));
#4261=DIRECTION('',(0.5,-0.866025403784439,0.));
#4262=DIRECTION('',(0.,0.,1.));
#4263=DIRECTION('',(0.5,-0.866025403784439,0.));
#4264=DIRECTION('',(0.,0.,-1.));
#4265=DIRECTION('',(0.,0.,-1.));
#4266=DIRECTION('',(-0.5,0.866025403784439,0.));
#4267=DIRECTION('',(0.,0.,-1.));
#4268=DIRECTION('',(0.,0.,1.));
#4269=DIRECTION('',(0.5,-0.866025403784439,0.));
#4270=DIRECTION('',(0.,0.,1.));
#4271=DIRECTION('',(0.5,-0.866025403784439,0.));
#4272=DIRECTION('',(0.,0.,-1.));
#4273=DIRECTION('',(-0.5,0.866025403784439,0.));
#4274=DIRECTION('',(0.,0.,-1.));
#4275=DIRECTION('',(0.,0.,1.));
#4276=DIRECTION('',(0.5,-0.866025403784439,0.));
#4277=DIRECTION('',(0.,0.,1.));
#4278=DIRECTION('',(0.5,-0.866025403784439,0.));
#4279=DIRECTION('',(0.,0.,-1.));
#4280=DIRECTION('',(-0.5,0.866025403784439,0.));
#4281=DIRECTION('',(0.,0.,1.));
#4282=DIRECTION('',(0.5,-0.866025403784439,0.));
#4283=DIRECTION('',(0.,0.,1.));
#4284=DIRECTION('',(0.5,-0.866025403784439,0.));
#4285=DIRECTION('',(0.,0.,-1.));
#4286=DIRECTION('',(-1.,0.,0.));
#4287=DIRECTION('',(0.,0.,1.));
#4288=DIRECTION('',(1.,0.,0.));
#4289=DIRECTION('',(0.,0.,-1.));
#4290=DIRECTION('',(0.,0.,1.));
#4291=DIRECTION('',(1.,0.,0.));
#4292=DIRECTION('',(0.,0.,-1.));
#4293=DIRECTION('',(0.,0.,1.));
#4294=DIRECTION('',(0.707106781186548,-0.707106781186548,0.));
#4295=DIRECTION('',(0.,0.,1.));
#4296=DIRECTION('',(0.707106781186548,-0.707106781186548,0.));
#4297=DIRECTION('',(0.,0.,-1.));
#4298=DIRECTION('',(0.,0.,1.));
#4299=DIRECTION('',(0.707106781186548,-0.707106781186548,0.));
#4300=DIRECTION('',(0.,0.,1.));
#4301=DIRECTION('',(0.707106781186548,-0.707106781186548,0.));
#4302=DIRECTION('',(0.,0.,1.));
#4303=DIRECTION('',(0.707106781186548,-0.707106781186548,0.));
#4304=DIRECTION('',(0.,0.,1.));
#4305=DIRECTION('',(0.707106781186548,-0.707106781186548,0.));
#4306=DIRECTION('',(0.,0.,-1.));
#4307=DIRECTION('',(0.,0.,-1.));
#4308=DIRECTION('',(-0.707106781186548,0.707106781186548,0.));
#4309=DIRECTION('',(0.,0.,-1.));
#4310=DIRECTION('',(0.,0.,1.));
#4311=DIRECTION('',(0.707106781186548,-0.707106781186548,0.));
#4312=DIRECTION('',(0.,0.,1.));
#4313=DIRECTION('',(0.707106781186548,-0.707106781186548,0.));
#4314=DIRECTION('',(0.,0.,-1.));
#4315=DIRECTION('',(-0.707106781186548,0.707106781186548,0.));
#4316=DIRECTION('',(0.,0.,-1.));
#4317=DIRECTION('',(0.,0.,1.));
#4318=DIRECTION('',(0.707106781186548,-0.707106781186548,0.));
#4319=DIRECTION('',(0.,0.,1.));
#4320=DIRECTION('',(0.707106781186548,-0.707106781186548,0.));
#4321=DIRECTION('',(0.,0.,-1.));
#4322=DIRECTION('',(-0.707106781186548,0.707106781186548,0.));
#4323=DIRECTION('',(0.,0.,1.));
#4324=DIRECTION('',(0.707106781186548,-0.707106781186548,0.));
#4325=DIRECTION('',(0.,0.,1.));
#4326=DIRECTION('',(0.707106781186548,-0.707106781186548,0.));
#4327=DIRECTION('',(0.,0.,-1.));
#4328=DIRECTION('',(-1.,0.,0.));
#4329=DIRECTION('',(0.,0.,1.));
#4330=DIRECTION('',(1.,0.,0.));
#4331=DIRECTION('',(0.,0.,-1.));
#4332=DIRECTION('',(0.,0.,1.));
#4333=DIRECTION('',(1.,0.,0.));
#4334=DIRECTION('',(0.,0.,-1.));
#4335=DIRECTION('',(0.,0.,1.));
#4336=DIRECTION('',(0.866025403784439,-0.5,0.));
#4337=DIRECTION('',(0.,0.,1.));
#4338=DIRECTION('',(0.866025403784439,-0.5,0.));
#4339=DIRECTION('',(0.,0.,-1.));
#4340=DIRECTION('',(0.,0.,1.));
#4341=DIRECTION('',(0.866025403784439,-0.5,0.));
#4342=DIRECTION('',(0.,0.,1.));
#4343=DIRECTION('',(0.866025403784439,-0.5,0.));
#4344=DIRECTION('',(0.,0.,1.));
#4345=DIRECTION('',(0.866025403784439,-0.5,0.));
#4346=DIRECTION('',(0.,0.,1.));
#4347=DIRECTION('',(0.866025403784439,-0.5,0.));
#4348=DIRECTION('',(0.,0.,-1.));
#4349=DIRECTION('',(0.,0.,-1.));
#4350=DIRECTION('',(-0.866025403784439,0.5,0.));
#4351=DIRECTION('',(0.,0.,-1.));
#4352=DIRECTION('',(0.,0.,1.));
#4353=DIRECTION('',(0.866025403784439,-0.5,0.));
#4354=DIRECTION('',(0.,0.,1.));
#4355=DIRECTION('',(0.866025403784439,-0.5,0.));
#4356=DIRECTION('',(0.,0.,-1.));
#4357=DIRECTION('',(-0.866025403784439,0.5,0.));
#4358=DIRECTION('',(0.,0.,-1.));
#4359=DIRECTION('',(0.,0.,1.));
#4360=DIRECTION('',(0.866025403784439,-0.5,0.));
#4361=DIRECTION('',(0.,0.,1.));
#4362=DIRECTION('',(0.866025403784439,-0.5,0.));
#4363=DIRECTION('',(0.,0.,-1.));
#4364=DIRECTION('',(-0.866025403784439,0.5,0.));
#4365=DIRECTION('',(0.,0.,1.));
#4366=DIRECTION('',(0.866025403784439,-0.5,0.));
#4367=DIRECTION('',(0.,0.,1.));
#4368=DIRECTION('',(0.866025403784439,-0.5,0.));
#4369=DIRECTION('',(0.,0.,-1.));
#4370=DIRECTION('',(-1.,0.,0.));
#4371=DIRECTION('',(0.,0.,1.));
#4372=DIRECTION('',(1.,0.,0.));
#4373=DIRECTION('',(0.,0.,-1.));
#4374=DIRECTION('',(0.,0.,1.));
#4375=DIRECTION('',(1.,0.,0.));
#4376=DIRECTION('',(0.,0.,-1.));
#4377=DIRECTION('',(0.,0.,1.));
#4378=DIRECTION('',(0.965925826289068,-0.258819045102521,0.));
#4379=DIRECTION('',(0.,0.,1.));
#4380=DIRECTION('',(0.965925826289068,-0.258819045102521,0.));
#4381=DIRECTION('',(0.,0.,-1.));
#4382=DIRECTION('',(0.,0.,1.));
#4383=DIRECTION('',(0.965925826289068,-0.258819045102521,0.));
#4384=DIRECTION('',(0.,0.,1.));
#4385=DIRECTION('',(0.965925826289068,-0.258819045102521,0.));
#4386=DIRECTION('',(0.,0.,1.));
#4387=DIRECTION('',(0.965925826289068,-0.258819045102521,0.));
#4388=DIRECTION('',(0.,0.,1.));
#4389=DIRECTION('',(0.965925826289068,-0.258819045102521,0.));
#4390=DIRECTION('',(0.,0.,-1.));
#4391=DIRECTION('',(0.,0.,-1.));
#4392=DIRECTION('',(-0.965925826289068,0.258819045102521,0.));
#4393=DIRECTION('',(0.,0.,-1.));
#4394=DIRECTION('',(0.,0.,1.));
#4395=DIRECTION('',(0.965925826289068,-0.258819045102521,0.));
#4396=DIRECTION('',(0.,0.,1.));
#4397=DIRECTION('',(0.965925826289068,-0.258819045102521,0.));
#4398=DIRECTION('',(0.,0.,-1.));
#4399=DIRECTION('',(-0.965925826289068,0.258819045102521,0.));
#4400=DIRECTION('',(0.,0.,-1.));
#4401=DIRECTION('',(0.,0.,1.));
#4402=DIRECTION('',(0.965925826289068,-0.258819045102521,0.));
#4403=DIRECTION('',(0.,0.,1.));
#4404=DIRECTION('',(0.965925826289068,-0.258819045102521,0.));
#4405=DIRECTION('',(0.,0.,-1.));
#4406=DIRECTION('',(-0.965925826289068,0.258819045102521,0.));
#4407=DIRECTION('',(0.,0.,1.));
#4408=DIRECTION('',(0.965925826289068,-0.258819045102521,0.));
#4409=DIRECTION('',(0.,0.,1.));
#4410=DIRECTION('',(0.965925826289068,-0.258819045102521,0.));
#4411=DIRECTION('',(0.,0.,-1.));
#4412=DIRECTION('',(-1.,0.,0.));
#4413=DIRECTION('',(0.,0.,1.));
#4414=DIRECTION('',(1.,0.,0.));
#4415=DIRECTION('',(0.,0.,-1.));
#4416=DIRECTION('',(0.,0.,1.));
#4417=DIRECTION('',(1.,0.,0.));
#4418=DIRECTION('',(0.,0.,-1.));
#4419=DIRECTION('',(-1.,0.,0.));
#4420=DIRECTION('',(0.,0.,-1.));
#4421=DIRECTION('',(0.,0.,1.));
#4422=DIRECTION('',(1.,0.,0.));
#4423=DIRECTION('',(0.,0.,-1.));
#4424=DIRECTION('',(0.,0.,1.));
#4425=DIRECTION('',(1.,0.,0.));
#4426=DIRECTION('',(0.,0.,-1.));
#4427=DIRECTION('',(-1.,0.,0.));
#4428=DIRECTION('',(0.,0.,-1.));
#4429=DIRECTION('',(0.,0.,1.));
#4430=DIRECTION('',(1.,0.,0.));
#4431=DIRECTION('',(0.,0.,1.));
#4432=DIRECTION('',(1.,0.,0.));
#4433=DIRECTION('',(0.,0.,-1.));
#4434=DIRECTION('',(-1.,0.,0.));
#4435=DIRECTION('',(0.,0.,1.));
#4436=DIRECTION('',(1.,0.,0.));
#4437=DIRECTION('',(0.,0.,-1.));
#4438=DIRECTION('',(0.,0.,1.));
#4439=DIRECTION('',(1.,0.,0.));
#4440=DIRECTION('',(0.,0.,1.));
#4441=DIRECTION('',(1.,0.,0.));
#4442=DIRECTION('',(0.,0.,1.));
#4443=DIRECTION('',(1.,0.,0.));
#4444=DIRECTION('',(0.,0.,1.));
#4445=DIRECTION('',(1.,0.,0.));
#4446=DIRECTION('',(0.,0.,1.));
#4447=DIRECTION('',(1.,0.,0.));
#4448=DIRECTION('',(0.,0.,1.));
#4449=DIRECTION('',(1.,0.,0.));
#4450=DIRECTION('',(0.,0.,1.));
#4451=DIRECTION('',(1.,0.,0.));
#4452=DIRECTION('',(0.,0.,1.));
#4453=DIRECTION('',(1.,0.,0.));
#4454=DIRECTION('',(0.,0.,1.));
#4455=DIRECTION('',(1.,0.,0.));
#4456=DIRECTION('',(0.,0.,1.));
#4457=DIRECTION('',(1.,0.,0.));
#4458=DIRECTION('',(0.,0.,1.));
#4459=DIRECTION('',(1.,0.,0.));
#4460=DIRECTION('',(0.,0.,-1.));
#4461=DIRECTION('',(-1.,0.,0.));
#4462=DIRECTION('',(0.,0.,1.));
#4463=DIRECTION('',(1.,0.,0.));
#4464=DIRECTION('',(0.,0.,1.));
#4465=DIRECTION('',(1.,0.,0.));
#4466=DIRECTION('',(0.,0.,1.));
#4467=DIRECTION('',(1.,0.,0.));
#4468=DIRECTION('',(0.,0.,1.));
#4469=DIRECTION('',(1.,0.,0.));
#4470=DIRECTION('',(0.,0.,1.));
#4471=DIRECTION('',(1.,0.,0.));
#4472=DIRECTION('',(0.,0.,1.));
#4473=DIRECTION('',(1.,0.,0.));
#4474=DIRECTION('',(0.,0.,1.));
#4475=DIRECTION('',(1.,0.,0.));
#4476=DIRECTION('',(0.,0.,1.));
#4477=DIRECTION('',(1.,0.,0.));
#4478=DIRECTION('',(0.,0.,1.));
#4479=DIRECTION('',(1.,0.,0.));
#4480=DIRECTION('',(0.,0.,-1.));
#4481=DIRECTION('',(1.,0.,0.));
#4482=DIRECTION('',(0.,0.,1.));
#4483=DIRECTION('',(1.,0.,0.));
#4484=DIRECTION('',(0.,0.,-1.));
#4485=DIRECTION('',(1.,0.,0.));
#4486=DIRECTION('',(0.,0.,1.));
#4487=DIRECTION('',(1.,0.,0.));
#4488=DIRECTION('',(0.,0.,1.));
#4489=DIRECTION('',(-1.,0.,0.));
#4490=DIRECTION('',(0.,0.,1.));
#4491=DIRECTION('',(1.,0.,0.));
#4492=DIRECTION('',(0.,0.,-1.));
#4493=DIRECTION('',(1.,0.,0.));
#4494=DIRECTION('',(0.,0.,-1.));
#4495=DIRECTION('',(-1.,0.,0.));
#4496=DIRECTION('',(0.,0.,-1.));
#4497=DIRECTION('',(-1.,0.,0.));
#4498=DIRECTION('',(0.,0.,-1.));
#4499=DIRECTION('',(-1.,0.,0.));
#4500=DIRECTION('',(0.,0.,-1.));
#4501=DIRECTION('',(-1.,0.,0.));
#4502=DIRECTION('',(0.,0.,-1.));
#4503=DIRECTION('',(-1.,0.,0.));
#4504=DIRECTION('',(0.,0.,-1.));
#4505=DIRECTION('',(-1.,0.,0.));
#4506=DIRECTION('',(0.,0.,-1.));
#4507=DIRECTION('',(-1.,0.,0.));
#4508=DIRECTION('',(0.,0.,1.));
#4509=DIRECTION('',(1.,0.,0.));
#4510=DIRECTION('',(0.,0.,1.));
#4511=DIRECTION('',(1.,0.,0.));
#4512=DIRECTION('',(0.,0.,1.));
#4513=DIRECTION('',(1.,0.,0.));
#4514=DIRECTION('',(0.,0.,1.));
#4515=DIRECTION('',(1.,0.,0.));
#4516=DIRECTION('',(0.,0.,1.));
#4517=DIRECTION('',(1.,0.,0.));
#4518=DIRECTION('',(0.,0.,1.));
#4519=DIRECTION('',(1.,0.,0.));
#4520=DIRECTION('',(0.,0.,1.));
#4521=DIRECTION('',(1.,0.,0.));
#4522=CARTESIAN_POINT('',(0.,0.,0.));
#4523=CARTESIAN_POINT('',(-9.75781955236954E-19,2.37657116208822E-16,0.005));
#4524=CARTESIAN_POINT('',(-9.75781955236954E-19,2.37657116208822E-16,0.005));
#4525=CARTESIAN_POINT('',(-0.00688300870927008,0.0172008009460865,0.005));
#4526=CARTESIAN_POINT('',(-0.00729578085752679,0.0170298251241087,0.005));
#4527=CARTESIAN_POINT('',(-0.00688300870927008,0.0172008009460865,0.005));
#4528=CARTESIAN_POINT('',(-0.00688300870927008,0.0172008009460865,-0.005));
#4529=CARTESIAN_POINT('',(-9.75781955236954E-19,2.37657116208822E-16,-0.005));
#4530=CARTESIAN_POINT('',(-0.00729578085752679,0.0170298251241087,-0.005));
#4531=CARTESIAN_POINT('',(-0.00729578085752679,0.0170298251241087,0.005));
#4532=CARTESIAN_POINT('',(-0.00672325693105612,0.0168015774881616,0.005002));
#4533=CARTESIAN_POINT('',(-0.00672325693105612,0.0168015774881616,0.005));
#4534=CARTESIAN_POINT('',(-0.00632501081758859,0.0169637503376402,0.005));
#4535=CARTESIAN_POINT('',(-0.00632501081758859,0.0169637503376402,0.005002));
#4536=CARTESIAN_POINT('',(-0.00632501081758859,0.0169637503376402,-0.005));
#4537=CARTESIAN_POINT('',(-0.00672325693105612,0.0168015774881616,-0.005));
#4538=CARTESIAN_POINT('',(-0.00257827744561642,0.0179122213939287,0.005));
#4539=CARTESIAN_POINT('',(-0.00257827744561642,0.0179122213939287,0.005));
#4540=CARTESIAN_POINT('',(-0.00263954007634582,0.0183378349393853,0.005));
#4541=CARTESIAN_POINT('',(-0.00300425512157702,0.0178535441446475,0.005));
#4542=CARTESIAN_POINT('',(-0.00263954007634582,0.0183378349393853,0.005));
#4543=CARTESIAN_POINT('',(-0.00263954007634582,0.0183378349393853,-0.005));
#4544=CARTESIAN_POINT('',(-0.00257827744561642,0.0179122213939287,-0.005));
#4545=CARTESIAN_POINT('',(-0.00300425512157702,0.0178535441446475,-0.005));
#4546=CARTESIAN_POINT('',(-0.00300425512157702,0.0178535441446475,0.005002));
#4547=CARTESIAN_POINT('',(-0.0046904397478588,0.0176293765398529,0.005002));
#4548=CARTESIAN_POINT('',(-0.0046353808458208,0.0158653330765629,0.005002));
#4549=CARTESIAN_POINT('',(-0.0046353808458208,0.0158653330765629,0.005));
#4550=CARTESIAN_POINT('',(-0.0046353808458208,0.0158653330765629,-0.005));
#4551=CARTESIAN_POINT('',(-0.0046904397478588,0.0176293765398529,-0.005));
#4552=CARTESIAN_POINT('',(-0.0046904397478588,0.0176293765398529,0.005));
#4553=CARTESIAN_POINT('',(2.21280867919684E-17,-9.28462811992797E-17,0.005002));
#4554=CARTESIAN_POINT('',(-0.00391830896958485,0.0160574719067153,0.005002));
#4555=CARTESIAN_POINT('',(-0.00391830896958485,0.0160574719067153,0.005));
#4556=CARTESIAN_POINT('',(-0.00391830896958485,0.0160574719067153,-0.005));
#4557=CARTESIAN_POINT('',(2.21280867919684E-17,-9.28462811992797E-17,-0.005));
#4558=CARTESIAN_POINT('',(2.21280867919684E-17,-9.28462811992797E-17,0.005));
#4559=CARTESIAN_POINT('',(-0.00475264829336046,0.0176127078103233,0.005002));
#4560=CARTESIAN_POINT('',(-0.00475264829336046,0.0176127078103233,0.005));
#4561=CARTESIAN_POINT('',(-0.00475264829336046,0.0176127078103233,-0.005));
#4562=CARTESIAN_POINT('',(-9.75781955236954E-19,2.37657116208822E-16,0.005));
#4563=CARTESIAN_POINT('',(-9.75781955236954E-19,2.37657116208822E-16,0.005));
#4564=CARTESIAN_POINT('',(-0.0111003707507212,0.0148332441251167,0.005));
#4565=CARTESIAN_POINT('',(-0.0114548262301152,0.0145612608697406,0.005));
#4566=CARTESIAN_POINT('',(-0.0111003707507212,0.0148332441251167,0.005));
#4567=CARTESIAN_POINT('',(-0.0111003707507212,0.0148332441251167,-0.005));
#4568=CARTESIAN_POINT('',(-9.75781955236954E-19,2.37657116208822E-16,-0.005));
#4569=CARTESIAN_POINT('',(-0.0114548262301152,0.0145612608697406,-0.005));
#4570=CARTESIAN_POINT('',(-0.0114548262301152,0.0145612608697406,0.005));
#4571=CARTESIAN_POINT('',(-0.0108427357481861,0.0144889706793374,0.005002));
#4572=CARTESIAN_POINT('',(-0.0108427357481861,0.0144889706793374,0.005));
#4573=CARTESIAN_POINT('',(-0.0105000329640121,0.0147486913017752,0.005));
#4574=CARTESIAN_POINT('',(-0.0105000329640121,0.0147486913017752,0.005002));
#4575=CARTESIAN_POINT('',(-0.0105000329640121,0.0147486913017752,-0.005));
#4576=CARTESIAN_POINT('',(-0.0108427357481861,0.0144889706793374,-0.005));
#4577=CARTESIAN_POINT('',(-0.00712644880890109,0.0166345699441195,0.005));
#4578=CARTESIAN_POINT('',(-0.00712644880890109,0.0166345699441195,0.005));
#4579=CARTESIAN_POINT('',(-0.00752272485790582,0.0164676409382961,0.005));
#4580=CARTESIAN_POINT('',(-0.00712644880890109,0.0166345699441195,-0.005));
#4581=CARTESIAN_POINT('',(-0.00752272485790582,0.0164676409382961,-0.005));
#4582=CARTESIAN_POINT('',(-0.00752272485790582,0.0164676409382961,0.005002));
#4583=CARTESIAN_POINT('',(-0.00909343529090709,0.0158146949645668,0.005002));
#4584=CARTESIAN_POINT('',(-0.00858368443077341,0.0141250101171284,0.005002));
#4585=CARTESIAN_POINT('',(-0.00858368443077341,0.0141250101171284,0.005));
#4586=CARTESIAN_POINT('',(-0.00858368443077341,0.0141250101171284,-0.005));
#4587=CARTESIAN_POINT('',(-0.00909343529090709,0.0158146949645668,-0.005));
#4588=CARTESIAN_POINT('',(-0.00909343529090709,0.0158146949645668,0.005));
#4589=CARTESIAN_POINT('',(4.5404476360046E-17,-8.39554505918385E-17,0.005002));
#4590=CARTESIAN_POINT('',(-0.00794077537475874,0.0144961938336829,0.005002));
#4591=CARTESIAN_POINT('',(-0.00794077537475874,0.0144961938336829,0.005));
#4592=CARTESIAN_POINT('',(-0.00794077537475874,0.0144961938336829,-0.005));
#4593=CARTESIAN_POINT('',(4.5404476360046E-17,-8.39554505918385E-17,-0.005));
#4594=CARTESIAN_POINT('',(4.5404476360046E-17,-8.39554505918385E-17,0.005));
#4595=CARTESIAN_POINT('',(-0.00914920994696313,0.0157824934518789,0.005002));
#4596=CARTESIAN_POINT('',(-0.00914920994696313,0.0157824934518789,0.005));
#4597=CARTESIAN_POINT('',(-0.00914920994696313,0.0157824934518789,-0.005));
#4598=CARTESIAN_POINT('',(-9.75781955236954E-19,2.37657116208822E-16,0.005));
#4599=CARTESIAN_POINT('',(-9.75781955236954E-19,2.37657116208822E-16,0.005));
#4600=CARTESIAN_POINT('',(-0.0145612608697406,0.0114548262301152,0.005));
#4601=CARTESIAN_POINT('',(-0.0148332441251167,0.0111003707507212,0.005));
#4602=CARTESIAN_POINT('',(-0.0145612608697406,0.0114548262301152,0.005));
#4603=CARTESIAN_POINT('',(-0.0145612608697406,0.0114548262301152,-0.005));
#4604=CARTESIAN_POINT('',(-9.75781955236954E-19,2.37657116208822E-16,-0.005));
#4605=CARTESIAN_POINT('',(-0.0148332441251167,0.0111003707507212,-0.005));
#4606=CARTESIAN_POINT('',(-0.0148332441251167,0.0111003707507212,0.005));
#4607=CARTESIAN_POINT('',(-0.0142233000425452,0.0111889644628726,0.005002));
#4608=CARTESIAN_POINT('',(-0.0142233000425452,0.0111889644628726,0.005));
#4609=CARTESIAN_POINT('',(-0.0139594952160632,0.011528533327059,0.005));
#4610=CARTESIAN_POINT('',(-0.0139594952160632,0.011528533327059,0.005002));
#4611=CARTESIAN_POINT('',(-0.0139594952160632,0.011528533327059,-0.005));
#4612=CARTESIAN_POINT('',(-0.0142233000425452,0.0111889644628726,-0.005));
#4613=CARTESIAN_POINT('',(-0.0111889644628726,0.0142233000425452,0.005));
#4614=CARTESIAN_POINT('',(-0.0111889644628726,0.0142233000425452,0.005));
#4615=CARTESIAN_POINT('',(-0.011528533327059,0.0139594952160632,0.005));
#4616=CARTESIAN_POINT('',(-0.0111889644628726,0.0142233000425452,-0.005));
#4617=CARTESIAN_POINT('',(-0.011528533327059,0.0139594952160632,-0.005));
#4618=CARTESIAN_POINT('',(-0.011528533327059,0.0139594952160632,0.005002));
#4619=CARTESIAN_POINT('',(-0.0128767282464924,0.0129222680624646,0.005002));
#4620=CARTESIAN_POINT('',(-0.011947024106978,0.0114220910608946,0.005002));
#4621=CARTESIAN_POINT('',(-0.011947024106978,0.0114220910608946,0.005));
#4622=CARTESIAN_POINT('',(-0.011947024106978,0.0114220910608946,-0.005));
#4623=CARTESIAN_POINT('',(-0.0128767282464924,0.0129222680624646,-0.005));
#4624=CARTESIAN_POINT('',(-0.0128767282464924,0.0129222680624646,0.005));
#4625=CARTESIAN_POINT('',(6.55866258986314E-17,-6.93431947695056E-17,0.005002));
#4626=CARTESIAN_POINT('',(-0.0114220910608946,0.011947024106978,0.005002));
#4627=CARTESIAN_POINT('',(-0.0114220910608946,0.011947024106978,0.005));
#4628=CARTESIAN_POINT('',(-0.0114220910608946,0.011947024106978,-0.005));
#4629=CARTESIAN_POINT('',(6.55866258986314E-17,-6.93431947695056E-17,-0.005));
#4630=CARTESIAN_POINT('',(6.55866258986314E-17,-6.93431947695056E-17,0.005));
#4631=CARTESIAN_POINT('',(-0.0129222680624646,0.0128767282464924,0.005002));
#4632=CARTESIAN_POINT('',(-0.0129222680624646,0.0128767282464924,0.005));
#4633=CARTESIAN_POINT('',(-0.0129222680624646,0.0128767282464924,-0.005));
#4634=CARTESIAN_POINT('',(-9.75781955236954E-19,2.37657116208822E-16,0.005));
#4635=CARTESIAN_POINT('',(-9.75781955236954E-19,2.37657116208822E-16,0.005));
#4636=CARTESIAN_POINT('',(-0.0170298251241087,0.00729578085752677,0.005));
#4637=CARTESIAN_POINT('',(-0.0172008009460865,0.00688300870927006,0.005));
#4638=CARTESIAN_POINT('',(-0.0170298251241087,0.00729578085752677,0.005));
#4639=CARTESIAN_POINT('',(-0.0170298251241087,0.00729578085752677,-0.005));
#4640=CARTESIAN_POINT('',(-9.75781955236954E-19,2.37657116208822E-16,-0.005));
#4641=CARTESIAN_POINT('',(-0.0172008009460865,0.00688300870927006,-0.005));
#4642=CARTESIAN_POINT('',(-0.0172008009460865,0.00688300870927006,0.005));
#4643=CARTESIAN_POINT('',(-0.0166345699441195,0.00712644880890106,0.005002));
#4644=CARTESIAN_POINT('',(-0.0166345699441195,0.00712644880890106,0.005));
#4645=CARTESIAN_POINT('',(-0.0164676409382961,0.0075227248579058,0.005));
#4646=CARTESIAN_POINT('',(-0.0164676409382961,0.0075227248579058,0.005002));
#4647=CARTESIAN_POINT('',(-0.0164676409382961,0.0075227248579058,-0.005));
#4648=CARTESIAN_POINT('',(-0.0166345699441195,0.00712644880890106,-0.005));
#4649=CARTESIAN_POINT('',(-0.0144889706793375,0.0108427357481861,0.005));
#4650=CARTESIAN_POINT('',(-0.0144889706793375,0.0108427357481861,0.005));
#4651=CARTESIAN_POINT('',(-0.0147486913017752,0.0105000329640121,0.005));
#4652=CARTESIAN_POINT('',(-0.0144889706793375,0.0108427357481861,-0.005));
#4653=CARTESIAN_POINT('',(-0.0147486913017752,0.0105000329640121,-0.005));
#4654=CARTESIAN_POINT('',(-0.0147486913017752,0.0105000329640121,0.005002));
#4655=CARTESIAN_POINT('',(-0.0157824934518789,0.00914920994696311,0.005002));
#4656=CARTESIAN_POINT('',(-0.0144961938336829,0.00794077537475871,0.005002));
#4657=CARTESIAN_POINT('',(-0.0144961938336829,0.00794077537475871,0.005));
#4658=CARTESIAN_POINT('',(-0.0144961938336829,0.00794077537475871,-0.005));
#4659=CARTESIAN_POINT('',(-0.0157824934518789,0.00914920994696311,-0.005));
#4660=CARTESIAN_POINT('',(-0.0157824934518789,0.00914920994696311,0.005));
#4661=CARTESIAN_POINT('',(8.12991552692491E-17,-5.00053148186784E-17,0.005002));
#4662=CARTESIAN_POINT('',(-0.0141250101171284,0.00858368443077338,0.005002));
#4663=CARTESIAN_POINT('',(-0.0141250101171284,0.00858368443077338,0.005));
#4664=CARTESIAN_POINT('',(-0.0141250101171284,0.00858368443077338,-0.005));
#4665=CARTESIAN_POINT('',(8.12991552692491E-17,-5.00053148186784E-17,-0.005));
#4666=CARTESIAN_POINT('',(8.12991552692491E-17,-5.00053148186784E-17,0.005));
#4667=CARTESIAN_POINT('',(-0.0158146949645668,0.00909343529090707,0.005002));
#4668=CARTESIAN_POINT('',(-0.0158146949645668,0.00909343529090707,0.005));
#4669=CARTESIAN_POINT('',(-0.0158146949645668,0.00909343529090707,-0.005));
#4670=CARTESIAN_POINT('',(-9.75781955236954E-19,2.37657116208822E-16,0.005));
#4671=CARTESIAN_POINT('',(-9.75781955236954E-19,2.37657116208822E-16,0.005));
#4672=CARTESIAN_POINT('',(-0.0183378349393853,0.0026395400763458,0.005));
#4673=CARTESIAN_POINT('',(-0.018396151608248,0.0021965809989919,0.005));
#4674=CARTESIAN_POINT('',(-0.0183378349393853,0.0026395400763458,0.005));
#4675=CARTESIAN_POINT('',(-0.0183378349393853,0.0026395400763458,-0.005));
#4676=CARTESIAN_POINT('',(-9.75781955236954E-19,2.37657116208822E-16,-0.005));
#4677=CARTESIAN_POINT('',(-0.018396151608248,0.0021965809989919,-0.005));
#4678=CARTESIAN_POINT('',(-0.018396151608248,0.00219658099899191,0.005));
#4679=CARTESIAN_POINT('',(-0.0179122213939287,0.0025782774456164,0.005002));
#4680=CARTESIAN_POINT('',(-0.0179122213939287,0.0025782774456164,0.005));
#4681=CARTESIAN_POINT('',(-0.0178535441446475,0.00300425512157699,0.005));
#4682=CARTESIAN_POINT('',(-0.0178535441446475,0.00300425512157699,0.005002));
#4683=CARTESIAN_POINT('',(-0.0178535441446475,0.00300425512157699,-0.005));
#4684=CARTESIAN_POINT('',(-0.0179122213939287,0.0025782774456164,-0.005));
#4685=CARTESIAN_POINT('',(-0.0168015774881616,0.0067232569310561,0.005));
#4686=CARTESIAN_POINT('',(-0.0168015774881616,0.0067232569310561,0.005));
#4687=CARTESIAN_POINT('',(-0.0169637503376402,0.00632501081758857,0.005));
#4688=CARTESIAN_POINT('',(-0.0168015774881616,0.0067232569310561,-0.005));
#4689=CARTESIAN_POINT('',(-0.0169637503376402,0.00632501081758857,-0.005));
#4690=CARTESIAN_POINT('',(-0.0169637503376402,0.00632501081758857,0.005002));
#4691=CARTESIAN_POINT('',(-0.0176127078103233,0.00475264829336043,0.005002));
#4692=CARTESIAN_POINT('',(-0.0160574719067153,0.00391830896958483,0.005002));
#4693=CARTESIAN_POINT('',(-0.0160574719067153,0.00391830896958483,0.005));
#4694=CARTESIAN_POINT('',(-0.0160574719067153,0.00391830896958483,-0.005));
#4695=CARTESIAN_POINT('',(-0.0176127078103233,0.00475264829336043,-0.005));
#4696=CARTESIAN_POINT('',(-0.0176127078103233,0.00475264829336043,0.005));
#4697=CARTESIAN_POINT('',(9.14712815614739E-17,-2.72596553006483E-17,0.005002));
#4698=CARTESIAN_POINT('',(-0.0158653330765629,0.00463538084582077,0.005002));
#4699=CARTESIAN_POINT('',(-0.0158653330765629,0.00463538084582077,0.005));
#4700=CARTESIAN_POINT('',(-0.0158653330765629,0.00463538084582077,-0.005));
#4701=CARTESIAN_POINT('',(9.14712815614739E-17,-2.72596553006483E-17,-0.005));
#4702=CARTESIAN_POINT('',(9.14712815614739E-17,-2.72596553006483E-17,0.005));
#4703=CARTESIAN_POINT('',(-0.0176293765398529,0.00469043974785878,0.005002));
#4704=CARTESIAN_POINT('',(-0.0176293765398529,0.00469043974785878,0.005));
#4705=CARTESIAN_POINT('',(-0.0176293765398529,0.00469043974785878,-0.005));
#4706=CARTESIAN_POINT('',(-9.75781955236954E-19,2.37657116208822E-16,0.005));
#4707=CARTESIAN_POINT('',(-9.75781955236954E-19,2.37657116208822E-16,0.005));
#4708=CARTESIAN_POINT('',(-0.018396151608248,-0.00219658099899191,0.005));
#4709=CARTESIAN_POINT('',(-0.0183378349393853,-0.00263954007634582,0.005));
#4710=CARTESIAN_POINT('',(-0.018396151608248,-0.00219658099899191,0.005));
#4711=CARTESIAN_POINT('',(-0.018396151608248,-0.00219658099899191,-0.005));
#4712=CARTESIAN_POINT('',(-9.75781955236954E-19,2.37657116208822E-16,-0.005));
#4713=CARTESIAN_POINT('',(-0.0183378349393853,-0.00263954007634582,-0.005));
#4714=CARTESIAN_POINT('',(-0.0183378349393853,-0.00263954007634582,0.005));
#4715=CARTESIAN_POINT('',(-0.0179691845570871,-0.00214559926478208,0.005002));
#4716=CARTESIAN_POINT('',(-0.0179691845570871,-0.00214559926478208,0.005));
#4717=CARTESIAN_POINT('',(-0.0180227578219179,-0.00171894963652095,0.005));
#4718=CARTESIAN_POINT('',(-0.0180227578219179,-0.00171894963652095,0.005002));
#4719=CARTESIAN_POINT('',(-0.0180227578219179,-0.00171894963652095,-0.005));
#4720=CARTESIAN_POINT('',(-0.0179691845570871,-0.00214559926478208,-0.005));
#4721=CARTESIAN_POINT('',(-0.0179691845570871,0.00214559926478207,0.005));
#4722=CARTESIAN_POINT('',(-0.0179691845570871,0.00214559926478207,0.005));
#4723=CARTESIAN_POINT('',(-0.0180227578219179,0.00171894963652094,0.005));
#4724=CARTESIAN_POINT('',(-0.0179691845570871,0.00214559926478207,-0.005));
#4725=CARTESIAN_POINT('',(-0.0180227578219179,0.00171894963652094,-0.005));
#4726=CARTESIAN_POINT('',(-0.0180227578219179,0.00171894963652094,0.005002));
#4727=CARTESIAN_POINT('',(-0.0182426452378702,3.22015126879088E-5,0.005002));
#4728=CARTESIAN_POINT('',(-0.0165244598055321,-0.000371183716554527,0.005002));
#4729=CARTESIAN_POINT('',(-0.0165244598055321,-0.000371183716554527,0.005));
#4730=CARTESIAN_POINT('',(-0.0165244598055321,-0.000371183716554527,-0.005));
#4731=CARTESIAN_POINT('',(-0.0182426452378702,3.22015126879088E-5,-0.005));
#4732=CARTESIAN_POINT('',(-0.0182426452378702,3.22015126879088E-5,0.005));
#4733=CARTESIAN_POINT('',(9.54097911787244E-17,-2.65629532258947E-18,0.005002));
#4734=CARTESIAN_POINT('',(-0.0165244598055321,0.000371183716554512,0.005002));
#4735=CARTESIAN_POINT('',(-0.0165244598055321,0.000371183716554512,0.005));
#4736=CARTESIAN_POINT('',(-0.0165244598055321,0.000371183716554512,-0.005));
#4737=CARTESIAN_POINT('',(9.54097911787244E-17,-2.65629532258947E-18,-0.005));
#4738=CARTESIAN_POINT('',(9.54097911787244E-17,-2.65629532258947E-18,0.005));
#4739=CARTESIAN_POINT('',(-0.0182426452378702,-3.22015126879155E-5,0.005002));
#4740=CARTESIAN_POINT('',(-0.0182426452378702,-3.22015126879155E-5,0.005));
#4741=CARTESIAN_POINT('',(-0.0182426452378702,-3.22015126879155E-5,-0.005));
#4742=CARTESIAN_POINT('',(-9.75781955236954E-19,2.37657116208822E-16,0.005));
#4743=CARTESIAN_POINT('',(-9.75781955236954E-19,2.37657116208822E-16,0.005));
#4744=CARTESIAN_POINT('',(-0.0172008009460865,-0.00688300870927008,0.005));
#4745=CARTESIAN_POINT('',(-0.0170298251241087,-0.00729578085752679,0.005));
#4746=CARTESIAN_POINT('',(-0.0172008009460865,-0.00688300870927008,0.005));
#4747=CARTESIAN_POINT('',(-0.0172008009460865,-0.00688300870927008,-0.005));
#4748=CARTESIAN_POINT('',(-9.75781955236954E-19,2.37657116208822E-16,-0.005));
#4749=CARTESIAN_POINT('',(-0.0170298251241087,-0.00729578085752679,-0.005));
#4750=CARTESIAN_POINT('',(-0.0170298251241087,-0.00729578085752679,0.005));
#4751=CARTESIAN_POINT('',(-0.0168015774881616,-0.00672325693105612,0.005002));
#4752=CARTESIAN_POINT('',(-0.0168015774881616,-0.00672325693105612,0.005));
#4753=CARTESIAN_POINT('',(-0.0169637503376402,-0.00632501081758859,0.005));
#4754=CARTESIAN_POINT('',(-0.0169637503376402,-0.00632501081758859,0.005002));
#4755=CARTESIAN_POINT('',(-0.0169637503376402,-0.00632501081758859,-0.005));
#4756=CARTESIAN_POINT('',(-0.0168015774881616,-0.00672325693105612,-0.005));
#4757=CARTESIAN_POINT('',(-0.0179122213939287,-0.00257827744561642,0.005));
#4758=CARTESIAN_POINT('',(-0.0179122213939287,-0.00257827744561642,0.005));
#4759=CARTESIAN_POINT('',(-0.0178535441446475,-0.00300425512157702,0.005));
#4760=CARTESIAN_POINT('',(-0.0179122213939287,-0.00257827744561642,-0.005));
#4761=CARTESIAN_POINT('',(-0.0178535441446475,-0.00300425512157702,-0.005));
#4762=CARTESIAN_POINT('',(-0.0178535441446475,-0.00300425512157702,0.005002));
#4763=CARTESIAN_POINT('',(-0.0176293765398529,-0.0046904397478588,0.005002));
#4764=CARTESIAN_POINT('',(-0.0158653330765629,-0.0046353808458208,0.005002));
#4765=CARTESIAN_POINT('',(-0.0158653330765629,-0.0046353808458208,0.005));
#4766=CARTESIAN_POINT('',(-0.0158653330765629,-0.0046353808458208,-0.005));
#4767=CARTESIAN_POINT('',(-0.0176293765398529,-0.0046904397478588,-0.005));
#4768=CARTESIAN_POINT('',(-0.0176293765398529,-0.0046904397478588,0.005));
#4769=CARTESIAN_POINT('',(9.28462811992797E-17,2.21280867919684E-17,0.005002));
#4770=CARTESIAN_POINT('',(-0.0160574719067153,-0.00391830896958485,0.005002));
#4771=CARTESIAN_POINT('',(-0.0160574719067153,-0.00391830896958485,0.005));
#4772=CARTESIAN_POINT('',(-0.0160574719067153,-0.00391830896958485,-0.005));
#4773=CARTESIAN_POINT('',(9.28462811992797E-17,2.21280867919684E-17,-0.005));
#4774=CARTESIAN_POINT('',(9.28462811992797E-17,2.21280867919684E-17,0.005));
#4775=CARTESIAN_POINT('',(-0.0176127078103233,-0.00475264829336046,0.005002));
#4776=CARTESIAN_POINT('',(-0.0176127078103233,-0.00475264829336046,0.005));
#4777=CARTESIAN_POINT('',(-0.0176127078103233,-0.00475264829336046,-0.005));
#4778=CARTESIAN_POINT('',(-9.75781955236954E-19,2.37657116208822E-16,0.005));
#4779=CARTESIAN_POINT('',(-9.75781955236954E-19,2.37657116208822E-16,0.005));
#4780=CARTESIAN_POINT('',(-0.0148332441251167,-0.0111003707507212,0.005));
#4781=CARTESIAN_POINT('',(-0.0145612608697406,-0.0114548262301152,0.005));
#4782=CARTESIAN_POINT('',(-0.0148332441251167,-0.0111003707507212,0.005));
#4783=CARTESIAN_POINT('',(-0.0148332441251167,-0.0111003707507212,-0.005));
#4784=CARTESIAN_POINT('',(-9.75781955236954E-19,2.37657116208822E-16,-0.005));
#4785=CARTESIAN_POINT('',(-0.0145612608697406,-0.0114548262301152,-0.005));
#4786=CARTESIAN_POINT('',(-0.0145612608697406,-0.0114548262301152,0.005));
#4787=CARTESIAN_POINT('',(-0.0144889706793374,-0.0108427357481861,0.005002));
#4788=CARTESIAN_POINT('',(-0.0144889706793374,-0.0108427357481861,0.005));
#4789=CARTESIAN_POINT('',(-0.0147486913017752,-0.0105000329640121,0.005));
#4790=CARTESIAN_POINT('',(-0.0147486913017752,-0.0105000329640121,0.005002));
#4791=CARTESIAN_POINT('',(-0.0147486913017752,-0.0105000329640121,-0.005));
#4792=CARTESIAN_POINT('',(-0.0144889706793374,-0.0108427357481861,-0.005));
#4793=CARTESIAN_POINT('',(-0.0166345699441195,-0.00712644880890109,0.005));
#4794=CARTESIAN_POINT('',(-0.0166345699441195,-0.00712644880890109,0.005));
#4795=CARTESIAN_POINT('',(-0.0164676409382961,-0.00752272485790582,0.005));
#4796=CARTESIAN_POINT('',(-0.0166345699441195,-0.00712644880890109,-0.005));
#4797=CARTESIAN_POINT('',(-0.0164676409382961,-0.00752272485790582,-0.005));
#4798=CARTESIAN_POINT('',(-0.0164676409382961,-0.00752272485790582,0.005002));
#4799=CARTESIAN_POINT('',(-0.0158146949645668,-0.00909343529090709,0.005002));
#4800=CARTESIAN_POINT('',(-0.0141250101171284,-0.00858368443077341,0.005002));
#4801=CARTESIAN_POINT('',(-0.0141250101171284,-0.00858368443077341,0.005));
#4802=CARTESIAN_POINT('',(-0.0141250101171284,-0.00858368443077341,-0.005));
#4803=CARTESIAN_POINT('',(-0.0158146949645668,-0.00909343529090709,-0.005));
#4804=CARTESIAN_POINT('',(-0.0158146949645668,-0.00909343529090709,0.005));
#4805=CARTESIAN_POINT('',(8.39554505918385E-17,4.5404476360046E-17,0.005002));
#4806=CARTESIAN_POINT('',(-0.0144961938336829,-0.00794077537475874,0.005002));
#4807=CARTESIAN_POINT('',(-0.0144961938336829,-0.00794077537475874,0.005));
#4808=CARTESIAN_POINT('',(-0.0144961938336829,-0.00794077537475874,-0.005));
#4809=CARTESIAN_POINT('',(8.39554505918385E-17,4.5404476360046E-17,-0.005));
#4810=CARTESIAN_POINT('',(8.39554505918385E-17,4.5404476360046E-17,0.005));
#4811=CARTESIAN_POINT('',(-0.0157824934518789,-0.00914920994696313,0.005002));
#4812=CARTESIAN_POINT('',(-0.0157824934518789,-0.00914920994696313,0.005));
#4813=CARTESIAN_POINT('',(-0.0157824934518789,-0.00914920994696313,-0.005));
#4814=CARTESIAN_POINT('',(-9.75781955236954E-19,2.37657116208822E-16,0.005));
#4815=CARTESIAN_POINT('',(-9.75781955236954E-19,2.37657116208822E-16,0.005));
#4816=CARTESIAN_POINT('',(-0.0114548262301152,-0.0145612608697406,0.005));
#4817=CARTESIAN_POINT('',(-0.0111003707507212,-0.0148332441251167,0.005));
#4818=CARTESIAN_POINT('',(-0.0114548262301152,-0.0145612608697406,0.005));
#4819=CARTESIAN_POINT('',(-0.0114548262301152,-0.0145612608697406,-0.005));
#4820=CARTESIAN_POINT('',(-9.75781955236954E-19,2.37657116208822E-16,-0.005));
#4821=CARTESIAN_POINT('',(-0.0111003707507212,-0.0148332441251167,-0.005));
#4822=CARTESIAN_POINT('',(-0.0111003707507212,-0.0148332441251167,0.005));
#4823=CARTESIAN_POINT('',(-0.0111889644628726,-0.0142233000425452,0.005002));
#4824=CARTESIAN_POINT('',(-0.0111889644628726,-0.0142233000425452,0.005));
#4825=CARTESIAN_POINT('',(-0.011528533327059,-0.0139594952160632,0.005));
#4826=CARTESIAN_POINT('',(-0.011528533327059,-0.0139594952160632,0.005002));
#4827=CARTESIAN_POINT('',(-0.011528533327059,-0.0139594952160632,-0.005));
#4828=CARTESIAN_POINT('',(-0.0111889644628726,-0.0142233000425452,-0.005));
#4829=CARTESIAN_POINT('',(-0.0142233000425452,-0.0111889644628726,0.005));
#4830=CARTESIAN_POINT('',(-0.0142233000425452,-0.0111889644628726,0.005));
#4831=CARTESIAN_POINT('',(-0.0139594952160632,-0.011528533327059,0.005));
#4832=CARTESIAN_POINT('',(-0.0142233000425452,-0.0111889644628726,-0.005));
#4833=CARTESIAN_POINT('',(-0.0139594952160632,-0.011528533327059,-0.005));
#4834=CARTESIAN_POINT('',(-0.0139594952160632,-0.011528533327059,0.005002));
#4835=CARTESIAN_POINT('',(-0.0129222680624646,-0.0128767282464924,0.005002));
#4836=CARTESIAN_POINT('',(-0.0114220910608946,-0.011947024106978,0.005002));
#4837=CARTESIAN_POINT('',(-0.0114220910608946,-0.011947024106978,0.005));
#4838=CARTESIAN_POINT('',(-0.0114220910608946,-0.011947024106978,-0.005));
#4839=CARTESIAN_POINT('',(-0.0129222680624646,-0.0128767282464924,-0.005));
#4840=CARTESIAN_POINT('',(-0.0129222680624646,-0.0128767282464924,0.005));
#4841=CARTESIAN_POINT('',(6.93431947695056E-17,6.55866258986314E-17,0.005002));
#4842=CARTESIAN_POINT('',(-0.011947024106978,-0.0114220910608946,0.005002));
#4843=CARTESIAN_POINT('',(-0.011947024106978,-0.0114220910608946,0.005));
#4844=CARTESIAN_POINT('',(-0.011947024106978,-0.0114220910608946,-0.005));
#4845=CARTESIAN_POINT('',(6.93431947695056E-17,6.55866258986314E-17,-0.005));
#4846=CARTESIAN_POINT('',(6.93431947695056E-17,6.55866258986314E-17,0.005));
#4847=CARTESIAN_POINT('',(-0.0128767282464924,-0.0129222680624646,0.005002));
#4848=CARTESIAN_POINT('',(-0.0128767282464924,-0.0129222680624646,0.005));
#4849=CARTESIAN_POINT('',(-0.0128767282464924,-0.0129222680624646,-0.005));
#4850=CARTESIAN_POINT('',(-9.75781955236954E-19,2.37657116208822E-16,0.005));
#4851=CARTESIAN_POINT('',(-9.75781955236954E-19,2.37657116208822E-16,0.005));
#4852=CARTESIAN_POINT('',(-0.00729578085752678,-0.0170298251241087,0.005));
#4853=CARTESIAN_POINT('',(-0.00688300870927006,-0.0172008009460865,0.005));
#4854=CARTESIAN_POINT('',(-0.00729578085752677,-0.0170298251241087,0.005));
#4855=CARTESIAN_POINT('',(-0.00729578085752678,-0.0170298251241087,-0.005));
#4856=CARTESIAN_POINT('',(-9.75781955236954E-19,2.37657116208822E-16,-0.005));
#4857=CARTESIAN_POINT('',(-0.00688300870927006,-0.0172008009460865,-0.005));
#4858=CARTESIAN_POINT('',(-0.00688300870927006,-0.0172008009460865,0.005));
#4859=CARTESIAN_POINT('',(-0.00712644880890107,-0.0166345699441195,0.005002));
#4860=CARTESIAN_POINT('',(-0.00712644880890107,-0.0166345699441195,0.005));
#4861=CARTESIAN_POINT('',(-0.00752272485790581,-0.0164676409382961,0.005));
#4862=CARTESIAN_POINT('',(-0.00752272485790581,-0.0164676409382961,0.005002));
#4863=CARTESIAN_POINT('',(-0.00752272485790581,-0.0164676409382961,-0.005));
#4864=CARTESIAN_POINT('',(-0.00712644880890107,-0.0166345699441195,-0.005));
#4865=CARTESIAN_POINT('',(-0.0108427357481861,-0.0144889706793375,0.005));
#4866=CARTESIAN_POINT('',(-0.0108427357481861,-0.0144889706793375,0.005));
#4867=CARTESIAN_POINT('',(-0.0105000329640121,-0.0147486913017752,0.005));
#4868=CARTESIAN_POINT('',(-0.0108427357481861,-0.0144889706793375,-0.005));
#4869=CARTESIAN_POINT('',(-0.0105000329640121,-0.0147486913017752,-0.005));
#4870=CARTESIAN_POINT('',(-0.0105000329640121,-0.0147486913017752,0.005002));
#4871=CARTESIAN_POINT('',(-0.00914920994696311,-0.0157824934518789,0.005002));
#4872=CARTESIAN_POINT('',(-0.00794077537475872,-0.0144961938336829,0.005002));
#4873=CARTESIAN_POINT('',(-0.00794077537475872,-0.0144961938336829,0.005));
#4874=CARTESIAN_POINT('',(-0.00794077537475872,-0.0144961938336829,-0.005));
#4875=CARTESIAN_POINT('',(-0.00914920994696311,-0.0157824934518789,-0.005));
#4876=CARTESIAN_POINT('',(-0.00914920994696311,-0.0157824934518789,0.005));
#4877=CARTESIAN_POINT('',(5.00053148186785E-17,8.1299155269249E-17,0.005002));
#4878=CARTESIAN_POINT('',(-0.00858368443077339,-0.0141250101171284,0.005002));
#4879=CARTESIAN_POINT('',(-0.00858368443077339,-0.0141250101171284,0.005));
#4880=CARTESIAN_POINT('',(-0.00858368443077339,-0.0141250101171284,-0.005));
#4881=CARTESIAN_POINT('',(5.00053148186785E-17,8.1299155269249E-17,-0.005));
#4882=CARTESIAN_POINT('',(5.00053148186785E-17,8.1299155269249E-17,0.005));
#4883=CARTESIAN_POINT('',(-0.00909343529090708,-0.0158146949645668,0.005002));
#4884=CARTESIAN_POINT('',(-0.00909343529090708,-0.0158146949645668,0.005));
#4885=CARTESIAN_POINT('',(-0.00909343529090708,-0.0158146949645668,-0.005));
#4886=CARTESIAN_POINT('',(-9.75781955236954E-19,2.37657116208822E-16,0.005));
#4887=CARTESIAN_POINT('',(-9.75781955236954E-19,2.37657116208822E-16,0.005));
#4888=CARTESIAN_POINT('',(-0.0026395400763458,-0.0183378349393853,0.005));
#4889=CARTESIAN_POINT('',(-0.00219658099899191,-0.018396151608248,0.005));
#4890=CARTESIAN_POINT('',(-0.0026395400763458,-0.0183378349393853,0.005));
#4891=CARTESIAN_POINT('',(-0.0026395400763458,-0.0183378349393853,-0.005));
#4892=CARTESIAN_POINT('',(-9.75781955236954E-19,2.37657116208822E-16,-0.005));
#4893=CARTESIAN_POINT('',(-0.00219658099899191,-0.018396151608248,-0.005));
#4894=CARTESIAN_POINT('',(-0.00219658099899191,-0.018396151608248,0.005));
#4895=CARTESIAN_POINT('',(-0.0025782774456164,-0.0179122213939287,0.005002));
#4896=CARTESIAN_POINT('',(-0.0025782774456164,-0.0179122213939287,0.005));
#4897=CARTESIAN_POINT('',(-0.003004255121577,-0.0178535441446475,0.005));
#4898=CARTESIAN_POINT('',(-0.003004255121577,-0.0178535441446475,0.005002));
#4899=CARTESIAN_POINT('',(-0.003004255121577,-0.0178535441446475,-0.005));
#4900=CARTESIAN_POINT('',(-0.0025782774456164,-0.0179122213939287,-0.005));
#4901=CARTESIAN_POINT('',(-0.0067232569310561,-0.0168015774881616,0.005));
#4902=CARTESIAN_POINT('',(-0.0067232569310561,-0.0168015774881616,0.005));
#4903=CARTESIAN_POINT('',(-0.00632501081758857,-0.0169637503376402,0.005));
#4904=CARTESIAN_POINT('',(-0.0067232569310561,-0.0168015774881616,-0.005));
#4905=CARTESIAN_POINT('',(-0.00632501081758857,-0.0169637503376402,-0.005));
#4906=CARTESIAN_POINT('',(-0.00632501081758857,-0.0169637503376402,0.005002));
#4907=CARTESIAN_POINT('',(-0.00475264829336044,-0.0176127078103233,0.005002));
#4908=CARTESIAN_POINT('',(-0.00391830896958483,-0.0160574719067153,0.005002));
#4909=CARTESIAN_POINT('',(-0.00391830896958483,-0.0160574719067153,0.005));
#4910=CARTESIAN_POINT('',(-0.00391830896958483,-0.0160574719067153,-0.005));
#4911=CARTESIAN_POINT('',(-0.00475264829336044,-0.0176127078103233,-0.005));
#4912=CARTESIAN_POINT('',(-0.00475264829336044,-0.0176127078103233,0.005));
#4913=CARTESIAN_POINT('',(2.72596553006483E-17,9.14712815614739E-17,0.005002));
#4914=CARTESIAN_POINT('',(-0.00463538084582077,-0.0158653330765629,0.005002));
#4915=CARTESIAN_POINT('',(-0.00463538084582077,-0.0158653330765629,0.005));
#4916=CARTESIAN_POINT('',(-0.00463538084582077,-0.0158653330765629,-0.005));
#4917=CARTESIAN_POINT('',(2.72596553006483E-17,9.14712815614739E-17,-0.005));
#4918=CARTESIAN_POINT('',(2.72596553006483E-17,9.14712815614739E-17,0.005));
#4919=CARTESIAN_POINT('',(-0.00469043974785878,-0.0176293765398529,0.005002));
#4920=CARTESIAN_POINT('',(-0.00469043974785878,-0.0176293765398529,0.005));
#4921=CARTESIAN_POINT('',(-0.00469043974785878,-0.0176293765398529,-0.005));
#4922=CARTESIAN_POINT('',(-9.75781955236954E-19,2.37657116208822E-16,0.005));
#4923=CARTESIAN_POINT('',(-9.75781955236954E-19,2.37657116208822E-16,0.005));
#4924=CARTESIAN_POINT('',(0.00219658099899191,-0.018396151608248,0.005));
#4925=CARTESIAN_POINT('',(0.00263954007634581,-0.0183378349393853,0.005));
#4926=CARTESIAN_POINT('',(0.00219658099899191,-0.018396151608248,0.005));
#4927=CARTESIAN_POINT('',(0.00219658099899191,-0.018396151608248,-0.005));
#4928=CARTESIAN_POINT('',(-9.75781955236954E-19,2.37657116208822E-16,-0.005));
#4929=CARTESIAN_POINT('',(0.00263954007634581,-0.0183378349393853,-0.005));
#4930=CARTESIAN_POINT('',(0.00263954007634581,-0.0183378349393853,0.005));
#4931=CARTESIAN_POINT('',(0.00214559926478208,-0.0179691845570871,0.005002));
#4932=CARTESIAN_POINT('',(0.00214559926478208,-0.0179691845570871,0.005));
#4933=CARTESIAN_POINT('',(0.00171894963652095,-0.0180227578219179,0.005));
#4934=CARTESIAN_POINT('',(0.00171894963652095,-0.0180227578219179,0.005002));
#4935=CARTESIAN_POINT('',(0.00171894963652095,-0.0180227578219179,-0.005));
#4936=CARTESIAN_POINT('',(0.00214559926478208,-0.0179691845570871,-0.005));
#4937=CARTESIAN_POINT('',(-0.00214559926478208,-0.0179691845570871,0.005));
#4938=CARTESIAN_POINT('',(-0.00214559926478208,-0.0179691845570871,0.005));
#4939=CARTESIAN_POINT('',(-0.00171894963652094,-0.0180227578219179,0.005));
#4940=CARTESIAN_POINT('',(-0.00214559926478208,-0.0179691845570871,-0.005));
#4941=CARTESIAN_POINT('',(-0.00171894963652094,-0.0180227578219179,-0.005));
#4942=CARTESIAN_POINT('',(-0.00171894963652094,-0.0180227578219179,0.005002));
#4943=CARTESIAN_POINT('',(-3.22015126879099E-5,-0.0182426452378702,0.005002));
#4944=CARTESIAN_POINT('',(0.000371183716554526,-0.0165244598055321,0.005002));
#4945=CARTESIAN_POINT('',(0.000371183716554526,-0.0165244598055321,0.005));
#4946=CARTESIAN_POINT('',(0.000371183716554526,-0.0165244598055321,-0.005));
#4947=CARTESIAN_POINT('',(-3.22015126879099E-5,-0.0182426452378702,-0.005));
#4948=CARTESIAN_POINT('',(-3.22015126879099E-5,-0.0182426452378702,0.005));
#4949=CARTESIAN_POINT('',(2.65629532258947E-18,9.54097911787244E-17,0.005002));
#4950=CARTESIAN_POINT('',(-0.000371183716554514,-0.0165244598055321,0.005002));
#4951=CARTESIAN_POINT('',(-0.000371183716554514,-0.0165244598055321,0.005));
#4952=CARTESIAN_POINT('',(-0.000371183716554514,-0.0165244598055321,-0.005));
#4953=CARTESIAN_POINT('',(2.65629532258947E-18,9.54097911787244E-17,-0.005));
#4954=CARTESIAN_POINT('',(2.65629532258947E-18,9.54097911787244E-17,0.005));
#4955=CARTESIAN_POINT('',(3.22015126879144E-5,-0.0182426452378702,0.005002));
#4956=CARTESIAN_POINT('',(3.22015126879144E-5,-0.0182426452378702,0.005));
#4957=CARTESIAN_POINT('',(3.22015126879144E-5,-0.0182426452378702,-0.005));
#4958=CARTESIAN_POINT('',(-9.75781955236954E-19,2.37657116208822E-16,0.005));
#4959=CARTESIAN_POINT('',(-9.75781955236954E-19,2.37657116208822E-16,0.005));
#4960=CARTESIAN_POINT('',(0.00688300870927007,-0.0172008009460865,0.005));
#4961=CARTESIAN_POINT('',(0.00729578085752679,-0.0170298251241087,0.005));
#4962=CARTESIAN_POINT('',(0.00688300870927007,-0.0172008009460865,0.005));
#4963=CARTESIAN_POINT('',(0.00688300870927007,-0.0172008009460865,-0.005));
#4964=CARTESIAN_POINT('',(-9.75781955236954E-19,2.37657116208822E-16,-0.005));
#4965=CARTESIAN_POINT('',(0.00729578085752679,-0.0170298251241087,-0.005));
#4966=CARTESIAN_POINT('',(0.00729578085752679,-0.0170298251241087,0.005));
#4967=CARTESIAN_POINT('',(0.00672325693105611,-0.0168015774881616,0.005002));
#4968=CARTESIAN_POINT('',(0.00672325693105611,-0.0168015774881616,0.005));
#4969=CARTESIAN_POINT('',(0.00632501081758858,-0.0169637503376402,0.005));
#4970=CARTESIAN_POINT('',(0.00632501081758858,-0.0169637503376402,0.005002));
#4971=CARTESIAN_POINT('',(0.00632501081758858,-0.0169637503376402,-0.005));
#4972=CARTESIAN_POINT('',(0.00672325693105611,-0.0168015774881616,-0.005));
#4973=CARTESIAN_POINT('',(0.00257827744561641,-0.0179122213939287,0.005));
#4974=CARTESIAN_POINT('',(0.00257827744561641,-0.0179122213939287,0.005));
#4975=CARTESIAN_POINT('',(0.00300425512157701,-0.0178535441446475,0.005));
#4976=CARTESIAN_POINT('',(0.00257827744561641,-0.0179122213939287,-0.005));
#4977=CARTESIAN_POINT('',(0.00300425512157701,-0.0178535441446475,-0.005));
#4978=CARTESIAN_POINT('',(0.00300425512157701,-0.0178535441446475,0.005002));
#4979=CARTESIAN_POINT('',(0.00469043974785879,-0.0176293765398529,0.005002));
#4980=CARTESIAN_POINT('',(0.00463538084582079,-0.0158653330765629,0.005002));
#4981=CARTESIAN_POINT('',(0.00463538084582079,-0.0158653330765629,0.005));
#4982=CARTESIAN_POINT('',(0.00463538084582079,-0.0158653330765629,-0.005));
#4983=CARTESIAN_POINT('',(0.00469043974785879,-0.0176293765398529,-0.005));
#4984=CARTESIAN_POINT('',(0.00469043974785879,-0.0176293765398529,0.005));
#4985=CARTESIAN_POINT('',(-2.21280867919683E-17,9.28462811992797E-17,0.005002));
#4986=CARTESIAN_POINT('',(0.00391830896958485,-0.0160574719067153,0.005002));
#4987=CARTESIAN_POINT('',(0.00391830896958485,-0.0160574719067153,0.005));
#4988=CARTESIAN_POINT('',(0.00391830896958485,-0.0160574719067153,-0.005));
#4989=CARTESIAN_POINT('',(-2.21280867919683E-17,9.28462811992797E-17,-0.005));
#4990=CARTESIAN_POINT('',(-2.21280867919683E-17,9.28462811992797E-17,0.005));
#4991=CARTESIAN_POINT('',(0.00475264829336045,-0.0176127078103233,0.005002));
#4992=CARTESIAN_POINT('',(0.00475264829336045,-0.0176127078103233,0.005));
#4993=CARTESIAN_POINT('',(0.00475264829336045,-0.0176127078103233,-0.005));
#4994=CARTESIAN_POINT('',(-9.75781955236954E-19,2.37657116208822E-16,0.005));
#4995=CARTESIAN_POINT('',(-9.75781955236954E-19,2.37657116208822E-16,0.005));
#4996=CARTESIAN_POINT('',(0.0111003707507212,-0.0148332441251167,0.005));
#4997=CARTESIAN_POINT('',(0.0114548262301152,-0.0145612608697406,0.005));
#4998=CARTESIAN_POINT('',(0.0111003707507212,-0.0148332441251167,0.005));
#4999=CARTESIAN_POINT('',(0.0111003707507212,-0.0148332441251167,-0.005));
#5000=CARTESIAN_POINT('',(-9.75781955236954E-19,2.37657116208822E-16,-0.005));
#5001=CARTESIAN_POINT('',(0.0114548262301152,-0.0145612608697406,-0.005));
#5002=CARTESIAN_POINT('',(0.0114548262301152,-0.0145612608697406,0.005));
#5003=CARTESIAN_POINT('',(0.0108427357481861,-0.0144889706793374,0.005002));
#5004=CARTESIAN_POINT('',(0.0108427357481861,-0.0144889706793374,0.005));
#5005=CARTESIAN_POINT('',(0.0105000329640121,-0.0147486913017752,0.005));
#5006=CARTESIAN_POINT('',(0.0105000329640121,-0.0147486913017752,0.005002));
#5007=CARTESIAN_POINT('',(0.0105000329640121,-0.0147486913017752,-0.005));
#5008=CARTESIAN_POINT('',(0.0108427357481861,-0.0144889706793374,-0.005));
#5009=CARTESIAN_POINT('',(0.00712644880890108,-0.0166345699441195,0.005));
#5010=CARTESIAN_POINT('',(0.00712644880890108,-0.0166345699441195,0.005));
#5011=CARTESIAN_POINT('',(0.00752272485790582,-0.0164676409382961,0.005));
#5012=CARTESIAN_POINT('',(0.00712644880890108,-0.0166345699441195,-0.005));
#5013=CARTESIAN_POINT('',(0.00752272485790582,-0.0164676409382961,-0.005));
#5014=CARTESIAN_POINT('',(0.00752272485790582,-0.0164676409382961,0.005002));
#5015=CARTESIAN_POINT('',(0.00909343529090709,-0.0158146949645668,0.005002));
#5016=CARTESIAN_POINT('',(0.00858368443077341,-0.0141250101171284,0.005002));
#5017=CARTESIAN_POINT('',(0.00858368443077341,-0.0141250101171284,0.005));
#5018=CARTESIAN_POINT('',(0.00858368443077341,-0.0141250101171284,-0.005));
#5019=CARTESIAN_POINT('',(0.00909343529090709,-0.0158146949645668,-0.005));
#5020=CARTESIAN_POINT('',(0.00909343529090709,-0.0158146949645668,0.005));
#5021=CARTESIAN_POINT('',(-4.5404476360046E-17,8.39554505918385E-17,0.005002));
#5022=CARTESIAN_POINT('',(0.00794077537475873,-0.0144961938336829,0.005002));
#5023=CARTESIAN_POINT('',(0.00794077537475873,-0.0144961938336829,0.005));
#5024=CARTESIAN_POINT('',(0.00794077537475873,-0.0144961938336829,-0.005));
#5025=CARTESIAN_POINT('',(-4.5404476360046E-17,8.39554505918385E-17,-0.005));
#5026=CARTESIAN_POINT('',(-4.5404476360046E-17,8.39554505918385E-17,0.005));
#5027=CARTESIAN_POINT('',(0.00914920994696313,-0.0157824934518789,0.005002));
#5028=CARTESIAN_POINT('',(0.00914920994696313,-0.0157824934518789,0.005));
#5029=CARTESIAN_POINT('',(0.00914920994696313,-0.0157824934518789,-0.005));
#5030=CARTESIAN_POINT('',(-9.75781955236954E-19,2.37657116208822E-16,0.005));
#5031=CARTESIAN_POINT('',(-9.75781955236954E-19,2.37657116208822E-16,0.005));
#5032=CARTESIAN_POINT('',(0.0145612608697406,-0.0114548262301152,0.005));
#5033=CARTESIAN_POINT('',(0.0148332441251167,-0.0111003707507212,0.005));
#5034=CARTESIAN_POINT('',(0.0145612608697406,-0.0114548262301152,0.005));
#5035=CARTESIAN_POINT('',(0.0145612608697406,-0.0114548262301152,-0.005));
#5036=CARTESIAN_POINT('',(-9.75781955236954E-19,2.37657116208822E-16,-0.005));
#5037=CARTESIAN_POINT('',(0.0148332441251167,-0.0111003707507212,-0.005));
#5038=CARTESIAN_POINT('',(0.0148332441251167,-0.0111003707507212,0.005));
#5039=CARTESIAN_POINT('',(0.0142233000425452,-0.0111889644628726,0.005002));
#5040=CARTESIAN_POINT('',(0.0142233000425452,-0.0111889644628726,0.005));
#5041=CARTESIAN_POINT('',(0.0139594952160632,-0.011528533327059,0.005));
#5042=CARTESIAN_POINT('',(0.0139594952160632,-0.011528533327059,0.005002));
#5043=CARTESIAN_POINT('',(0.0139594952160632,-0.011528533327059,-0.005));
#5044=CARTESIAN_POINT('',(0.0142233000425452,-0.0111889644628726,-0.005));
#5045=CARTESIAN_POINT('',(0.0111889644628726,-0.0142233000425452,0.005));
#5046=CARTESIAN_POINT('',(0.0111889644628726,-0.0142233000425452,0.005));
#5047=CARTESIAN_POINT('',(0.011528533327059,-0.0139594952160632,0.005));
#5048=CARTESIAN_POINT('',(0.0111889644628726,-0.0142233000425452,-0.005));
#5049=CARTESIAN_POINT('',(0.011528533327059,-0.0139594952160632,-0.005));
#5050=CARTESIAN_POINT('',(0.011528533327059,-0.0139594952160632,0.005002));
#5051=CARTESIAN_POINT('',(0.0128767282464924,-0.0129222680624646,0.005002));
#5052=CARTESIAN_POINT('',(0.011947024106978,-0.0114220910608946,0.005002));
#5053=CARTESIAN_POINT('',(0.011947024106978,-0.0114220910608946,0.005));
#5054=CARTESIAN_POINT('',(0.011947024106978,-0.0114220910608946,-0.005));
#5055=CARTESIAN_POINT('',(0.0128767282464924,-0.0129222680624646,-0.005));
#5056=CARTESIAN_POINT('',(0.0128767282464924,-0.0129222680624646,0.005));
#5057=CARTESIAN_POINT('',(-6.55866258986313E-17,6.93431947695056E-17,0.005002));
#5058=CARTESIAN_POINT('',(0.0114220910608946,-0.011947024106978,0.005002));
#5059=CARTESIAN_POINT('',(0.0114220910608946,-0.011947024106978,0.005));
#5060=CARTESIAN_POINT('',(0.0114220910608946,-0.011947024106978,-0.005));
#5061=CARTESIAN_POINT('',(-6.55866258986313E-17,6.93431947695056E-17,-0.005));
#5062=CARTESIAN_POINT('',(-6.55866258986313E-17,6.93431947695056E-17,0.005));
#5063=CARTESIAN_POINT('',(0.0129222680624646,-0.0128767282464924,0.005002));
#5064=CARTESIAN_POINT('',(0.0129222680624646,-0.0128767282464924,0.005));
#5065=CARTESIAN_POINT('',(0.0129222680624646,-0.0128767282464924,-0.005));
#5066=CARTESIAN_POINT('',(-9.75781955236954E-19,2.37657116208822E-16,0.005));
#5067=CARTESIAN_POINT('',(-9.75781955236954E-19,2.37657116208822E-16,0.005));
#5068=CARTESIAN_POINT('',(0.0170298251241087,-0.00729578085752678,0.005));
#5069=CARTESIAN_POINT('',(0.0172008009460865,-0.00688300870927006,0.005));
#5070=CARTESIAN_POINT('',(0.0170298251241087,-0.00729578085752678,0.005));
#5071=CARTESIAN_POINT('',(0.0170298251241087,-0.00729578085752678,-0.005));
#5072=CARTESIAN_POINT('',(-9.75781955236954E-19,2.37657116208822E-16,-0.005));
#5073=CARTESIAN_POINT('',(0.0172008009460865,-0.00688300870927006,-0.005));
#5074=CARTESIAN_POINT('',(0.0172008009460865,-0.00688300870927006,0.005));
#5075=CARTESIAN_POINT('',(0.0166345699441195,-0.00712644880890107,0.005002));
#5076=CARTESIAN_POINT('',(0.0166345699441195,-0.00712644880890107,0.005));
#5077=CARTESIAN_POINT('',(0.0164676409382961,-0.00752272485790581,0.005));
#5078=CARTESIAN_POINT('',(0.0164676409382961,-0.00752272485790581,0.005002));
#5079=CARTESIAN_POINT('',(0.0164676409382961,-0.00752272485790581,-0.005));
#5080=CARTESIAN_POINT('',(0.0166345699441195,-0.00712644880890107,-0.005));
#5081=CARTESIAN_POINT('',(0.0144889706793374,-0.0108427357481861,0.005));
#5082=CARTESIAN_POINT('',(0.0144889706793374,-0.0108427357481861,0.005));
#5083=CARTESIAN_POINT('',(0.0147486913017752,-0.0105000329640121,0.005));
#5084=CARTESIAN_POINT('',(0.0144889706793374,-0.0108427357481861,-0.005));
#5085=CARTESIAN_POINT('',(0.0147486913017752,-0.0105000329640121,-0.005));
#5086=CARTESIAN_POINT('',(0.0147486913017752,-0.0105000329640121,0.005002));
#5087=CARTESIAN_POINT('',(0.0157824934518789,-0.00914920994696312,0.005002));
#5088=CARTESIAN_POINT('',(0.0144961938336829,-0.00794077537475872,0.005002));
#5089=CARTESIAN_POINT('',(0.0144961938336829,-0.00794077537475872,0.005));
#5090=CARTESIAN_POINT('',(0.0144961938336829,-0.00794077537475872,-0.005));
#5091=CARTESIAN_POINT('',(0.0157824934518789,-0.00914920994696312,-0.005));
#5092=CARTESIAN_POINT('',(0.0157824934518789,-0.00914920994696312,0.005));
#5093=CARTESIAN_POINT('',(-8.1299155269249E-17,5.00053148186785E-17,0.005002));
#5094=CARTESIAN_POINT('',(0.0141250101171284,-0.00858368443077339,0.005002));
#5095=CARTESIAN_POINT('',(0.0141250101171284,-0.00858368443077339,0.005));
#5096=CARTESIAN_POINT('',(0.0141250101171284,-0.00858368443077339,-0.005));
#5097=CARTESIAN_POINT('',(-8.1299155269249E-17,5.00053148186785E-17,-0.005));
#5098=CARTESIAN_POINT('',(-8.1299155269249E-17,5.00053148186785E-17,0.005));
#5099=CARTESIAN_POINT('',(0.0158146949645668,-0.00909343529090708,0.005002));
#5100=CARTESIAN_POINT('',(0.0158146949645668,-0.00909343529090708,0.005));
#5101=CARTESIAN_POINT('',(0.0158146949645668,-0.00909343529090708,-0.005));
#5102=CARTESIAN_POINT('',(-9.75781955236954E-19,2.37657116208822E-16,0.005));
#5103=CARTESIAN_POINT('',(-9.75781955236954E-19,2.37657116208822E-16,0.005));
#5104=CARTESIAN_POINT('',(0.0183378349393853,-0.0026395400763458,0.005));
#5105=CARTESIAN_POINT('',(0.018396151608248,-0.00219658099899191,0.005));
#5106=CARTESIAN_POINT('',(0.0183378349393853,-0.0026395400763458,0.005));
#5107=CARTESIAN_POINT('',(0.0183378349393853,-0.0026395400763458,-0.005));
#5108=CARTESIAN_POINT('',(-9.75781955236954E-19,2.37657116208822E-16,-0.005));
#5109=CARTESIAN_POINT('',(0.018396151608248,-0.00219658099899191,-0.005));
#5110=CARTESIAN_POINT('',(0.018396151608248,-0.00219658099899191,0.005));
#5111=CARTESIAN_POINT('',(0.0179122213939287,-0.0025782774456164,0.005002));
#5112=CARTESIAN_POINT('',(0.0179122213939287,-0.0025782774456164,0.005));
#5113=CARTESIAN_POINT('',(0.0178535441446475,-0.003004255121577,0.005));
#5114=CARTESIAN_POINT('',(0.0178535441446475,-0.003004255121577,0.005002));
#5115=CARTESIAN_POINT('',(0.0178535441446475,-0.003004255121577,-0.005));
#5116=CARTESIAN_POINT('',(0.0179122213939287,-0.0025782774456164,-0.005));
#5117=CARTESIAN_POINT('',(0.0168015774881616,-0.0067232569310561,0.005));
#5118=CARTESIAN_POINT('',(0.0168015774881616,-0.0067232569310561,0.005));
#5119=CARTESIAN_POINT('',(0.0169637503376402,-0.00632501081758857,0.005));
#5120=CARTESIAN_POINT('',(0.0168015774881616,-0.0067232569310561,-0.005));
#5121=CARTESIAN_POINT('',(0.0169637503376402,-0.00632501081758857,-0.005));
#5122=CARTESIAN_POINT('',(0.0169637503376402,-0.00632501081758857,0.005002));
#5123=CARTESIAN_POINT('',(0.0176127078103233,-0.00475264829336044,0.005002));
#5124=CARTESIAN_POINT('',(0.0160574719067153,-0.00391830896958483,0.005002));
#5125=CARTESIAN_POINT('',(0.0160574719067153,-0.00391830896958483,0.005));
#5126=CARTESIAN_POINT('',(0.0160574719067153,-0.00391830896958483,-0.005));
#5127=CARTESIAN_POINT('',(0.0176127078103233,-0.00475264829336044,-0.005));
#5128=CARTESIAN_POINT('',(0.0176127078103233,-0.00475264829336044,0.005));
#5129=CARTESIAN_POINT('',(-9.14712815614739E-17,2.72596553006484E-17,0.005002));
#5130=CARTESIAN_POINT('',(0.0158653330765629,-0.00463538084582078,0.005002));
#5131=CARTESIAN_POINT('',(0.0158653330765629,-0.00463538084582078,0.005));
#5132=CARTESIAN_POINT('',(0.0158653330765629,-0.00463538084582078,-0.005));
#5133=CARTESIAN_POINT('',(-9.14712815614739E-17,2.72596553006484E-17,-0.005));
#5134=CARTESIAN_POINT('',(-9.14712815614739E-17,2.72596553006484E-17,0.005));
#5135=CARTESIAN_POINT('',(0.0176293765398529,-0.00469043974785878,0.005002));
#5136=CARTESIAN_POINT('',(0.0176293765398529,-0.00469043974785878,0.005));
#5137=CARTESIAN_POINT('',(0.0176293765398529,-0.00469043974785878,-0.005));
#5138=CARTESIAN_POINT('',(-9.75781955236954E-19,2.37657116208822E-16,0.005));
#5139=CARTESIAN_POINT('',(-9.75781955236954E-19,2.37657116208822E-16,0.005));
#5140=CARTESIAN_POINT('',(0.018396151608248,0.00219658099899191,0.005));
#5141=CARTESIAN_POINT('',(0.0183378349393853,0.00263954007634581,0.005));
#5142=CARTESIAN_POINT('',(0.018396151608248,0.00219658099899191,0.005));
#5143=CARTESIAN_POINT('',(0.018396151608248,0.00219658099899191,-0.005));
#5144=CARTESIAN_POINT('',(-9.75781955236954E-19,2.37657116208822E-16,-0.005));
#5145=CARTESIAN_POINT('',(0.0183378349393853,0.00263954007634581,-0.005));
#5146=CARTESIAN_POINT('',(0.0183378349393853,0.00263954007634581,0.005));
#5147=CARTESIAN_POINT('',(0.0179691845570871,0.00214559926478208,0.005002));
#5148=CARTESIAN_POINT('',(0.0179691845570871,0.00214559926478208,0.005));
#5149=CARTESIAN_POINT('',(0.0180227578219179,0.00171894963652095,0.005));
#5150=CARTESIAN_POINT('',(0.0180227578219179,0.00171894963652095,0.005002));
#5151=CARTESIAN_POINT('',(0.0180227578219179,0.00171894963652095,-0.005));
#5152=CARTESIAN_POINT('',(0.0179691845570871,0.00214559926478208,-0.005));
#5153=CARTESIAN_POINT('',(0.0179691845570871,-0.00214559926478208,0.005));
#5154=CARTESIAN_POINT('',(0.0179691845570871,-0.00214559926478208,0.005));
#5155=CARTESIAN_POINT('',(0.0180227578219179,-0.00171894963652094,0.005));
#5156=CARTESIAN_POINT('',(0.0179691845570871,-0.00214559926478208,-0.005));
#5157=CARTESIAN_POINT('',(0.0180227578219179,-0.00171894963652094,-0.005));
#5158=CARTESIAN_POINT('',(0.0180227578219179,-0.00171894963652094,0.005002));
#5159=CARTESIAN_POINT('',(0.0182426452378702,-3.22015126879111E-5,0.005002));
#5160=CARTESIAN_POINT('',(0.0165244598055321,0.000371183716554525,0.005002));
#5161=CARTESIAN_POINT('',(0.0165244598055321,0.000371183716554525,0.005));
#5162=CARTESIAN_POINT('',(0.0165244598055321,0.000371183716554525,-0.005));
#5163=CARTESIAN_POINT('',(0.0182426452378702,-3.22015126879111E-5,-0.005));
#5164=CARTESIAN_POINT('',(0.0182426452378702,-3.22015126879111E-5,0.005));
#5165=CARTESIAN_POINT('',(-9.54097911787244E-17,2.65629532258948E-18,0.005002));
#5166=CARTESIAN_POINT('',(0.0165244598055321,-0.000371183716554514,0.005002));
#5167=CARTESIAN_POINT('',(0.0165244598055321,-0.000371183716554514,0.005));
#5168=CARTESIAN_POINT('',(0.0165244598055321,-0.000371183716554514,-0.005));
#5169=CARTESIAN_POINT('',(-9.54097911787244E-17,2.65629532258948E-18,-0.005));
#5170=CARTESIAN_POINT('',(-9.54097911787244E-17,2.65629532258948E-18,0.005));
#5171=CARTESIAN_POINT('',(0.0182426452378702,3.22015126879133E-5,0.005002));
#5172=CARTESIAN_POINT('',(0.0182426452378702,3.22015126879133E-5,0.005));
#5173=CARTESIAN_POINT('',(0.0182426452378702,3.22015126879133E-5,-0.005));
#5174=CARTESIAN_POINT('',(-9.75781955236954E-19,2.37657116208822E-16,0.005));
#5175=CARTESIAN_POINT('',(-9.75781955236954E-19,2.37657116208822E-16,0.005));
#5176=CARTESIAN_POINT('',(0.0172008009460865,0.00688300870927007,0.005));
#5177=CARTESIAN_POINT('',(0.0170298251241087,0.00729578085752678,0.005));
#5178=CARTESIAN_POINT('',(0.0172008009460865,0.00688300870927007,0.005));
#5179=CARTESIAN_POINT('',(0.0172008009460865,0.00688300870927007,-0.005));
#5180=CARTESIAN_POINT('',(-9.75781955236954E-19,2.37657116208822E-16,-0.005));
#5181=CARTESIAN_POINT('',(0.0170298251241087,0.00729578085752678,-0.005));
#5182=CARTESIAN_POINT('',(0.0170298251241087,0.00729578085752678,0.005));
#5183=CARTESIAN_POINT('',(0.0168015774881616,0.00672325693105611,0.005002));
#5184=CARTESIAN_POINT('',(0.0168015774881616,0.00672325693105611,0.005));
#5185=CARTESIAN_POINT('',(0.0169637503376402,0.00632501081758858,0.005));
#5186=CARTESIAN_POINT('',(0.0169637503376402,0.00632501081758858,0.005002));
#5187=CARTESIAN_POINT('',(0.0169637503376402,0.00632501081758858,-0.005));
#5188=CARTESIAN_POINT('',(0.0168015774881616,0.00672325693105611,-0.005));
#5189=CARTESIAN_POINT('',(0.0179122213939287,0.00257827744561641,0.005));
#5190=CARTESIAN_POINT('',(0.0179122213939287,0.00257827744561641,0.005));
#5191=CARTESIAN_POINT('',(0.0178535441446475,0.00300425512157701,0.005));
#5192=CARTESIAN_POINT('',(0.0179122213939287,0.00257827744561641,-0.005));
#5193=CARTESIAN_POINT('',(0.0178535441446475,0.00300425512157701,-0.005));
#5194=CARTESIAN_POINT('',(0.0178535441446475,0.00300425512157701,0.005002));
#5195=CARTESIAN_POINT('',(0.0176293765398529,0.00469043974785879,0.005002));
#5196=CARTESIAN_POINT('',(0.0158653330765629,0.00463538084582079,0.005002));
#5197=CARTESIAN_POINT('',(0.0158653330765629,0.00463538084582079,0.005));
#5198=CARTESIAN_POINT('',(0.0158653330765629,0.00463538084582079,-0.005));
#5199=CARTESIAN_POINT('',(0.0176293765398529,0.00469043974785879,-0.005));
#5200=CARTESIAN_POINT('',(0.0176293765398529,0.00469043974785879,0.005));
#5201=CARTESIAN_POINT('',(-9.28462811992797E-17,-2.21280867919683E-17,0.005002));
#5202=CARTESIAN_POINT('',(0.0160574719067153,0.00391830896958485,0.005002));
#5203=CARTESIAN_POINT('',(0.0160574719067153,0.00391830896958485,0.005));
#5204=CARTESIAN_POINT('',(0.0160574719067153,0.00391830896958485,-0.005));
#5205=CARTESIAN_POINT('',(-9.28462811992797E-17,-2.21280867919683E-17,-0.005));
#5206=CARTESIAN_POINT('',(-9.28462811992797E-17,-2.21280867919683E-17,0.005));
#5207=CARTESIAN_POINT('',(0.0176127078103233,0.00475264829336045,0.005002));
#5208=CARTESIAN_POINT('',(0.0176127078103233,0.00475264829336045,0.005));
#5209=CARTESIAN_POINT('',(0.0176127078103233,0.00475264829336045,-0.005));
#5210=CARTESIAN_POINT('',(-9.75781955236954E-19,2.37657116208822E-16,0.005));
#5211=CARTESIAN_POINT('',(-9.75781955236954E-19,2.37657116208822E-16,0.005));
#5212=CARTESIAN_POINT('',(0.0148332441251167,0.0111003707507212,0.005));
#5213=CARTESIAN_POINT('',(0.0145612608697406,0.0114548262301152,0.005));
#5214=CARTESIAN_POINT('',(0.0148332441251167,0.0111003707507212,0.005));
#5215=CARTESIAN_POINT('',(0.0148332441251167,0.0111003707507212,-0.005));
#5216=CARTESIAN_POINT('',(-9.75781955236954E-19,2.37657116208822E-16,-0.005));
#5217=CARTESIAN_POINT('',(0.0145612608697406,0.0114548262301152,-0.005));
#5218=CARTESIAN_POINT('',(0.0145612608697406,0.0114548262301152,0.005));
#5219=CARTESIAN_POINT('',(0.0144889706793374,0.0108427357481861,0.005002));
#5220=CARTESIAN_POINT('',(0.0144889706793374,0.0108427357481861,0.005));
#5221=CARTESIAN_POINT('',(0.0147486913017752,0.0105000329640121,0.005));
#5222=CARTESIAN_POINT('',(0.0147486913017752,0.0105000329640121,0.005002));
#5223=CARTESIAN_POINT('',(0.0147486913017752,0.0105000329640121,-0.005));
#5224=CARTESIAN_POINT('',(0.0144889706793374,0.0108427357481861,-0.005));
#5225=CARTESIAN_POINT('',(0.0166345699441195,0.00712644880890108,0.005));
#5226=CARTESIAN_POINT('',(0.0166345699441195,0.00712644880890108,0.005));
#5227=CARTESIAN_POINT('',(0.0164676409382961,0.00752272485790581,0.005));
#5228=CARTESIAN_POINT('',(0.0166345699441195,0.00712644880890108,-0.005));
#5229=CARTESIAN_POINT('',(0.0164676409382961,0.00752272485790581,-0.005));
#5230=CARTESIAN_POINT('',(0.0164676409382961,0.00752272485790581,0.005002));
#5231=CARTESIAN_POINT('',(0.0158146949645668,0.00909343529090708,0.005002));
#5232=CARTESIAN_POINT('',(0.0141250101171284,0.0085836844307734,0.005002));
#5233=CARTESIAN_POINT('',(0.0141250101171284,0.0085836844307734,0.005));
#5234=CARTESIAN_POINT('',(0.0141250101171284,0.0085836844307734,-0.005));
#5235=CARTESIAN_POINT('',(0.0158146949645668,0.00909343529090708,-0.005));
#5236=CARTESIAN_POINT('',(0.0158146949645668,0.00909343529090708,0.005));
#5237=CARTESIAN_POINT('',(-8.39554505918385E-17,-4.54044763600459E-17,0.005002));
#5238=CARTESIAN_POINT('',(0.0144961938336829,0.00794077537475873,0.005002));
#5239=CARTESIAN_POINT('',(0.0144961938336829,0.00794077537475873,0.005));
#5240=CARTESIAN_POINT('',(0.0144961938336829,0.00794077537475873,-0.005));
#5241=CARTESIAN_POINT('',(-8.39554505918385E-17,-4.54044763600459E-17,-0.005));
#5242=CARTESIAN_POINT('',(-8.39554505918385E-17,-4.54044763600459E-17,0.005));
#5243=CARTESIAN_POINT('',(0.0157824934518789,0.00914920994696312,0.005002));
#5244=CARTESIAN_POINT('',(0.0157824934518789,0.00914920994696312,0.005));
#5245=CARTESIAN_POINT('',(0.0157824934518789,0.00914920994696312,-0.005));
#5246=CARTESIAN_POINT('',(-9.75781955236954E-19,2.37657116208822E-16,0.005));
#5247=CARTESIAN_POINT('',(-9.75781955236954E-19,2.37657116208822E-16,0.005));
#5248=CARTESIAN_POINT('',(0.0114548262301152,0.0145612608697406,0.005));
#5249=CARTESIAN_POINT('',(0.0111003707507212,0.0148332441251167,0.005));
#5250=CARTESIAN_POINT('',(0.0114548262301152,0.0145612608697406,0.005));
#5251=CARTESIAN_POINT('',(0.0114548262301152,0.0145612608697406,-0.005));
#5252=CARTESIAN_POINT('',(-9.75781955236954E-19,2.37657116208822E-16,-0.005));
#5253=CARTESIAN_POINT('',(0.0111003707507212,0.0148332441251167,-0.005));
#5254=CARTESIAN_POINT('',(0.0111003707507212,0.0148332441251167,0.005));
#5255=CARTESIAN_POINT('',(0.0111889644628726,0.0142233000425452,0.005002));
#5256=CARTESIAN_POINT('',(0.0111889644628726,0.0142233000425452,0.005));
#5257=CARTESIAN_POINT('',(0.011528533327059,0.0139594952160632,0.005));
#5258=CARTESIAN_POINT('',(0.011528533327059,0.0139594952160632,0.005002));
#5259=CARTESIAN_POINT('',(0.011528533327059,0.0139594952160632,-0.005));
#5260=CARTESIAN_POINT('',(0.0111889644628726,0.0142233000425452,-0.005));
#5261=CARTESIAN_POINT('',(0.0142233000425452,0.0111889644628726,0.005));
#5262=CARTESIAN_POINT('',(0.0142233000425452,0.0111889644628726,0.005));
#5263=CARTESIAN_POINT('',(0.0139594952160632,0.011528533327059,0.005));
#5264=CARTESIAN_POINT('',(0.0142233000425452,0.0111889644628726,-0.005));
#5265=CARTESIAN_POINT('',(0.0139594952160632,0.011528533327059,-0.005));
#5266=CARTESIAN_POINT('',(0.0139594952160632,0.011528533327059,0.005002));
#5267=CARTESIAN_POINT('',(0.0129222680624646,0.0128767282464924,0.005002));
#5268=CARTESIAN_POINT('',(0.0114220910608946,0.011947024106978,0.005002));
#5269=CARTESIAN_POINT('',(0.0114220910608946,0.011947024106978,0.005));
#5270=CARTESIAN_POINT('',(0.0114220910608946,0.011947024106978,-0.005));
#5271=CARTESIAN_POINT('',(0.0129222680624646,0.0128767282464924,-0.005));
#5272=CARTESIAN_POINT('',(0.0129222680624646,0.0128767282464924,0.005));
#5273=CARTESIAN_POINT('',(-6.93431947695056E-17,-6.55866258986313E-17,0.005002));
#5274=CARTESIAN_POINT('',(0.011947024106978,0.0114220910608946,0.005002));
#5275=CARTESIAN_POINT('',(0.011947024106978,0.0114220910608946,0.005));
#5276=CARTESIAN_POINT('',(0.011947024106978,0.0114220910608946,-0.005));
#5277=CARTESIAN_POINT('',(-6.93431947695056E-17,-6.55866258986313E-17,-0.005));
#5278=CARTESIAN_POINT('',(-6.93431947695056E-17,-6.55866258986313E-17,0.005));
#5279=CARTESIAN_POINT('',(0.0128767282464924,0.0129222680624646,0.005002));
#5280=CARTESIAN_POINT('',(0.0128767282464924,0.0129222680624646,0.005));
#5281=CARTESIAN_POINT('',(0.0128767282464924,0.0129222680624646,-0.005));
#5282=CARTESIAN_POINT('',(-9.75781955236954E-19,2.37657116208822E-16,0.005));
#5283=CARTESIAN_POINT('',(-9.75781955236954E-19,2.37657116208822E-16,0.005));
#5284=CARTESIAN_POINT('',(0.00729578085752678,0.0170298251241087,0.005));
#5285=CARTESIAN_POINT('',(0.00688300870927006,0.0172008009460865,0.005));
#5286=CARTESIAN_POINT('',(0.00729578085752678,0.0170298251241087,0.005));
#5287=CARTESIAN_POINT('',(0.00729578085752678,0.0170298251241087,-0.005));
#5288=CARTESIAN_POINT('',(-9.75781955236954E-19,2.37657116208822E-16,-0.005));
#5289=CARTESIAN_POINT('',(0.00688300870927006,0.0172008009460865,-0.005));
#5290=CARTESIAN_POINT('',(0.00688300870927007,0.0172008009460865,0.005));
#5291=CARTESIAN_POINT('',(0.00712644880890107,0.0166345699441195,0.005002));
#5292=CARTESIAN_POINT('',(0.00712644880890107,0.0166345699441195,0.005));
#5293=CARTESIAN_POINT('',(0.00752272485790581,0.0164676409382961,0.005));
#5294=CARTESIAN_POINT('',(0.00752272485790581,0.0164676409382961,0.005002));
#5295=CARTESIAN_POINT('',(0.00752272485790581,0.0164676409382961,-0.005));
#5296=CARTESIAN_POINT('',(0.00712644880890107,0.0166345699441195,-0.005));
#5297=CARTESIAN_POINT('',(0.0108427357481861,0.0144889706793374,0.005));
#5298=CARTESIAN_POINT('',(0.0108427357481861,0.0144889706793374,0.005));
#5299=CARTESIAN_POINT('',(0.0105000329640121,0.0147486913017752,0.005));
#5300=CARTESIAN_POINT('',(0.0108427357481861,0.0144889706793374,-0.005));
#5301=CARTESIAN_POINT('',(0.0105000329640121,0.0147486913017752,-0.005));
#5302=CARTESIAN_POINT('',(0.0105000329640121,0.0147486913017752,0.005002));
#5303=CARTESIAN_POINT('',(0.00914920994696312,0.0157824934518789,0.005002));
#5304=CARTESIAN_POINT('',(0.00794077537475872,0.0144961938336829,0.005002));
#5305=CARTESIAN_POINT('',(0.00794077537475872,0.0144961938336829,0.005));
#5306=CARTESIAN_POINT('',(0.00794077537475872,0.0144961938336829,-0.005));
#5307=CARTESIAN_POINT('',(0.00914920994696312,0.0157824934518789,-0.005));
#5308=CARTESIAN_POINT('',(0.00914920994696312,0.0157824934518789,0.005));
#5309=CARTESIAN_POINT('',(-5.00053148186785E-17,-8.1299155269249E-17,0.005002));
#5310=CARTESIAN_POINT('',(0.00858368443077339,0.0141250101171284,0.005002));
#5311=CARTESIAN_POINT('',(0.00858368443077339,0.0141250101171284,0.005));
#5312=CARTESIAN_POINT('',(0.00858368443077339,0.0141250101171284,-0.005));
#5313=CARTESIAN_POINT('',(-5.00053148186785E-17,-8.1299155269249E-17,-0.005));
#5314=CARTESIAN_POINT('',(-5.00053148186785E-17,-8.1299155269249E-17,0.005));
#5315=CARTESIAN_POINT('',(0.00909343529090708,0.0158146949645668,0.005002));
#5316=CARTESIAN_POINT('',(0.00909343529090708,0.0158146949645668,0.005));
#5317=CARTESIAN_POINT('',(0.00909343529090708,0.0158146949645668,-0.005));
#5318=CARTESIAN_POINT('',(-9.75781955236954E-19,2.37657116208822E-16,0.005));
#5319=CARTESIAN_POINT('',(-9.75781955236954E-19,2.37657116208822E-16,0.005));
#5320=CARTESIAN_POINT('',(0.0026395400763458,0.0183378349393853,0.005));
#5321=CARTESIAN_POINT('',(0.00219658099899191,0.018396151608248,0.005));
#5322=CARTESIAN_POINT('',(0.0026395400763458,0.0183378349393853,0.005));
#5323=CARTESIAN_POINT('',(0.0026395400763458,0.0183378349393853,-0.005));
#5324=CARTESIAN_POINT('',(-9.75781955236954E-19,2.37657116208822E-16,-0.005));
#5325=CARTESIAN_POINT('',(0.00219658099899191,0.018396151608248,-0.005));
#5326=CARTESIAN_POINT('',(0.00219658099899191,0.018396151608248,0.005));
#5327=CARTESIAN_POINT('',(0.00257827744561641,0.0179122213939287,0.005002));
#5328=CARTESIAN_POINT('',(0.00257827744561641,0.0179122213939287,0.005));
#5329=CARTESIAN_POINT('',(0.003004255121577,0.0178535441446475,0.005));
#5330=CARTESIAN_POINT('',(0.003004255121577,0.0178535441446475,0.005002));
#5331=CARTESIAN_POINT('',(0.003004255121577,0.0178535441446475,-0.005));
#5332=CARTESIAN_POINT('',(0.00257827744561641,0.0179122213939287,-0.005));
#5333=CARTESIAN_POINT('',(0.00672325693105611,0.0168015774881616,0.005));
#5334=CARTESIAN_POINT('',(0.00672325693105611,0.0168015774881616,0.005));
#5335=CARTESIAN_POINT('',(0.00632501081758857,0.0169637503376402,0.005));
#5336=CARTESIAN_POINT('',(0.00672325693105611,0.0168015774881616,-0.005));
#5337=CARTESIAN_POINT('',(0.00632501081758857,0.0169637503376402,-0.005));
#5338=CARTESIAN_POINT('',(0.00632501081758857,0.0169637503376402,0.005002));
#5339=CARTESIAN_POINT('',(0.00475264829336044,0.0176127078103233,0.005002));
#5340=CARTESIAN_POINT('',(0.00391830896958483,0.0160574719067153,0.005002));
#5341=CARTESIAN_POINT('',(0.00391830896958483,0.0160574719067153,0.005));
#5342=CARTESIAN_POINT('',(0.00391830896958483,0.0160574719067153,-0.005));
#5343=CARTESIAN_POINT('',(0.00475264829336044,0.0176127078103233,-0.005));
#5344=CARTESIAN_POINT('',(0.00475264829336044,0.0176127078103233,0.005));
#5345=CARTESIAN_POINT('',(-2.72596553006484E-17,-9.14712815614739E-17,0.005002));
#5346=CARTESIAN_POINT('',(0.00463538084582078,0.0158653330765629,0.005002));
#5347=CARTESIAN_POINT('',(0.00463538084582078,0.0158653330765629,0.005));
#5348=CARTESIAN_POINT('',(0.00463538084582078,0.0158653330765629,-0.005));
#5349=CARTESIAN_POINT('',(-2.72596553006484E-17,-9.14712815614739E-17,-0.005));
#5350=CARTESIAN_POINT('',(-2.72596553006484E-17,-9.14712815614739E-17,0.005));
#5351=CARTESIAN_POINT('',(0.00469043974785878,0.0176293765398529,0.005002));
#5352=CARTESIAN_POINT('',(0.00469043974785878,0.0176293765398529,0.005));
#5353=CARTESIAN_POINT('',(0.00469043974785878,0.0176293765398529,-0.005));
#5354=CARTESIAN_POINT('',(-9.75781955236954E-19,2.37657116208822E-16,0.005));
#5355=CARTESIAN_POINT('',(-9.75781955236954E-19,2.37657116208822E-16,0.005));
#5356=CARTESIAN_POINT('',(-0.00219658099899191,0.018396151608248,0.005));
#5357=CARTESIAN_POINT('',(-0.00219658099899191,0.018396151608248,0.005));
#5358=CARTESIAN_POINT('',(-0.00219658099899191,0.018396151608248,-0.005));
#5359=CARTESIAN_POINT('',(-9.75781955236954E-19,2.37657116208822E-16,-0.005));
#5360=CARTESIAN_POINT('',(3.22015126879121E-5,0.0182426452378702,0.005002));
#5361=CARTESIAN_POINT('',(-0.000371183716554525,0.0165244598055321,0.005002));
#5362=CARTESIAN_POINT('',(-0.000371183716554525,0.0165244598055321,0.005));
#5363=CARTESIAN_POINT('',(-0.000371183716554525,0.0165244598055321,-0.005));
#5364=CARTESIAN_POINT('',(3.22015126879121E-5,0.0182426452378702,-0.005));
#5365=CARTESIAN_POINT('',(-0.00171894963652094,0.0180227578219179,-0.005));
#5366=CARTESIAN_POINT('',(-0.00171894963652094,0.0180227578219179,0.005002));
#5367=CARTESIAN_POINT('',(-0.00171894963652094,0.0180227578219179,0.005));
#5368=CARTESIAN_POINT('',(3.22015126879121E-5,0.0182426452378702,0.005));
#5369=CARTESIAN_POINT('',(-2.65629532258948E-18,-9.54097911787244E-17,0.005002));
#5370=CARTESIAN_POINT('',(0.000371183716554516,0.0165244598055321,0.005002));
#5371=CARTESIAN_POINT('',(0.000371183716554516,0.0165244598055321,0.005));
#5372=CARTESIAN_POINT('',(0.000371183716554516,0.0165244598055321,-0.005));
#5373=CARTESIAN_POINT('',(-2.65629532258948E-18,-9.54097911787244E-17,-0.005));
#5374=CARTESIAN_POINT('',(-2.65629532258948E-18,-9.54097911787244E-17,0.005));
#5375=CARTESIAN_POINT('',(-3.22015126879121E-5,0.0182426452378702,0.005002));
#5376=CARTESIAN_POINT('',(-3.22015126879121E-5,0.0182426452378702,0.005));
#5377=CARTESIAN_POINT('',(0.00171894963652094,0.0180227578219179,0.005));
#5378=CARTESIAN_POINT('',(0.00171894963652094,0.0180227578219179,0.005002));
#5379=CARTESIAN_POINT('',(0.00171894963652094,0.0180227578219179,-0.005));
#5380=CARTESIAN_POINT('',(-3.22015126879121E-5,0.0182426452378702,-0.005));
#5381=CARTESIAN_POINT('',(0.00214559926478208,0.0179691845570871,0.005));
#5382=CARTESIAN_POINT('',(0.00214559926478208,0.0179691845570871,0.005));
#5383=CARTESIAN_POINT('',(0.00214559926478208,0.0179691845570871,-0.005));
#5384=CARTESIAN_POINT('',(-0.00214559926478208,0.0179691845570871,0.005002));
#5385=CARTESIAN_POINT('',(-0.00214559926478208,0.0179691845570871,0.005));
#5386=CARTESIAN_POINT('',(-0.00214559926478208,0.0179691845570871,-0.005));
#5387=CARTESIAN_POINT('',(0.,0.,0.005));
#5388=CARTESIAN_POINT('',(0.,1.16505721087877E-18,0.005));
#5389=CARTESIAN_POINT('',(0.0190268281710274,1.16505721087877E-18,0.005));
#5390=CARTESIAN_POINT('',(0.,1.16505721087877E-18,0.005));
#5391=CARTESIAN_POINT('',(0.,1.16505721087877E-18,0.006));
#5392=CARTESIAN_POINT('',(0.0204549761777695,1.16505721087877E-18,0.006));
#5393=CARTESIAN_POINT('',(0.,1.16505721087877E-18,0.0065));
#5394=CARTESIAN_POINT('',(0.,1.16505721087877E-18,0.0065));
#5395=CARTESIAN_POINT('',(0.0204549761777695,1.16505721087877E-18,0.0065));
#5396=CARTESIAN_POINT('',(0.,0.,0.0065));
#5397=CARTESIAN_POINT('',(0.000431688223820386,0.00798834433893625,0.0065));
#5398=CARTESIAN_POINT('',(0.00208168822382039,0.00798834433893625,0.0065));
#5399=CARTESIAN_POINT('',(0.00713395324360659,0.00362031920112509,0.0065));
#5400=CARTESIAN_POINT('',(0.00878395324360659,0.00362031920112509,0.0065));
#5401=CARTESIAN_POINT('',(0.0067022650197862,-0.00436802513781116,0.0065));
#5402=CARTESIAN_POINT('',(0.0083522650197862,-0.00436802513781116,0.0065));
#5403=CARTESIAN_POINT('',(-0.000431688223820387,-0.00798834433893625,0.0065));
#5404=CARTESIAN_POINT('',(0.00121831177617961,-0.00798834433893625,0.0065));
#5405=CARTESIAN_POINT('',(-0.00713395324360659,-0.00362031920112508,0.0065));
#5406=CARTESIAN_POINT('',(-0.00548395324360659,-0.00362031920112508,0.0065));
#5407=CARTESIAN_POINT('',(-0.00670226501978621,0.00436802513781116,0.0065));
#5408=CARTESIAN_POINT('',(-0.00505226501978621,0.00436802513781116,0.0065));
#5409=CARTESIAN_POINT('',(-1.05006232171313E-18,-2.60208521396521E-18,0.0065));
#5410=CARTESIAN_POINT('',(0.00435,-2.60208521396521E-18,0.0065));
#5411=CARTESIAN_POINT('',(0.,0.,-0.005));
#5412=CARTESIAN_POINT('',(0.,1.16505721087877E-18,-0.005));
#5413=CARTESIAN_POINT('',(0.0190268281710274,1.16505721087877E-18,-0.005));
#5414=CARTESIAN_POINT('',(0.,1.16505721087877E-18,-0.005));
#5415=CARTESIAN_POINT('',(0.,1.16505721087877E-18,-0.006));
#5416=CARTESIAN_POINT('',(0.0204549761777695,1.16505721087877E-18,-0.006));
#5417=CARTESIAN_POINT('',(0.,1.16505721087877E-18,-0.0065));
#5418=CARTESIAN_POINT('',(0.,1.16505721087877E-18,-0.0065));
#5419=CARTESIAN_POINT('',(0.0204549761777695,1.16505721087877E-18,-0.0065));
#5420=CARTESIAN_POINT('',(0.,0.,-0.0065));
#5421=CARTESIAN_POINT('',(0.000431688223820386,0.00798834433893625,-0.0065));
#5422=CARTESIAN_POINT('',(-0.00121831177617961,0.00798834433893625,-0.0065));
#5423=CARTESIAN_POINT('',(0.00713395324360659,0.00362031920112509,-0.0065));
#5424=CARTESIAN_POINT('',(0.00548395324360659,0.00362031920112509,-0.0065));
#5425=CARTESIAN_POINT('',(0.0067022650197862,-0.00436802513781116,-0.0065));
#5426=CARTESIAN_POINT('',(0.0050522650197862,-0.00436802513781116,-0.0065));
#5427=CARTESIAN_POINT('',(-0.000431688223820387,-0.00798834433893625,-0.0065));
#5428=CARTESIAN_POINT('',(-0.00208168822382039,-0.00798834433893625,-0.0065));
#5429=CARTESIAN_POINT('',(-0.00713395324360659,-0.00362031920112508,-0.0065));
#5430=CARTESIAN_POINT('',(-0.00878395324360659,-0.00362031920112508,-0.0065));
#5431=CARTESIAN_POINT('',(-0.00670226501978621,0.00436802513781116,-0.0065));
#5432=CARTESIAN_POINT('',(-0.00835226501978621,0.00436802513781116,-0.0065));
#5433=CARTESIAN_POINT('',(-1.05006232171313E-18,-2.60208521396521E-18,-0.0065));
#5434=CARTESIAN_POINT('',(-0.00435,-2.60208521396521E-18,-0.0065));
#5435=CARTESIAN_POINT('',(-1.05006232171313E-18,-2.60208521396521E-18,-0.0528079628947316));
#5436=CARTESIAN_POINT('',(-0.00670226501978621,0.00436802513781116,-0.0185));
#5437=CARTESIAN_POINT('',(-0.00713395324360659,-0.00362031920112508,-0.0185));
#5438=CARTESIAN_POINT('',(-0.000431688223820387,-0.00798834433893625,-0.0185));
#5439=CARTESIAN_POINT('',(0.0067022650197862,-0.00436802513781116,-0.0185));
#5440=CARTESIAN_POINT('',(0.00713395324360659,0.00362031920112509,-0.0185));
#5441=CARTESIAN_POINT('',(0.000431688223820386,0.00798834433893625,-0.0185));
#5442=MECHANICAL_DESIGN_GEOMETRIC_PRESENTATION_REPRESENTATION('',(#2963),
#5443);
#5443=(
GEOMETRIC_REPRESENTATION_CONTEXT(3)
GLOBAL_UNCERTAINTY_ASSIGNED_CONTEXT((#5444))
GLOBAL_UNIT_ASSIGNED_CONTEXT((#5447,#5446,#5445))
REPRESENTATION_CONTEXT('[LS] Pulley HTD5 24T','TOP_LEVEL_ASSEMBLY_PART')
);
#5444=UNCERTAINTY_MEASURE_WITH_UNIT(LENGTH_MEASURE(1.E-8),#5447,
'DISTANCE_ACCURACY_VALUE','Maximum Tolerance applied to model');
#5445=(
NAMED_UNIT(*)
SI_UNIT($,.STERADIAN.)
SOLID_ANGLE_UNIT()
);
#5446=(
NAMED_UNIT(*)
PLANE_ANGLE_UNIT()
SI_UNIT($,.RADIAN.)
);
#5447=(
LENGTH_UNIT()
NAMED_UNIT(*)
SI_UNIT($,.METRE.)
);
#5448=PRODUCT_DEFINITION_SHAPE('','',#5449);
#5449=PRODUCT_DEFINITION('','',#5451,#5450);
#5450=PRODUCT_DEFINITION_CONTEXT('',#5457,'design');
#5451=PRODUCT_DEFINITION_FORMATION_WITH_SPECIFIED_SOURCE('','',#5453,
 .NOT_KNOWN.);
#5452=PRODUCT_RELATED_PRODUCT_CATEGORY('','',(#5453));
#5453=PRODUCT('[LS] Pulley HTD5 24T','[LS] Pulley HTD5 24T',
'[LS] Pulley HTD5 24T',(#5455));
#5454=PRODUCT_CATEGORY('','');
#5455=PRODUCT_CONTEXT('',#5457,'mechanical');
#5456=APPLICATION_PROTOCOL_DEFINITION('international standard',
'ap242_managed_model_based_3d_engineering',2020,#5457);
#5457=APPLICATION_CONTEXT('managed model based 3d engineering');
ENDSEC;
END-ISO-10303-21;
